
===========================================================================
report_checks -path_delay max (Setup)
============================================================================
======================= Typical Corner ===================================

Startpoint: clk (clock source 'clk')
Endpoint: pclk (output port clocked by clk)
Path Group: clk
Path Type: max

Fanout     Cap    Slew   Delay    Time   Description
-----------------------------------------------------------------------------
                  0.15    5.00    5.00   clock clk (fall edge)
                  0.25    0.20    5.20 v clk (in)
    68    0.12                           clk (net)
                  0.25    0.00    5.20 v _456_/A (sky130_fd_sc_hd__buf_2)
                  0.09    0.28    5.48 v _456_/X (sky130_fd_sc_hd__buf_2)
     1    0.03                           pclk (net)
                  0.09    0.00    5.48 v pclk (out)
                                  5.48   data arrival time

                  0.15   10.00   10.00   clock clk (rise edge)
                          0.00   10.00   clock network delay (ideal)
                         -0.25    9.75   clock uncertainty
                          0.00    9.75   clock reconvergence pessimism
                         -2.00    7.75   output external delay
                                  7.75   data required time
-----------------------------------------------------------------------------
                                  7.75   data required time
                                 -5.48   data arrival time
-----------------------------------------------------------------------------
                                  2.27   slack (MET)


Startpoint: pready (input port clocked by clk)
Endpoint: m_rdata[8] (output port clocked by clk)
Path Group: clk
Path Type: max

Fanout     Cap    Slew   Delay    Time   Description
-----------------------------------------------------------------------------
                  0.15    0.00    0.00   clock clk (rise edge)
                          0.00    0.00   clock network delay (ideal)
                          2.00    2.00 ^ input external delay
                  0.07    0.05    2.05 ^ pready (in)
     2    0.01                           pready (net)
                  0.07    0.00    2.05 ^ _181_/C (sky130_fd_sc_hd__and3b_2)
                  0.14    0.28    2.33 ^ _181_/X (sky130_fd_sc_hd__and3b_2)
     6    0.02                           _069_ (net)
                  0.14    0.00    2.33 ^ _182_/A (sky130_fd_sc_hd__buf_1)
                  1.06    0.84    3.17 ^ _182_/X (sky130_fd_sc_hd__buf_1)
    10    0.09                           m_ready (net)
                  1.06    0.01    3.17 ^ _199_/B (sky130_fd_sc_hd__and2_2)
                  0.06    0.29    3.46 ^ _199_/X (sky130_fd_sc_hd__and2_2)
     1    0.00                           _078_ (net)
                  0.06    0.00    3.46 ^ _200_/A (sky130_fd_sc_hd__buf_1)
                  0.64    0.51    3.98 ^ _200_/X (sky130_fd_sc_hd__buf_1)
     1    0.05                           m_rdata[8] (net)
                  0.64    0.01    3.99 ^ m_rdata[8] (out)
                                  3.99   data arrival time

                  0.15   10.00   10.00   clock clk (rise edge)
                          0.00   10.00   clock network delay (ideal)
                         -0.25    9.75   clock uncertainty
                          0.00    9.75   clock reconvergence pessimism
                         -2.00    7.75   output external delay
                                  7.75   data required time
-----------------------------------------------------------------------------
                                  7.75   data required time
                                 -3.99   data arrival time
-----------------------------------------------------------------------------
                                  3.76   slack (MET)


Startpoint: pready (input port clocked by clk)
Endpoint: m_rdata[4] (output port clocked by clk)
Path Group: clk
Path Type: max

Fanout     Cap    Slew   Delay    Time   Description
-----------------------------------------------------------------------------
                  0.15    0.00    0.00   clock clk (rise edge)
                          0.00    0.00   clock network delay (ideal)
                          2.00    2.00 ^ input external delay
                  0.07    0.05    2.05 ^ pready (in)
     2    0.01                           pready (net)
                  0.07    0.00    2.05 ^ _181_/C (sky130_fd_sc_hd__and3b_2)
                  0.14    0.28    2.33 ^ _181_/X (sky130_fd_sc_hd__and3b_2)
     6    0.02                           _069_ (net)
                  0.14    0.00    2.33 ^ _182_/A (sky130_fd_sc_hd__buf_1)
                  1.06    0.84    3.17 ^ _182_/X (sky130_fd_sc_hd__buf_1)
    10    0.09                           m_ready (net)
                  1.06    0.01    3.18 ^ _191_/B (sky130_fd_sc_hd__and2_2)
                  0.06    0.29    3.46 ^ _191_/X (sky130_fd_sc_hd__and2_2)
     1    0.00                           _074_ (net)
                  0.06    0.00    3.46 ^ _192_/A (sky130_fd_sc_hd__buf_1)
                  0.63    0.51    3.97 ^ _192_/X (sky130_fd_sc_hd__buf_1)
     1    0.05                           m_rdata[4] (net)
                  0.63    0.01    3.99 ^ m_rdata[4] (out)
                                  3.99   data arrival time

                  0.15   10.00   10.00   clock clk (rise edge)
                          0.00   10.00   clock network delay (ideal)
                         -0.25    9.75   clock uncertainty
                          0.00    9.75   clock reconvergence pessimism
                         -2.00    7.75   output external delay
                                  7.75   data required time
-----------------------------------------------------------------------------
                                  7.75   data required time
                                 -3.99   data arrival time
-----------------------------------------------------------------------------
                                  3.76   slack (MET)


Startpoint: pready (input port clocked by clk)
Endpoint: m_rdata[1] (output port clocked by clk)
Path Group: clk
Path Type: max

Fanout     Cap    Slew   Delay    Time   Description
-----------------------------------------------------------------------------
                  0.15    0.00    0.00   clock clk (rise edge)
                          0.00    0.00   clock network delay (ideal)
                          2.00    2.00 ^ input external delay
                  0.07    0.05    2.05 ^ pready (in)
     2    0.01                           pready (net)
                  0.07    0.00    2.05 ^ _181_/C (sky130_fd_sc_hd__and3b_2)
                  0.14    0.28    2.33 ^ _181_/X (sky130_fd_sc_hd__and3b_2)
     6    0.02                           _069_ (net)
                  0.14    0.00    2.33 ^ _182_/A (sky130_fd_sc_hd__buf_1)
                  1.06    0.84    3.17 ^ _182_/X (sky130_fd_sc_hd__buf_1)
    10    0.09                           m_ready (net)
                  1.06    0.01    3.17 ^ _185_/B (sky130_fd_sc_hd__and2_2)
                  0.05    0.29    3.46 ^ _185_/X (sky130_fd_sc_hd__and2_2)
     1    0.00                           _071_ (net)
                  0.05    0.00    3.46 ^ _186_/A (sky130_fd_sc_hd__buf_1)
                  0.58    0.47    3.94 ^ _186_/X (sky130_fd_sc_hd__buf_1)
     1    0.05                           m_rdata[1] (net)
                  0.58    0.01    3.94 ^ m_rdata[1] (out)
                                  3.94   data arrival time

                  0.15   10.00   10.00   clock clk (rise edge)
                          0.00   10.00   clock network delay (ideal)
                         -0.25    9.75   clock uncertainty
                          0.00    9.75   clock reconvergence pessimism
                         -2.00    7.75   output external delay
                                  7.75   data required time
-----------------------------------------------------------------------------
                                  7.75   data required time
                                 -3.94   data arrival time
-----------------------------------------------------------------------------
                                  3.81   slack (MET)


Startpoint: pready (input port clocked by clk)
Endpoint: m_rdata[5] (output port clocked by clk)
Path Group: clk
Path Type: max

Fanout     Cap    Slew   Delay    Time   Description
-----------------------------------------------------------------------------
                  0.15    0.00    0.00   clock clk (rise edge)
                          0.00    0.00   clock network delay (ideal)
                          2.00    2.00 ^ input external delay
                  0.07    0.05    2.05 ^ pready (in)
     2    0.01                           pready (net)
                  0.07    0.00    2.05 ^ _181_/C (sky130_fd_sc_hd__and3b_2)
                  0.14    0.28    2.33 ^ _181_/X (sky130_fd_sc_hd__and3b_2)
     6    0.02                           _069_ (net)
                  0.14    0.00    2.33 ^ _182_/A (sky130_fd_sc_hd__buf_1)
                  1.06    0.84    3.17 ^ _182_/X (sky130_fd_sc_hd__buf_1)
    10    0.09                           m_ready (net)
                  1.06    0.01    3.18 ^ _193_/B (sky130_fd_sc_hd__and2_2)
                  0.06    0.29    3.46 ^ _193_/X (sky130_fd_sc_hd__and2_2)
     1    0.00                           _075_ (net)
                  0.06    0.00    3.46 ^ _194_/A (sky130_fd_sc_hd__buf_1)
                  0.56    0.46    3.93 ^ _194_/X (sky130_fd_sc_hd__buf_1)
     1    0.05                           m_rdata[5] (net)
                  0.56    0.01    3.93 ^ m_rdata[5] (out)
                                  3.93   data arrival time

                  0.15   10.00   10.00   clock clk (rise edge)
                          0.00   10.00   clock network delay (ideal)
                         -0.25    9.75   clock uncertainty
                          0.00    9.75   clock reconvergence pessimism
                         -2.00    7.75   output external delay
                                  7.75   data required time
-----------------------------------------------------------------------------
                                  7.75   data required time
                                 -3.93   data arrival time
-----------------------------------------------------------------------------
                                  3.82   slack (MET)


Startpoint: pready (input port clocked by clk)
Endpoint: m_rdata[0] (output port clocked by clk)
Path Group: clk
Path Type: max

Fanout     Cap    Slew   Delay    Time   Description
-----------------------------------------------------------------------------
                  0.15    0.00    0.00   clock clk (rise edge)
                          0.00    0.00   clock network delay (ideal)
                          2.00    2.00 ^ input external delay
                  0.07    0.05    2.05 ^ pready (in)
     2    0.01                           pready (net)
                  0.07    0.00    2.05 ^ _181_/C (sky130_fd_sc_hd__and3b_2)
                  0.14    0.28    2.33 ^ _181_/X (sky130_fd_sc_hd__and3b_2)
     6    0.02                           _069_ (net)
                  0.14    0.00    2.33 ^ _182_/A (sky130_fd_sc_hd__buf_1)
                  1.06    0.84    3.17 ^ _182_/X (sky130_fd_sc_hd__buf_1)
    10    0.09                           m_ready (net)
                  1.06    0.01    3.18 ^ _183_/B (sky130_fd_sc_hd__and2_2)
                  0.05    0.29    3.46 ^ _183_/X (sky130_fd_sc_hd__and2_2)
     1    0.00                           _070_ (net)
                  0.05    0.00    3.46 ^ _184_/A (sky130_fd_sc_hd__buf_1)
                  0.53    0.44    3.90 ^ _184_/X (sky130_fd_sc_hd__buf_1)
     1    0.05                           m_rdata[0] (net)
                  0.53    0.01    3.91 ^ m_rdata[0] (out)
                                  3.91   data arrival time

                  0.15   10.00   10.00   clock clk (rise edge)
                          0.00   10.00   clock network delay (ideal)
                         -0.25    9.75   clock uncertainty
                          0.00    9.75   clock reconvergence pessimism
                         -2.00    7.75   output external delay
                                  7.75   data required time
-----------------------------------------------------------------------------
                                  7.75   data required time
                                 -3.91   data arrival time
-----------------------------------------------------------------------------
                                  3.84   slack (MET)


Startpoint: pready (input port clocked by clk)
Endpoint: m_rdata[7] (output port clocked by clk)
Path Group: clk
Path Type: max

Fanout     Cap    Slew   Delay    Time   Description
-----------------------------------------------------------------------------
                  0.15    0.00    0.00   clock clk (rise edge)
                          0.00    0.00   clock network delay (ideal)
                          2.00    2.00 ^ input external delay
                  0.07    0.05    2.05 ^ pready (in)
     2    0.01                           pready (net)
                  0.07    0.00    2.05 ^ _181_/C (sky130_fd_sc_hd__and3b_2)
                  0.14    0.28    2.33 ^ _181_/X (sky130_fd_sc_hd__and3b_2)
     6    0.02                           _069_ (net)
                  0.14    0.00    2.33 ^ _182_/A (sky130_fd_sc_hd__buf_1)
                  1.06    0.84    3.17 ^ _182_/X (sky130_fd_sc_hd__buf_1)
    10    0.09                           m_ready (net)
                  1.06    0.01    3.18 ^ _197_/B (sky130_fd_sc_hd__and2_2)
                  0.06    0.29    3.46 ^ _197_/X (sky130_fd_sc_hd__and2_2)
     1    0.00                           _077_ (net)
                  0.06    0.00    3.46 ^ _198_/A (sky130_fd_sc_hd__buf_1)
                  0.48    0.41    3.87 ^ _198_/X (sky130_fd_sc_hd__buf_1)
     1    0.04                           m_rdata[7] (net)
                  0.48    0.00    3.87 ^ m_rdata[7] (out)
                                  3.87   data arrival time

                  0.15   10.00   10.00   clock clk (rise edge)
                          0.00   10.00   clock network delay (ideal)
                         -0.25    9.75   clock uncertainty
                          0.00    9.75   clock reconvergence pessimism
                         -2.00    7.75   output external delay
                                  7.75   data required time
-----------------------------------------------------------------------------
                                  7.75   data required time
                                 -3.87   data arrival time
-----------------------------------------------------------------------------
                                  3.88   slack (MET)


Startpoint: pready (input port clocked by clk)
Endpoint: m_rdata[6] (output port clocked by clk)
Path Group: clk
Path Type: max

Fanout     Cap    Slew   Delay    Time   Description
-----------------------------------------------------------------------------
                  0.15    0.00    0.00   clock clk (rise edge)
                          0.00    0.00   clock network delay (ideal)
                          2.00    2.00 ^ input external delay
                  0.07    0.05    2.05 ^ pready (in)
     2    0.01                           pready (net)
                  0.07    0.00    2.05 ^ _181_/C (sky130_fd_sc_hd__and3b_2)
                  0.14    0.28    2.33 ^ _181_/X (sky130_fd_sc_hd__and3b_2)
     6    0.02                           _069_ (net)
                  0.14    0.00    2.33 ^ _182_/A (sky130_fd_sc_hd__buf_1)
                  1.06    0.84    3.17 ^ _182_/X (sky130_fd_sc_hd__buf_1)
    10    0.09                           m_ready (net)
                  1.06    0.01    3.18 ^ _195_/B (sky130_fd_sc_hd__and2_2)
                  0.06    0.29    3.47 ^ _195_/X (sky130_fd_sc_hd__and2_2)
     1    0.00                           _076_ (net)
                  0.06    0.00    3.47 ^ _196_/A (sky130_fd_sc_hd__buf_1)
                  0.47    0.40    3.86 ^ _196_/X (sky130_fd_sc_hd__buf_1)
     1    0.04                           m_rdata[6] (net)
                  0.47    0.00    3.87 ^ m_rdata[6] (out)
                                  3.87   data arrival time

                  0.15   10.00   10.00   clock clk (rise edge)
                          0.00   10.00   clock network delay (ideal)
                         -0.25    9.75   clock uncertainty
                          0.00    9.75   clock reconvergence pessimism
                         -2.00    7.75   output external delay
                                  7.75   data required time
-----------------------------------------------------------------------------
                                  7.75   data required time
                                 -3.87   data arrival time
-----------------------------------------------------------------------------
                                  3.88   slack (MET)


Startpoint: pready (input port clocked by clk)
Endpoint: m_rdata[3] (output port clocked by clk)
Path Group: clk
Path Type: max

Fanout     Cap    Slew   Delay    Time   Description
-----------------------------------------------------------------------------
                  0.15    0.00    0.00   clock clk (rise edge)
                          0.00    0.00   clock network delay (ideal)
                          2.00    2.00 ^ input external delay
                  0.07    0.05    2.05 ^ pready (in)
     2    0.01                           pready (net)
                  0.07    0.00    2.05 ^ _181_/C (sky130_fd_sc_hd__and3b_2)
                  0.14    0.28    2.33 ^ _181_/X (sky130_fd_sc_hd__and3b_2)
     6    0.02                           _069_ (net)
                  0.14    0.00    2.33 ^ _182_/A (sky130_fd_sc_hd__buf_1)
                  1.06    0.84    3.17 ^ _182_/X (sky130_fd_sc_hd__buf_1)
    10    0.09                           m_ready (net)
                  1.06    0.01    3.18 ^ _189_/B (sky130_fd_sc_hd__and2_2)
                  0.06    0.29    3.46 ^ _189_/X (sky130_fd_sc_hd__and2_2)
     1    0.00                           _073_ (net)
                  0.06    0.00    3.46 ^ _190_/A (sky130_fd_sc_hd__buf_1)
                  0.42    0.37    3.83 ^ _190_/X (sky130_fd_sc_hd__buf_1)
     1    0.04                           m_rdata[3] (net)
                  0.42    0.00    3.83 ^ m_rdata[3] (out)
                                  3.83   data arrival time

                  0.15   10.00   10.00   clock clk (rise edge)
                          0.00   10.00   clock network delay (ideal)
                         -0.25    9.75   clock uncertainty
                          0.00    9.75   clock reconvergence pessimism
                         -2.00    7.75   output external delay
                                  7.75   data required time
-----------------------------------------------------------------------------
                                  7.75   data required time
                                 -3.83   data arrival time
-----------------------------------------------------------------------------
                                  3.92   slack (MET)


Startpoint: pready (input port clocked by clk)
Endpoint: m_rdata[2] (output port clocked by clk)
Path Group: clk
Path Type: max

Fanout     Cap    Slew   Delay    Time   Description
-----------------------------------------------------------------------------
                  0.15    0.00    0.00   clock clk (rise edge)
                          0.00    0.00   clock network delay (ideal)
                          2.00    2.00 ^ input external delay
                  0.07    0.05    2.05 ^ pready (in)
     2    0.01                           pready (net)
                  0.07    0.00    2.05 ^ _181_/C (sky130_fd_sc_hd__and3b_2)
                  0.14    0.28    2.33 ^ _181_/X (sky130_fd_sc_hd__and3b_2)
     6    0.02                           _069_ (net)
                  0.14    0.00    2.33 ^ _182_/A (sky130_fd_sc_hd__buf_1)
                  1.06    0.84    3.17 ^ _182_/X (sky130_fd_sc_hd__buf_1)
    10    0.09                           m_ready (net)
                  1.06    0.00    3.17 ^ _187_/B (sky130_fd_sc_hd__and2_2)
                  0.05    0.29    3.46 ^ _187_/X (sky130_fd_sc_hd__and2_2)
     1    0.00                           _072_ (net)
                  0.05    0.00    3.46 ^ _188_/A (sky130_fd_sc_hd__buf_1)
                  0.42    0.36    3.82 ^ _188_/X (sky130_fd_sc_hd__buf_1)
     1    0.04                           m_rdata[2] (net)
                  0.42    0.00    3.82 ^ m_rdata[2] (out)
                                  3.82   data arrival time

                  0.15   10.00   10.00   clock clk (rise edge)
                          0.00   10.00   clock network delay (ideal)
                         -0.25    9.75   clock uncertainty
                          0.00    9.75   clock reconvergence pessimism
                         -2.00    7.75   output external delay
                                  7.75   data required time
-----------------------------------------------------------------------------
                                  7.75   data required time
                                 -3.82   data arrival time
-----------------------------------------------------------------------------
                                  3.93   slack (MET)


Startpoint: pready (input port clocked by clk)
Endpoint: m_rdata[24] (output port clocked by clk)
Path Group: clk
Path Type: max

Fanout     Cap    Slew   Delay    Time   Description
-----------------------------------------------------------------------------
                  0.15    0.00    0.00   clock clk (rise edge)
                          0.00    0.00   clock network delay (ideal)
                          2.00    2.00 ^ input external delay
                  0.07    0.05    2.05 ^ pready (in)
     2    0.01                           pready (net)
                  0.07    0.00    2.05 ^ _181_/C (sky130_fd_sc_hd__and3b_2)
                  0.14    0.28    2.33 ^ _181_/X (sky130_fd_sc_hd__and3b_2)
     6    0.02                           _069_ (net)
                  0.14    0.00    2.33 ^ _222_/A (sky130_fd_sc_hd__buf_1)
                  0.75    0.62    2.95 ^ _222_/X (sky130_fd_sc_hd__buf_1)
    10    0.06                           _090_ (net)
                  0.75    0.00    2.95 ^ _233_/B (sky130_fd_sc_hd__and2_2)
                  0.05    0.27    3.22 ^ _233_/X (sky130_fd_sc_hd__and2_2)
     1    0.00                           _096_ (net)
                  0.05    0.00    3.22 ^ _234_/A (sky130_fd_sc_hd__buf_1)
                  0.61    0.49    3.71 ^ _234_/X (sky130_fd_sc_hd__buf_1)
     1    0.05                           m_rdata[24] (net)
                  0.61    0.01    3.72 ^ m_rdata[24] (out)
                                  3.72   data arrival time

                  0.15   10.00   10.00   clock clk (rise edge)
                          0.00   10.00   clock network delay (ideal)
                         -0.25    9.75   clock uncertainty
                          0.00    9.75   clock reconvergence pessimism
                         -2.00    7.75   output external delay
                                  7.75   data required time
-----------------------------------------------------------------------------
                                  7.75   data required time
                                 -3.72   data arrival time
-----------------------------------------------------------------------------
                                  4.03   slack (MET)


Startpoint: pready (input port clocked by clk)
Endpoint: m_rdata[20] (output port clocked by clk)
Path Group: clk
Path Type: max

Fanout     Cap    Slew   Delay    Time   Description
-----------------------------------------------------------------------------
                  0.15    0.00    0.00   clock clk (rise edge)
                          0.00    0.00   clock network delay (ideal)
                          2.00    2.00 ^ input external delay
                  0.07    0.05    2.05 ^ pready (in)
     2    0.01                           pready (net)
                  0.07    0.00    2.05 ^ _181_/C (sky130_fd_sc_hd__and3b_2)
                  0.14    0.28    2.33 ^ _181_/X (sky130_fd_sc_hd__and3b_2)
     6    0.02                           _069_ (net)
                  0.14    0.00    2.33 ^ _222_/A (sky130_fd_sc_hd__buf_1)
                  0.75    0.62    2.95 ^ _222_/X (sky130_fd_sc_hd__buf_1)
    10    0.06                           _090_ (net)
                  0.75    0.00    2.95 ^ _225_/B (sky130_fd_sc_hd__and2_2)
                  0.05    0.27    3.22 ^ _225_/X (sky130_fd_sc_hd__and2_2)
     1    0.00                           _092_ (net)
                  0.05    0.00    3.22 ^ _226_/A (sky130_fd_sc_hd__buf_1)
                  0.60    0.49    3.71 ^ _226_/X (sky130_fd_sc_hd__buf_1)
     1    0.05                           m_rdata[20] (net)
                  0.60    0.01    3.72 ^ m_rdata[20] (out)
                                  3.72   data arrival time

                  0.15   10.00   10.00   clock clk (rise edge)
                          0.00   10.00   clock network delay (ideal)
                         -0.25    9.75   clock uncertainty
                          0.00    9.75   clock reconvergence pessimism
                         -2.00    7.75   output external delay
                                  7.75   data required time
-----------------------------------------------------------------------------
                                  7.75   data required time
                                 -3.72   data arrival time
-----------------------------------------------------------------------------
                                  4.03   slack (MET)


Startpoint: pready (input port clocked by clk)
Endpoint: m_rdata[22] (output port clocked by clk)
Path Group: clk
Path Type: max

Fanout     Cap    Slew   Delay    Time   Description
-----------------------------------------------------------------------------
                  0.15    0.00    0.00   clock clk (rise edge)
                          0.00    0.00   clock network delay (ideal)
                          2.00    2.00 ^ input external delay
                  0.07    0.05    2.05 ^ pready (in)
     2    0.01                           pready (net)
                  0.07    0.00    2.05 ^ _181_/C (sky130_fd_sc_hd__and3b_2)
                  0.14    0.28    2.33 ^ _181_/X (sky130_fd_sc_hd__and3b_2)
     6    0.02                           _069_ (net)
                  0.14    0.00    2.33 ^ _222_/A (sky130_fd_sc_hd__buf_1)
                  0.75    0.62    2.95 ^ _222_/X (sky130_fd_sc_hd__buf_1)
    10    0.06                           _090_ (net)
                  0.75    0.00    2.95 ^ _229_/B (sky130_fd_sc_hd__and2_2)
                  0.05    0.27    3.22 ^ _229_/X (sky130_fd_sc_hd__and2_2)
     1    0.00                           _094_ (net)
                  0.05    0.00    3.22 ^ _230_/A (sky130_fd_sc_hd__buf_1)
                  0.54    0.45    3.66 ^ _230_/X (sky130_fd_sc_hd__buf_1)
     1    0.05                           m_rdata[22] (net)
                  0.54    0.01    3.67 ^ m_rdata[22] (out)
                                  3.67   data arrival time

                  0.15   10.00   10.00   clock clk (rise edge)
                          0.00   10.00   clock network delay (ideal)
                         -0.25    9.75   clock uncertainty
                          0.00    9.75   clock reconvergence pessimism
                         -2.00    7.75   output external delay
                                  7.75   data required time
-----------------------------------------------------------------------------
                                  7.75   data required time
                                 -3.67   data arrival time
-----------------------------------------------------------------------------
                                  4.08   slack (MET)


Startpoint: pready (input port clocked by clk)
Endpoint: m_rdata[27] (output port clocked by clk)
Path Group: clk
Path Type: max

Fanout     Cap    Slew   Delay    Time   Description
-----------------------------------------------------------------------------
                  0.15    0.00    0.00   clock clk (rise edge)
                          0.00    0.00   clock network delay (ideal)
                          2.00    2.00 ^ input external delay
                  0.07    0.05    2.05 ^ pready (in)
     2    0.01                           pready (net)
                  0.07    0.00    2.05 ^ _181_/C (sky130_fd_sc_hd__and3b_2)
                  0.14    0.28    2.33 ^ _181_/X (sky130_fd_sc_hd__and3b_2)
     6    0.02                           _069_ (net)
                  0.14    0.00    2.33 ^ _222_/A (sky130_fd_sc_hd__buf_1)
                  0.75    0.62    2.95 ^ _222_/X (sky130_fd_sc_hd__buf_1)
    10    0.06                           _090_ (net)
                  0.75    0.01    2.95 ^ _239_/B (sky130_fd_sc_hd__and2_2)
                  0.05    0.26    3.22 ^ _239_/X (sky130_fd_sc_hd__and2_2)
     1    0.00                           _099_ (net)
                  0.05    0.00    3.22 ^ _240_/A (sky130_fd_sc_hd__buf_1)
                  0.53    0.44    3.66 ^ _240_/X (sky130_fd_sc_hd__buf_1)
     1    0.05                           m_rdata[27] (net)
                  0.53    0.01    3.66 ^ m_rdata[27] (out)
                                  3.66   data arrival time

                  0.15   10.00   10.00   clock clk (rise edge)
                          0.00   10.00   clock network delay (ideal)
                         -0.25    9.75   clock uncertainty
                          0.00    9.75   clock reconvergence pessimism
                         -2.00    7.75   output external delay
                                  7.75   data required time
-----------------------------------------------------------------------------
                                  7.75   data required time
                                 -3.66   data arrival time
-----------------------------------------------------------------------------
                                  4.09   slack (MET)


Startpoint: pready (input port clocked by clk)
Endpoint: m_rdata[26] (output port clocked by clk)
Path Group: clk
Path Type: max

Fanout     Cap    Slew   Delay    Time   Description
-----------------------------------------------------------------------------
                  0.15    0.00    0.00   clock clk (rise edge)
                          0.00    0.00   clock network delay (ideal)
                          2.00    2.00 ^ input external delay
                  0.07    0.05    2.05 ^ pready (in)
     2    0.01                           pready (net)
                  0.07    0.00    2.05 ^ _181_/C (sky130_fd_sc_hd__and3b_2)
                  0.14    0.28    2.33 ^ _181_/X (sky130_fd_sc_hd__and3b_2)
     6    0.02                           _069_ (net)
                  0.14    0.00    2.33 ^ _222_/A (sky130_fd_sc_hd__buf_1)
                  0.75    0.62    2.95 ^ _222_/X (sky130_fd_sc_hd__buf_1)
    10    0.06                           _090_ (net)
                  0.75    0.00    2.95 ^ _237_/B (sky130_fd_sc_hd__and2_2)
                  0.05    0.27    3.22 ^ _237_/X (sky130_fd_sc_hd__and2_2)
     1    0.00                           _098_ (net)
                  0.05    0.00    3.22 ^ _238_/A (sky130_fd_sc_hd__buf_1)
                  0.53    0.44    3.65 ^ _238_/X (sky130_fd_sc_hd__buf_1)
     1    0.05                           m_rdata[26] (net)
                  0.53    0.01    3.66 ^ m_rdata[26] (out)
                                  3.66   data arrival time

                  0.15   10.00   10.00   clock clk (rise edge)
                          0.00   10.00   clock network delay (ideal)
                         -0.25    9.75   clock uncertainty
                          0.00    9.75   clock reconvergence pessimism
                         -2.00    7.75   output external delay
                                  7.75   data required time
-----------------------------------------------------------------------------
                                  7.75   data required time
                                 -3.66   data arrival time
-----------------------------------------------------------------------------
                                  4.09   slack (MET)


Startpoint: pready (input port clocked by clk)
Endpoint: m_rdata[25] (output port clocked by clk)
Path Group: clk
Path Type: max

Fanout     Cap    Slew   Delay    Time   Description
-----------------------------------------------------------------------------
                  0.15    0.00    0.00   clock clk (rise edge)
                          0.00    0.00   clock network delay (ideal)
                          2.00    2.00 ^ input external delay
                  0.07    0.05    2.05 ^ pready (in)
     2    0.01                           pready (net)
                  0.07    0.00    2.05 ^ _181_/C (sky130_fd_sc_hd__and3b_2)
                  0.14    0.28    2.33 ^ _181_/X (sky130_fd_sc_hd__and3b_2)
     6    0.02                           _069_ (net)
                  0.14    0.00    2.33 ^ _222_/A (sky130_fd_sc_hd__buf_1)
                  0.75    0.62    2.95 ^ _222_/X (sky130_fd_sc_hd__buf_1)
    10    0.06                           _090_ (net)
                  0.75    0.01    2.95 ^ _235_/B (sky130_fd_sc_hd__and2_2)
                  0.05    0.27    3.22 ^ _235_/X (sky130_fd_sc_hd__and2_2)
     1    0.00                           _097_ (net)
                  0.05    0.00    3.22 ^ _236_/A (sky130_fd_sc_hd__buf_1)
                  0.52    0.43    3.65 ^ _236_/X (sky130_fd_sc_hd__buf_1)
     1    0.04                           m_rdata[25] (net)
                  0.52    0.01    3.66 ^ m_rdata[25] (out)
                                  3.66   data arrival time

                  0.15   10.00   10.00   clock clk (rise edge)
                          0.00   10.00   clock network delay (ideal)
                         -0.25    9.75   clock uncertainty
                          0.00    9.75   clock reconvergence pessimism
                         -2.00    7.75   output external delay
                                  7.75   data required time
-----------------------------------------------------------------------------
                                  7.75   data required time
                                 -3.66   data arrival time
-----------------------------------------------------------------------------
                                  4.09   slack (MET)


Startpoint: pready (input port clocked by clk)
Endpoint: m_rdata[15] (output port clocked by clk)
Path Group: clk
Path Type: max

Fanout     Cap    Slew   Delay    Time   Description
-----------------------------------------------------------------------------
                  0.15    0.00    0.00   clock clk (rise edge)
                          0.00    0.00   clock network delay (ideal)
                          2.00    2.00 ^ input external delay
                  0.07    0.05    2.05 ^ pready (in)
     2    0.01                           pready (net)
                  0.07    0.00    2.05 ^ _181_/C (sky130_fd_sc_hd__and3b_2)
                  0.14    0.28    2.33 ^ _181_/X (sky130_fd_sc_hd__and3b_2)
     6    0.02                           _069_ (net)
                  0.14    0.00    2.33 ^ _201_/A (sky130_fd_sc_hd__buf_1)
                  0.61    0.52    2.85 ^ _201_/X (sky130_fd_sc_hd__buf_1)
    10    0.05                           _079_ (net)
                  0.61    0.00    2.86 ^ _214_/B (sky130_fd_sc_hd__and2_2)
                  0.05    0.25    3.11 ^ _214_/X (sky130_fd_sc_hd__and2_2)
     1    0.00                           _086_ (net)
                  0.05    0.00    3.11 ^ _215_/A (sky130_fd_sc_hd__buf_1)
                  0.64    0.51    3.62 ^ _215_/X (sky130_fd_sc_hd__buf_1)
     1    0.05                           m_rdata[15] (net)
                  0.64    0.01    3.63 ^ m_rdata[15] (out)
                                  3.63   data arrival time

                  0.15   10.00   10.00   clock clk (rise edge)
                          0.00   10.00   clock network delay (ideal)
                         -0.25    9.75   clock uncertainty
                          0.00    9.75   clock reconvergence pessimism
                         -2.00    7.75   output external delay
                                  7.75   data required time
-----------------------------------------------------------------------------
                                  7.75   data required time
                                 -3.63   data arrival time
-----------------------------------------------------------------------------
                                  4.12   slack (MET)


Startpoint: pready (input port clocked by clk)
Endpoint: m_rdata[19] (output port clocked by clk)
Path Group: clk
Path Type: max

Fanout     Cap    Slew   Delay    Time   Description
-----------------------------------------------------------------------------
                  0.15    0.00    0.00   clock clk (rise edge)
                          0.00    0.00   clock network delay (ideal)
                          2.00    2.00 ^ input external delay
                  0.07    0.05    2.05 ^ pready (in)
     2    0.01                           pready (net)
                  0.07    0.00    2.05 ^ _181_/C (sky130_fd_sc_hd__and3b_2)
                  0.14    0.28    2.33 ^ _181_/X (sky130_fd_sc_hd__and3b_2)
     6    0.02                           _069_ (net)
                  0.14    0.00    2.33 ^ _222_/A (sky130_fd_sc_hd__buf_1)
                  0.75    0.62    2.95 ^ _222_/X (sky130_fd_sc_hd__buf_1)
    10    0.06                           _090_ (net)
                  0.75    0.01    2.95 ^ _223_/B (sky130_fd_sc_hd__and2_2)
                  0.05    0.26    3.22 ^ _223_/X (sky130_fd_sc_hd__and2_2)
     1    0.00                           _091_ (net)
                  0.05    0.00    3.22 ^ _224_/A (sky130_fd_sc_hd__buf_1)
                  0.48    0.40    3.62 ^ _224_/X (sky130_fd_sc_hd__buf_1)
     1    0.04                           m_rdata[19] (net)
                  0.48    0.00    3.62 ^ m_rdata[19] (out)
                                  3.62   data arrival time

                  0.15   10.00   10.00   clock clk (rise edge)
                          0.00   10.00   clock network delay (ideal)
                         -0.25    9.75   clock uncertainty
                          0.00    9.75   clock reconvergence pessimism
                         -2.00    7.75   output external delay
                                  7.75   data required time
-----------------------------------------------------------------------------
                                  7.75   data required time
                                 -3.62   data arrival time
-----------------------------------------------------------------------------
                                  4.13   slack (MET)


Startpoint: pready (input port clocked by clk)
Endpoint: m_rdata[28] (output port clocked by clk)
Path Group: clk
Path Type: max

Fanout     Cap    Slew   Delay    Time   Description
-----------------------------------------------------------------------------
                  0.15    0.00    0.00   clock clk (rise edge)
                          0.00    0.00   clock network delay (ideal)
                          2.00    2.00 ^ input external delay
                  0.07    0.05    2.05 ^ pready (in)
     2    0.01                           pready (net)
                  0.07    0.00    2.05 ^ _181_/C (sky130_fd_sc_hd__and3b_2)
                  0.14    0.28    2.33 ^ _181_/X (sky130_fd_sc_hd__and3b_2)
     6    0.02                           _069_ (net)
                  0.14    0.00    2.33 ^ _222_/A (sky130_fd_sc_hd__buf_1)
                  0.75    0.62    2.95 ^ _222_/X (sky130_fd_sc_hd__buf_1)
    10    0.06                           _090_ (net)
                  0.75    0.00    2.95 ^ _241_/B (sky130_fd_sc_hd__and2_2)
                  0.05    0.27    3.21 ^ _241_/X (sky130_fd_sc_hd__and2_2)
     1    0.00                           _100_ (net)
                  0.05    0.00    3.21 ^ _242_/A (sky130_fd_sc_hd__buf_1)
                  0.48    0.40    3.61 ^ _242_/X (sky130_fd_sc_hd__buf_1)
     1    0.04                           m_rdata[28] (net)
                  0.48    0.00    3.62 ^ m_rdata[28] (out)
                                  3.62   data arrival time

                  0.15   10.00   10.00   clock clk (rise edge)
                          0.00   10.00   clock network delay (ideal)
                         -0.25    9.75   clock uncertainty
                          0.00    9.75   clock reconvergence pessimism
                         -2.00    7.75   output external delay
                                  7.75   data required time
-----------------------------------------------------------------------------
                                  7.75   data required time
                                 -3.62   data arrival time
-----------------------------------------------------------------------------
                                  4.13   slack (MET)


Startpoint: rstn (input port clocked by clk)
Endpoint: presetn (output port clocked by clk)
Path Group: clk
Path Type: max

Fanout     Cap    Slew   Delay    Time   Description
-----------------------------------------------------------------------------
                  0.15    0.00    0.00   clock clk (rise edge)
                          0.00    0.00   clock network delay (ideal)
                          2.00    2.00 ^ input external delay
                  1.57    1.16    3.16 ^ rstn (in)
    68    0.35                           rstn (net)
                  1.57    0.00    3.16 ^ _457_/A (sky130_fd_sc_hd__buf_2)
                  0.19    0.43    3.59 ^ _457_/X (sky130_fd_sc_hd__buf_2)
     1    0.04                           presetn (net)
                  0.19    0.00    3.59 ^ presetn (out)
                                  3.59   data arrival time

                  0.15   10.00   10.00   clock clk (rise edge)
                          0.00   10.00   clock network delay (ideal)
                         -0.25    9.75   clock uncertainty
                          0.00    9.75   clock reconvergence pessimism
                         -2.00    7.75   output external delay
                                  7.75   data required time
-----------------------------------------------------------------------------
                                  7.75   data required time
                                 -3.59   data arrival time
-----------------------------------------------------------------------------
                                  4.16   slack (MET)


Startpoint: pready (input port clocked by clk)
Endpoint: m_rdata[21] (output port clocked by clk)
Path Group: clk
Path Type: max

Fanout     Cap    Slew   Delay    Time   Description
-----------------------------------------------------------------------------
                  0.15    0.00    0.00   clock clk (rise edge)
                          0.00    0.00   clock network delay (ideal)
                          2.00    2.00 ^ input external delay
                  0.07    0.05    2.05 ^ pready (in)
     2    0.01                           pready (net)
                  0.07    0.00    2.05 ^ _181_/C (sky130_fd_sc_hd__and3b_2)
                  0.14    0.28    2.33 ^ _181_/X (sky130_fd_sc_hd__and3b_2)
     6    0.02                           _069_ (net)
                  0.14    0.00    2.33 ^ _222_/A (sky130_fd_sc_hd__buf_1)
                  0.75    0.62    2.95 ^ _222_/X (sky130_fd_sc_hd__buf_1)
    10    0.06                           _090_ (net)
                  0.75    0.01    2.95 ^ _227_/B (sky130_fd_sc_hd__and2_2)
                  0.05    0.27    3.22 ^ _227_/X (sky130_fd_sc_hd__and2_2)
     1    0.00                           _093_ (net)
                  0.05    0.00    3.22 ^ _228_/A (sky130_fd_sc_hd__buf_1)
                  0.41    0.36    3.58 ^ _228_/X (sky130_fd_sc_hd__buf_1)
     1    0.04                           m_rdata[21] (net)
                  0.41    0.00    3.58 ^ m_rdata[21] (out)
                                  3.58   data arrival time

                  0.15   10.00   10.00   clock clk (rise edge)
                          0.00   10.00   clock network delay (ideal)
                         -0.25    9.75   clock uncertainty
                          0.00    9.75   clock reconvergence pessimism
                         -2.00    7.75   output external delay
                                  7.75   data required time
-----------------------------------------------------------------------------
                                  7.75   data required time
                                 -3.58   data arrival time
-----------------------------------------------------------------------------
                                  4.17   slack (MET)


Startpoint: pready (input port clocked by clk)
Endpoint: m_rdata[23] (output port clocked by clk)
Path Group: clk
Path Type: max

Fanout     Cap    Slew   Delay    Time   Description
-----------------------------------------------------------------------------
                  0.15    0.00    0.00   clock clk (rise edge)
                          0.00    0.00   clock network delay (ideal)
                          2.00    2.00 ^ input external delay
                  0.07    0.05    2.05 ^ pready (in)
     2    0.01                           pready (net)
                  0.07    0.00    2.05 ^ _181_/C (sky130_fd_sc_hd__and3b_2)
                  0.14    0.28    2.33 ^ _181_/X (sky130_fd_sc_hd__and3b_2)
     6    0.02                           _069_ (net)
                  0.14    0.00    2.33 ^ _222_/A (sky130_fd_sc_hd__buf_1)
                  0.75    0.62    2.95 ^ _222_/X (sky130_fd_sc_hd__buf_1)
    10    0.06                           _090_ (net)
                  0.75    0.01    2.95 ^ _231_/B (sky130_fd_sc_hd__and2_2)
                  0.05    0.26    3.22 ^ _231_/X (sky130_fd_sc_hd__and2_2)
     1    0.00                           _095_ (net)
                  0.05    0.00    3.22 ^ _232_/A (sky130_fd_sc_hd__buf_1)
                  0.41    0.35    3.57 ^ _232_/X (sky130_fd_sc_hd__buf_1)
     1    0.03                           m_rdata[23] (net)
                  0.41    0.00    3.57 ^ m_rdata[23] (out)
                                  3.57   data arrival time

                  0.15   10.00   10.00   clock clk (rise edge)
                          0.00   10.00   clock network delay (ideal)
                         -0.25    9.75   clock uncertainty
                          0.00    9.75   clock reconvergence pessimism
                         -2.00    7.75   output external delay
                                  7.75   data required time
-----------------------------------------------------------------------------
                                  7.75   data required time
                                 -3.57   data arrival time
-----------------------------------------------------------------------------
                                  4.18   slack (MET)


Startpoint: pready (input port clocked by clk)
Endpoint: m_rdata[14] (output port clocked by clk)
Path Group: clk
Path Type: max

Fanout     Cap    Slew   Delay    Time   Description
-----------------------------------------------------------------------------
                  0.15    0.00    0.00   clock clk (rise edge)
                          0.00    0.00   clock network delay (ideal)
                          2.00    2.00 ^ input external delay
                  0.07    0.05    2.05 ^ pready (in)
     2    0.01                           pready (net)
                  0.07    0.00    2.05 ^ _181_/C (sky130_fd_sc_hd__and3b_2)
                  0.14    0.28    2.33 ^ _181_/X (sky130_fd_sc_hd__and3b_2)
     6    0.02                           _069_ (net)
                  0.14    0.00    2.33 ^ _201_/A (sky130_fd_sc_hd__buf_1)
                  0.61    0.52    2.85 ^ _201_/X (sky130_fd_sc_hd__buf_1)
    10    0.05                           _079_ (net)
                  0.61    0.00    2.85 ^ _212_/B (sky130_fd_sc_hd__and2_2)
                  0.05    0.25    3.10 ^ _212_/X (sky130_fd_sc_hd__and2_2)
     1    0.00                           _085_ (net)
                  0.05    0.00    3.10 ^ _213_/A (sky130_fd_sc_hd__buf_1)
                  0.54    0.44    3.55 ^ _213_/X (sky130_fd_sc_hd__buf_1)
     1    0.05                           m_rdata[14] (net)
                  0.54    0.01    3.55 ^ m_rdata[14] (out)
                                  3.55   data arrival time

                  0.15   10.00   10.00   clock clk (rise edge)
                          0.00   10.00   clock network delay (ideal)
                         -0.25    9.75   clock uncertainty
                          0.00    9.75   clock reconvergence pessimism
                         -2.00    7.75   output external delay
                                  7.75   data required time
-----------------------------------------------------------------------------
                                  7.75   data required time
                                 -3.55   data arrival time
-----------------------------------------------------------------------------
                                  4.20   slack (MET)


Startpoint: pready (input port clocked by clk)
Endpoint: m_rdata[17] (output port clocked by clk)
Path Group: clk
Path Type: max

Fanout     Cap    Slew   Delay    Time   Description
-----------------------------------------------------------------------------
                  0.15    0.00    0.00   clock clk (rise edge)
                          0.00    0.00   clock network delay (ideal)
                          2.00    2.00 ^ input external delay
                  0.07    0.05    2.05 ^ pready (in)
     2    0.01                           pready (net)
                  0.07    0.00    2.05 ^ _181_/C (sky130_fd_sc_hd__and3b_2)
                  0.14    0.28    2.33 ^ _181_/X (sky130_fd_sc_hd__and3b_2)
     6    0.02                           _069_ (net)
                  0.14    0.00    2.33 ^ _201_/A (sky130_fd_sc_hd__buf_1)
                  0.61    0.52    2.85 ^ _201_/X (sky130_fd_sc_hd__buf_1)
    10    0.05                           _079_ (net)
                  0.61    0.00    2.86 ^ _218_/B (sky130_fd_sc_hd__and2_2)
                  0.05    0.25    3.11 ^ _218_/X (sky130_fd_sc_hd__and2_2)
     1    0.00                           _088_ (net)
                  0.05    0.00    3.11 ^ _219_/A (sky130_fd_sc_hd__buf_1)
                  0.52    0.43    3.54 ^ _219_/X (sky130_fd_sc_hd__buf_1)
     1    0.05                           m_rdata[17] (net)
                  0.53    0.01    3.55 ^ m_rdata[17] (out)
                                  3.55   data arrival time

                  0.15   10.00   10.00   clock clk (rise edge)
                          0.00   10.00   clock network delay (ideal)
                         -0.25    9.75   clock uncertainty
                          0.00    9.75   clock reconvergence pessimism
                         -2.00    7.75   output external delay
                                  7.75   data required time
-----------------------------------------------------------------------------
                                  7.75   data required time
                                 -3.55   data arrival time
-----------------------------------------------------------------------------
                                  4.20   slack (MET)


Startpoint: pready (input port clocked by clk)
Endpoint: m_rdata[12] (output port clocked by clk)
Path Group: clk
Path Type: max

Fanout     Cap    Slew   Delay    Time   Description
-----------------------------------------------------------------------------
                  0.15    0.00    0.00   clock clk (rise edge)
                          0.00    0.00   clock network delay (ideal)
                          2.00    2.00 ^ input external delay
                  0.07    0.05    2.05 ^ pready (in)
     2    0.01                           pready (net)
                  0.07    0.00    2.05 ^ _181_/C (sky130_fd_sc_hd__and3b_2)
                  0.14    0.28    2.33 ^ _181_/X (sky130_fd_sc_hd__and3b_2)
     6    0.02                           _069_ (net)
                  0.14    0.00    2.33 ^ _201_/A (sky130_fd_sc_hd__buf_1)
                  0.61    0.52    2.85 ^ _201_/X (sky130_fd_sc_hd__buf_1)
    10    0.05                           _079_ (net)
                  0.61    0.00    2.86 ^ _208_/B (sky130_fd_sc_hd__and2_2)
                  0.05    0.25    3.11 ^ _208_/X (sky130_fd_sc_hd__and2_2)
     1    0.00                           _083_ (net)
                  0.05    0.00    3.11 ^ _209_/A (sky130_fd_sc_hd__buf_1)
                  0.52    0.43    3.54 ^ _209_/X (sky130_fd_sc_hd__buf_1)
     1    0.04                           m_rdata[12] (net)
                  0.52    0.01    3.55 ^ m_rdata[12] (out)
                                  3.55   data arrival time

                  0.15   10.00   10.00   clock clk (rise edge)
                          0.00   10.00   clock network delay (ideal)
                         -0.25    9.75   clock uncertainty
                          0.00    9.75   clock reconvergence pessimism
                         -2.00    7.75   output external delay
                                  7.75   data required time
-----------------------------------------------------------------------------
                                  7.75   data required time
                                 -3.55   data arrival time
-----------------------------------------------------------------------------
                                  4.20   slack (MET)


Startpoint: pready (input port clocked by clk)
Endpoint: m_rdata[16] (output port clocked by clk)
Path Group: clk
Path Type: max

Fanout     Cap    Slew   Delay    Time   Description
-----------------------------------------------------------------------------
                  0.15    0.00    0.00   clock clk (rise edge)
                          0.00    0.00   clock network delay (ideal)
                          2.00    2.00 ^ input external delay
                  0.07    0.05    2.05 ^ pready (in)
     2    0.01                           pready (net)
                  0.07    0.00    2.05 ^ _181_/C (sky130_fd_sc_hd__and3b_2)
                  0.14    0.28    2.33 ^ _181_/X (sky130_fd_sc_hd__and3b_2)
     6    0.02                           _069_ (net)
                  0.14    0.00    2.33 ^ _201_/A (sky130_fd_sc_hd__buf_1)
                  0.61    0.52    2.85 ^ _201_/X (sky130_fd_sc_hd__buf_1)
    10    0.05                           _079_ (net)
                  0.61    0.00    2.86 ^ _216_/B (sky130_fd_sc_hd__and2_2)
                  0.05    0.25    3.11 ^ _216_/X (sky130_fd_sc_hd__and2_2)
     1    0.00                           _087_ (net)
                  0.05    0.00    3.11 ^ _217_/A (sky130_fd_sc_hd__buf_1)
                  0.52    0.43    3.54 ^ _217_/X (sky130_fd_sc_hd__buf_1)
     1    0.04                           m_rdata[16] (net)
                  0.52    0.01    3.54 ^ m_rdata[16] (out)
                                  3.54   data arrival time

                  0.15   10.00   10.00   clock clk (rise edge)
                          0.00   10.00   clock network delay (ideal)
                         -0.25    9.75   clock uncertainty
                          0.00    9.75   clock reconvergence pessimism
                         -2.00    7.75   output external delay
                                  7.75   data required time
-----------------------------------------------------------------------------
                                  7.75   data required time
                                 -3.54   data arrival time
-----------------------------------------------------------------------------
                                  4.21   slack (MET)


Startpoint: pready (input port clocked by clk)
Endpoint: m_rdata[10] (output port clocked by clk)
Path Group: clk
Path Type: max

Fanout     Cap    Slew   Delay    Time   Description
-----------------------------------------------------------------------------
                  0.15    0.00    0.00   clock clk (rise edge)
                          0.00    0.00   clock network delay (ideal)
                          2.00    2.00 ^ input external delay
                  0.07    0.05    2.05 ^ pready (in)
     2    0.01                           pready (net)
                  0.07    0.00    2.05 ^ _181_/C (sky130_fd_sc_hd__and3b_2)
                  0.14    0.28    2.33 ^ _181_/X (sky130_fd_sc_hd__and3b_2)
     6    0.02                           _069_ (net)
                  0.14    0.00    2.33 ^ _201_/A (sky130_fd_sc_hd__buf_1)
                  0.61    0.52    2.85 ^ _201_/X (sky130_fd_sc_hd__buf_1)
    10    0.05                           _079_ (net)
                  0.61    0.00    2.85 ^ _204_/B (sky130_fd_sc_hd__and2_2)
                  0.05    0.25    3.11 ^ _204_/X (sky130_fd_sc_hd__and2_2)
     1    0.00                           _081_ (net)
                  0.05    0.00    3.11 ^ _205_/A (sky130_fd_sc_hd__buf_1)
                  0.52    0.43    3.53 ^ _205_/X (sky130_fd_sc_hd__buf_1)
     1    0.04                           m_rdata[10] (net)
                  0.52    0.01    3.54 ^ m_rdata[10] (out)
                                  3.54   data arrival time

                  0.15   10.00   10.00   clock clk (rise edge)
                          0.00   10.00   clock network delay (ideal)
                         -0.25    9.75   clock uncertainty
                          0.00    9.75   clock reconvergence pessimism
                         -2.00    7.75   output external delay
                                  7.75   data required time
-----------------------------------------------------------------------------
                                  7.75   data required time
                                 -3.54   data arrival time
-----------------------------------------------------------------------------
                                  4.21   slack (MET)


Startpoint: pready (input port clocked by clk)
Endpoint: m_rdata[11] (output port clocked by clk)
Path Group: clk
Path Type: max

Fanout     Cap    Slew   Delay    Time   Description
-----------------------------------------------------------------------------
                  0.15    0.00    0.00   clock clk (rise edge)
                          0.00    0.00   clock network delay (ideal)
                          2.00    2.00 ^ input external delay
                  0.07    0.05    2.05 ^ pready (in)
     2    0.01                           pready (net)
                  0.07    0.00    2.05 ^ _181_/C (sky130_fd_sc_hd__and3b_2)
                  0.14    0.28    2.33 ^ _181_/X (sky130_fd_sc_hd__and3b_2)
     6    0.02                           _069_ (net)
                  0.14    0.00    2.33 ^ _201_/A (sky130_fd_sc_hd__buf_1)
                  0.61    0.52    2.85 ^ _201_/X (sky130_fd_sc_hd__buf_1)
    10    0.05                           _079_ (net)
                  0.61    0.00    2.86 ^ _206_/B (sky130_fd_sc_hd__and2_2)
                  0.05    0.25    3.11 ^ _206_/X (sky130_fd_sc_hd__and2_2)
     1    0.00                           _082_ (net)
                  0.05    0.00    3.11 ^ _207_/A (sky130_fd_sc_hd__buf_1)
                  0.51    0.42    3.53 ^ _207_/X (sky130_fd_sc_hd__buf_1)
     1    0.04                           m_rdata[11] (net)
                  0.51    0.00    3.54 ^ m_rdata[11] (out)
                                  3.54   data arrival time

                  0.15   10.00   10.00   clock clk (rise edge)
                          0.00   10.00   clock network delay (ideal)
                         -0.25    9.75   clock uncertainty
                          0.00    9.75   clock reconvergence pessimism
                         -2.00    7.75   output external delay
                                  7.75   data required time
-----------------------------------------------------------------------------
                                  7.75   data required time
                                 -3.54   data arrival time
-----------------------------------------------------------------------------
                                  4.21   slack (MET)


Startpoint: pready (input port clocked by clk)
Endpoint: m_rdata[18] (output port clocked by clk)
Path Group: clk
Path Type: max

Fanout     Cap    Slew   Delay    Time   Description
-----------------------------------------------------------------------------
                  0.15    0.00    0.00   clock clk (rise edge)
                          0.00    0.00   clock network delay (ideal)
                          2.00    2.00 ^ input external delay
                  0.07    0.05    2.05 ^ pready (in)
     2    0.01                           pready (net)
                  0.07    0.00    2.05 ^ _181_/C (sky130_fd_sc_hd__and3b_2)
                  0.14    0.28    2.33 ^ _181_/X (sky130_fd_sc_hd__and3b_2)
     6    0.02                           _069_ (net)
                  0.14    0.00    2.33 ^ _201_/A (sky130_fd_sc_hd__buf_1)
                  0.61    0.52    2.85 ^ _201_/X (sky130_fd_sc_hd__buf_1)
    10    0.05                           _079_ (net)
                  0.61    0.00    2.86 ^ _220_/B (sky130_fd_sc_hd__and2_2)
                  0.05    0.25    3.11 ^ _220_/X (sky130_fd_sc_hd__and2_2)
     1    0.00                           _089_ (net)
                  0.05    0.00    3.11 ^ _221_/A (sky130_fd_sc_hd__buf_1)
                  0.51    0.42    3.53 ^ _221_/X (sky130_fd_sc_hd__buf_1)
     1    0.04                           m_rdata[18] (net)
                  0.51    0.00    3.54 ^ m_rdata[18] (out)
                                  3.54   data arrival time

                  0.15   10.00   10.00   clock clk (rise edge)
                          0.00   10.00   clock network delay (ideal)
                         -0.25    9.75   clock uncertainty
                          0.00    9.75   clock reconvergence pessimism
                         -2.00    7.75   output external delay
                                  7.75   data required time
-----------------------------------------------------------------------------
                                  7.75   data required time
                                 -3.54   data arrival time
-----------------------------------------------------------------------------
                                  4.21   slack (MET)


Startpoint: pready (input port clocked by clk)
Endpoint: m_rdata[9] (output port clocked by clk)
Path Group: clk
Path Type: max

Fanout     Cap    Slew   Delay    Time   Description
-----------------------------------------------------------------------------
                  0.15    0.00    0.00   clock clk (rise edge)
                          0.00    0.00   clock network delay (ideal)
                          2.00    2.00 ^ input external delay
                  0.07    0.05    2.05 ^ pready (in)
     2    0.01                           pready (net)
                  0.07    0.00    2.05 ^ _181_/C (sky130_fd_sc_hd__and3b_2)
                  0.14    0.28    2.33 ^ _181_/X (sky130_fd_sc_hd__and3b_2)
     6    0.02                           _069_ (net)
                  0.14    0.00    2.33 ^ _201_/A (sky130_fd_sc_hd__buf_1)
                  0.61    0.52    2.85 ^ _201_/X (sky130_fd_sc_hd__buf_1)
    10    0.05                           _079_ (net)
                  0.61    0.00    2.86 ^ _202_/B (sky130_fd_sc_hd__and2_2)
                  0.05    0.25    3.11 ^ _202_/X (sky130_fd_sc_hd__and2_2)
     1    0.00                           _080_ (net)
                  0.05    0.00    3.11 ^ _203_/A (sky130_fd_sc_hd__buf_1)
                  0.49    0.41    3.52 ^ _203_/X (sky130_fd_sc_hd__buf_1)
     1    0.04                           m_rdata[9] (net)
                  0.49    0.00    3.52 ^ m_rdata[9] (out)
                                  3.52   data arrival time

                  0.15   10.00   10.00   clock clk (rise edge)
                          0.00   10.00   clock network delay (ideal)
                         -0.25    9.75   clock uncertainty
                          0.00    9.75   clock reconvergence pessimism
                         -2.00    7.75   output external delay
                                  7.75   data required time
-----------------------------------------------------------------------------
                                  7.75   data required time
                                 -3.52   data arrival time
-----------------------------------------------------------------------------
                                  4.23   slack (MET)


Startpoint: pready (input port clocked by clk)
Endpoint: m_rdata[13] (output port clocked by clk)
Path Group: clk
Path Type: max

Fanout     Cap    Slew   Delay    Time   Description
-----------------------------------------------------------------------------
                  0.15    0.00    0.00   clock clk (rise edge)
                          0.00    0.00   clock network delay (ideal)
                          2.00    2.00 ^ input external delay
                  0.07    0.05    2.05 ^ pready (in)
     2    0.01                           pready (net)
                  0.07    0.00    2.05 ^ _181_/C (sky130_fd_sc_hd__and3b_2)
                  0.14    0.28    2.33 ^ _181_/X (sky130_fd_sc_hd__and3b_2)
     6    0.02                           _069_ (net)
                  0.14    0.00    2.33 ^ _201_/A (sky130_fd_sc_hd__buf_1)
                  0.61    0.52    2.85 ^ _201_/X (sky130_fd_sc_hd__buf_1)
    10    0.05                           _079_ (net)
                  0.61    0.00    2.86 ^ _210_/B (sky130_fd_sc_hd__and2_2)
                  0.05    0.25    3.11 ^ _210_/X (sky130_fd_sc_hd__and2_2)
     1    0.00                           _084_ (net)
                  0.05    0.00    3.11 ^ _211_/A (sky130_fd_sc_hd__buf_1)
                  0.43    0.37    3.47 ^ _211_/X (sky130_fd_sc_hd__buf_1)
     1    0.04                           m_rdata[13] (net)
                  0.43    0.00    3.48 ^ m_rdata[13] (out)
                                  3.48   data arrival time

                  0.15   10.00   10.00   clock clk (rise edge)
                          0.00   10.00   clock network delay (ideal)
                         -0.25    9.75   clock uncertainty
                          0.00    9.75   clock reconvergence pessimism
                         -2.00    7.75   output external delay
                                  7.75   data required time
-----------------------------------------------------------------------------
                                  7.75   data required time
                                 -3.48   data arrival time
-----------------------------------------------------------------------------
                                  4.27   slack (MET)


Startpoint: pready (input port clocked by clk)
Endpoint: m_ready (output port clocked by clk)
Path Group: clk
Path Type: max

Fanout     Cap    Slew   Delay    Time   Description
-----------------------------------------------------------------------------
                  0.15    0.00    0.00   clock clk (rise edge)
                          0.00    0.00   clock network delay (ideal)
                          2.00    2.00 ^ input external delay
                  0.07    0.05    2.05 ^ pready (in)
     2    0.01                           pready (net)
                  0.07    0.00    2.05 ^ _181_/C (sky130_fd_sc_hd__and3b_2)
                  0.14    0.28    2.33 ^ _181_/X (sky130_fd_sc_hd__and3b_2)
     6    0.02                           _069_ (net)
                  0.14    0.00    2.33 ^ _182_/A (sky130_fd_sc_hd__buf_1)
                  1.06    0.84    3.17 ^ _182_/X (sky130_fd_sc_hd__buf_1)
    10    0.09                           m_ready (net)
                  1.06    0.01    3.18 ^ m_ready (out)
                                  3.18   data arrival time

                  0.15   10.00   10.00   clock clk (rise edge)
                          0.00   10.00   clock network delay (ideal)
                         -0.25    9.75   clock uncertainty
                          0.00    9.75   clock reconvergence pessimism
                         -2.00    7.75   output external delay
                                  7.75   data required time
-----------------------------------------------------------------------------
                                  7.75   data required time
                                 -3.18   data arrival time
-----------------------------------------------------------------------------
                                  4.57   slack (MET)


Startpoint: pready (input port clocked by clk)
Endpoint: m_rdata[31] (output port clocked by clk)
Path Group: clk
Path Type: max

Fanout     Cap    Slew   Delay    Time   Description
-----------------------------------------------------------------------------
                  0.15    0.00    0.00   clock clk (rise edge)
                          0.00    0.00   clock network delay (ideal)
                          2.00    2.00 ^ input external delay
                  0.07    0.05    2.05 ^ pready (in)
     2    0.01                           pready (net)
                  0.07    0.00    2.05 ^ _181_/C (sky130_fd_sc_hd__and3b_2)
                  0.14    0.28    2.33 ^ _181_/X (sky130_fd_sc_hd__and3b_2)
     6    0.02                           _069_ (net)
                  0.14    0.00    2.33 ^ _247_/B (sky130_fd_sc_hd__and2_2)
                  0.04    0.16    2.49 ^ _247_/X (sky130_fd_sc_hd__and2_2)
     1    0.00                           _103_ (net)
                  0.04    0.00    2.49 ^ _248_/A (sky130_fd_sc_hd__buf_1)
                  0.60    0.48    2.97 ^ _248_/X (sky130_fd_sc_hd__buf_1)
     1    0.05                           m_rdata[31] (net)
                  0.60    0.01    2.98 ^ m_rdata[31] (out)
                                  2.98   data arrival time

                  0.15   10.00   10.00   clock clk (rise edge)
                          0.00   10.00   clock network delay (ideal)
                         -0.25    9.75   clock uncertainty
                          0.00    9.75   clock reconvergence pessimism
                         -2.00    7.75   output external delay
                                  7.75   data required time
-----------------------------------------------------------------------------
                                  7.75   data required time
                                 -2.98   data arrival time
-----------------------------------------------------------------------------
                                  4.77   slack (MET)


Startpoint: pready (input port clocked by clk)
Endpoint: m_rdata[29] (output port clocked by clk)
Path Group: clk
Path Type: max

Fanout     Cap    Slew   Delay    Time   Description
-----------------------------------------------------------------------------
                  0.15    0.00    0.00   clock clk (rise edge)
                          0.00    0.00   clock network delay (ideal)
                          2.00    2.00 ^ input external delay
                  0.07    0.05    2.05 ^ pready (in)
     2    0.01                           pready (net)
                  0.07    0.00    2.05 ^ _181_/C (sky130_fd_sc_hd__and3b_2)
                  0.14    0.28    2.33 ^ _181_/X (sky130_fd_sc_hd__and3b_2)
     6    0.02                           _069_ (net)
                  0.14    0.00    2.33 ^ _243_/B (sky130_fd_sc_hd__and2_2)
                  0.04    0.16    2.49 ^ _243_/X (sky130_fd_sc_hd__and2_2)
     1    0.00                           _101_ (net)
                  0.04    0.00    2.49 ^ _244_/A (sky130_fd_sc_hd__buf_1)
                  0.57    0.46    2.95 ^ _244_/X (sky130_fd_sc_hd__buf_1)
     1    0.05                           m_rdata[29] (net)
                  0.57    0.01    2.96 ^ m_rdata[29] (out)
                                  2.96   data arrival time

                  0.15   10.00   10.00   clock clk (rise edge)
                          0.00   10.00   clock network delay (ideal)
                         -0.25    9.75   clock uncertainty
                          0.00    9.75   clock reconvergence pessimism
                         -2.00    7.75   output external delay
                                  7.75   data required time
-----------------------------------------------------------------------------
                                  7.75   data required time
                                 -2.96   data arrival time
-----------------------------------------------------------------------------
                                  4.79   slack (MET)


Startpoint: pready (input port clocked by clk)
Endpoint: m_rdata[30] (output port clocked by clk)
Path Group: clk
Path Type: max

Fanout     Cap    Slew   Delay    Time   Description
-----------------------------------------------------------------------------
                  0.15    0.00    0.00   clock clk (rise edge)
                          0.00    0.00   clock network delay (ideal)
                          2.00    2.00 ^ input external delay
                  0.07    0.05    2.05 ^ pready (in)
     2    0.01                           pready (net)
                  0.07    0.00    2.05 ^ _181_/C (sky130_fd_sc_hd__and3b_2)
                  0.14    0.28    2.33 ^ _181_/X (sky130_fd_sc_hd__and3b_2)
     6    0.02                           _069_ (net)
                  0.14    0.00    2.33 ^ _245_/B (sky130_fd_sc_hd__and2_2)
                  0.04    0.16    2.49 ^ _245_/X (sky130_fd_sc_hd__and2_2)
     1    0.00                           _102_ (net)
                  0.04    0.00    2.49 ^ _246_/A (sky130_fd_sc_hd__buf_1)
                  0.50    0.41    2.90 ^ _246_/X (sky130_fd_sc_hd__buf_1)
     1    0.04                           m_rdata[30] (net)
                  0.50    0.00    2.90 ^ m_rdata[30] (out)
                                  2.90   data arrival time

                  0.15   10.00   10.00   clock clk (rise edge)
                          0.00   10.00   clock network delay (ideal)
                         -0.25    9.75   clock uncertainty
                          0.00    9.75   clock reconvergence pessimism
                         -2.00    7.75   output external delay
                                  7.75   data required time
-----------------------------------------------------------------------------
                                  7.75   data required time
                                 -2.90   data arrival time
-----------------------------------------------------------------------------
                                  4.85   slack (MET)


Startpoint: m_req (input port clocked by clk)
Endpoint: _430_ (rising edge-triggered flip-flop clocked by clk)
Path Group: clk
Path Type: max

Fanout     Cap    Slew   Delay    Time   Description
-----------------------------------------------------------------------------
                  0.15    0.00    0.00   clock clk (rise edge)
                          0.00    0.00   clock network delay (ideal)
                          2.00    2.00 v input external delay
                  0.03    0.02    2.02 v m_req (in)
     1    0.01                           m_req (net)
                  0.03    0.00    2.02 v _249_/C_N (sky130_fd_sc_hd__or3b_2)
                  0.05    0.20    2.23 ^ _249_/X (sky130_fd_sc_hd__or3b_2)
     3    0.01                           _104_ (net)
                  0.05    0.00    2.23 ^ _271_/A (sky130_fd_sc_hd__buf_1)
                  0.97    0.76    2.99 ^ _271_/X (sky130_fd_sc_hd__buf_1)
    10    0.08                           _115_ (net)
                  0.97    0.00    2.99 ^ _335_/A (sky130_fd_sc_hd__buf_1)
                  0.91    0.80    3.79 ^ _335_/X (sky130_fd_sc_hd__buf_1)
    10    0.08                           _149_ (net)
                  0.91    0.00    3.79 ^ _336_/S (sky130_fd_sc_hd__mux2_2)
                  0.05    0.43    4.22 v _336_/X (sky130_fd_sc_hd__mux2_2)
     1    0.00                           _150_ (net)
                  0.05    0.00    4.22 v _337_/A (sky130_fd_sc_hd__buf_1)
                  0.02    0.09    4.31 v _337_/X (sky130_fd_sc_hd__buf_1)
     1    0.00                           _041_ (net)
                  0.02    0.00    4.31 v _430_/D (sky130_fd_sc_hd__dfrtp_2)
                                  4.31   data arrival time

                  0.15   10.00   10.00   clock clk (rise edge)
                          0.00   10.00   clock network delay (ideal)
                         -0.25    9.75   clock uncertainty
                          0.00    9.75   clock reconvergence pessimism
                                  9.75 ^ _430_/CLK (sky130_fd_sc_hd__dfrtp_2)
                         -0.08    9.67   library setup time
                                  9.67   data required time
-----------------------------------------------------------------------------
                                  9.67   data required time
                                 -4.31   data arrival time
-----------------------------------------------------------------------------
                                  5.36   slack (MET)


Startpoint: m_req (input port clocked by clk)
Endpoint: _436_ (rising edge-triggered flip-flop clocked by clk)
Path Group: clk
Path Type: max

Fanout     Cap    Slew   Delay    Time   Description
-----------------------------------------------------------------------------
                  0.15    0.00    0.00   clock clk (rise edge)
                          0.00    0.00   clock network delay (ideal)
                          2.00    2.00 v input external delay
                  0.03    0.02    2.02 v m_req (in)
     1    0.01                           m_req (net)
                  0.03    0.00    2.02 v _249_/C_N (sky130_fd_sc_hd__or3b_2)
                  0.05    0.20    2.23 ^ _249_/X (sky130_fd_sc_hd__or3b_2)
     3    0.01                           _104_ (net)
                  0.05    0.00    2.23 ^ _271_/A (sky130_fd_sc_hd__buf_1)
                  0.97    0.76    2.99 ^ _271_/X (sky130_fd_sc_hd__buf_1)
    10    0.08                           _115_ (net)
                  0.97    0.00    2.99 ^ _335_/A (sky130_fd_sc_hd__buf_1)
                  0.91    0.80    3.79 ^ _335_/X (sky130_fd_sc_hd__buf_1)
    10    0.08                           _149_ (net)
                  0.91    0.00    3.79 ^ _348_/S (sky130_fd_sc_hd__mux2_2)
                  0.05    0.43    4.22 v _348_/X (sky130_fd_sc_hd__mux2_2)
     1    0.00                           _156_ (net)
                  0.05    0.00    4.22 v _349_/A (sky130_fd_sc_hd__buf_1)
                  0.02    0.09    4.31 v _349_/X (sky130_fd_sc_hd__buf_1)
     1    0.00                           _047_ (net)
                  0.02    0.00    4.31 v _436_/D (sky130_fd_sc_hd__dfrtp_2)
                                  4.31   data arrival time

                  0.15   10.00   10.00   clock clk (rise edge)
                          0.00   10.00   clock network delay (ideal)
                         -0.25    9.75   clock uncertainty
                          0.00    9.75   clock reconvergence pessimism
                                  9.75 ^ _436_/CLK (sky130_fd_sc_hd__dfrtp_2)
                         -0.08    9.67   library setup time
                                  9.67   data required time
-----------------------------------------------------------------------------
                                  9.67   data required time
                                 -4.31   data arrival time
-----------------------------------------------------------------------------
                                  5.36   slack (MET)


Startpoint: m_req (input port clocked by clk)
Endpoint: _431_ (rising edge-triggered flip-flop clocked by clk)
Path Group: clk
Path Type: max

Fanout     Cap    Slew   Delay    Time   Description
-----------------------------------------------------------------------------
                  0.15    0.00    0.00   clock clk (rise edge)
                          0.00    0.00   clock network delay (ideal)
                          2.00    2.00 v input external delay
                  0.03    0.02    2.02 v m_req (in)
     1    0.01                           m_req (net)
                  0.03    0.00    2.02 v _249_/C_N (sky130_fd_sc_hd__or3b_2)
                  0.05    0.20    2.23 ^ _249_/X (sky130_fd_sc_hd__or3b_2)
     3    0.01                           _104_ (net)
                  0.05    0.00    2.23 ^ _271_/A (sky130_fd_sc_hd__buf_1)
                  0.97    0.76    2.99 ^ _271_/X (sky130_fd_sc_hd__buf_1)
    10    0.08                           _115_ (net)
                  0.97    0.00    2.99 ^ _335_/A (sky130_fd_sc_hd__buf_1)
                  0.91    0.80    3.79 ^ _335_/X (sky130_fd_sc_hd__buf_1)
    10    0.08                           _149_ (net)
                  0.91    0.00    3.79 ^ _338_/S (sky130_fd_sc_hd__mux2_2)
                  0.05    0.43    4.22 v _338_/X (sky130_fd_sc_hd__mux2_2)
     1    0.00                           _151_ (net)
                  0.05    0.00    4.22 v _339_/A (sky130_fd_sc_hd__buf_1)
                  0.02    0.09    4.31 v _339_/X (sky130_fd_sc_hd__buf_1)
     1    0.00                           _042_ (net)
                  0.02    0.00    4.31 v _431_/D (sky130_fd_sc_hd__dfrtp_2)
                                  4.31   data arrival time

                  0.15   10.00   10.00   clock clk (rise edge)
                          0.00   10.00   clock network delay (ideal)
                         -0.25    9.75   clock uncertainty
                          0.00    9.75   clock reconvergence pessimism
                                  9.75 ^ _431_/CLK (sky130_fd_sc_hd__dfrtp_2)
                         -0.08    9.67   library setup time
                                  9.67   data required time
-----------------------------------------------------------------------------
                                  9.67   data required time
                                 -4.31   data arrival time
-----------------------------------------------------------------------------
                                  5.36   slack (MET)


Startpoint: m_req (input port clocked by clk)
Endpoint: _433_ (rising edge-triggered flip-flop clocked by clk)
Path Group: clk
Path Type: max

Fanout     Cap    Slew   Delay    Time   Description
-----------------------------------------------------------------------------
                  0.15    0.00    0.00   clock clk (rise edge)
                          0.00    0.00   clock network delay (ideal)
                          2.00    2.00 v input external delay
                  0.03    0.02    2.02 v m_req (in)
     1    0.01                           m_req (net)
                  0.03    0.00    2.02 v _249_/C_N (sky130_fd_sc_hd__or3b_2)
                  0.05    0.20    2.23 ^ _249_/X (sky130_fd_sc_hd__or3b_2)
     3    0.01                           _104_ (net)
                  0.05    0.00    2.23 ^ _271_/A (sky130_fd_sc_hd__buf_1)
                  0.97    0.76    2.99 ^ _271_/X (sky130_fd_sc_hd__buf_1)
    10    0.08                           _115_ (net)
                  0.97    0.00    2.99 ^ _335_/A (sky130_fd_sc_hd__buf_1)
                  0.91    0.80    3.79 ^ _335_/X (sky130_fd_sc_hd__buf_1)
    10    0.08                           _149_ (net)
                  0.91    0.00    3.79 ^ _342_/S (sky130_fd_sc_hd__mux2_2)
                  0.05    0.43    4.22 v _342_/X (sky130_fd_sc_hd__mux2_2)
     1    0.00                           _153_ (net)
                  0.05    0.00    4.22 v _343_/A (sky130_fd_sc_hd__buf_1)
                  0.02    0.09    4.31 v _343_/X (sky130_fd_sc_hd__buf_1)
     1    0.00                           _044_ (net)
                  0.02    0.00    4.31 v _433_/D (sky130_fd_sc_hd__dfrtp_2)
                                  4.31   data arrival time

                  0.15   10.00   10.00   clock clk (rise edge)
                          0.00   10.00   clock network delay (ideal)
                         -0.25    9.75   clock uncertainty
                          0.00    9.75   clock reconvergence pessimism
                                  9.75 ^ _433_/CLK (sky130_fd_sc_hd__dfrtp_2)
                         -0.08    9.67   library setup time
                                  9.67   data required time
-----------------------------------------------------------------------------
                                  9.67   data required time
                                 -4.31   data arrival time
-----------------------------------------------------------------------------
                                  5.36   slack (MET)


Startpoint: m_req (input port clocked by clk)
Endpoint: _432_ (rising edge-triggered flip-flop clocked by clk)
Path Group: clk
Path Type: max

Fanout     Cap    Slew   Delay    Time   Description
-----------------------------------------------------------------------------
                  0.15    0.00    0.00   clock clk (rise edge)
                          0.00    0.00   clock network delay (ideal)
                          2.00    2.00 v input external delay
                  0.03    0.02    2.02 v m_req (in)
     1    0.01                           m_req (net)
                  0.03    0.00    2.02 v _249_/C_N (sky130_fd_sc_hd__or3b_2)
                  0.05    0.20    2.23 ^ _249_/X (sky130_fd_sc_hd__or3b_2)
     3    0.01                           _104_ (net)
                  0.05    0.00    2.23 ^ _271_/A (sky130_fd_sc_hd__buf_1)
                  0.97    0.76    2.99 ^ _271_/X (sky130_fd_sc_hd__buf_1)
    10    0.08                           _115_ (net)
                  0.97    0.00    2.99 ^ _335_/A (sky130_fd_sc_hd__buf_1)
                  0.91    0.80    3.79 ^ _335_/X (sky130_fd_sc_hd__buf_1)
    10    0.08                           _149_ (net)
                  0.91    0.00    3.79 ^ _340_/S (sky130_fd_sc_hd__mux2_2)
                  0.05    0.43    4.22 v _340_/X (sky130_fd_sc_hd__mux2_2)
     1    0.00                           _152_ (net)
                  0.05    0.00    4.22 v _341_/A (sky130_fd_sc_hd__buf_1)
                  0.02    0.09    4.31 v _341_/X (sky130_fd_sc_hd__buf_1)
     1    0.00                           _043_ (net)
                  0.02    0.00    4.31 v _432_/D (sky130_fd_sc_hd__dfrtp_2)
                                  4.31   data arrival time

                  0.15   10.00   10.00   clock clk (rise edge)
                          0.00   10.00   clock network delay (ideal)
                         -0.25    9.75   clock uncertainty
                          0.00    9.75   clock reconvergence pessimism
                                  9.75 ^ _432_/CLK (sky130_fd_sc_hd__dfrtp_2)
                         -0.08    9.67   library setup time
                                  9.67   data required time
-----------------------------------------------------------------------------
                                  9.67   data required time
                                 -4.31   data arrival time
-----------------------------------------------------------------------------
                                  5.36   slack (MET)


Startpoint: m_req (input port clocked by clk)
Endpoint: _437_ (rising edge-triggered flip-flop clocked by clk)
Path Group: clk
Path Type: max

Fanout     Cap    Slew   Delay    Time   Description
-----------------------------------------------------------------------------
                  0.15    0.00    0.00   clock clk (rise edge)
                          0.00    0.00   clock network delay (ideal)
                          2.00    2.00 v input external delay
                  0.03    0.02    2.02 v m_req (in)
     1    0.01                           m_req (net)
                  0.03    0.00    2.02 v _249_/C_N (sky130_fd_sc_hd__or3b_2)
                  0.05    0.20    2.23 ^ _249_/X (sky130_fd_sc_hd__or3b_2)
     3    0.01                           _104_ (net)
                  0.05    0.00    2.23 ^ _271_/A (sky130_fd_sc_hd__buf_1)
                  0.97    0.76    2.99 ^ _271_/X (sky130_fd_sc_hd__buf_1)
    10    0.08                           _115_ (net)
                  0.97    0.00    2.99 ^ _335_/A (sky130_fd_sc_hd__buf_1)
                  0.91    0.80    3.79 ^ _335_/X (sky130_fd_sc_hd__buf_1)
    10    0.08                           _149_ (net)
                  0.91    0.00    3.79 ^ _350_/S (sky130_fd_sc_hd__mux2_2)
                  0.05    0.43    4.22 v _350_/X (sky130_fd_sc_hd__mux2_2)
     1    0.00                           _157_ (net)
                  0.05    0.00    4.22 v _351_/A (sky130_fd_sc_hd__buf_1)
                  0.02    0.09    4.31 v _351_/X (sky130_fd_sc_hd__buf_1)
     1    0.00                           _048_ (net)
                  0.02    0.00    4.31 v _437_/D (sky130_fd_sc_hd__dfrtp_2)
                                  4.31   data arrival time

                  0.15   10.00   10.00   clock clk (rise edge)
                          0.00   10.00   clock network delay (ideal)
                         -0.25    9.75   clock uncertainty
                          0.00    9.75   clock reconvergence pessimism
                                  9.75 ^ _437_/CLK (sky130_fd_sc_hd__dfrtp_2)
                         -0.08    9.67   library setup time
                                  9.67   data required time
-----------------------------------------------------------------------------
                                  9.67   data required time
                                 -4.31   data arrival time
-----------------------------------------------------------------------------
                                  5.36   slack (MET)


Startpoint: m_req (input port clocked by clk)
Endpoint: _439_ (rising edge-triggered flip-flop clocked by clk)
Path Group: clk
Path Type: max

Fanout     Cap    Slew   Delay    Time   Description
-----------------------------------------------------------------------------
                  0.15    0.00    0.00   clock clk (rise edge)
                          0.00    0.00   clock network delay (ideal)
                          2.00    2.00 v input external delay
                  0.03    0.02    2.02 v m_req (in)
     1    0.01                           m_req (net)
                  0.03    0.00    2.02 v _249_/C_N (sky130_fd_sc_hd__or3b_2)
                  0.05    0.20    2.23 ^ _249_/X (sky130_fd_sc_hd__or3b_2)
     3    0.01                           _104_ (net)
                  0.05    0.00    2.23 ^ _271_/A (sky130_fd_sc_hd__buf_1)
                  0.97    0.76    2.99 ^ _271_/X (sky130_fd_sc_hd__buf_1)
    10    0.08                           _115_ (net)
                  0.97    0.00    2.99 ^ _335_/A (sky130_fd_sc_hd__buf_1)
                  0.91    0.80    3.79 ^ _335_/X (sky130_fd_sc_hd__buf_1)
    10    0.08                           _149_ (net)
                  0.91    0.00    3.79 ^ _354_/S (sky130_fd_sc_hd__mux2_2)
                  0.05    0.43    4.22 v _354_/X (sky130_fd_sc_hd__mux2_2)
     1    0.00                           _159_ (net)
                  0.05    0.00    4.22 v _355_/A (sky130_fd_sc_hd__buf_1)
                  0.02    0.09    4.31 v _355_/X (sky130_fd_sc_hd__buf_1)
     1    0.00                           _050_ (net)
                  0.02    0.00    4.31 v _439_/D (sky130_fd_sc_hd__dfrtp_2)
                                  4.31   data arrival time

                  0.15   10.00   10.00   clock clk (rise edge)
                          0.00   10.00   clock network delay (ideal)
                         -0.25    9.75   clock uncertainty
                          0.00    9.75   clock reconvergence pessimism
                                  9.75 ^ _439_/CLK (sky130_fd_sc_hd__dfrtp_2)
                         -0.08    9.67   library setup time
                                  9.67   data required time
-----------------------------------------------------------------------------
                                  9.67   data required time
                                 -4.31   data arrival time
-----------------------------------------------------------------------------
                                  5.36   slack (MET)


Startpoint: m_req (input port clocked by clk)
Endpoint: _435_ (rising edge-triggered flip-flop clocked by clk)
Path Group: clk
Path Type: max

Fanout     Cap    Slew   Delay    Time   Description
-----------------------------------------------------------------------------
                  0.15    0.00    0.00   clock clk (rise edge)
                          0.00    0.00   clock network delay (ideal)
                          2.00    2.00 v input external delay
                  0.03    0.02    2.02 v m_req (in)
     1    0.01                           m_req (net)
                  0.03    0.00    2.02 v _249_/C_N (sky130_fd_sc_hd__or3b_2)
                  0.05    0.20    2.23 ^ _249_/X (sky130_fd_sc_hd__or3b_2)
     3    0.01                           _104_ (net)
                  0.05    0.00    2.23 ^ _271_/A (sky130_fd_sc_hd__buf_1)
                  0.97    0.76    2.99 ^ _271_/X (sky130_fd_sc_hd__buf_1)
    10    0.08                           _115_ (net)
                  0.97    0.00    2.99 ^ _335_/A (sky130_fd_sc_hd__buf_1)
                  0.91    0.80    3.79 ^ _335_/X (sky130_fd_sc_hd__buf_1)
    10    0.08                           _149_ (net)
                  0.91    0.00    3.79 ^ _346_/S (sky130_fd_sc_hd__mux2_2)
                  0.05    0.43    4.22 v _346_/X (sky130_fd_sc_hd__mux2_2)
     1    0.00                           _155_ (net)
                  0.05    0.00    4.22 v _347_/A (sky130_fd_sc_hd__buf_1)
                  0.02    0.09    4.31 v _347_/X (sky130_fd_sc_hd__buf_1)
     1    0.00                           _046_ (net)
                  0.02    0.00    4.31 v _435_/D (sky130_fd_sc_hd__dfrtp_2)
                                  4.31   data arrival time

                  0.15   10.00   10.00   clock clk (rise edge)
                          0.00   10.00   clock network delay (ideal)
                         -0.25    9.75   clock uncertainty
                          0.00    9.75   clock reconvergence pessimism
                                  9.75 ^ _435_/CLK (sky130_fd_sc_hd__dfrtp_2)
                         -0.08    9.67   library setup time
                                  9.67   data required time
-----------------------------------------------------------------------------
                                  9.67   data required time
                                 -4.31   data arrival time
-----------------------------------------------------------------------------
                                  5.36   slack (MET)


Startpoint: m_req (input port clocked by clk)
Endpoint: _434_ (rising edge-triggered flip-flop clocked by clk)
Path Group: clk
Path Type: max

Fanout     Cap    Slew   Delay    Time   Description
-----------------------------------------------------------------------------
                  0.15    0.00    0.00   clock clk (rise edge)
                          0.00    0.00   clock network delay (ideal)
                          2.00    2.00 v input external delay
                  0.03    0.02    2.02 v m_req (in)
     1    0.01                           m_req (net)
                  0.03    0.00    2.02 v _249_/C_N (sky130_fd_sc_hd__or3b_2)
                  0.05    0.20    2.23 ^ _249_/X (sky130_fd_sc_hd__or3b_2)
     3    0.01                           _104_ (net)
                  0.05    0.00    2.23 ^ _271_/A (sky130_fd_sc_hd__buf_1)
                  0.97    0.76    2.99 ^ _271_/X (sky130_fd_sc_hd__buf_1)
    10    0.08                           _115_ (net)
                  0.97    0.00    2.99 ^ _335_/A (sky130_fd_sc_hd__buf_1)
                  0.91    0.80    3.79 ^ _335_/X (sky130_fd_sc_hd__buf_1)
    10    0.08                           _149_ (net)
                  0.91    0.00    3.79 ^ _344_/S (sky130_fd_sc_hd__mux2_2)
                  0.05    0.43    4.22 v _344_/X (sky130_fd_sc_hd__mux2_2)
     1    0.00                           _154_ (net)
                  0.05    0.00    4.22 v _345_/A (sky130_fd_sc_hd__buf_1)
                  0.02    0.09    4.30 v _345_/X (sky130_fd_sc_hd__buf_1)
     1    0.00                           _045_ (net)
                  0.02    0.00    4.30 v _434_/D (sky130_fd_sc_hd__dfrtp_2)
                                  4.30   data arrival time

                  0.15   10.00   10.00   clock clk (rise edge)
                          0.00   10.00   clock network delay (ideal)
                         -0.25    9.75   clock uncertainty
                          0.00    9.75   clock reconvergence pessimism
                                  9.75 ^ _434_/CLK (sky130_fd_sc_hd__dfrtp_2)
                         -0.08    9.67   library setup time
                                  9.67   data required time
-----------------------------------------------------------------------------
                                  9.67   data required time
                                 -4.30   data arrival time
-----------------------------------------------------------------------------
                                  5.36   slack (MET)


Startpoint: m_req (input port clocked by clk)
Endpoint: _438_ (rising edge-triggered flip-flop clocked by clk)
Path Group: clk
Path Type: max

Fanout     Cap    Slew   Delay    Time   Description
-----------------------------------------------------------------------------
                  0.15    0.00    0.00   clock clk (rise edge)
                          0.00    0.00   clock network delay (ideal)
                          2.00    2.00 v input external delay
                  0.03    0.02    2.02 v m_req (in)
     1    0.01                           m_req (net)
                  0.03    0.00    2.02 v _249_/C_N (sky130_fd_sc_hd__or3b_2)
                  0.05    0.20    2.23 ^ _249_/X (sky130_fd_sc_hd__or3b_2)
     3    0.01                           _104_ (net)
                  0.05    0.00    2.23 ^ _271_/A (sky130_fd_sc_hd__buf_1)
                  0.97    0.76    2.99 ^ _271_/X (sky130_fd_sc_hd__buf_1)
    10    0.08                           _115_ (net)
                  0.97    0.00    2.99 ^ _335_/A (sky130_fd_sc_hd__buf_1)
                  0.91    0.80    3.79 ^ _335_/X (sky130_fd_sc_hd__buf_1)
    10    0.08                           _149_ (net)
                  0.91    0.00    3.79 ^ _352_/S (sky130_fd_sc_hd__mux2_2)
                  0.05    0.43    4.22 v _352_/X (sky130_fd_sc_hd__mux2_2)
     1    0.00                           _158_ (net)
                  0.05    0.00    4.22 v _353_/A (sky130_fd_sc_hd__buf_1)
                  0.02    0.09    4.30 v _353_/X (sky130_fd_sc_hd__buf_1)
     1    0.00                           _049_ (net)
                  0.02    0.00    4.30 v _438_/D (sky130_fd_sc_hd__dfrtp_2)
                                  4.30   data arrival time

                  0.15   10.00   10.00   clock clk (rise edge)
                          0.00   10.00   clock network delay (ideal)
                         -0.25    9.75   clock uncertainty
                          0.00    9.75   clock reconvergence pessimism
                                  9.75 ^ _438_/CLK (sky130_fd_sc_hd__dfrtp_2)
                         -0.08    9.67   library setup time
                                  9.67   data required time
-----------------------------------------------------------------------------
                                  9.67   data required time
                                 -4.30   data arrival time
-----------------------------------------------------------------------------
                                  5.36   slack (MET)


Startpoint: m_req (input port clocked by clk)
Endpoint: _429_ (rising edge-triggered flip-flop clocked by clk)
Path Group: clk
Path Type: max

Fanout     Cap    Slew   Delay    Time   Description
-----------------------------------------------------------------------------
                  0.15    0.00    0.00   clock clk (rise edge)
                          0.00    0.00   clock network delay (ideal)
                          2.00    2.00 v input external delay
                  0.03    0.02    2.02 v m_req (in)
     1    0.01                           m_req (net)
                  0.03    0.00    2.02 v _249_/C_N (sky130_fd_sc_hd__or3b_2)
                  0.05    0.20    2.23 ^ _249_/X (sky130_fd_sc_hd__or3b_2)
     3    0.01                           _104_ (net)
                  0.05    0.00    2.23 ^ _271_/A (sky130_fd_sc_hd__buf_1)
                  0.97    0.76    2.99 ^ _271_/X (sky130_fd_sc_hd__buf_1)
    10    0.08                           _115_ (net)
                  0.97    0.00    2.99 ^ _314_/A (sky130_fd_sc_hd__buf_1)
                  0.79    0.71    3.70 ^ _314_/X (sky130_fd_sc_hd__buf_1)
    10    0.07                           _138_ (net)
                  0.79    0.00    3.70 ^ _333_/S (sky130_fd_sc_hd__mux2_2)
                  0.05    0.42    4.12 v _333_/X (sky130_fd_sc_hd__mux2_2)
     1    0.00                           _148_ (net)
                  0.05    0.00    4.12 v _334_/A (sky130_fd_sc_hd__buf_1)
                  0.02    0.09    4.21 v _334_/X (sky130_fd_sc_hd__buf_1)
     1    0.00                           _040_ (net)
                  0.02    0.00    4.21 v _429_/D (sky130_fd_sc_hd__dfrtp_2)
                                  4.21   data arrival time

                  0.15   10.00   10.00   clock clk (rise edge)
                          0.00   10.00   clock network delay (ideal)
                         -0.25    9.75   clock uncertainty
                          0.00    9.75   clock reconvergence pessimism
                                  9.75 ^ _429_/CLK (sky130_fd_sc_hd__dfrtp_2)
                         -0.08    9.67   library setup time
                                  9.67   data required time
-----------------------------------------------------------------------------
                                  9.67   data required time
                                 -4.21   data arrival time
-----------------------------------------------------------------------------
                                  5.46   slack (MET)


Startpoint: m_req (input port clocked by clk)
Endpoint: _427_ (rising edge-triggered flip-flop clocked by clk)
Path Group: clk
Path Type: max

Fanout     Cap    Slew   Delay    Time   Description
-----------------------------------------------------------------------------
                  0.15    0.00    0.00   clock clk (rise edge)
                          0.00    0.00   clock network delay (ideal)
                          2.00    2.00 v input external delay
                  0.03    0.02    2.02 v m_req (in)
     1    0.01                           m_req (net)
                  0.03    0.00    2.02 v _249_/C_N (sky130_fd_sc_hd__or3b_2)
                  0.05    0.20    2.23 ^ _249_/X (sky130_fd_sc_hd__or3b_2)
     3    0.01                           _104_ (net)
                  0.05    0.00    2.23 ^ _271_/A (sky130_fd_sc_hd__buf_1)
                  0.97    0.76    2.99 ^ _271_/X (sky130_fd_sc_hd__buf_1)
    10    0.08                           _115_ (net)
                  0.97    0.00    2.99 ^ _314_/A (sky130_fd_sc_hd__buf_1)
                  0.79    0.71    3.70 ^ _314_/X (sky130_fd_sc_hd__buf_1)
    10    0.07                           _138_ (net)
                  0.79    0.00    3.70 ^ _329_/S (sky130_fd_sc_hd__mux2_2)
                  0.05    0.42    4.12 v _329_/X (sky130_fd_sc_hd__mux2_2)
     1    0.00                           _146_ (net)
                  0.05    0.00    4.12 v _330_/A (sky130_fd_sc_hd__buf_1)
                  0.02    0.09    4.21 v _330_/X (sky130_fd_sc_hd__buf_1)
     1    0.00                           _038_ (net)
                  0.02    0.00    4.21 v _427_/D (sky130_fd_sc_hd__dfrtp_2)
                                  4.21   data arrival time

                  0.15   10.00   10.00   clock clk (rise edge)
                          0.00   10.00   clock network delay (ideal)
                         -0.25    9.75   clock uncertainty
                          0.00    9.75   clock reconvergence pessimism
                                  9.75 ^ _427_/CLK (sky130_fd_sc_hd__dfrtp_2)
                         -0.08    9.67   library setup time
                                  9.67   data required time
-----------------------------------------------------------------------------
                                  9.67   data required time
                                 -4.21   data arrival time
-----------------------------------------------------------------------------
                                  5.46   slack (MET)


Startpoint: m_req (input port clocked by clk)
Endpoint: _425_ (rising edge-triggered flip-flop clocked by clk)
Path Group: clk
Path Type: max

Fanout     Cap    Slew   Delay    Time   Description
-----------------------------------------------------------------------------
                  0.15    0.00    0.00   clock clk (rise edge)
                          0.00    0.00   clock network delay (ideal)
                          2.00    2.00 v input external delay
                  0.03    0.02    2.02 v m_req (in)
     1    0.01                           m_req (net)
                  0.03    0.00    2.02 v _249_/C_N (sky130_fd_sc_hd__or3b_2)
                  0.05    0.20    2.23 ^ _249_/X (sky130_fd_sc_hd__or3b_2)
     3    0.01                           _104_ (net)
                  0.05    0.00    2.23 ^ _271_/A (sky130_fd_sc_hd__buf_1)
                  0.97    0.76    2.99 ^ _271_/X (sky130_fd_sc_hd__buf_1)
    10    0.08                           _115_ (net)
                  0.97    0.00    2.99 ^ _314_/A (sky130_fd_sc_hd__buf_1)
                  0.79    0.71    3.70 ^ _314_/X (sky130_fd_sc_hd__buf_1)
    10    0.07                           _138_ (net)
                  0.79    0.00    3.70 ^ _325_/S (sky130_fd_sc_hd__mux2_2)
                  0.05    0.42    4.12 v _325_/X (sky130_fd_sc_hd__mux2_2)
     1    0.00                           _144_ (net)
                  0.05    0.00    4.12 v _326_/A (sky130_fd_sc_hd__buf_1)
                  0.02    0.09    4.21 v _326_/X (sky130_fd_sc_hd__buf_1)
     1    0.00                           _036_ (net)
                  0.02    0.00    4.21 v _425_/D (sky130_fd_sc_hd__dfrtp_2)
                                  4.21   data arrival time

                  0.15   10.00   10.00   clock clk (rise edge)
                          0.00   10.00   clock network delay (ideal)
                         -0.25    9.75   clock uncertainty
                          0.00    9.75   clock reconvergence pessimism
                                  9.75 ^ _425_/CLK (sky130_fd_sc_hd__dfrtp_2)
                         -0.08    9.67   library setup time
                                  9.67   data required time
-----------------------------------------------------------------------------
                                  9.67   data required time
                                 -4.21   data arrival time
-----------------------------------------------------------------------------
                                  5.46   slack (MET)


Startpoint: m_req (input port clocked by clk)
Endpoint: _426_ (rising edge-triggered flip-flop clocked by clk)
Path Group: clk
Path Type: max

Fanout     Cap    Slew   Delay    Time   Description
-----------------------------------------------------------------------------
                  0.15    0.00    0.00   clock clk (rise edge)
                          0.00    0.00   clock network delay (ideal)
                          2.00    2.00 v input external delay
                  0.03    0.02    2.02 v m_req (in)
     1    0.01                           m_req (net)
                  0.03    0.00    2.02 v _249_/C_N (sky130_fd_sc_hd__or3b_2)
                  0.05    0.20    2.23 ^ _249_/X (sky130_fd_sc_hd__or3b_2)
     3    0.01                           _104_ (net)
                  0.05    0.00    2.23 ^ _271_/A (sky130_fd_sc_hd__buf_1)
                  0.97    0.76    2.99 ^ _271_/X (sky130_fd_sc_hd__buf_1)
    10    0.08                           _115_ (net)
                  0.97    0.00    2.99 ^ _314_/A (sky130_fd_sc_hd__buf_1)
                  0.79    0.71    3.70 ^ _314_/X (sky130_fd_sc_hd__buf_1)
    10    0.07                           _138_ (net)
                  0.79    0.00    3.70 ^ _327_/S (sky130_fd_sc_hd__mux2_2)
                  0.05    0.42    4.12 v _327_/X (sky130_fd_sc_hd__mux2_2)
     1    0.00                           _145_ (net)
                  0.05    0.00    4.12 v _328_/A (sky130_fd_sc_hd__buf_1)
                  0.02    0.09    4.21 v _328_/X (sky130_fd_sc_hd__buf_1)
     1    0.00                           _037_ (net)
                  0.02    0.00    4.21 v _426_/D (sky130_fd_sc_hd__dfrtp_2)
                                  4.21   data arrival time

                  0.15   10.00   10.00   clock clk (rise edge)
                          0.00   10.00   clock network delay (ideal)
                         -0.25    9.75   clock uncertainty
                          0.00    9.75   clock reconvergence pessimism
                                  9.75 ^ _426_/CLK (sky130_fd_sc_hd__dfrtp_2)
                         -0.08    9.67   library setup time
                                  9.67   data required time
-----------------------------------------------------------------------------
                                  9.67   data required time
                                 -4.21   data arrival time
-----------------------------------------------------------------------------
                                  5.46   slack (MET)


Startpoint: m_req (input port clocked by clk)
Endpoint: _422_ (rising edge-triggered flip-flop clocked by clk)
Path Group: clk
Path Type: max

Fanout     Cap    Slew   Delay    Time   Description
-----------------------------------------------------------------------------
                  0.15    0.00    0.00   clock clk (rise edge)
                          0.00    0.00   clock network delay (ideal)
                          2.00    2.00 v input external delay
                  0.03    0.02    2.02 v m_req (in)
     1    0.01                           m_req (net)
                  0.03    0.00    2.02 v _249_/C_N (sky130_fd_sc_hd__or3b_2)
                  0.05    0.20    2.23 ^ _249_/X (sky130_fd_sc_hd__or3b_2)
     3    0.01                           _104_ (net)
                  0.05    0.00    2.23 ^ _271_/A (sky130_fd_sc_hd__buf_1)
                  0.97    0.76    2.99 ^ _271_/X (sky130_fd_sc_hd__buf_1)
    10    0.08                           _115_ (net)
                  0.97    0.00    2.99 ^ _314_/A (sky130_fd_sc_hd__buf_1)
                  0.79    0.71    3.70 ^ _314_/X (sky130_fd_sc_hd__buf_1)
    10    0.07                           _138_ (net)
                  0.79    0.00    3.70 ^ _319_/S (sky130_fd_sc_hd__mux2_2)
                  0.05    0.42    4.12 v _319_/X (sky130_fd_sc_hd__mux2_2)
     1    0.00                           _141_ (net)
                  0.05    0.00    4.12 v _320_/A (sky130_fd_sc_hd__buf_1)
                  0.02    0.09    4.21 v _320_/X (sky130_fd_sc_hd__buf_1)
     1    0.00                           _033_ (net)
                  0.02    0.00    4.21 v _422_/D (sky130_fd_sc_hd__dfrtp_2)
                                  4.21   data arrival time

                  0.15   10.00   10.00   clock clk (rise edge)
                          0.00   10.00   clock network delay (ideal)
                         -0.25    9.75   clock uncertainty
                          0.00    9.75   clock reconvergence pessimism
                                  9.75 ^ _422_/CLK (sky130_fd_sc_hd__dfrtp_2)
                         -0.08    9.67   library setup time
                                  9.67   data required time
-----------------------------------------------------------------------------
                                  9.67   data required time
                                 -4.21   data arrival time
-----------------------------------------------------------------------------
                                  5.46   slack (MET)


Startpoint: m_req (input port clocked by clk)
Endpoint: _428_ (rising edge-triggered flip-flop clocked by clk)
Path Group: clk
Path Type: max

Fanout     Cap    Slew   Delay    Time   Description
-----------------------------------------------------------------------------
                  0.15    0.00    0.00   clock clk (rise edge)
                          0.00    0.00   clock network delay (ideal)
                          2.00    2.00 v input external delay
                  0.03    0.02    2.02 v m_req (in)
     1    0.01                           m_req (net)
                  0.03    0.00    2.02 v _249_/C_N (sky130_fd_sc_hd__or3b_2)
                  0.05    0.20    2.23 ^ _249_/X (sky130_fd_sc_hd__or3b_2)
     3    0.01                           _104_ (net)
                  0.05    0.00    2.23 ^ _271_/A (sky130_fd_sc_hd__buf_1)
                  0.97    0.76    2.99 ^ _271_/X (sky130_fd_sc_hd__buf_1)
    10    0.08                           _115_ (net)
                  0.97    0.00    2.99 ^ _314_/A (sky130_fd_sc_hd__buf_1)
                  0.79    0.71    3.70 ^ _314_/X (sky130_fd_sc_hd__buf_1)
    10    0.07                           _138_ (net)
                  0.79    0.00    3.70 ^ _331_/S (sky130_fd_sc_hd__mux2_2)
                  0.05    0.42    4.12 v _331_/X (sky130_fd_sc_hd__mux2_2)
     1    0.00                           _147_ (net)
                  0.05    0.00    4.12 v _332_/A (sky130_fd_sc_hd__buf_1)
                  0.02    0.09    4.21 v _332_/X (sky130_fd_sc_hd__buf_1)
     1    0.00                           _039_ (net)
                  0.02    0.00    4.21 v _428_/D (sky130_fd_sc_hd__dfrtp_2)
                                  4.21   data arrival time

                  0.15   10.00   10.00   clock clk (rise edge)
                          0.00   10.00   clock network delay (ideal)
                         -0.25    9.75   clock uncertainty
                          0.00    9.75   clock reconvergence pessimism
                                  9.75 ^ _428_/CLK (sky130_fd_sc_hd__dfrtp_2)
                         -0.08    9.67   library setup time
                                  9.67   data required time
-----------------------------------------------------------------------------
                                  9.67   data required time
                                 -4.21   data arrival time
-----------------------------------------------------------------------------
                                  5.46   slack (MET)


Startpoint: m_req (input port clocked by clk)
Endpoint: _421_ (rising edge-triggered flip-flop clocked by clk)
Path Group: clk
Path Type: max

Fanout     Cap    Slew   Delay    Time   Description
-----------------------------------------------------------------------------
                  0.15    0.00    0.00   clock clk (rise edge)
                          0.00    0.00   clock network delay (ideal)
                          2.00    2.00 v input external delay
                  0.03    0.02    2.02 v m_req (in)
     1    0.01                           m_req (net)
                  0.03    0.00    2.02 v _249_/C_N (sky130_fd_sc_hd__or3b_2)
                  0.05    0.20    2.23 ^ _249_/X (sky130_fd_sc_hd__or3b_2)
     3    0.01                           _104_ (net)
                  0.05    0.00    2.23 ^ _271_/A (sky130_fd_sc_hd__buf_1)
                  0.97    0.76    2.99 ^ _271_/X (sky130_fd_sc_hd__buf_1)
    10    0.08                           _115_ (net)
                  0.97    0.00    2.99 ^ _314_/A (sky130_fd_sc_hd__buf_1)
                  0.79    0.71    3.70 ^ _314_/X (sky130_fd_sc_hd__buf_1)
    10    0.07                           _138_ (net)
                  0.79    0.00    3.70 ^ _317_/S (sky130_fd_sc_hd__mux2_2)
                  0.05    0.42    4.12 v _317_/X (sky130_fd_sc_hd__mux2_2)
     1    0.00                           _140_ (net)
                  0.05    0.00    4.12 v _318_/A (sky130_fd_sc_hd__buf_1)
                  0.02    0.09    4.21 v _318_/X (sky130_fd_sc_hd__buf_1)
     1    0.00                           _032_ (net)
                  0.02    0.00    4.21 v _421_/D (sky130_fd_sc_hd__dfrtp_2)
                                  4.21   data arrival time

                  0.15   10.00   10.00   clock clk (rise edge)
                          0.00   10.00   clock network delay (ideal)
                         -0.25    9.75   clock uncertainty
                          0.00    9.75   clock reconvergence pessimism
                                  9.75 ^ _421_/CLK (sky130_fd_sc_hd__dfrtp_2)
                         -0.08    9.67   library setup time
                                  9.67   data required time
-----------------------------------------------------------------------------
                                  9.67   data required time
                                 -4.21   data arrival time
-----------------------------------------------------------------------------
                                  5.46   slack (MET)


Startpoint: m_req (input port clocked by clk)
Endpoint: _423_ (rising edge-triggered flip-flop clocked by clk)
Path Group: clk
Path Type: max

Fanout     Cap    Slew   Delay    Time   Description
-----------------------------------------------------------------------------
                  0.15    0.00    0.00   clock clk (rise edge)
                          0.00    0.00   clock network delay (ideal)
                          2.00    2.00 v input external delay
                  0.03    0.02    2.02 v m_req (in)
     1    0.01                           m_req (net)
                  0.03    0.00    2.02 v _249_/C_N (sky130_fd_sc_hd__or3b_2)
                  0.05    0.20    2.23 ^ _249_/X (sky130_fd_sc_hd__or3b_2)
     3    0.01                           _104_ (net)
                  0.05    0.00    2.23 ^ _271_/A (sky130_fd_sc_hd__buf_1)
                  0.97    0.76    2.99 ^ _271_/X (sky130_fd_sc_hd__buf_1)
    10    0.08                           _115_ (net)
                  0.97    0.00    2.99 ^ _314_/A (sky130_fd_sc_hd__buf_1)
                  0.79    0.71    3.70 ^ _314_/X (sky130_fd_sc_hd__buf_1)
    10    0.07                           _138_ (net)
                  0.79    0.00    3.70 ^ _321_/S (sky130_fd_sc_hd__mux2_2)
                  0.05    0.42    4.12 v _321_/X (sky130_fd_sc_hd__mux2_2)
     1    0.00                           _142_ (net)
                  0.05    0.00    4.12 v _322_/A (sky130_fd_sc_hd__buf_1)
                  0.02    0.09    4.21 v _322_/X (sky130_fd_sc_hd__buf_1)
     1    0.00                           _034_ (net)
                  0.02    0.00    4.21 v _423_/D (sky130_fd_sc_hd__dfrtp_2)
                                  4.21   data arrival time

                  0.15   10.00   10.00   clock clk (rise edge)
                          0.00   10.00   clock network delay (ideal)
                         -0.25    9.75   clock uncertainty
                          0.00    9.75   clock reconvergence pessimism
                                  9.75 ^ _423_/CLK (sky130_fd_sc_hd__dfrtp_2)
                         -0.08    9.67   library setup time
                                  9.67   data required time
-----------------------------------------------------------------------------
                                  9.67   data required time
                                 -4.21   data arrival time
-----------------------------------------------------------------------------
                                  5.46   slack (MET)


Startpoint: m_req (input port clocked by clk)
Endpoint: _424_ (rising edge-triggered flip-flop clocked by clk)
Path Group: clk
Path Type: max

Fanout     Cap    Slew   Delay    Time   Description
-----------------------------------------------------------------------------
                  0.15    0.00    0.00   clock clk (rise edge)
                          0.00    0.00   clock network delay (ideal)
                          2.00    2.00 v input external delay
                  0.03    0.02    2.02 v m_req (in)
     1    0.01                           m_req (net)
                  0.03    0.00    2.02 v _249_/C_N (sky130_fd_sc_hd__or3b_2)
                  0.05    0.20    2.23 ^ _249_/X (sky130_fd_sc_hd__or3b_2)
     3    0.01                           _104_ (net)
                  0.05    0.00    2.23 ^ _271_/A (sky130_fd_sc_hd__buf_1)
                  0.97    0.76    2.99 ^ _271_/X (sky130_fd_sc_hd__buf_1)
    10    0.08                           _115_ (net)
                  0.97    0.00    2.99 ^ _314_/A (sky130_fd_sc_hd__buf_1)
                  0.79    0.71    3.70 ^ _314_/X (sky130_fd_sc_hd__buf_1)
    10    0.07                           _138_ (net)
                  0.79    0.00    3.70 ^ _323_/S (sky130_fd_sc_hd__mux2_2)
                  0.05    0.42    4.12 v _323_/X (sky130_fd_sc_hd__mux2_2)
     1    0.00                           _143_ (net)
                  0.05    0.00    4.12 v _324_/A (sky130_fd_sc_hd__buf_1)
                  0.02    0.09    4.21 v _324_/X (sky130_fd_sc_hd__buf_1)
     1    0.00                           _035_ (net)
                  0.02    0.00    4.21 v _424_/D (sky130_fd_sc_hd__dfrtp_2)
                                  4.21   data arrival time

                  0.15   10.00   10.00   clock clk (rise edge)
                          0.00   10.00   clock network delay (ideal)
                         -0.25    9.75   clock uncertainty
                          0.00    9.75   clock reconvergence pessimism
                                  9.75 ^ _424_/CLK (sky130_fd_sc_hd__dfrtp_2)
                         -0.08    9.67   library setup time
                                  9.67   data required time
-----------------------------------------------------------------------------
                                  9.67   data required time
                                 -4.21   data arrival time
-----------------------------------------------------------------------------
                                  5.46   slack (MET)


Startpoint: m_req (input port clocked by clk)
Endpoint: _420_ (rising edge-triggered flip-flop clocked by clk)
Path Group: clk
Path Type: max

Fanout     Cap    Slew   Delay    Time   Description
-----------------------------------------------------------------------------
                  0.15    0.00    0.00   clock clk (rise edge)
                          0.00    0.00   clock network delay (ideal)
                          2.00    2.00 v input external delay
                  0.03    0.02    2.02 v m_req (in)
     1    0.01                           m_req (net)
                  0.03    0.00    2.02 v _249_/C_N (sky130_fd_sc_hd__or3b_2)
                  0.05    0.20    2.23 ^ _249_/X (sky130_fd_sc_hd__or3b_2)
     3    0.01                           _104_ (net)
                  0.05    0.00    2.23 ^ _271_/A (sky130_fd_sc_hd__buf_1)
                  0.97    0.76    2.99 ^ _271_/X (sky130_fd_sc_hd__buf_1)
    10    0.08                           _115_ (net)
                  0.97    0.00    2.99 ^ _314_/A (sky130_fd_sc_hd__buf_1)
                  0.79    0.71    3.70 ^ _314_/X (sky130_fd_sc_hd__buf_1)
    10    0.07                           _138_ (net)
                  0.79    0.00    3.70 ^ _315_/S (sky130_fd_sc_hd__mux2_2)
                  0.05    0.42    4.12 v _315_/X (sky130_fd_sc_hd__mux2_2)
     1    0.00                           _139_ (net)
                  0.05    0.00    4.12 v _316_/A (sky130_fd_sc_hd__buf_1)
                  0.02    0.09    4.21 v _316_/X (sky130_fd_sc_hd__buf_1)
     1    0.00                           _031_ (net)
                  0.02    0.00    4.21 v _420_/D (sky130_fd_sc_hd__dfrtp_2)
                                  4.21   data arrival time

                  0.15   10.00   10.00   clock clk (rise edge)
                          0.00   10.00   clock network delay (ideal)
                         -0.25    9.75   clock uncertainty
                          0.00    9.75   clock reconvergence pessimism
                                  9.75 ^ _420_/CLK (sky130_fd_sc_hd__dfrtp_2)
                         -0.08    9.67   library setup time
                                  9.67   data required time
-----------------------------------------------------------------------------
                                  9.67   data required time
                                 -4.21   data arrival time
-----------------------------------------------------------------------------
                                  5.46   slack (MET)


Startpoint: m_req (input port clocked by clk)
Endpoint: _414_ (rising edge-triggered flip-flop clocked by clk)
Path Group: clk
Path Type: max

Fanout     Cap    Slew   Delay    Time   Description
-----------------------------------------------------------------------------
                  0.15    0.00    0.00   clock clk (rise edge)
                          0.00    0.00   clock network delay (ideal)
                          2.00    2.00 v input external delay
                  0.03    0.02    2.02 v m_req (in)
     1    0.01                           m_req (net)
                  0.03    0.00    2.02 v _249_/C_N (sky130_fd_sc_hd__or3b_2)
                  0.05    0.20    2.23 ^ _249_/X (sky130_fd_sc_hd__or3b_2)
     3    0.01                           _104_ (net)
                  0.05    0.00    2.23 ^ _271_/A (sky130_fd_sc_hd__buf_1)
                  0.97    0.76    2.99 ^ _271_/X (sky130_fd_sc_hd__buf_1)
    10    0.08                           _115_ (net)
                  0.97    0.00    2.99 ^ _293_/A (sky130_fd_sc_hd__buf_1)
                  0.70    0.64    3.63 ^ _293_/X (sky130_fd_sc_hd__buf_1)
    10    0.06                           _127_ (net)
                  0.70    0.00    3.63 ^ _302_/S (sky130_fd_sc_hd__mux2_2)
                  0.05    0.42    4.06 v _302_/X (sky130_fd_sc_hd__mux2_2)
     1    0.00                           _132_ (net)
                  0.05    0.00    4.06 v _303_/A (sky130_fd_sc_hd__buf_1)
                  0.02    0.09    4.14 v _303_/X (sky130_fd_sc_hd__buf_1)
     1    0.00                           _025_ (net)
                  0.02    0.00    4.14 v _414_/D (sky130_fd_sc_hd__dfrtp_2)
                                  4.14   data arrival time

                  0.15   10.00   10.00   clock clk (rise edge)
                          0.00   10.00   clock network delay (ideal)
                         -0.25    9.75   clock uncertainty
                          0.00    9.75   clock reconvergence pessimism
                                  9.75 ^ _414_/CLK (sky130_fd_sc_hd__dfrtp_2)
                         -0.08    9.67   library setup time
                                  9.67   data required time
-----------------------------------------------------------------------------
                                  9.67   data required time
                                 -4.14   data arrival time
-----------------------------------------------------------------------------
                                  5.52   slack (MET)


Startpoint: m_req (input port clocked by clk)
Endpoint: _417_ (rising edge-triggered flip-flop clocked by clk)
Path Group: clk
Path Type: max

Fanout     Cap    Slew   Delay    Time   Description
-----------------------------------------------------------------------------
                  0.15    0.00    0.00   clock clk (rise edge)
                          0.00    0.00   clock network delay (ideal)
                          2.00    2.00 v input external delay
                  0.03    0.02    2.02 v m_req (in)
     1    0.01                           m_req (net)
                  0.03    0.00    2.02 v _249_/C_N (sky130_fd_sc_hd__or3b_2)
                  0.05    0.20    2.23 ^ _249_/X (sky130_fd_sc_hd__or3b_2)
     3    0.01                           _104_ (net)
                  0.05    0.00    2.23 ^ _271_/A (sky130_fd_sc_hd__buf_1)
                  0.97    0.76    2.99 ^ _271_/X (sky130_fd_sc_hd__buf_1)
    10    0.08                           _115_ (net)
                  0.97    0.00    2.99 ^ _293_/A (sky130_fd_sc_hd__buf_1)
                  0.70    0.64    3.63 ^ _293_/X (sky130_fd_sc_hd__buf_1)
    10    0.06                           _127_ (net)
                  0.70    0.00    3.63 ^ _308_/S (sky130_fd_sc_hd__mux2_2)
                  0.05    0.42    4.06 v _308_/X (sky130_fd_sc_hd__mux2_2)
     1    0.00                           _135_ (net)
                  0.05    0.00    4.06 v _309_/A (sky130_fd_sc_hd__buf_1)
                  0.02    0.09    4.14 v _309_/X (sky130_fd_sc_hd__buf_1)
     1    0.00                           _028_ (net)
                  0.02    0.00    4.14 v _417_/D (sky130_fd_sc_hd__dfrtp_2)
                                  4.14   data arrival time

                  0.15   10.00   10.00   clock clk (rise edge)
                          0.00   10.00   clock network delay (ideal)
                         -0.25    9.75   clock uncertainty
                          0.00    9.75   clock reconvergence pessimism
                                  9.75 ^ _417_/CLK (sky130_fd_sc_hd__dfrtp_2)
                         -0.08    9.67   library setup time
                                  9.67   data required time
-----------------------------------------------------------------------------
                                  9.67   data required time
                                 -4.14   data arrival time
-----------------------------------------------------------------------------
                                  5.52   slack (MET)


Startpoint: m_req (input port clocked by clk)
Endpoint: _419_ (rising edge-triggered flip-flop clocked by clk)
Path Group: clk
Path Type: max

Fanout     Cap    Slew   Delay    Time   Description
-----------------------------------------------------------------------------
                  0.15    0.00    0.00   clock clk (rise edge)
                          0.00    0.00   clock network delay (ideal)
                          2.00    2.00 v input external delay
                  0.03    0.02    2.02 v m_req (in)
     1    0.01                           m_req (net)
                  0.03    0.00    2.02 v _249_/C_N (sky130_fd_sc_hd__or3b_2)
                  0.05    0.20    2.23 ^ _249_/X (sky130_fd_sc_hd__or3b_2)
     3    0.01                           _104_ (net)
                  0.05    0.00    2.23 ^ _271_/A (sky130_fd_sc_hd__buf_1)
                  0.97    0.76    2.99 ^ _271_/X (sky130_fd_sc_hd__buf_1)
    10    0.08                           _115_ (net)
                  0.97    0.00    2.99 ^ _293_/A (sky130_fd_sc_hd__buf_1)
                  0.70    0.64    3.63 ^ _293_/X (sky130_fd_sc_hd__buf_1)
    10    0.06                           _127_ (net)
                  0.70    0.00    3.63 ^ _312_/S (sky130_fd_sc_hd__mux2_2)
                  0.05    0.42    4.06 v _312_/X (sky130_fd_sc_hd__mux2_2)
     1    0.00                           _137_ (net)
                  0.05    0.00    4.06 v _313_/A (sky130_fd_sc_hd__buf_1)
                  0.02    0.09    4.14 v _313_/X (sky130_fd_sc_hd__buf_1)
     1    0.00                           _030_ (net)
                  0.02    0.00    4.14 v _419_/D (sky130_fd_sc_hd__dfrtp_2)
                                  4.14   data arrival time

                  0.15   10.00   10.00   clock clk (rise edge)
                          0.00   10.00   clock network delay (ideal)
                         -0.25    9.75   clock uncertainty
                          0.00    9.75   clock reconvergence pessimism
                                  9.75 ^ _419_/CLK (sky130_fd_sc_hd__dfrtp_2)
                         -0.08    9.67   library setup time
                                  9.67   data required time
-----------------------------------------------------------------------------
                                  9.67   data required time
                                 -4.14   data arrival time
-----------------------------------------------------------------------------
                                  5.52   slack (MET)


Startpoint: m_req (input port clocked by clk)
Endpoint: _413_ (rising edge-triggered flip-flop clocked by clk)
Path Group: clk
Path Type: max

Fanout     Cap    Slew   Delay    Time   Description
-----------------------------------------------------------------------------
                  0.15    0.00    0.00   clock clk (rise edge)
                          0.00    0.00   clock network delay (ideal)
                          2.00    2.00 v input external delay
                  0.03    0.02    2.02 v m_req (in)
     1    0.01                           m_req (net)
                  0.03    0.00    2.02 v _249_/C_N (sky130_fd_sc_hd__or3b_2)
                  0.05    0.20    2.23 ^ _249_/X (sky130_fd_sc_hd__or3b_2)
     3    0.01                           _104_ (net)
                  0.05    0.00    2.23 ^ _271_/A (sky130_fd_sc_hd__buf_1)
                  0.97    0.76    2.99 ^ _271_/X (sky130_fd_sc_hd__buf_1)
    10    0.08                           _115_ (net)
                  0.97    0.00    2.99 ^ _293_/A (sky130_fd_sc_hd__buf_1)
                  0.70    0.64    3.63 ^ _293_/X (sky130_fd_sc_hd__buf_1)
    10    0.06                           _127_ (net)
                  0.70    0.00    3.63 ^ _300_/S (sky130_fd_sc_hd__mux2_2)
                  0.05    0.42    4.06 v _300_/X (sky130_fd_sc_hd__mux2_2)
     1    0.00                           _131_ (net)
                  0.05    0.00    4.06 v _301_/A (sky130_fd_sc_hd__buf_1)
                  0.02    0.09    4.14 v _301_/X (sky130_fd_sc_hd__buf_1)
     1    0.00                           _024_ (net)
                  0.02    0.00    4.14 v _413_/D (sky130_fd_sc_hd__dfrtp_2)
                                  4.14   data arrival time

                  0.15   10.00   10.00   clock clk (rise edge)
                          0.00   10.00   clock network delay (ideal)
                         -0.25    9.75   clock uncertainty
                          0.00    9.75   clock reconvergence pessimism
                                  9.75 ^ _413_/CLK (sky130_fd_sc_hd__dfrtp_2)
                         -0.08    9.67   library setup time
                                  9.67   data required time
-----------------------------------------------------------------------------
                                  9.67   data required time
                                 -4.14   data arrival time
-----------------------------------------------------------------------------
                                  5.52   slack (MET)


Startpoint: m_req (input port clocked by clk)
Endpoint: _410_ (rising edge-triggered flip-flop clocked by clk)
Path Group: clk
Path Type: max

Fanout     Cap    Slew   Delay    Time   Description
-----------------------------------------------------------------------------
                  0.15    0.00    0.00   clock clk (rise edge)
                          0.00    0.00   clock network delay (ideal)
                          2.00    2.00 v input external delay
                  0.03    0.02    2.02 v m_req (in)
     1    0.01                           m_req (net)
                  0.03    0.00    2.02 v _249_/C_N (sky130_fd_sc_hd__or3b_2)
                  0.05    0.20    2.23 ^ _249_/X (sky130_fd_sc_hd__or3b_2)
     3    0.01                           _104_ (net)
                  0.05    0.00    2.23 ^ _271_/A (sky130_fd_sc_hd__buf_1)
                  0.97    0.76    2.99 ^ _271_/X (sky130_fd_sc_hd__buf_1)
    10    0.08                           _115_ (net)
                  0.97    0.00    2.99 ^ _293_/A (sky130_fd_sc_hd__buf_1)
                  0.70    0.64    3.63 ^ _293_/X (sky130_fd_sc_hd__buf_1)
    10    0.06                           _127_ (net)
                  0.70    0.00    3.63 ^ _294_/S (sky130_fd_sc_hd__mux2_2)
                  0.05    0.42    4.05 v _294_/X (sky130_fd_sc_hd__mux2_2)
     1    0.00                           _128_ (net)
                  0.05    0.00    4.05 v _295_/A (sky130_fd_sc_hd__buf_1)
                  0.02    0.09    4.14 v _295_/X (sky130_fd_sc_hd__buf_1)
     1    0.00                           _021_ (net)
                  0.02    0.00    4.14 v _410_/D (sky130_fd_sc_hd__dfrtp_2)
                                  4.14   data arrival time

                  0.15   10.00   10.00   clock clk (rise edge)
                          0.00   10.00   clock network delay (ideal)
                         -0.25    9.75   clock uncertainty
                          0.00    9.75   clock reconvergence pessimism
                                  9.75 ^ _410_/CLK (sky130_fd_sc_hd__dfrtp_2)
                         -0.08    9.67   library setup time
                                  9.67   data required time
-----------------------------------------------------------------------------
                                  9.67   data required time
                                 -4.14   data arrival time
-----------------------------------------------------------------------------
                                  5.52   slack (MET)


Startpoint: m_req (input port clocked by clk)
Endpoint: _418_ (rising edge-triggered flip-flop clocked by clk)
Path Group: clk
Path Type: max

Fanout     Cap    Slew   Delay    Time   Description
-----------------------------------------------------------------------------
                  0.15    0.00    0.00   clock clk (rise edge)
                          0.00    0.00   clock network delay (ideal)
                          2.00    2.00 v input external delay
                  0.03    0.02    2.02 v m_req (in)
     1    0.01                           m_req (net)
                  0.03    0.00    2.02 v _249_/C_N (sky130_fd_sc_hd__or3b_2)
                  0.05    0.20    2.23 ^ _249_/X (sky130_fd_sc_hd__or3b_2)
     3    0.01                           _104_ (net)
                  0.05    0.00    2.23 ^ _271_/A (sky130_fd_sc_hd__buf_1)
                  0.97    0.76    2.99 ^ _271_/X (sky130_fd_sc_hd__buf_1)
    10    0.08                           _115_ (net)
                  0.97    0.00    2.99 ^ _293_/A (sky130_fd_sc_hd__buf_1)
                  0.70    0.64    3.63 ^ _293_/X (sky130_fd_sc_hd__buf_1)
    10    0.06                           _127_ (net)
                  0.70    0.00    3.63 ^ _310_/S (sky130_fd_sc_hd__mux2_2)
                  0.05    0.42    4.05 v _310_/X (sky130_fd_sc_hd__mux2_2)
     1    0.00                           _136_ (net)
                  0.05    0.00    4.05 v _311_/A (sky130_fd_sc_hd__buf_1)
                  0.02    0.09    4.14 v _311_/X (sky130_fd_sc_hd__buf_1)
     1    0.00                           _029_ (net)
                  0.02    0.00    4.14 v _418_/D (sky130_fd_sc_hd__dfrtp_2)
                                  4.14   data arrival time

                  0.15   10.00   10.00   clock clk (rise edge)
                          0.00   10.00   clock network delay (ideal)
                         -0.25    9.75   clock uncertainty
                          0.00    9.75   clock reconvergence pessimism
                                  9.75 ^ _418_/CLK (sky130_fd_sc_hd__dfrtp_2)
                         -0.08    9.67   library setup time
                                  9.67   data required time
-----------------------------------------------------------------------------
                                  9.67   data required time
                                 -4.14   data arrival time
-----------------------------------------------------------------------------
                                  5.52   slack (MET)


Startpoint: m_req (input port clocked by clk)
Endpoint: _412_ (rising edge-triggered flip-flop clocked by clk)
Path Group: clk
Path Type: max

Fanout     Cap    Slew   Delay    Time   Description
-----------------------------------------------------------------------------
                  0.15    0.00    0.00   clock clk (rise edge)
                          0.00    0.00   clock network delay (ideal)
                          2.00    2.00 v input external delay
                  0.03    0.02    2.02 v m_req (in)
     1    0.01                           m_req (net)
                  0.03    0.00    2.02 v _249_/C_N (sky130_fd_sc_hd__or3b_2)
                  0.05    0.20    2.23 ^ _249_/X (sky130_fd_sc_hd__or3b_2)
     3    0.01                           _104_ (net)
                  0.05    0.00    2.23 ^ _271_/A (sky130_fd_sc_hd__buf_1)
                  0.97    0.76    2.99 ^ _271_/X (sky130_fd_sc_hd__buf_1)
    10    0.08                           _115_ (net)
                  0.97    0.00    2.99 ^ _293_/A (sky130_fd_sc_hd__buf_1)
                  0.70    0.64    3.63 ^ _293_/X (sky130_fd_sc_hd__buf_1)
    10    0.06                           _127_ (net)
                  0.70    0.00    3.63 ^ _298_/S (sky130_fd_sc_hd__mux2_2)
                  0.05    0.42    4.06 v _298_/X (sky130_fd_sc_hd__mux2_2)
     1    0.00                           _130_ (net)
                  0.05    0.00    4.06 v _299_/A (sky130_fd_sc_hd__buf_1)
                  0.02    0.09    4.14 v _299_/X (sky130_fd_sc_hd__buf_1)
     1    0.00                           _023_ (net)
                  0.02    0.00    4.14 v _412_/D (sky130_fd_sc_hd__dfrtp_2)
                                  4.14   data arrival time

                  0.15   10.00   10.00   clock clk (rise edge)
                          0.00   10.00   clock network delay (ideal)
                         -0.25    9.75   clock uncertainty
                          0.00    9.75   clock reconvergence pessimism
                                  9.75 ^ _412_/CLK (sky130_fd_sc_hd__dfrtp_2)
                         -0.08    9.67   library setup time
                                  9.67   data required time
-----------------------------------------------------------------------------
                                  9.67   data required time
                                 -4.14   data arrival time
-----------------------------------------------------------------------------
                                  5.52   slack (MET)


Startpoint: m_req (input port clocked by clk)
Endpoint: _416_ (rising edge-triggered flip-flop clocked by clk)
Path Group: clk
Path Type: max

Fanout     Cap    Slew   Delay    Time   Description
-----------------------------------------------------------------------------
                  0.15    0.00    0.00   clock clk (rise edge)
                          0.00    0.00   clock network delay (ideal)
                          2.00    2.00 v input external delay
                  0.03    0.02    2.02 v m_req (in)
     1    0.01                           m_req (net)
                  0.03    0.00    2.02 v _249_/C_N (sky130_fd_sc_hd__or3b_2)
                  0.05    0.20    2.23 ^ _249_/X (sky130_fd_sc_hd__or3b_2)
     3    0.01                           _104_ (net)
                  0.05    0.00    2.23 ^ _271_/A (sky130_fd_sc_hd__buf_1)
                  0.97    0.76    2.99 ^ _271_/X (sky130_fd_sc_hd__buf_1)
    10    0.08                           _115_ (net)
                  0.97    0.00    2.99 ^ _293_/A (sky130_fd_sc_hd__buf_1)
                  0.70    0.64    3.63 ^ _293_/X (sky130_fd_sc_hd__buf_1)
    10    0.06                           _127_ (net)
                  0.70    0.00    3.63 ^ _306_/S (sky130_fd_sc_hd__mux2_2)
                  0.05    0.42    4.05 v _306_/X (sky130_fd_sc_hd__mux2_2)
     1    0.00                           _134_ (net)
                  0.05    0.00    4.05 v _307_/A (sky130_fd_sc_hd__buf_1)
                  0.02    0.09    4.14 v _307_/X (sky130_fd_sc_hd__buf_1)
     1    0.00                           _027_ (net)
                  0.02    0.00    4.14 v _416_/D (sky130_fd_sc_hd__dfrtp_2)
                                  4.14   data arrival time

                  0.15   10.00   10.00   clock clk (rise edge)
                          0.00   10.00   clock network delay (ideal)
                         -0.25    9.75   clock uncertainty
                          0.00    9.75   clock reconvergence pessimism
                                  9.75 ^ _416_/CLK (sky130_fd_sc_hd__dfrtp_2)
                         -0.08    9.67   library setup time
                                  9.67   data required time
-----------------------------------------------------------------------------
                                  9.67   data required time
                                 -4.14   data arrival time
-----------------------------------------------------------------------------
                                  5.53   slack (MET)


Startpoint: m_req (input port clocked by clk)
Endpoint: _411_ (rising edge-triggered flip-flop clocked by clk)
Path Group: clk
Path Type: max

Fanout     Cap    Slew   Delay    Time   Description
-----------------------------------------------------------------------------
                  0.15    0.00    0.00   clock clk (rise edge)
                          0.00    0.00   clock network delay (ideal)
                          2.00    2.00 v input external delay
                  0.03    0.02    2.02 v m_req (in)
     1    0.01                           m_req (net)
                  0.03    0.00    2.02 v _249_/C_N (sky130_fd_sc_hd__or3b_2)
                  0.05    0.20    2.23 ^ _249_/X (sky130_fd_sc_hd__or3b_2)
     3    0.01                           _104_ (net)
                  0.05    0.00    2.23 ^ _271_/A (sky130_fd_sc_hd__buf_1)
                  0.97    0.76    2.99 ^ _271_/X (sky130_fd_sc_hd__buf_1)
    10    0.08                           _115_ (net)
                  0.97    0.00    2.99 ^ _293_/A (sky130_fd_sc_hd__buf_1)
                  0.70    0.64    3.63 ^ _293_/X (sky130_fd_sc_hd__buf_1)
    10    0.06                           _127_ (net)
                  0.70    0.00    3.63 ^ _296_/S (sky130_fd_sc_hd__mux2_2)
                  0.05    0.42    4.05 v _296_/X (sky130_fd_sc_hd__mux2_2)
     1    0.00                           _129_ (net)
                  0.05    0.00    4.05 v _297_/A (sky130_fd_sc_hd__buf_1)
                  0.02    0.09    4.14 v _297_/X (sky130_fd_sc_hd__buf_1)
     1    0.00                           _022_ (net)
                  0.02    0.00    4.14 v _411_/D (sky130_fd_sc_hd__dfrtp_2)
                                  4.14   data arrival time

                  0.15   10.00   10.00   clock clk (rise edge)
                          0.00   10.00   clock network delay (ideal)
                         -0.25    9.75   clock uncertainty
                          0.00    9.75   clock reconvergence pessimism
                                  9.75 ^ _411_/CLK (sky130_fd_sc_hd__dfrtp_2)
                         -0.08    9.67   library setup time
                                  9.67   data required time
-----------------------------------------------------------------------------
                                  9.67   data required time
                                 -4.14   data arrival time
-----------------------------------------------------------------------------
                                  5.53   slack (MET)


Startpoint: m_req (input port clocked by clk)
Endpoint: _415_ (rising edge-triggered flip-flop clocked by clk)
Path Group: clk
Path Type: max

Fanout     Cap    Slew   Delay    Time   Description
-----------------------------------------------------------------------------
                  0.15    0.00    0.00   clock clk (rise edge)
                          0.00    0.00   clock network delay (ideal)
                          2.00    2.00 v input external delay
                  0.03    0.02    2.02 v m_req (in)
     1    0.01                           m_req (net)
                  0.03    0.00    2.02 v _249_/C_N (sky130_fd_sc_hd__or3b_2)
                  0.05    0.20    2.23 ^ _249_/X (sky130_fd_sc_hd__or3b_2)
     3    0.01                           _104_ (net)
                  0.05    0.00    2.23 ^ _271_/A (sky130_fd_sc_hd__buf_1)
                  0.97    0.76    2.99 ^ _271_/X (sky130_fd_sc_hd__buf_1)
    10    0.08                           _115_ (net)
                  0.97    0.00    2.99 ^ _293_/A (sky130_fd_sc_hd__buf_1)
                  0.70    0.64    3.63 ^ _293_/X (sky130_fd_sc_hd__buf_1)
    10    0.06                           _127_ (net)
                  0.70    0.00    3.63 ^ _304_/S (sky130_fd_sc_hd__mux2_2)
                  0.05    0.42    4.05 v _304_/X (sky130_fd_sc_hd__mux2_2)
     1    0.00                           _133_ (net)
                  0.05    0.00    4.05 v _305_/A (sky130_fd_sc_hd__buf_1)
                  0.02    0.09    4.14 v _305_/X (sky130_fd_sc_hd__buf_1)
     1    0.00                           _026_ (net)
                  0.02    0.00    4.14 v _415_/D (sky130_fd_sc_hd__dfrtp_2)
                                  4.14   data arrival time

                  0.15   10.00   10.00   clock clk (rise edge)
                          0.00   10.00   clock network delay (ideal)
                         -0.25    9.75   clock uncertainty
                          0.00    9.75   clock reconvergence pessimism
                                  9.75 ^ _415_/CLK (sky130_fd_sc_hd__dfrtp_2)
                         -0.08    9.67   library setup time
                                  9.67   data required time
-----------------------------------------------------------------------------
                                  9.67   data required time
                                 -4.14   data arrival time
-----------------------------------------------------------------------------
                                  5.53   slack (MET)


Startpoint: m_req (input port clocked by clk)
Endpoint: _405_ (rising edge-triggered flip-flop clocked by clk)
Path Group: clk
Path Type: max

Fanout     Cap    Slew   Delay    Time   Description
-----------------------------------------------------------------------------
                  0.15    0.00    0.00   clock clk (rise edge)
                          0.00    0.00   clock network delay (ideal)
                          2.00    2.00 v input external delay
                  0.03    0.02    2.02 v m_req (in)
     1    0.01                           m_req (net)
                  0.03    0.00    2.02 v _249_/C_N (sky130_fd_sc_hd__or3b_2)
                  0.05    0.20    2.23 ^ _249_/X (sky130_fd_sc_hd__or3b_2)
     3    0.01                           _104_ (net)
                  0.05    0.00    2.23 ^ _271_/A (sky130_fd_sc_hd__buf_1)
                  0.97    0.76    2.99 ^ _271_/X (sky130_fd_sc_hd__buf_1)
    10    0.08                           _115_ (net)
                  0.97    0.00    2.99 ^ _272_/A (sky130_fd_sc_hd__buf_1)
                  0.69    0.63    3.62 ^ _272_/X (sky130_fd_sc_hd__buf_1)
    10    0.06                           _116_ (net)
                  0.69    0.00    3.62 ^ _283_/S (sky130_fd_sc_hd__mux2_2)
                  0.05    0.42    4.04 v _283_/X (sky130_fd_sc_hd__mux2_2)
     1    0.00                           _122_ (net)
                  0.05    0.00    4.04 v _284_/A (sky130_fd_sc_hd__buf_1)
                  0.02    0.09    4.13 v _284_/X (sky130_fd_sc_hd__buf_1)
     1    0.00                           _016_ (net)
                  0.02    0.00    4.13 v _405_/D (sky130_fd_sc_hd__dfrtp_2)
                                  4.13   data arrival time

                  0.15   10.00   10.00   clock clk (rise edge)
                          0.00   10.00   clock network delay (ideal)
                         -0.25    9.75   clock uncertainty
                          0.00    9.75   clock reconvergence pessimism
                                  9.75 ^ _405_/CLK (sky130_fd_sc_hd__dfrtp_2)
                         -0.08    9.67   library setup time
                                  9.67   data required time
-----------------------------------------------------------------------------
                                  9.67   data required time
                                 -4.13   data arrival time
-----------------------------------------------------------------------------
                                  5.54   slack (MET)


Startpoint: m_req (input port clocked by clk)
Endpoint: _408_ (rising edge-triggered flip-flop clocked by clk)
Path Group: clk
Path Type: max

Fanout     Cap    Slew   Delay    Time   Description
-----------------------------------------------------------------------------
                  0.15    0.00    0.00   clock clk (rise edge)
                          0.00    0.00   clock network delay (ideal)
                          2.00    2.00 v input external delay
                  0.03    0.02    2.02 v m_req (in)
     1    0.01                           m_req (net)
                  0.03    0.00    2.02 v _249_/C_N (sky130_fd_sc_hd__or3b_2)
                  0.05    0.20    2.23 ^ _249_/X (sky130_fd_sc_hd__or3b_2)
     3    0.01                           _104_ (net)
                  0.05    0.00    2.23 ^ _271_/A (sky130_fd_sc_hd__buf_1)
                  0.97    0.76    2.99 ^ _271_/X (sky130_fd_sc_hd__buf_1)
    10    0.08                           _115_ (net)
                  0.97    0.00    2.99 ^ _272_/A (sky130_fd_sc_hd__buf_1)
                  0.69    0.63    3.62 ^ _272_/X (sky130_fd_sc_hd__buf_1)
    10    0.06                           _116_ (net)
                  0.69    0.00    3.62 ^ _289_/S (sky130_fd_sc_hd__mux2_2)
                  0.05    0.42    4.04 v _289_/X (sky130_fd_sc_hd__mux2_2)
     1    0.00                           _125_ (net)
                  0.05    0.00    4.04 v _290_/A (sky130_fd_sc_hd__buf_1)
                  0.02    0.09    4.13 v _290_/X (sky130_fd_sc_hd__buf_1)
     1    0.00                           _019_ (net)
                  0.02    0.00    4.13 v _408_/D (sky130_fd_sc_hd__dfrtp_2)
                                  4.13   data arrival time

                  0.15   10.00   10.00   clock clk (rise edge)
                          0.00   10.00   clock network delay (ideal)
                         -0.25    9.75   clock uncertainty
                          0.00    9.75   clock reconvergence pessimism
                                  9.75 ^ _408_/CLK (sky130_fd_sc_hd__dfrtp_2)
                         -0.08    9.67   library setup time
                                  9.67   data required time
-----------------------------------------------------------------------------
                                  9.67   data required time
                                 -4.13   data arrival time
-----------------------------------------------------------------------------
                                  5.54   slack (MET)


Startpoint: m_req (input port clocked by clk)
Endpoint: _404_ (rising edge-triggered flip-flop clocked by clk)
Path Group: clk
Path Type: max

Fanout     Cap    Slew   Delay    Time   Description
-----------------------------------------------------------------------------
                  0.15    0.00    0.00   clock clk (rise edge)
                          0.00    0.00   clock network delay (ideal)
                          2.00    2.00 v input external delay
                  0.03    0.02    2.02 v m_req (in)
     1    0.01                           m_req (net)
                  0.03    0.00    2.02 v _249_/C_N (sky130_fd_sc_hd__or3b_2)
                  0.05    0.20    2.23 ^ _249_/X (sky130_fd_sc_hd__or3b_2)
     3    0.01                           _104_ (net)
                  0.05    0.00    2.23 ^ _271_/A (sky130_fd_sc_hd__buf_1)
                  0.97    0.76    2.99 ^ _271_/X (sky130_fd_sc_hd__buf_1)
    10    0.08                           _115_ (net)
                  0.97    0.00    2.99 ^ _272_/A (sky130_fd_sc_hd__buf_1)
                  0.69    0.63    3.62 ^ _272_/X (sky130_fd_sc_hd__buf_1)
    10    0.06                           _116_ (net)
                  0.69    0.00    3.62 ^ _281_/S (sky130_fd_sc_hd__mux2_2)
                  0.05    0.42    4.04 v _281_/X (sky130_fd_sc_hd__mux2_2)
     1    0.00                           _121_ (net)
                  0.05    0.00    4.04 v _282_/A (sky130_fd_sc_hd__buf_1)
                  0.02    0.09    4.13 v _282_/X (sky130_fd_sc_hd__buf_1)
     1    0.00                           _015_ (net)
                  0.02    0.00    4.13 v _404_/D (sky130_fd_sc_hd__dfrtp_2)
                                  4.13   data arrival time

                  0.15   10.00   10.00   clock clk (rise edge)
                          0.00   10.00   clock network delay (ideal)
                         -0.25    9.75   clock uncertainty
                          0.00    9.75   clock reconvergence pessimism
                                  9.75 ^ _404_/CLK (sky130_fd_sc_hd__dfrtp_2)
                         -0.08    9.67   library setup time
                                  9.67   data required time
-----------------------------------------------------------------------------
                                  9.67   data required time
                                 -4.13   data arrival time
-----------------------------------------------------------------------------
                                  5.54   slack (MET)


Startpoint: m_req (input port clocked by clk)
Endpoint: _403_ (rising edge-triggered flip-flop clocked by clk)
Path Group: clk
Path Type: max

Fanout     Cap    Slew   Delay    Time   Description
-----------------------------------------------------------------------------
                  0.15    0.00    0.00   clock clk (rise edge)
                          0.00    0.00   clock network delay (ideal)
                          2.00    2.00 v input external delay
                  0.03    0.02    2.02 v m_req (in)
     1    0.01                           m_req (net)
                  0.03    0.00    2.02 v _249_/C_N (sky130_fd_sc_hd__or3b_2)
                  0.05    0.20    2.23 ^ _249_/X (sky130_fd_sc_hd__or3b_2)
     3    0.01                           _104_ (net)
                  0.05    0.00    2.23 ^ _271_/A (sky130_fd_sc_hd__buf_1)
                  0.97    0.76    2.99 ^ _271_/X (sky130_fd_sc_hd__buf_1)
    10    0.08                           _115_ (net)
                  0.97    0.00    2.99 ^ _272_/A (sky130_fd_sc_hd__buf_1)
                  0.69    0.63    3.62 ^ _272_/X (sky130_fd_sc_hd__buf_1)
    10    0.06                           _116_ (net)
                  0.69    0.00    3.62 ^ _279_/S (sky130_fd_sc_hd__mux2_2)
                  0.05    0.42    4.04 v _279_/X (sky130_fd_sc_hd__mux2_2)
     1    0.00                           _120_ (net)
                  0.05    0.00    4.04 v _280_/A (sky130_fd_sc_hd__buf_1)
                  0.02    0.09    4.13 v _280_/X (sky130_fd_sc_hd__buf_1)
     1    0.00                           _014_ (net)
                  0.02    0.00    4.13 v _403_/D (sky130_fd_sc_hd__dfrtp_2)
                                  4.13   data arrival time

                  0.15   10.00   10.00   clock clk (rise edge)
                          0.00   10.00   clock network delay (ideal)
                         -0.25    9.75   clock uncertainty
                          0.00    9.75   clock reconvergence pessimism
                                  9.75 ^ _403_/CLK (sky130_fd_sc_hd__dfrtp_2)
                         -0.08    9.67   library setup time
                                  9.67   data required time
-----------------------------------------------------------------------------
                                  9.67   data required time
                                 -4.13   data arrival time
-----------------------------------------------------------------------------
                                  5.54   slack (MET)


Startpoint: m_req (input port clocked by clk)
Endpoint: _406_ (rising edge-triggered flip-flop clocked by clk)
Path Group: clk
Path Type: max

Fanout     Cap    Slew   Delay    Time   Description
-----------------------------------------------------------------------------
                  0.15    0.00    0.00   clock clk (rise edge)
                          0.00    0.00   clock network delay (ideal)
                          2.00    2.00 v input external delay
                  0.03    0.02    2.02 v m_req (in)
     1    0.01                           m_req (net)
                  0.03    0.00    2.02 v _249_/C_N (sky130_fd_sc_hd__or3b_2)
                  0.05    0.20    2.23 ^ _249_/X (sky130_fd_sc_hd__or3b_2)
     3    0.01                           _104_ (net)
                  0.05    0.00    2.23 ^ _271_/A (sky130_fd_sc_hd__buf_1)
                  0.97    0.76    2.99 ^ _271_/X (sky130_fd_sc_hd__buf_1)
    10    0.08                           _115_ (net)
                  0.97    0.00    2.99 ^ _272_/A (sky130_fd_sc_hd__buf_1)
                  0.69    0.63    3.62 ^ _272_/X (sky130_fd_sc_hd__buf_1)
    10    0.06                           _116_ (net)
                  0.69    0.00    3.62 ^ _285_/S (sky130_fd_sc_hd__mux2_2)
                  0.05    0.42    4.04 v _285_/X (sky130_fd_sc_hd__mux2_2)
     1    0.00                           _123_ (net)
                  0.05    0.00    4.04 v _286_/A (sky130_fd_sc_hd__buf_1)
                  0.02    0.09    4.13 v _286_/X (sky130_fd_sc_hd__buf_1)
     1    0.00                           _017_ (net)
                  0.02    0.00    4.13 v _406_/D (sky130_fd_sc_hd__dfrtp_2)
                                  4.13   data arrival time

                  0.15   10.00   10.00   clock clk (rise edge)
                          0.00   10.00   clock network delay (ideal)
                         -0.25    9.75   clock uncertainty
                          0.00    9.75   clock reconvergence pessimism
                                  9.75 ^ _406_/CLK (sky130_fd_sc_hd__dfrtp_2)
                         -0.08    9.67   library setup time
                                  9.67   data required time
-----------------------------------------------------------------------------
                                  9.67   data required time
                                 -4.13   data arrival time
-----------------------------------------------------------------------------
                                  5.54   slack (MET)


Startpoint: m_req (input port clocked by clk)
Endpoint: _402_ (rising edge-triggered flip-flop clocked by clk)
Path Group: clk
Path Type: max

Fanout     Cap    Slew   Delay    Time   Description
-----------------------------------------------------------------------------
                  0.15    0.00    0.00   clock clk (rise edge)
                          0.00    0.00   clock network delay (ideal)
                          2.00    2.00 v input external delay
                  0.03    0.02    2.02 v m_req (in)
     1    0.01                           m_req (net)
                  0.03    0.00    2.02 v _249_/C_N (sky130_fd_sc_hd__or3b_2)
                  0.05    0.20    2.23 ^ _249_/X (sky130_fd_sc_hd__or3b_2)
     3    0.01                           _104_ (net)
                  0.05    0.00    2.23 ^ _271_/A (sky130_fd_sc_hd__buf_1)
                  0.97    0.76    2.99 ^ _271_/X (sky130_fd_sc_hd__buf_1)
    10    0.08                           _115_ (net)
                  0.97    0.00    2.99 ^ _272_/A (sky130_fd_sc_hd__buf_1)
                  0.69    0.63    3.62 ^ _272_/X (sky130_fd_sc_hd__buf_1)
    10    0.06                           _116_ (net)
                  0.69    0.00    3.62 ^ _277_/S (sky130_fd_sc_hd__mux2_2)
                  0.05    0.42    4.04 v _277_/X (sky130_fd_sc_hd__mux2_2)
     1    0.00                           _119_ (net)
                  0.05    0.00    4.04 v _278_/A (sky130_fd_sc_hd__buf_1)
                  0.02    0.09    4.13 v _278_/X (sky130_fd_sc_hd__buf_1)
     1    0.00                           _013_ (net)
                  0.02    0.00    4.13 v _402_/D (sky130_fd_sc_hd__dfrtp_2)
                                  4.13   data arrival time

                  0.15   10.00   10.00   clock clk (rise edge)
                          0.00   10.00   clock network delay (ideal)
                         -0.25    9.75   clock uncertainty
                          0.00    9.75   clock reconvergence pessimism
                                  9.75 ^ _402_/CLK (sky130_fd_sc_hd__dfrtp_2)
                         -0.08    9.67   library setup time
                                  9.67   data required time
-----------------------------------------------------------------------------
                                  9.67   data required time
                                 -4.13   data arrival time
-----------------------------------------------------------------------------
                                  5.54   slack (MET)


Startpoint: m_req (input port clocked by clk)
Endpoint: _407_ (rising edge-triggered flip-flop clocked by clk)
Path Group: clk
Path Type: max

Fanout     Cap    Slew   Delay    Time   Description
-----------------------------------------------------------------------------
                  0.15    0.00    0.00   clock clk (rise edge)
                          0.00    0.00   clock network delay (ideal)
                          2.00    2.00 v input external delay
                  0.03    0.02    2.02 v m_req (in)
     1    0.01                           m_req (net)
                  0.03    0.00    2.02 v _249_/C_N (sky130_fd_sc_hd__or3b_2)
                  0.05    0.20    2.23 ^ _249_/X (sky130_fd_sc_hd__or3b_2)
     3    0.01                           _104_ (net)
                  0.05    0.00    2.23 ^ _271_/A (sky130_fd_sc_hd__buf_1)
                  0.97    0.76    2.99 ^ _271_/X (sky130_fd_sc_hd__buf_1)
    10    0.08                           _115_ (net)
                  0.97    0.00    2.99 ^ _272_/A (sky130_fd_sc_hd__buf_1)
                  0.69    0.63    3.62 ^ _272_/X (sky130_fd_sc_hd__buf_1)
    10    0.06                           _116_ (net)
                  0.69    0.00    3.62 ^ _287_/S (sky130_fd_sc_hd__mux2_2)
                  0.05    0.42    4.04 v _287_/X (sky130_fd_sc_hd__mux2_2)
     1    0.00                           _124_ (net)
                  0.05    0.00    4.04 v _288_/A (sky130_fd_sc_hd__buf_1)
                  0.02    0.09    4.13 v _288_/X (sky130_fd_sc_hd__buf_1)
     1    0.00                           _018_ (net)
                  0.02    0.00    4.13 v _407_/D (sky130_fd_sc_hd__dfrtp_2)
                                  4.13   data arrival time

                  0.15   10.00   10.00   clock clk (rise edge)
                          0.00   10.00   clock network delay (ideal)
                         -0.25    9.75   clock uncertainty
                          0.00    9.75   clock reconvergence pessimism
                                  9.75 ^ _407_/CLK (sky130_fd_sc_hd__dfrtp_2)
                         -0.08    9.67   library setup time
                                  9.67   data required time
-----------------------------------------------------------------------------
                                  9.67   data required time
                                 -4.13   data arrival time
-----------------------------------------------------------------------------
                                  5.54   slack (MET)


Startpoint: m_req (input port clocked by clk)
Endpoint: _401_ (rising edge-triggered flip-flop clocked by clk)
Path Group: clk
Path Type: max

Fanout     Cap    Slew   Delay    Time   Description
-----------------------------------------------------------------------------
                  0.15    0.00    0.00   clock clk (rise edge)
                          0.00    0.00   clock network delay (ideal)
                          2.00    2.00 v input external delay
                  0.03    0.02    2.02 v m_req (in)
     1    0.01                           m_req (net)
                  0.03    0.00    2.02 v _249_/C_N (sky130_fd_sc_hd__or3b_2)
                  0.05    0.20    2.23 ^ _249_/X (sky130_fd_sc_hd__or3b_2)
     3    0.01                           _104_ (net)
                  0.05    0.00    2.23 ^ _271_/A (sky130_fd_sc_hd__buf_1)
                  0.97    0.76    2.99 ^ _271_/X (sky130_fd_sc_hd__buf_1)
    10    0.08                           _115_ (net)
                  0.97    0.00    2.99 ^ _272_/A (sky130_fd_sc_hd__buf_1)
                  0.69    0.63    3.62 ^ _272_/X (sky130_fd_sc_hd__buf_1)
    10    0.06                           _116_ (net)
                  0.69    0.00    3.62 ^ _275_/S (sky130_fd_sc_hd__mux2_2)
                  0.05    0.42    4.04 v _275_/X (sky130_fd_sc_hd__mux2_2)
     1    0.00                           _118_ (net)
                  0.05    0.00    4.04 v _276_/A (sky130_fd_sc_hd__buf_1)
                  0.02    0.09    4.13 v _276_/X (sky130_fd_sc_hd__buf_1)
     1    0.00                           _012_ (net)
                  0.02    0.00    4.13 v _401_/D (sky130_fd_sc_hd__dfrtp_2)
                                  4.13   data arrival time

                  0.15   10.00   10.00   clock clk (rise edge)
                          0.00   10.00   clock network delay (ideal)
                         -0.25    9.75   clock uncertainty
                          0.00    9.75   clock reconvergence pessimism
                                  9.75 ^ _401_/CLK (sky130_fd_sc_hd__dfrtp_2)
                         -0.08    9.67   library setup time
                                  9.67   data required time
-----------------------------------------------------------------------------
                                  9.67   data required time
                                 -4.13   data arrival time
-----------------------------------------------------------------------------
                                  5.54   slack (MET)


Startpoint: m_req (input port clocked by clk)
Endpoint: _400_ (rising edge-triggered flip-flop clocked by clk)
Path Group: clk
Path Type: max

Fanout     Cap    Slew   Delay    Time   Description
-----------------------------------------------------------------------------
                  0.15    0.00    0.00   clock clk (rise edge)
                          0.00    0.00   clock network delay (ideal)
                          2.00    2.00 v input external delay
                  0.03    0.02    2.02 v m_req (in)
     1    0.01                           m_req (net)
                  0.03    0.00    2.02 v _249_/C_N (sky130_fd_sc_hd__or3b_2)
                  0.05    0.20    2.23 ^ _249_/X (sky130_fd_sc_hd__or3b_2)
     3    0.01                           _104_ (net)
                  0.05    0.00    2.23 ^ _271_/A (sky130_fd_sc_hd__buf_1)
                  0.97    0.76    2.99 ^ _271_/X (sky130_fd_sc_hd__buf_1)
    10    0.08                           _115_ (net)
                  0.97    0.00    2.99 ^ _272_/A (sky130_fd_sc_hd__buf_1)
                  0.69    0.63    3.62 ^ _272_/X (sky130_fd_sc_hd__buf_1)
    10    0.06                           _116_ (net)
                  0.69    0.00    3.62 ^ _273_/S (sky130_fd_sc_hd__mux2_2)
                  0.05    0.42    4.04 v _273_/X (sky130_fd_sc_hd__mux2_2)
     1    0.00                           _117_ (net)
                  0.05    0.00    4.04 v _274_/A (sky130_fd_sc_hd__buf_1)
                  0.02    0.09    4.13 v _274_/X (sky130_fd_sc_hd__buf_1)
     1    0.00                           _011_ (net)
                  0.02    0.00    4.13 v _400_/D (sky130_fd_sc_hd__dfrtp_2)
                                  4.13   data arrival time

                  0.15   10.00   10.00   clock clk (rise edge)
                          0.00   10.00   clock network delay (ideal)
                         -0.25    9.75   clock uncertainty
                          0.00    9.75   clock reconvergence pessimism
                                  9.75 ^ _400_/CLK (sky130_fd_sc_hd__dfrtp_2)
                         -0.08    9.67   library setup time
                                  9.67   data required time
-----------------------------------------------------------------------------
                                  9.67   data required time
                                 -4.13   data arrival time
-----------------------------------------------------------------------------
                                  5.54   slack (MET)


Startpoint: m_req (input port clocked by clk)
Endpoint: _409_ (rising edge-triggered flip-flop clocked by clk)
Path Group: clk
Path Type: max

Fanout     Cap    Slew   Delay    Time   Description
-----------------------------------------------------------------------------
                  0.15    0.00    0.00   clock clk (rise edge)
                          0.00    0.00   clock network delay (ideal)
                          2.00    2.00 v input external delay
                  0.03    0.02    2.02 v m_req (in)
     1    0.01                           m_req (net)
                  0.03    0.00    2.02 v _249_/C_N (sky130_fd_sc_hd__or3b_2)
                  0.05    0.20    2.23 ^ _249_/X (sky130_fd_sc_hd__or3b_2)
     3    0.01                           _104_ (net)
                  0.05    0.00    2.23 ^ _271_/A (sky130_fd_sc_hd__buf_1)
                  0.97    0.76    2.99 ^ _271_/X (sky130_fd_sc_hd__buf_1)
    10    0.08                           _115_ (net)
                  0.97    0.00    2.99 ^ _272_/A (sky130_fd_sc_hd__buf_1)
                  0.69    0.63    3.62 ^ _272_/X (sky130_fd_sc_hd__buf_1)
    10    0.06                           _116_ (net)
                  0.69    0.00    3.62 ^ _291_/S (sky130_fd_sc_hd__mux2_2)
                  0.05    0.42    4.04 v _291_/X (sky130_fd_sc_hd__mux2_2)
     1    0.00                           _126_ (net)
                  0.05    0.00    4.04 v _292_/A (sky130_fd_sc_hd__buf_1)
                  0.02    0.09    4.13 v _292_/X (sky130_fd_sc_hd__buf_1)
     1    0.00                           _020_ (net)
                  0.02    0.00    4.13 v _409_/D (sky130_fd_sc_hd__dfrtp_2)
                                  4.13   data arrival time

                  0.15   10.00   10.00   clock clk (rise edge)
                          0.00   10.00   clock network delay (ideal)
                         -0.25    9.75   clock uncertainty
                          0.00    9.75   clock reconvergence pessimism
                                  9.75 ^ _409_/CLK (sky130_fd_sc_hd__dfrtp_2)
                         -0.08    9.67   library setup time
                                  9.67   data required time
-----------------------------------------------------------------------------
                                  9.67   data required time
                                 -4.13   data arrival time
-----------------------------------------------------------------------------
                                  5.54   slack (MET)


Startpoint: m_req (input port clocked by clk)
Endpoint: _454_ (rising edge-triggered flip-flop clocked by clk)
Path Group: clk
Path Type: max

Fanout     Cap    Slew   Delay    Time   Description
-----------------------------------------------------------------------------
                  0.15    0.00    0.00   clock clk (rise edge)
                          0.00    0.00   clock network delay (ideal)
                          2.00    2.00 ^ input external delay
                  0.07    0.05    2.05 ^ m_req (in)
     1    0.01                           m_req (net)
                  0.07    0.00    2.05 ^ _249_/C_N (sky130_fd_sc_hd__or3b_2)
                  0.09    0.48    2.53 v _249_/X (sky130_fd_sc_hd__or3b_2)
     3    0.01                           _104_ (net)
                  0.09    0.00    2.53 v _271_/A (sky130_fd_sc_hd__buf_1)
                  0.47    0.46    2.99 v _271_/X (sky130_fd_sc_hd__buf_1)
    10    0.08                           _115_ (net)
                  0.47    0.01    3.00 v _385_/S (sky130_fd_sc_hd__mux2_2)
                  0.05    0.44    3.44 v _385_/X (sky130_fd_sc_hd__mux2_2)
     1    0.00                           _175_ (net)
                  0.05    0.00    3.44 v _386_/A (sky130_fd_sc_hd__buf_1)
                  0.02    0.09    3.52 v _386_/X (sky130_fd_sc_hd__buf_1)
     1    0.00                           _065_ (net)
                  0.02    0.00    3.52 v _454_/D (sky130_fd_sc_hd__dfrtp_2)
                                  3.52   data arrival time

                  0.15   10.00   10.00   clock clk (rise edge)
                          0.00   10.00   clock network delay (ideal)
                         -0.25    9.75   clock uncertainty
                          0.00    9.75   clock reconvergence pessimism
                                  9.75 ^ _454_/CLK (sky130_fd_sc_hd__dfrtp_2)
                         -0.08    9.67   library setup time
                                  9.67   data required time
-----------------------------------------------------------------------------
                                  9.67   data required time
                                 -3.52   data arrival time
-----------------------------------------------------------------------------
                                  6.14   slack (MET)


Startpoint: m_req (input port clocked by clk)
Endpoint: _453_ (rising edge-triggered flip-flop clocked by clk)
Path Group: clk
Path Type: max

Fanout     Cap    Slew   Delay    Time   Description
-----------------------------------------------------------------------------
                  0.15    0.00    0.00   clock clk (rise edge)
                          0.00    0.00   clock network delay (ideal)
                          2.00    2.00 ^ input external delay
                  0.07    0.05    2.05 ^ m_req (in)
     1    0.01                           m_req (net)
                  0.07    0.00    2.05 ^ _249_/C_N (sky130_fd_sc_hd__or3b_2)
                  0.09    0.48    2.53 v _249_/X (sky130_fd_sc_hd__or3b_2)
     3    0.01                           _104_ (net)
                  0.09    0.00    2.53 v _271_/A (sky130_fd_sc_hd__buf_1)
                  0.47    0.46    2.99 v _271_/X (sky130_fd_sc_hd__buf_1)
    10    0.08                           _115_ (net)
                  0.47    0.01    3.00 v _383_/S (sky130_fd_sc_hd__mux2_2)
                  0.05    0.44    3.43 v _383_/X (sky130_fd_sc_hd__mux2_2)
     1    0.00                           _174_ (net)
                  0.05    0.00    3.43 v _384_/A (sky130_fd_sc_hd__buf_1)
                  0.02    0.09    3.52 v _384_/X (sky130_fd_sc_hd__buf_1)
     1    0.00                           _064_ (net)
                  0.02    0.00    3.52 v _453_/D (sky130_fd_sc_hd__dfrtp_2)
                                  3.52   data arrival time

                  0.15   10.00   10.00   clock clk (rise edge)
                          0.00   10.00   clock network delay (ideal)
                         -0.25    9.75   clock uncertainty
                          0.00    9.75   clock reconvergence pessimism
                                  9.75 ^ _453_/CLK (sky130_fd_sc_hd__dfrtp_2)
                         -0.08    9.67   library setup time
                                  9.67   data required time
-----------------------------------------------------------------------------
                                  9.67   data required time
                                 -3.52   data arrival time
-----------------------------------------------------------------------------
                                  6.14   slack (MET)


Startpoint: m_req (input port clocked by clk)
Endpoint: _451_ (rising edge-triggered flip-flop clocked by clk)
Path Group: clk
Path Type: max

Fanout     Cap    Slew   Delay    Time   Description
-----------------------------------------------------------------------------
                  0.15    0.00    0.00   clock clk (rise edge)
                          0.00    0.00   clock network delay (ideal)
                          2.00    2.00 ^ input external delay
                  0.07    0.05    2.05 ^ m_req (in)
     1    0.01                           m_req (net)
                  0.07    0.00    2.05 ^ _249_/C_N (sky130_fd_sc_hd__or3b_2)
                  0.09    0.48    2.53 v _249_/X (sky130_fd_sc_hd__or3b_2)
     3    0.01                           _104_ (net)
                  0.09    0.00    2.53 v _271_/A (sky130_fd_sc_hd__buf_1)
                  0.47    0.46    2.99 v _271_/X (sky130_fd_sc_hd__buf_1)
    10    0.08                           _115_ (net)
                  0.47    0.00    3.00 v _379_/S (sky130_fd_sc_hd__mux2_2)
                  0.05    0.44    3.43 v _379_/X (sky130_fd_sc_hd__mux2_2)
     1    0.00                           _172_ (net)
                  0.05    0.00    3.43 v _380_/A (sky130_fd_sc_hd__buf_1)
                  0.02    0.09    3.52 v _380_/X (sky130_fd_sc_hd__buf_1)
     1    0.00                           _062_ (net)
                  0.02    0.00    3.52 v _451_/D (sky130_fd_sc_hd__dfrtp_2)
                                  3.52   data arrival time

                  0.15   10.00   10.00   clock clk (rise edge)
                          0.00   10.00   clock network delay (ideal)
                         -0.25    9.75   clock uncertainty
                          0.00    9.75   clock reconvergence pessimism
                                  9.75 ^ _451_/CLK (sky130_fd_sc_hd__dfrtp_2)
                         -0.08    9.67   library setup time
                                  9.67   data required time
-----------------------------------------------------------------------------
                                  9.67   data required time
                                 -3.52   data arrival time
-----------------------------------------------------------------------------
                                  6.15   slack (MET)


Startpoint: m_req (input port clocked by clk)
Endpoint: _455_ (rising edge-triggered flip-flop clocked by clk)
Path Group: clk
Path Type: max

Fanout     Cap    Slew   Delay    Time   Description
-----------------------------------------------------------------------------
                  0.15    0.00    0.00   clock clk (rise edge)
                          0.00    0.00   clock network delay (ideal)
                          2.00    2.00 ^ input external delay
                  0.07    0.05    2.05 ^ m_req (in)
     1    0.01                           m_req (net)
                  0.07    0.00    2.05 ^ _249_/C_N (sky130_fd_sc_hd__or3b_2)
                  0.09    0.48    2.53 v _249_/X (sky130_fd_sc_hd__or3b_2)
     3    0.01                           _104_ (net)
                  0.09    0.00    2.53 v _271_/A (sky130_fd_sc_hd__buf_1)
                  0.47    0.46    2.99 v _271_/X (sky130_fd_sc_hd__buf_1)
    10    0.08                           _115_ (net)
                  0.47    0.00    3.00 v _387_/S (sky130_fd_sc_hd__mux2_2)
                  0.05    0.44    3.43 v _387_/X (sky130_fd_sc_hd__mux2_2)
     1    0.00                           _176_ (net)
                  0.05    0.00    3.43 v _388_/A (sky130_fd_sc_hd__buf_1)
                  0.02    0.09    3.52 v _388_/X (sky130_fd_sc_hd__buf_1)
     1    0.00                           _066_ (net)
                  0.02    0.00    3.52 v _455_/D (sky130_fd_sc_hd__dfrtp_2)
                                  3.52   data arrival time

                  0.15   10.00   10.00   clock clk (rise edge)
                          0.00   10.00   clock network delay (ideal)
                         -0.25    9.75   clock uncertainty
                          0.00    9.75   clock reconvergence pessimism
                                  9.75 ^ _455_/CLK (sky130_fd_sc_hd__dfrtp_2)
                         -0.08    9.67   library setup time
                                  9.67   data required time
-----------------------------------------------------------------------------
                                  9.67   data required time
                                 -3.52   data arrival time
-----------------------------------------------------------------------------
                                  6.15   slack (MET)


Startpoint: m_req (input port clocked by clk)
Endpoint: _450_ (rising edge-triggered flip-flop clocked by clk)
Path Group: clk
Path Type: max

Fanout     Cap    Slew   Delay    Time   Description
-----------------------------------------------------------------------------
                  0.15    0.00    0.00   clock clk (rise edge)
                          0.00    0.00   clock network delay (ideal)
                          2.00    2.00 ^ input external delay
                  0.07    0.05    2.05 ^ m_req (in)
     1    0.01                           m_req (net)
                  0.07    0.00    2.05 ^ _249_/C_N (sky130_fd_sc_hd__or3b_2)
                  0.09    0.48    2.53 v _249_/X (sky130_fd_sc_hd__or3b_2)
     3    0.01                           _104_ (net)
                  0.09    0.00    2.53 v _271_/A (sky130_fd_sc_hd__buf_1)
                  0.47    0.46    2.99 v _271_/X (sky130_fd_sc_hd__buf_1)
    10    0.08                           _115_ (net)
                  0.47    0.00    2.99 v _377_/S (sky130_fd_sc_hd__mux2_2)
                  0.05    0.44    3.43 v _377_/X (sky130_fd_sc_hd__mux2_2)
     1    0.00                           _171_ (net)
                  0.05    0.00    3.43 v _378_/A (sky130_fd_sc_hd__buf_1)
                  0.02    0.09    3.52 v _378_/X (sky130_fd_sc_hd__buf_1)
     1    0.00                           _061_ (net)
                  0.02    0.00    3.52 v _450_/D (sky130_fd_sc_hd__dfrtp_2)
                                  3.52   data arrival time

                  0.15   10.00   10.00   clock clk (rise edge)
                          0.00   10.00   clock network delay (ideal)
                         -0.25    9.75   clock uncertainty
                          0.00    9.75   clock reconvergence pessimism
                                  9.75 ^ _450_/CLK (sky130_fd_sc_hd__dfrtp_2)
                         -0.08    9.67   library setup time
                                  9.67   data required time
-----------------------------------------------------------------------------
                                  9.67   data required time
                                 -3.52   data arrival time
-----------------------------------------------------------------------------
                                  6.15   slack (MET)


Startpoint: m_req (input port clocked by clk)
Endpoint: _452_ (rising edge-triggered flip-flop clocked by clk)
Path Group: clk
Path Type: max

Fanout     Cap    Slew   Delay    Time   Description
-----------------------------------------------------------------------------
                  0.15    0.00    0.00   clock clk (rise edge)
                          0.00    0.00   clock network delay (ideal)
                          2.00    2.00 ^ input external delay
                  0.07    0.05    2.05 ^ m_req (in)
     1    0.01                           m_req (net)
                  0.07    0.00    2.05 ^ _249_/C_N (sky130_fd_sc_hd__or3b_2)
                  0.09    0.48    2.53 v _249_/X (sky130_fd_sc_hd__or3b_2)
     3    0.01                           _104_ (net)
                  0.09    0.00    2.53 v _271_/A (sky130_fd_sc_hd__buf_1)
                  0.47    0.46    2.99 v _271_/X (sky130_fd_sc_hd__buf_1)
    10    0.08                           _115_ (net)
                  0.47    0.00    2.99 v _381_/S (sky130_fd_sc_hd__mux2_2)
                  0.05    0.44    3.43 v _381_/X (sky130_fd_sc_hd__mux2_2)
     1    0.00                           _173_ (net)
                  0.05    0.00    3.43 v _382_/A (sky130_fd_sc_hd__buf_1)
                  0.02    0.09    3.52 v _382_/X (sky130_fd_sc_hd__buf_1)
     1    0.00                           _063_ (net)
                  0.02    0.00    3.52 v _452_/D (sky130_fd_sc_hd__dfrtp_2)
                                  3.52   data arrival time

                  0.15   10.00   10.00   clock clk (rise edge)
                          0.00   10.00   clock network delay (ideal)
                         -0.25    9.75   clock uncertainty
                          0.00    9.75   clock reconvergence pessimism
                                  9.75 ^ _452_/CLK (sky130_fd_sc_hd__dfrtp_2)
                         -0.08    9.67   library setup time
                                  9.67   data required time
-----------------------------------------------------------------------------
                                  9.67   data required time
                                 -3.52   data arrival time
-----------------------------------------------------------------------------
                                  6.15   slack (MET)


Startpoint: m_req (input port clocked by clk)
Endpoint: _396_ (rising edge-triggered flip-flop clocked by clk)
Path Group: clk
Path Type: max

Fanout     Cap    Slew   Delay    Time   Description
-----------------------------------------------------------------------------
                  0.15    0.00    0.00   clock clk (rise edge)
                          0.00    0.00   clock network delay (ideal)
                          2.00    2.00 ^ input external delay
                  0.07    0.05    2.05 ^ m_req (in)
     1    0.01                           m_req (net)
                  0.07    0.00    2.05 ^ _249_/C_N (sky130_fd_sc_hd__or3b_2)
                  0.09    0.48    2.53 v _249_/X (sky130_fd_sc_hd__or3b_2)
     3    0.01                           _104_ (net)
                  0.09    0.00    2.53 v _250_/A (sky130_fd_sc_hd__buf_1)
                  0.40    0.40    2.94 v _250_/X (sky130_fd_sc_hd__buf_1)
    10    0.07                           _105_ (net)
                  0.40    0.01    2.95 v _263_/S (sky130_fd_sc_hd__mux2_2)
                  0.05    0.41    3.36 v _263_/X (sky130_fd_sc_hd__mux2_2)
     1    0.00                           _111_ (net)
                  0.05    0.00    3.36 v _264_/A (sky130_fd_sc_hd__buf_1)
                  0.02    0.09    3.44 v _264_/X (sky130_fd_sc_hd__buf_1)
     1    0.00                           _007_ (net)
                  0.02    0.00    3.44 v _396_/D (sky130_fd_sc_hd__dfrtp_2)
                                  3.44   data arrival time

                  0.15   10.00   10.00   clock clk (rise edge)
                          0.00   10.00   clock network delay (ideal)
                         -0.25    9.75   clock uncertainty
                          0.00    9.75   clock reconvergence pessimism
                                  9.75 ^ _396_/CLK (sky130_fd_sc_hd__dfrtp_2)
                         -0.08    9.67   library setup time
                                  9.67   data required time
-----------------------------------------------------------------------------
                                  9.67   data required time
                                 -3.44   data arrival time
-----------------------------------------------------------------------------
                                  6.22   slack (MET)


Startpoint: m_req (input port clocked by clk)
Endpoint: _393_ (rising edge-triggered flip-flop clocked by clk)
Path Group: clk
Path Type: max

Fanout     Cap    Slew   Delay    Time   Description
-----------------------------------------------------------------------------
                  0.15    0.00    0.00   clock clk (rise edge)
                          0.00    0.00   clock network delay (ideal)
                          2.00    2.00 ^ input external delay
                  0.07    0.05    2.05 ^ m_req (in)
     1    0.01                           m_req (net)
                  0.07    0.00    2.05 ^ _249_/C_N (sky130_fd_sc_hd__or3b_2)
                  0.09    0.48    2.53 v _249_/X (sky130_fd_sc_hd__or3b_2)
     3    0.01                           _104_ (net)
                  0.09    0.00    2.53 v _250_/A (sky130_fd_sc_hd__buf_1)
                  0.40    0.40    2.94 v _250_/X (sky130_fd_sc_hd__buf_1)
    10    0.07                           _105_ (net)
                  0.40    0.01    2.95 v _257_/S (sky130_fd_sc_hd__mux2_2)
                  0.05    0.41    3.36 v _257_/X (sky130_fd_sc_hd__mux2_2)
     1    0.00                           _108_ (net)
                  0.05    0.00    3.36 v _258_/A (sky130_fd_sc_hd__buf_1)
                  0.02    0.09    3.44 v _258_/X (sky130_fd_sc_hd__buf_1)
     1    0.00                           _004_ (net)
                  0.02    0.00    3.44 v _393_/D (sky130_fd_sc_hd__dfrtp_2)
                                  3.44   data arrival time

                  0.15   10.00   10.00   clock clk (rise edge)
                          0.00   10.00   clock network delay (ideal)
                         -0.25    9.75   clock uncertainty
                          0.00    9.75   clock reconvergence pessimism
                                  9.75 ^ _393_/CLK (sky130_fd_sc_hd__dfrtp_2)
                         -0.08    9.67   library setup time
                                  9.67   data required time
-----------------------------------------------------------------------------
                                  9.67   data required time
                                 -3.44   data arrival time
-----------------------------------------------------------------------------
                                  6.22   slack (MET)


Startpoint: m_req (input port clocked by clk)
Endpoint: _394_ (rising edge-triggered flip-flop clocked by clk)
Path Group: clk
Path Type: max

Fanout     Cap    Slew   Delay    Time   Description
-----------------------------------------------------------------------------
                  0.15    0.00    0.00   clock clk (rise edge)
                          0.00    0.00   clock network delay (ideal)
                          2.00    2.00 ^ input external delay
                  0.07    0.05    2.05 ^ m_req (in)
     1    0.01                           m_req (net)
                  0.07    0.00    2.05 ^ _249_/C_N (sky130_fd_sc_hd__or3b_2)
                  0.09    0.48    2.53 v _249_/X (sky130_fd_sc_hd__or3b_2)
     3    0.01                           _104_ (net)
                  0.09    0.00    2.53 v _250_/A (sky130_fd_sc_hd__buf_1)
                  0.40    0.40    2.94 v _250_/X (sky130_fd_sc_hd__buf_1)
    10    0.07                           _105_ (net)
                  0.40    0.01    2.94 v _259_/S (sky130_fd_sc_hd__mux2_2)
                  0.05    0.41    3.35 v _259_/X (sky130_fd_sc_hd__mux2_2)
     1    0.00                           _109_ (net)
                  0.05    0.00    3.35 v _260_/A (sky130_fd_sc_hd__buf_1)
                  0.02    0.09    3.44 v _260_/X (sky130_fd_sc_hd__buf_1)
     1    0.00                           _005_ (net)
                  0.02    0.00    3.44 v _394_/D (sky130_fd_sc_hd__dfrtp_2)
                                  3.44   data arrival time

                  0.15   10.00   10.00   clock clk (rise edge)
                          0.00   10.00   clock network delay (ideal)
                         -0.25    9.75   clock uncertainty
                          0.00    9.75   clock reconvergence pessimism
                                  9.75 ^ _394_/CLK (sky130_fd_sc_hd__dfrtp_2)
                         -0.08    9.67   library setup time
                                  9.67   data required time
-----------------------------------------------------------------------------
                                  9.67   data required time
                                 -3.44   data arrival time
-----------------------------------------------------------------------------
                                  6.22   slack (MET)


Startpoint: m_req (input port clocked by clk)
Endpoint: _399_ (rising edge-triggered flip-flop clocked by clk)
Path Group: clk
Path Type: max

Fanout     Cap    Slew   Delay    Time   Description
-----------------------------------------------------------------------------
                  0.15    0.00    0.00   clock clk (rise edge)
                          0.00    0.00   clock network delay (ideal)
                          2.00    2.00 ^ input external delay
                  0.07    0.05    2.05 ^ m_req (in)
     1    0.01                           m_req (net)
                  0.07    0.00    2.05 ^ _249_/C_N (sky130_fd_sc_hd__or3b_2)
                  0.09    0.48    2.53 v _249_/X (sky130_fd_sc_hd__or3b_2)
     3    0.01                           _104_ (net)
                  0.09    0.00    2.53 v _250_/A (sky130_fd_sc_hd__buf_1)
                  0.40    0.40    2.94 v _250_/X (sky130_fd_sc_hd__buf_1)
    10    0.07                           _105_ (net)
                  0.40    0.01    2.94 v _269_/S (sky130_fd_sc_hd__mux2_2)
                  0.05    0.41    3.35 v _269_/X (sky130_fd_sc_hd__mux2_2)
     1    0.00                           _114_ (net)
                  0.05    0.00    3.35 v _270_/A (sky130_fd_sc_hd__buf_1)
                  0.02    0.09    3.44 v _270_/X (sky130_fd_sc_hd__buf_1)
     1    0.00                           _010_ (net)
                  0.02    0.00    3.44 v _399_/D (sky130_fd_sc_hd__dfrtp_2)
                                  3.44   data arrival time

                  0.15   10.00   10.00   clock clk (rise edge)
                          0.00   10.00   clock network delay (ideal)
                         -0.25    9.75   clock uncertainty
                          0.00    9.75   clock reconvergence pessimism
                                  9.75 ^ _399_/CLK (sky130_fd_sc_hd__dfrtp_2)
                         -0.08    9.67   library setup time
                                  9.67   data required time
-----------------------------------------------------------------------------
                                  9.67   data required time
                                 -3.44   data arrival time
-----------------------------------------------------------------------------
                                  6.22   slack (MET)


Startpoint: m_req (input port clocked by clk)
Endpoint: _395_ (rising edge-triggered flip-flop clocked by clk)
Path Group: clk
Path Type: max

Fanout     Cap    Slew   Delay    Time   Description
-----------------------------------------------------------------------------
                  0.15    0.00    0.00   clock clk (rise edge)
                          0.00    0.00   clock network delay (ideal)
                          2.00    2.00 ^ input external delay
                  0.07    0.05    2.05 ^ m_req (in)
     1    0.01                           m_req (net)
                  0.07    0.00    2.05 ^ _249_/C_N (sky130_fd_sc_hd__or3b_2)
                  0.09    0.48    2.53 v _249_/X (sky130_fd_sc_hd__or3b_2)
     3    0.01                           _104_ (net)
                  0.09    0.00    2.53 v _250_/A (sky130_fd_sc_hd__buf_1)
                  0.40    0.40    2.94 v _250_/X (sky130_fd_sc_hd__buf_1)
    10    0.07                           _105_ (net)
                  0.40    0.00    2.94 v _261_/S (sky130_fd_sc_hd__mux2_2)
                  0.05    0.41    3.35 v _261_/X (sky130_fd_sc_hd__mux2_2)
     1    0.00                           _110_ (net)
                  0.05    0.00    3.35 v _262_/A (sky130_fd_sc_hd__buf_1)
                  0.02    0.09    3.44 v _262_/X (sky130_fd_sc_hd__buf_1)
     1    0.00                           _006_ (net)
                  0.02    0.00    3.44 v _395_/D (sky130_fd_sc_hd__dfrtp_2)
                                  3.44   data arrival time

                  0.15   10.00   10.00   clock clk (rise edge)
                          0.00   10.00   clock network delay (ideal)
                         -0.25    9.75   clock uncertainty
                          0.00    9.75   clock reconvergence pessimism
                                  9.75 ^ _395_/CLK (sky130_fd_sc_hd__dfrtp_2)
                         -0.08    9.67   library setup time
                                  9.67   data required time
-----------------------------------------------------------------------------
                                  9.67   data required time
                                 -3.44   data arrival time
-----------------------------------------------------------------------------
                                  6.22   slack (MET)


Startpoint: m_req (input port clocked by clk)
Endpoint: _398_ (rising edge-triggered flip-flop clocked by clk)
Path Group: clk
Path Type: max

Fanout     Cap    Slew   Delay    Time   Description
-----------------------------------------------------------------------------
                  0.15    0.00    0.00   clock clk (rise edge)
                          0.00    0.00   clock network delay (ideal)
                          2.00    2.00 ^ input external delay
                  0.07    0.05    2.05 ^ m_req (in)
     1    0.01                           m_req (net)
                  0.07    0.00    2.05 ^ _249_/C_N (sky130_fd_sc_hd__or3b_2)
                  0.09    0.48    2.53 v _249_/X (sky130_fd_sc_hd__or3b_2)
     3    0.01                           _104_ (net)
                  0.09    0.00    2.53 v _250_/A (sky130_fd_sc_hd__buf_1)
                  0.40    0.40    2.94 v _250_/X (sky130_fd_sc_hd__buf_1)
    10    0.07                           _105_ (net)
                  0.40    0.00    2.94 v _267_/S (sky130_fd_sc_hd__mux2_2)
                  0.05    0.41    3.35 v _267_/X (sky130_fd_sc_hd__mux2_2)
     1    0.00                           _113_ (net)
                  0.05    0.00    3.35 v _268_/A (sky130_fd_sc_hd__buf_1)
                  0.02    0.09    3.44 v _268_/X (sky130_fd_sc_hd__buf_1)
     1    0.00                           _009_ (net)
                  0.02    0.00    3.44 v _398_/D (sky130_fd_sc_hd__dfrtp_2)
                                  3.44   data arrival time

                  0.15   10.00   10.00   clock clk (rise edge)
                          0.00   10.00   clock network delay (ideal)
                         -0.25    9.75   clock uncertainty
                          0.00    9.75   clock reconvergence pessimism
                                  9.75 ^ _398_/CLK (sky130_fd_sc_hd__dfrtp_2)
                         -0.08    9.67   library setup time
                                  9.67   data required time
-----------------------------------------------------------------------------
                                  9.67   data required time
                                 -3.44   data arrival time
-----------------------------------------------------------------------------
                                  6.22   slack (MET)


Startpoint: m_req (input port clocked by clk)
Endpoint: _389_ (rising edge-triggered flip-flop clocked by clk)
Path Group: clk
Path Type: max

Fanout     Cap    Slew   Delay    Time   Description
-----------------------------------------------------------------------------
                  0.15    0.00    0.00   clock clk (rise edge)
                          0.00    0.00   clock network delay (ideal)
                          2.00    2.00 ^ input external delay
                  0.07    0.05    2.05 ^ m_req (in)
     1    0.01                           m_req (net)
                  0.07    0.00    2.05 ^ _249_/C_N (sky130_fd_sc_hd__or3b_2)
                  0.09    0.48    2.53 v _249_/X (sky130_fd_sc_hd__or3b_2)
     3    0.01                           _104_ (net)
                  0.09    0.00    2.53 v _250_/A (sky130_fd_sc_hd__buf_1)
                  0.40    0.40    2.94 v _250_/X (sky130_fd_sc_hd__buf_1)
    10    0.07                           _105_ (net)
                  0.40    0.00    2.94 v _251_/S (sky130_fd_sc_hd__mux2_2)
                  0.05    0.41    3.35 v _251_/X (sky130_fd_sc_hd__mux2_2)
     1    0.00                           _106_ (net)
                  0.05    0.00    3.35 v _252_/A (sky130_fd_sc_hd__buf_1)
                  0.02    0.09    3.44 v _252_/X (sky130_fd_sc_hd__buf_1)
     1    0.00                           _000_ (net)
                  0.02    0.00    3.44 v _389_/D (sky130_fd_sc_hd__dfrtp_2)
                                  3.44   data arrival time

                  0.15   10.00   10.00   clock clk (rise edge)
                          0.00   10.00   clock network delay (ideal)
                         -0.25    9.75   clock uncertainty
                          0.00    9.75   clock reconvergence pessimism
                                  9.75 ^ _389_/CLK (sky130_fd_sc_hd__dfrtp_2)
                         -0.08    9.67   library setup time
                                  9.67   data required time
-----------------------------------------------------------------------------
                                  9.67   data required time
                                 -3.44   data arrival time
-----------------------------------------------------------------------------
                                  6.23   slack (MET)


Startpoint: m_req (input port clocked by clk)
Endpoint: _397_ (rising edge-triggered flip-flop clocked by clk)
Path Group: clk
Path Type: max

Fanout     Cap    Slew   Delay    Time   Description
-----------------------------------------------------------------------------
                  0.15    0.00    0.00   clock clk (rise edge)
                          0.00    0.00   clock network delay (ideal)
                          2.00    2.00 ^ input external delay
                  0.07    0.05    2.05 ^ m_req (in)
     1    0.01                           m_req (net)
                  0.07    0.00    2.05 ^ _249_/C_N (sky130_fd_sc_hd__or3b_2)
                  0.09    0.48    2.53 v _249_/X (sky130_fd_sc_hd__or3b_2)
     3    0.01                           _104_ (net)
                  0.09    0.00    2.53 v _250_/A (sky130_fd_sc_hd__buf_1)
                  0.40    0.40    2.94 v _250_/X (sky130_fd_sc_hd__buf_1)
    10    0.07                           _105_ (net)
                  0.40    0.01    2.94 v _265_/S (sky130_fd_sc_hd__mux2_2)
                  0.05    0.41    3.35 v _265_/X (sky130_fd_sc_hd__mux2_2)
     1    0.00                           _112_ (net)
                  0.05    0.00    3.35 v _266_/A (sky130_fd_sc_hd__buf_1)
                  0.02    0.09    3.44 v _266_/X (sky130_fd_sc_hd__buf_1)
     1    0.00                           _008_ (net)
                  0.02    0.00    3.44 v _397_/D (sky130_fd_sc_hd__dfrtp_2)
                                  3.44   data arrival time

                  0.15   10.00   10.00   clock clk (rise edge)
                          0.00   10.00   clock network delay (ideal)
                         -0.25    9.75   clock uncertainty
                          0.00    9.75   clock reconvergence pessimism
                                  9.75 ^ _397_/CLK (sky130_fd_sc_hd__dfrtp_2)
                         -0.08    9.67   library setup time
                                  9.67   data required time
-----------------------------------------------------------------------------
                                  9.67   data required time
                                 -3.44   data arrival time
-----------------------------------------------------------------------------
                                  6.23   slack (MET)


Startpoint: m_req (input port clocked by clk)
Endpoint: _392_ (rising edge-triggered flip-flop clocked by clk)
Path Group: clk
Path Type: max

Fanout     Cap    Slew   Delay    Time   Description
-----------------------------------------------------------------------------
                  0.15    0.00    0.00   clock clk (rise edge)
                          0.00    0.00   clock network delay (ideal)
                          2.00    2.00 ^ input external delay
                  0.07    0.05    2.05 ^ m_req (in)
     1    0.01                           m_req (net)
                  0.07    0.00    2.05 ^ _249_/C_N (sky130_fd_sc_hd__or3b_2)
                  0.09    0.48    2.53 v _249_/X (sky130_fd_sc_hd__or3b_2)
     3    0.01                           _104_ (net)
                  0.09    0.00    2.53 v _250_/A (sky130_fd_sc_hd__buf_1)
                  0.40    0.40    2.94 v _250_/X (sky130_fd_sc_hd__buf_1)
    10    0.07                           _105_ (net)
                  0.40    0.00    2.94 v _255_/S (sky130_fd_sc_hd__mux2_2)
                  0.05    0.41    3.35 v _255_/X (sky130_fd_sc_hd__mux2_2)
     1    0.00                           _107_ (net)
                  0.05    0.00    3.35 v _256_/A (sky130_fd_sc_hd__buf_1)
                  0.02    0.09    3.44 v _256_/X (sky130_fd_sc_hd__buf_1)
     1    0.00                           _003_ (net)
                  0.02    0.00    3.44 v _392_/D (sky130_fd_sc_hd__dfrtp_2)
                                  3.44   data arrival time

                  0.15   10.00   10.00   clock clk (rise edge)
                          0.00   10.00   clock network delay (ideal)
                         -0.25    9.75   clock uncertainty
                          0.00    9.75   clock reconvergence pessimism
                                  9.75 ^ _392_/CLK (sky130_fd_sc_hd__dfrtp_2)
                         -0.08    9.67   library setup time
                                  9.67   data required time
-----------------------------------------------------------------------------
                                  9.67   data required time
                                 -3.44   data arrival time
-----------------------------------------------------------------------------
                                  6.23   slack (MET)


Startpoint: m_req (input port clocked by clk)
Endpoint: _445_ (rising edge-triggered flip-flop clocked by clk)
Path Group: clk
Path Type: max

Fanout     Cap    Slew   Delay    Time   Description
-----------------------------------------------------------------------------
                  0.15    0.00    0.00   clock clk (rise edge)
                          0.00    0.00   clock network delay (ideal)
                          2.00    2.00 ^ input external delay
                  0.07    0.05    2.05 ^ m_req (in)
     1    0.01                           m_req (net)
                  0.07    0.00    2.05 ^ _249_/C_N (sky130_fd_sc_hd__or3b_2)
                  0.09    0.48    2.53 v _249_/X (sky130_fd_sc_hd__or3b_2)
     3    0.01                           _104_ (net)
                  0.09    0.00    2.53 v _356_/A (sky130_fd_sc_hd__buf_1)
                  0.36    0.37    2.91 v _356_/X (sky130_fd_sc_hd__buf_1)
    10    0.06                           _160_ (net)
                  0.36    0.01    2.91 v _367_/S (sky130_fd_sc_hd__mux2_2)
                  0.05    0.40    3.31 v _367_/X (sky130_fd_sc_hd__mux2_2)
     1    0.00                           _166_ (net)
                  0.05    0.00    3.31 v _368_/A (sky130_fd_sc_hd__buf_1)
                  0.02    0.09    3.40 v _368_/X (sky130_fd_sc_hd__buf_1)
     1    0.00                           _056_ (net)
                  0.02    0.00    3.40 v _445_/D (sky130_fd_sc_hd__dfrtp_2)
                                  3.40   data arrival time

                  0.15   10.00   10.00   clock clk (rise edge)
                          0.00   10.00   clock network delay (ideal)
                         -0.25    9.75   clock uncertainty
                          0.00    9.75   clock reconvergence pessimism
                                  9.75 ^ _445_/CLK (sky130_fd_sc_hd__dfrtp_2)
                         -0.08    9.67   library setup time
                                  9.67   data required time
-----------------------------------------------------------------------------
                                  9.67   data required time
                                 -3.40   data arrival time
-----------------------------------------------------------------------------
                                  6.27   slack (MET)


Startpoint: m_req (input port clocked by clk)
Endpoint: _444_ (rising edge-triggered flip-flop clocked by clk)
Path Group: clk
Path Type: max

Fanout     Cap    Slew   Delay    Time   Description
-----------------------------------------------------------------------------
                  0.15    0.00    0.00   clock clk (rise edge)
                          0.00    0.00   clock network delay (ideal)
                          2.00    2.00 ^ input external delay
                  0.07    0.05    2.05 ^ m_req (in)
     1    0.01                           m_req (net)
                  0.07    0.00    2.05 ^ _249_/C_N (sky130_fd_sc_hd__or3b_2)
                  0.09    0.48    2.53 v _249_/X (sky130_fd_sc_hd__or3b_2)
     3    0.01                           _104_ (net)
                  0.09    0.00    2.53 v _356_/A (sky130_fd_sc_hd__buf_1)
                  0.36    0.37    2.91 v _356_/X (sky130_fd_sc_hd__buf_1)
    10    0.06                           _160_ (net)
                  0.36    0.01    2.91 v _365_/S (sky130_fd_sc_hd__mux2_2)
                  0.05    0.40    3.31 v _365_/X (sky130_fd_sc_hd__mux2_2)
     1    0.00                           _165_ (net)
                  0.05    0.00    3.31 v _366_/A (sky130_fd_sc_hd__buf_1)
                  0.02    0.09    3.40 v _366_/X (sky130_fd_sc_hd__buf_1)
     1    0.00                           _055_ (net)
                  0.02    0.00    3.40 v _444_/D (sky130_fd_sc_hd__dfrtp_2)
                                  3.40   data arrival time

                  0.15   10.00   10.00   clock clk (rise edge)
                          0.00   10.00   clock network delay (ideal)
                         -0.25    9.75   clock uncertainty
                          0.00    9.75   clock reconvergence pessimism
                                  9.75 ^ _444_/CLK (sky130_fd_sc_hd__dfrtp_2)
                         -0.08    9.67   library setup time
                                  9.67   data required time
-----------------------------------------------------------------------------
                                  9.67   data required time
                                 -3.40   data arrival time
-----------------------------------------------------------------------------
                                  6.27   slack (MET)


Startpoint: m_req (input port clocked by clk)
Endpoint: _442_ (rising edge-triggered flip-flop clocked by clk)
Path Group: clk
Path Type: max

Fanout     Cap    Slew   Delay    Time   Description
-----------------------------------------------------------------------------
                  0.15    0.00    0.00   clock clk (rise edge)
                          0.00    0.00   clock network delay (ideal)
                          2.00    2.00 ^ input external delay
                  0.07    0.05    2.05 ^ m_req (in)
     1    0.01                           m_req (net)
                  0.07    0.00    2.05 ^ _249_/C_N (sky130_fd_sc_hd__or3b_2)
                  0.09    0.48    2.53 v _249_/X (sky130_fd_sc_hd__or3b_2)
     3    0.01                           _104_ (net)
                  0.09    0.00    2.53 v _356_/A (sky130_fd_sc_hd__buf_1)
                  0.36    0.37    2.91 v _356_/X (sky130_fd_sc_hd__buf_1)
    10    0.06                           _160_ (net)
                  0.36    0.00    2.91 v _361_/S (sky130_fd_sc_hd__mux2_2)
                  0.05    0.40    3.31 v _361_/X (sky130_fd_sc_hd__mux2_2)
     1    0.00                           _163_ (net)
                  0.05    0.00    3.31 v _362_/A (sky130_fd_sc_hd__buf_1)
                  0.02    0.09    3.40 v _362_/X (sky130_fd_sc_hd__buf_1)
     1    0.00                           _053_ (net)
                  0.02    0.00    3.40 v _442_/D (sky130_fd_sc_hd__dfrtp_2)
                                  3.40   data arrival time

                  0.15   10.00   10.00   clock clk (rise edge)
                          0.00   10.00   clock network delay (ideal)
                         -0.25    9.75   clock uncertainty
                          0.00    9.75   clock reconvergence pessimism
                                  9.75 ^ _442_/CLK (sky130_fd_sc_hd__dfrtp_2)
                         -0.08    9.67   library setup time
                                  9.67   data required time
-----------------------------------------------------------------------------
                                  9.67   data required time
                                 -3.40   data arrival time
-----------------------------------------------------------------------------
                                  6.27   slack (MET)


Startpoint: m_req (input port clocked by clk)
Endpoint: _441_ (rising edge-triggered flip-flop clocked by clk)
Path Group: clk
Path Type: max

Fanout     Cap    Slew   Delay    Time   Description
-----------------------------------------------------------------------------
                  0.15    0.00    0.00   clock clk (rise edge)
                          0.00    0.00   clock network delay (ideal)
                          2.00    2.00 ^ input external delay
                  0.07    0.05    2.05 ^ m_req (in)
     1    0.01                           m_req (net)
                  0.07    0.00    2.05 ^ _249_/C_N (sky130_fd_sc_hd__or3b_2)
                  0.09    0.48    2.53 v _249_/X (sky130_fd_sc_hd__or3b_2)
     3    0.01                           _104_ (net)
                  0.09    0.00    2.53 v _356_/A (sky130_fd_sc_hd__buf_1)
                  0.36    0.37    2.91 v _356_/X (sky130_fd_sc_hd__buf_1)
    10    0.06                           _160_ (net)
                  0.36    0.00    2.91 v _359_/S (sky130_fd_sc_hd__mux2_2)
                  0.05    0.40    3.31 v _359_/X (sky130_fd_sc_hd__mux2_2)
     1    0.00                           _162_ (net)
                  0.05    0.00    3.31 v _360_/A (sky130_fd_sc_hd__buf_1)
                  0.02    0.09    3.40 v _360_/X (sky130_fd_sc_hd__buf_1)
     1    0.00                           _052_ (net)
                  0.02    0.00    3.40 v _441_/D (sky130_fd_sc_hd__dfrtp_2)
                                  3.40   data arrival time

                  0.15   10.00   10.00   clock clk (rise edge)
                          0.00   10.00   clock network delay (ideal)
                         -0.25    9.75   clock uncertainty
                          0.00    9.75   clock reconvergence pessimism
                                  9.75 ^ _441_/CLK (sky130_fd_sc_hd__dfrtp_2)
                         -0.08    9.67   library setup time
                                  9.67   data required time
-----------------------------------------------------------------------------
                                  9.67   data required time
                                 -3.40   data arrival time
-----------------------------------------------------------------------------
                                  6.27   slack (MET)


Startpoint: m_req (input port clocked by clk)
Endpoint: _448_ (rising edge-triggered flip-flop clocked by clk)
Path Group: clk
Path Type: max

Fanout     Cap    Slew   Delay    Time   Description
-----------------------------------------------------------------------------
                  0.15    0.00    0.00   clock clk (rise edge)
                          0.00    0.00   clock network delay (ideal)
                          2.00    2.00 ^ input external delay
                  0.07    0.05    2.05 ^ m_req (in)
     1    0.01                           m_req (net)
                  0.07    0.00    2.05 ^ _249_/C_N (sky130_fd_sc_hd__or3b_2)
                  0.09    0.48    2.53 v _249_/X (sky130_fd_sc_hd__or3b_2)
     3    0.01                           _104_ (net)
                  0.09    0.00    2.53 v _356_/A (sky130_fd_sc_hd__buf_1)
                  0.36    0.37    2.91 v _356_/X (sky130_fd_sc_hd__buf_1)
    10    0.06                           _160_ (net)
                  0.36    0.01    2.91 v _373_/S (sky130_fd_sc_hd__mux2_2)
                  0.05    0.40    3.31 v _373_/X (sky130_fd_sc_hd__mux2_2)
     1    0.00                           _169_ (net)
                  0.05    0.00    3.31 v _374_/A (sky130_fd_sc_hd__buf_1)
                  0.02    0.09    3.40 v _374_/X (sky130_fd_sc_hd__buf_1)
     1    0.00                           _059_ (net)
                  0.02    0.00    3.40 v _448_/D (sky130_fd_sc_hd__dfrtp_2)
                                  3.40   data arrival time

                  0.15   10.00   10.00   clock clk (rise edge)
                          0.00   10.00   clock network delay (ideal)
                         -0.25    9.75   clock uncertainty
                          0.00    9.75   clock reconvergence pessimism
                                  9.75 ^ _448_/CLK (sky130_fd_sc_hd__dfrtp_2)
                         -0.08    9.67   library setup time
                                  9.67   data required time
-----------------------------------------------------------------------------
                                  9.67   data required time
                                 -3.40   data arrival time
-----------------------------------------------------------------------------
                                  6.27   slack (MET)


Startpoint: m_req (input port clocked by clk)
Endpoint: _447_ (rising edge-triggered flip-flop clocked by clk)
Path Group: clk
Path Type: max

Fanout     Cap    Slew   Delay    Time   Description
-----------------------------------------------------------------------------
                  0.15    0.00    0.00   clock clk (rise edge)
                          0.00    0.00   clock network delay (ideal)
                          2.00    2.00 ^ input external delay
                  0.07    0.05    2.05 ^ m_req (in)
     1    0.01                           m_req (net)
                  0.07    0.00    2.05 ^ _249_/C_N (sky130_fd_sc_hd__or3b_2)
                  0.09    0.48    2.53 v _249_/X (sky130_fd_sc_hd__or3b_2)
     3    0.01                           _104_ (net)
                  0.09    0.00    2.53 v _356_/A (sky130_fd_sc_hd__buf_1)
                  0.36    0.37    2.91 v _356_/X (sky130_fd_sc_hd__buf_1)
    10    0.06                           _160_ (net)
                  0.36    0.00    2.91 v _371_/S (sky130_fd_sc_hd__mux2_2)
                  0.05    0.40    3.31 v _371_/X (sky130_fd_sc_hd__mux2_2)
     1    0.00                           _168_ (net)
                  0.05    0.00    3.31 v _372_/A (sky130_fd_sc_hd__buf_1)
                  0.02    0.09    3.40 v _372_/X (sky130_fd_sc_hd__buf_1)
     1    0.00                           _058_ (net)
                  0.02    0.00    3.40 v _447_/D (sky130_fd_sc_hd__dfrtp_2)
                                  3.40   data arrival time

                  0.15   10.00   10.00   clock clk (rise edge)
                          0.00   10.00   clock network delay (ideal)
                         -0.25    9.75   clock uncertainty
                          0.00    9.75   clock reconvergence pessimism
                                  9.75 ^ _447_/CLK (sky130_fd_sc_hd__dfrtp_2)
                         -0.08    9.67   library setup time
                                  9.67   data required time
-----------------------------------------------------------------------------
                                  9.67   data required time
                                 -3.40   data arrival time
-----------------------------------------------------------------------------
                                  6.27   slack (MET)


Startpoint: m_req (input port clocked by clk)
Endpoint: _443_ (rising edge-triggered flip-flop clocked by clk)
Path Group: clk
Path Type: max

Fanout     Cap    Slew   Delay    Time   Description
-----------------------------------------------------------------------------
                  0.15    0.00    0.00   clock clk (rise edge)
                          0.00    0.00   clock network delay (ideal)
                          2.00    2.00 ^ input external delay
                  0.07    0.05    2.05 ^ m_req (in)
     1    0.01                           m_req (net)
                  0.07    0.00    2.05 ^ _249_/C_N (sky130_fd_sc_hd__or3b_2)
                  0.09    0.48    2.53 v _249_/X (sky130_fd_sc_hd__or3b_2)
     3    0.01                           _104_ (net)
                  0.09    0.00    2.53 v _356_/A (sky130_fd_sc_hd__buf_1)
                  0.36    0.37    2.91 v _356_/X (sky130_fd_sc_hd__buf_1)
    10    0.06                           _160_ (net)
                  0.36    0.00    2.91 v _363_/S (sky130_fd_sc_hd__mux2_2)
                  0.05    0.40    3.31 v _363_/X (sky130_fd_sc_hd__mux2_2)
     1    0.00                           _164_ (net)
                  0.05    0.00    3.31 v _364_/A (sky130_fd_sc_hd__buf_1)
                  0.02    0.09    3.40 v _364_/X (sky130_fd_sc_hd__buf_1)
     1    0.00                           _054_ (net)
                  0.02    0.00    3.40 v _443_/D (sky130_fd_sc_hd__dfrtp_2)
                                  3.40   data arrival time

                  0.15   10.00   10.00   clock clk (rise edge)
                          0.00   10.00   clock network delay (ideal)
                         -0.25    9.75   clock uncertainty
                          0.00    9.75   clock reconvergence pessimism
                                  9.75 ^ _443_/CLK (sky130_fd_sc_hd__dfrtp_2)
                         -0.08    9.67   library setup time
                                  9.67   data required time
-----------------------------------------------------------------------------
                                  9.67   data required time
                                 -3.40   data arrival time
-----------------------------------------------------------------------------
                                  6.27   slack (MET)


Startpoint: m_req (input port clocked by clk)
Endpoint: _446_ (rising edge-triggered flip-flop clocked by clk)
Path Group: clk
Path Type: max

Fanout     Cap    Slew   Delay    Time   Description
-----------------------------------------------------------------------------
                  0.15    0.00    0.00   clock clk (rise edge)
                          0.00    0.00   clock network delay (ideal)
                          2.00    2.00 ^ input external delay
                  0.07    0.05    2.05 ^ m_req (in)
     1    0.01                           m_req (net)
                  0.07    0.00    2.05 ^ _249_/C_N (sky130_fd_sc_hd__or3b_2)
                  0.09    0.48    2.53 v _249_/X (sky130_fd_sc_hd__or3b_2)
     3    0.01                           _104_ (net)
                  0.09    0.00    2.53 v _356_/A (sky130_fd_sc_hd__buf_1)
                  0.36    0.37    2.91 v _356_/X (sky130_fd_sc_hd__buf_1)
    10    0.06                           _160_ (net)
                  0.36    0.00    2.91 v _369_/S (sky130_fd_sc_hd__mux2_2)
                  0.05    0.40    3.31 v _369_/X (sky130_fd_sc_hd__mux2_2)
     1    0.00                           _167_ (net)
                  0.05    0.00    3.31 v _370_/A (sky130_fd_sc_hd__buf_1)
                  0.02    0.09    3.39 v _370_/X (sky130_fd_sc_hd__buf_1)
     1    0.00                           _057_ (net)
                  0.02    0.00    3.39 v _446_/D (sky130_fd_sc_hd__dfrtp_2)
                                  3.39   data arrival time

                  0.15   10.00   10.00   clock clk (rise edge)
                          0.00   10.00   clock network delay (ideal)
                         -0.25    9.75   clock uncertainty
                          0.00    9.75   clock reconvergence pessimism
                                  9.75 ^ _446_/CLK (sky130_fd_sc_hd__dfrtp_2)
                         -0.08    9.67   library setup time
                                  9.67   data required time
-----------------------------------------------------------------------------
                                  9.67   data required time
                                 -3.39   data arrival time
-----------------------------------------------------------------------------
                                  6.27   slack (MET)


Startpoint: m_req (input port clocked by clk)
Endpoint: _449_ (rising edge-triggered flip-flop clocked by clk)
Path Group: clk
Path Type: max

Fanout     Cap    Slew   Delay    Time   Description
-----------------------------------------------------------------------------
                  0.15    0.00    0.00   clock clk (rise edge)
                          0.00    0.00   clock network delay (ideal)
                          2.00    2.00 ^ input external delay
                  0.07    0.05    2.05 ^ m_req (in)
     1    0.01                           m_req (net)
                  0.07    0.00    2.05 ^ _249_/C_N (sky130_fd_sc_hd__or3b_2)
                  0.09    0.48    2.53 v _249_/X (sky130_fd_sc_hd__or3b_2)
     3    0.01                           _104_ (net)
                  0.09    0.00    2.53 v _356_/A (sky130_fd_sc_hd__buf_1)
                  0.36    0.37    2.91 v _356_/X (sky130_fd_sc_hd__buf_1)
    10    0.06                           _160_ (net)
                  0.36    0.00    2.91 v _375_/S (sky130_fd_sc_hd__mux2_2)
                  0.05    0.40    3.31 v _375_/X (sky130_fd_sc_hd__mux2_2)
     1    0.00                           _170_ (net)
                  0.05    0.00    3.31 v _376_/A (sky130_fd_sc_hd__buf_1)
                  0.02    0.09    3.39 v _376_/X (sky130_fd_sc_hd__buf_1)
     1    0.00                           _060_ (net)
                  0.02    0.00    3.39 v _449_/D (sky130_fd_sc_hd__dfrtp_2)
                                  3.39   data arrival time

                  0.15   10.00   10.00   clock clk (rise edge)
                          0.00   10.00   clock network delay (ideal)
                         -0.25    9.75   clock uncertainty
                          0.00    9.75   clock reconvergence pessimism
                                  9.75 ^ _449_/CLK (sky130_fd_sc_hd__dfrtp_2)
                         -0.08    9.67   library setup time
                                  9.67   data required time
-----------------------------------------------------------------------------
                                  9.67   data required time
                                 -3.39   data arrival time
-----------------------------------------------------------------------------
                                  6.27   slack (MET)


Startpoint: m_req (input port clocked by clk)
Endpoint: _440_ (rising edge-triggered flip-flop clocked by clk)
Path Group: clk
Path Type: max

Fanout     Cap    Slew   Delay    Time   Description
-----------------------------------------------------------------------------
                  0.15    0.00    0.00   clock clk (rise edge)
                          0.00    0.00   clock network delay (ideal)
                          2.00    2.00 ^ input external delay
                  0.07    0.05    2.05 ^ m_req (in)
     1    0.01                           m_req (net)
                  0.07    0.00    2.05 ^ _249_/C_N (sky130_fd_sc_hd__or3b_2)
                  0.09    0.48    2.53 v _249_/X (sky130_fd_sc_hd__or3b_2)
     3    0.01                           _104_ (net)
                  0.09    0.00    2.53 v _356_/A (sky130_fd_sc_hd__buf_1)
                  0.36    0.37    2.91 v _356_/X (sky130_fd_sc_hd__buf_1)
    10    0.06                           _160_ (net)
                  0.36    0.00    2.91 v _357_/S (sky130_fd_sc_hd__mux2_2)
                  0.05    0.40    3.30 v _357_/X (sky130_fd_sc_hd__mux2_2)
     1    0.00                           _161_ (net)
                  0.05    0.00    3.30 v _358_/A (sky130_fd_sc_hd__buf_1)
                  0.02    0.09    3.39 v _358_/X (sky130_fd_sc_hd__buf_1)
     1    0.00                           _051_ (net)
                  0.02    0.00    3.39 v _440_/D (sky130_fd_sc_hd__dfrtp_2)
                                  3.39   data arrival time

                  0.15   10.00   10.00   clock clk (rise edge)
                          0.00   10.00   clock network delay (ideal)
                         -0.25    9.75   clock uncertainty
                          0.00    9.75   clock reconvergence pessimism
                                  9.75 ^ _440_/CLK (sky130_fd_sc_hd__dfrtp_2)
                         -0.08    9.67   library setup time
                                  9.67   data required time
-----------------------------------------------------------------------------
                                  9.67   data required time
                                 -3.39   data arrival time
-----------------------------------------------------------------------------
                                  6.27   slack (MET)


Startpoint: rstn (input port clocked by clk)
Endpoint: _454_ (recovery check against rising-edge clock clk)
Path Group: asynchronous
Path Type: max

Fanout     Cap    Slew   Delay    Time   Description
-----------------------------------------------------------------------------
                  0.15    0.00    0.00   clock clk (rise edge)
                          0.00    0.00   clock network delay (ideal)
                          2.00    2.00 ^ input external delay
                  1.57    1.16    3.16 ^ rstn (in)
    68    0.35                           rstn (net)
                  1.57    0.00    3.16 ^ _454_/RESET_B (sky130_fd_sc_hd__dfrtp_2)
                                  3.16   data arrival time

                  0.15   10.00   10.00   clock clk (rise edge)
                          0.00   10.00   clock network delay (ideal)
                         -0.25    9.75   clock uncertainty
                          0.00    9.75   clock reconvergence pessimism
                                  9.75 ^ _454_/CLK (sky130_fd_sc_hd__dfrtp_2)
                         -0.25    9.50   library recovery time
                                  9.50   data required time
-----------------------------------------------------------------------------
                                  9.50   data required time
                                 -3.16   data arrival time
-----------------------------------------------------------------------------
                                  6.34   slack (MET)


Startpoint: rstn (input port clocked by clk)
Endpoint: _453_ (recovery check against rising-edge clock clk)
Path Group: asynchronous
Path Type: max

Fanout     Cap    Slew   Delay    Time   Description
-----------------------------------------------------------------------------
                  0.15    0.00    0.00   clock clk (rise edge)
                          0.00    0.00   clock network delay (ideal)
                          2.00    2.00 ^ input external delay
                  1.57    1.16    3.16 ^ rstn (in)
    68    0.35                           rstn (net)
                  1.57    0.00    3.16 ^ _453_/RESET_B (sky130_fd_sc_hd__dfrtp_2)
                                  3.16   data arrival time

                  0.15   10.00   10.00   clock clk (rise edge)
                          0.00   10.00   clock network delay (ideal)
                         -0.25    9.75   clock uncertainty
                          0.00    9.75   clock reconvergence pessimism
                                  9.75 ^ _453_/CLK (sky130_fd_sc_hd__dfrtp_2)
                         -0.25    9.50   library recovery time
                                  9.50   data required time
-----------------------------------------------------------------------------
                                  9.50   data required time
                                 -3.16   data arrival time
-----------------------------------------------------------------------------
                                  6.34   slack (MET)


Startpoint: rstn (input port clocked by clk)
Endpoint: _430_ (recovery check against rising-edge clock clk)
Path Group: asynchronous
Path Type: max

Fanout     Cap    Slew   Delay    Time   Description
-----------------------------------------------------------------------------
                  0.15    0.00    0.00   clock clk (rise edge)
                          0.00    0.00   clock network delay (ideal)
                          2.00    2.00 ^ input external delay
                  1.57    1.16    3.16 ^ rstn (in)
    68    0.35                           rstn (net)
                  1.57    0.00    3.16 ^ _430_/RESET_B (sky130_fd_sc_hd__dfrtp_2)
                                  3.16   data arrival time

                  0.15   10.00   10.00   clock clk (rise edge)
                          0.00   10.00   clock network delay (ideal)
                         -0.25    9.75   clock uncertainty
                          0.00    9.75   clock reconvergence pessimism
                                  9.75 ^ _430_/CLK (sky130_fd_sc_hd__dfrtp_2)
                         -0.25    9.50   library recovery time
                                  9.50   data required time
-----------------------------------------------------------------------------
                                  9.50   data required time
                                 -3.16   data arrival time
-----------------------------------------------------------------------------
                                  6.35   slack (MET)


Startpoint: rstn (input port clocked by clk)
Endpoint: _445_ (recovery check against rising-edge clock clk)
Path Group: asynchronous
Path Type: max

Fanout     Cap    Slew   Delay    Time   Description
-----------------------------------------------------------------------------
                  0.15    0.00    0.00   clock clk (rise edge)
                          0.00    0.00   clock network delay (ideal)
                          2.00    2.00 ^ input external delay
                  1.57    1.16    3.16 ^ rstn (in)
    68    0.35                           rstn (net)
                  1.57    0.00    3.16 ^ _445_/RESET_B (sky130_fd_sc_hd__dfrtp_2)
                                  3.16   data arrival time

                  0.15   10.00   10.00   clock clk (rise edge)
                          0.00   10.00   clock network delay (ideal)
                         -0.25    9.75   clock uncertainty
                          0.00    9.75   clock reconvergence pessimism
                                  9.75 ^ _445_/CLK (sky130_fd_sc_hd__dfrtp_2)
                         -0.25    9.50   library recovery time
                                  9.50   data required time
-----------------------------------------------------------------------------
                                  9.50   data required time
                                 -3.16   data arrival time
-----------------------------------------------------------------------------
                                  6.35   slack (MET)


Startpoint: rstn (input port clocked by clk)
Endpoint: _451_ (recovery check against rising-edge clock clk)
Path Group: asynchronous
Path Type: max

Fanout     Cap    Slew   Delay    Time   Description
-----------------------------------------------------------------------------
                  0.15    0.00    0.00   clock clk (rise edge)
                          0.00    0.00   clock network delay (ideal)
                          2.00    2.00 ^ input external delay
                  1.57    1.16    3.16 ^ rstn (in)
    68    0.35                           rstn (net)
                  1.57    0.00    3.16 ^ _451_/RESET_B (sky130_fd_sc_hd__dfrtp_2)
                                  3.16   data arrival time

                  0.15   10.00   10.00   clock clk (rise edge)
                          0.00   10.00   clock network delay (ideal)
                         -0.25    9.75   clock uncertainty
                          0.00    9.75   clock reconvergence pessimism
                                  9.75 ^ _451_/CLK (sky130_fd_sc_hd__dfrtp_2)
                         -0.25    9.50   library recovery time
                                  9.50   data required time
-----------------------------------------------------------------------------
                                  9.50   data required time
                                 -3.16   data arrival time
-----------------------------------------------------------------------------
                                  6.35   slack (MET)


Startpoint: rstn (input port clocked by clk)
Endpoint: _448_ (recovery check against rising-edge clock clk)
Path Group: asynchronous
Path Type: max

Fanout     Cap    Slew   Delay    Time   Description
-----------------------------------------------------------------------------
                  0.15    0.00    0.00   clock clk (rise edge)
                          0.00    0.00   clock network delay (ideal)
                          2.00    2.00 ^ input external delay
                  1.57    1.16    3.16 ^ rstn (in)
    68    0.35                           rstn (net)
                  1.57    0.00    3.16 ^ _448_/RESET_B (sky130_fd_sc_hd__dfrtp_2)
                                  3.16   data arrival time

                  0.15   10.00   10.00   clock clk (rise edge)
                          0.00   10.00   clock network delay (ideal)
                         -0.25    9.75   clock uncertainty
                          0.00    9.75   clock reconvergence pessimism
                                  9.75 ^ _448_/CLK (sky130_fd_sc_hd__dfrtp_2)
                         -0.25    9.50   library recovery time
                                  9.50   data required time
-----------------------------------------------------------------------------
                                  9.50   data required time
                                 -3.16   data arrival time
-----------------------------------------------------------------------------
                                  6.35   slack (MET)


Startpoint: rstn (input port clocked by clk)
Endpoint: _399_ (recovery check against rising-edge clock clk)
Path Group: asynchronous
Path Type: max

Fanout     Cap    Slew   Delay    Time   Description
-----------------------------------------------------------------------------
                  0.15    0.00    0.00   clock clk (rise edge)
                          0.00    0.00   clock network delay (ideal)
                          2.00    2.00 ^ input external delay
                  1.57    1.16    3.16 ^ rstn (in)
    68    0.35                           rstn (net)
                  1.57    0.00    3.16 ^ _399_/RESET_B (sky130_fd_sc_hd__dfrtp_2)
                                  3.16   data arrival time

                  0.15   10.00   10.00   clock clk (rise edge)
                          0.00   10.00   clock network delay (ideal)
                         -0.25    9.75   clock uncertainty
                          0.00    9.75   clock reconvergence pessimism
                                  9.75 ^ _399_/CLK (sky130_fd_sc_hd__dfrtp_2)
                         -0.25    9.50   library recovery time
                                  9.50   data required time
-----------------------------------------------------------------------------
                                  9.50   data required time
                                 -3.16   data arrival time
-----------------------------------------------------------------------------
                                  6.35   slack (MET)


Startpoint: rstn (input port clocked by clk)
Endpoint: _433_ (recovery check against rising-edge clock clk)
Path Group: asynchronous
Path Type: max

Fanout     Cap    Slew   Delay    Time   Description
-----------------------------------------------------------------------------
                  0.15    0.00    0.00   clock clk (rise edge)
                          0.00    0.00   clock network delay (ideal)
                          2.00    2.00 ^ input external delay
                  1.57    1.16    3.16 ^ rstn (in)
    68    0.35                           rstn (net)
                  1.57    0.00    3.16 ^ _433_/RESET_B (sky130_fd_sc_hd__dfrtp_2)
                                  3.16   data arrival time

                  0.15   10.00   10.00   clock clk (rise edge)
                          0.00   10.00   clock network delay (ideal)
                         -0.25    9.75   clock uncertainty
                          0.00    9.75   clock reconvergence pessimism
                                  9.75 ^ _433_/CLK (sky130_fd_sc_hd__dfrtp_2)
                         -0.25    9.50   library recovery time
                                  9.50   data required time
-----------------------------------------------------------------------------
                                  9.50   data required time
                                 -3.16   data arrival time
-----------------------------------------------------------------------------
                                  6.35   slack (MET)


Startpoint: rstn (input port clocked by clk)
Endpoint: _436_ (recovery check against rising-edge clock clk)
Path Group: asynchronous
Path Type: max

Fanout     Cap    Slew   Delay    Time   Description
-----------------------------------------------------------------------------
                  0.15    0.00    0.00   clock clk (rise edge)
                          0.00    0.00   clock network delay (ideal)
                          2.00    2.00 ^ input external delay
                  1.57    1.16    3.16 ^ rstn (in)
    68    0.35                           rstn (net)
                  1.57    0.00    3.16 ^ _436_/RESET_B (sky130_fd_sc_hd__dfrtp_2)
                                  3.16   data arrival time

                  0.15   10.00   10.00   clock clk (rise edge)
                          0.00   10.00   clock network delay (ideal)
                         -0.25    9.75   clock uncertainty
                          0.00    9.75   clock reconvergence pessimism
                                  9.75 ^ _436_/CLK (sky130_fd_sc_hd__dfrtp_2)
                         -0.25    9.50   library recovery time
                                  9.50   data required time
-----------------------------------------------------------------------------
                                  9.50   data required time
                                 -3.16   data arrival time
-----------------------------------------------------------------------------
                                  6.35   slack (MET)


Startpoint: rstn (input port clocked by clk)
Endpoint: _397_ (recovery check against rising-edge clock clk)
Path Group: asynchronous
Path Type: max

Fanout     Cap    Slew   Delay    Time   Description
-----------------------------------------------------------------------------
                  0.15    0.00    0.00   clock clk (rise edge)
                          0.00    0.00   clock network delay (ideal)
                          2.00    2.00 ^ input external delay
                  1.57    1.16    3.16 ^ rstn (in)
    68    0.35                           rstn (net)
                  1.57    0.00    3.16 ^ _397_/RESET_B (sky130_fd_sc_hd__dfrtp_2)
                                  3.16   data arrival time

                  0.15   10.00   10.00   clock clk (rise edge)
                          0.00   10.00   clock network delay (ideal)
                         -0.25    9.75   clock uncertainty
                          0.00    9.75   clock reconvergence pessimism
                                  9.75 ^ _397_/CLK (sky130_fd_sc_hd__dfrtp_2)
                         -0.25    9.50   library recovery time
                                  9.50   data required time
-----------------------------------------------------------------------------
                                  9.50   data required time
                                 -3.16   data arrival time
-----------------------------------------------------------------------------
                                  6.35   slack (MET)


Startpoint: rstn (input port clocked by clk)
Endpoint: _444_ (recovery check against rising-edge clock clk)
Path Group: asynchronous
Path Type: max

Fanout     Cap    Slew   Delay    Time   Description
-----------------------------------------------------------------------------
                  0.15    0.00    0.00   clock clk (rise edge)
                          0.00    0.00   clock network delay (ideal)
                          2.00    2.00 ^ input external delay
                  1.57    1.16    3.16 ^ rstn (in)
    68    0.35                           rstn (net)
                  1.57    0.00    3.16 ^ _444_/RESET_B (sky130_fd_sc_hd__dfrtp_2)
                                  3.16   data arrival time

                  0.15   10.00   10.00   clock clk (rise edge)
                          0.00   10.00   clock network delay (ideal)
                         -0.25    9.75   clock uncertainty
                          0.00    9.75   clock reconvergence pessimism
                                  9.75 ^ _444_/CLK (sky130_fd_sc_hd__dfrtp_2)
                         -0.25    9.50   library recovery time
                                  9.50   data required time
-----------------------------------------------------------------------------
                                  9.50   data required time
                                 -3.16   data arrival time
-----------------------------------------------------------------------------
                                  6.35   slack (MET)


Startpoint: rstn (input port clocked by clk)
Endpoint: _416_ (recovery check against rising-edge clock clk)
Path Group: asynchronous
Path Type: max

Fanout     Cap    Slew   Delay    Time   Description
-----------------------------------------------------------------------------
                  0.15    0.00    0.00   clock clk (rise edge)
                          0.00    0.00   clock network delay (ideal)
                          2.00    2.00 ^ input external delay
                  1.57    1.16    3.16 ^ rstn (in)
    68    0.35                           rstn (net)
                  1.57    0.00    3.16 ^ _416_/RESET_B (sky130_fd_sc_hd__dfrtp_2)
                                  3.16   data arrival time

                  0.15   10.00   10.00   clock clk (rise edge)
                          0.00   10.00   clock network delay (ideal)
                         -0.25    9.75   clock uncertainty
                          0.00    9.75   clock reconvergence pessimism
                                  9.75 ^ _416_/CLK (sky130_fd_sc_hd__dfrtp_2)
                         -0.25    9.50   library recovery time
                                  9.50   data required time
-----------------------------------------------------------------------------
                                  9.50   data required time
                                 -3.16   data arrival time
-----------------------------------------------------------------------------
                                  6.35   slack (MET)


Startpoint: rstn (input port clocked by clk)
Endpoint: _426_ (recovery check against rising-edge clock clk)
Path Group: asynchronous
Path Type: max

Fanout     Cap    Slew   Delay    Time   Description
-----------------------------------------------------------------------------
                  0.15    0.00    0.00   clock clk (rise edge)
                          0.00    0.00   clock network delay (ideal)
                          2.00    2.00 ^ input external delay
                  1.57    1.16    3.16 ^ rstn (in)
    68    0.35                           rstn (net)
                  1.57    0.00    3.16 ^ _426_/RESET_B (sky130_fd_sc_hd__dfrtp_2)
                                  3.16   data arrival time

                  0.15   10.00   10.00   clock clk (rise edge)
                          0.00   10.00   clock network delay (ideal)
                         -0.25    9.75   clock uncertainty
                          0.00    9.75   clock reconvergence pessimism
                                  9.75 ^ _426_/CLK (sky130_fd_sc_hd__dfrtp_2)
                         -0.25    9.50   library recovery time
                                  9.50   data required time
-----------------------------------------------------------------------------
                                  9.50   data required time
                                 -3.16   data arrival time
-----------------------------------------------------------------------------
                                  6.35   slack (MET)


Startpoint: rstn (input port clocked by clk)
Endpoint: _423_ (recovery check against rising-edge clock clk)
Path Group: asynchronous
Path Type: max

Fanout     Cap    Slew   Delay    Time   Description
-----------------------------------------------------------------------------
                  0.15    0.00    0.00   clock clk (rise edge)
                          0.00    0.00   clock network delay (ideal)
                          2.00    2.00 ^ input external delay
                  1.57    1.16    3.16 ^ rstn (in)
    68    0.35                           rstn (net)
                  1.57    0.00    3.16 ^ _423_/RESET_B (sky130_fd_sc_hd__dfrtp_2)
                                  3.16   data arrival time

                  0.15   10.00   10.00   clock clk (rise edge)
                          0.00   10.00   clock network delay (ideal)
                         -0.25    9.75   clock uncertainty
                          0.00    9.75   clock reconvergence pessimism
                                  9.75 ^ _423_/CLK (sky130_fd_sc_hd__dfrtp_2)
                         -0.25    9.50   library recovery time
                                  9.50   data required time
-----------------------------------------------------------------------------
                                  9.50   data required time
                                 -3.16   data arrival time
-----------------------------------------------------------------------------
                                  6.35   slack (MET)


Startpoint: rstn (input port clocked by clk)
Endpoint: _394_ (recovery check against rising-edge clock clk)
Path Group: asynchronous
Path Type: max

Fanout     Cap    Slew   Delay    Time   Description
-----------------------------------------------------------------------------
                  0.15    0.00    0.00   clock clk (rise edge)
                          0.00    0.00   clock network delay (ideal)
                          2.00    2.00 ^ input external delay
                  1.57    1.16    3.16 ^ rstn (in)
    68    0.35                           rstn (net)
                  1.57    0.00    3.16 ^ _394_/RESET_B (sky130_fd_sc_hd__dfrtp_2)
                                  3.16   data arrival time

                  0.15   10.00   10.00   clock clk (rise edge)
                          0.00   10.00   clock network delay (ideal)
                         -0.25    9.75   clock uncertainty
                          0.00    9.75   clock reconvergence pessimism
                                  9.75 ^ _394_/CLK (sky130_fd_sc_hd__dfrtp_2)
                         -0.25    9.50   library recovery time
                                  9.50   data required time
-----------------------------------------------------------------------------
                                  9.50   data required time
                                 -3.16   data arrival time
-----------------------------------------------------------------------------
                                  6.35   slack (MET)


Startpoint: rstn (input port clocked by clk)
Endpoint: _405_ (recovery check against rising-edge clock clk)
Path Group: asynchronous
Path Type: max

Fanout     Cap    Slew   Delay    Time   Description
-----------------------------------------------------------------------------
                  0.15    0.00    0.00   clock clk (rise edge)
                          0.00    0.00   clock network delay (ideal)
                          2.00    2.00 ^ input external delay
                  1.57    1.16    3.16 ^ rstn (in)
    68    0.35                           rstn (net)
                  1.57    0.00    3.16 ^ _405_/RESET_B (sky130_fd_sc_hd__dfrtp_2)
                                  3.16   data arrival time

                  0.15   10.00   10.00   clock clk (rise edge)
                          0.00   10.00   clock network delay (ideal)
                         -0.25    9.75   clock uncertainty
                          0.00    9.75   clock reconvergence pessimism
                                  9.75 ^ _405_/CLK (sky130_fd_sc_hd__dfrtp_2)
                         -0.25    9.50   library recovery time
                                  9.50   data required time
-----------------------------------------------------------------------------
                                  9.50   data required time
                                 -3.16   data arrival time
-----------------------------------------------------------------------------
                                  6.35   slack (MET)


Startpoint: rstn (input port clocked by clk)
Endpoint: _407_ (recovery check against rising-edge clock clk)
Path Group: asynchronous
Path Type: max

Fanout     Cap    Slew   Delay    Time   Description
-----------------------------------------------------------------------------
                  0.15    0.00    0.00   clock clk (rise edge)
                          0.00    0.00   clock network delay (ideal)
                          2.00    2.00 ^ input external delay
                  1.57    1.15    3.15 ^ rstn (in)
    68    0.35                           rstn (net)
                  1.57    0.00    3.15 ^ _407_/RESET_B (sky130_fd_sc_hd__dfrtp_2)
                                  3.15   data arrival time

                  0.15   10.00   10.00   clock clk (rise edge)
                          0.00   10.00   clock network delay (ideal)
                         -0.25    9.75   clock uncertainty
                          0.00    9.75   clock reconvergence pessimism
                                  9.75 ^ _407_/CLK (sky130_fd_sc_hd__dfrtp_2)
                         -0.25    9.50   library recovery time
                                  9.50   data required time
-----------------------------------------------------------------------------
                                  9.50   data required time
                                 -3.15   data arrival time
-----------------------------------------------------------------------------
                                  6.35   slack (MET)


Startpoint: rstn (input port clocked by clk)
Endpoint: _398_ (recovery check against rising-edge clock clk)
Path Group: asynchronous
Path Type: max

Fanout     Cap    Slew   Delay    Time   Description
-----------------------------------------------------------------------------
                  0.15    0.00    0.00   clock clk (rise edge)
                          0.00    0.00   clock network delay (ideal)
                          2.00    2.00 ^ input external delay
                  1.57    1.15    3.15 ^ rstn (in)
    68    0.35                           rstn (net)
                  1.57    0.00    3.15 ^ _398_/RESET_B (sky130_fd_sc_hd__dfrtp_2)
                                  3.15   data arrival time

                  0.15   10.00   10.00   clock clk (rise edge)
                          0.00   10.00   clock network delay (ideal)
                         -0.25    9.75   clock uncertainty
                          0.00    9.75   clock reconvergence pessimism
                                  9.75 ^ _398_/CLK (sky130_fd_sc_hd__dfrtp_2)
                         -0.25    9.50   library recovery time
                                  9.50   data required time
-----------------------------------------------------------------------------
                                  9.50   data required time
                                 -3.15   data arrival time
-----------------------------------------------------------------------------
                                  6.35   slack (MET)


Startpoint: rstn (input port clocked by clk)
Endpoint: _395_ (recovery check against rising-edge clock clk)
Path Group: asynchronous
Path Type: max

Fanout     Cap    Slew   Delay    Time   Description
-----------------------------------------------------------------------------
                  0.15    0.00    0.00   clock clk (rise edge)
                          0.00    0.00   clock network delay (ideal)
                          2.00    2.00 ^ input external delay
                  1.57    1.15    3.15 ^ rstn (in)
    68    0.35                           rstn (net)
                  1.57    0.00    3.15 ^ _395_/RESET_B (sky130_fd_sc_hd__dfrtp_2)
                                  3.15   data arrival time

                  0.15   10.00   10.00   clock clk (rise edge)
                          0.00   10.00   clock network delay (ideal)
                         -0.25    9.75   clock uncertainty
                          0.00    9.75   clock reconvergence pessimism
                                  9.75 ^ _395_/CLK (sky130_fd_sc_hd__dfrtp_2)
                         -0.25    9.50   library recovery time
                                  9.50   data required time
-----------------------------------------------------------------------------
                                  9.50   data required time
                                 -3.15   data arrival time
-----------------------------------------------------------------------------
                                  6.35   slack (MET)


Startpoint: rstn (input port clocked by clk)
Endpoint: _437_ (recovery check against rising-edge clock clk)
Path Group: asynchronous
Path Type: max

Fanout     Cap    Slew   Delay    Time   Description
-----------------------------------------------------------------------------
                  0.15    0.00    0.00   clock clk (rise edge)
                          0.00    0.00   clock network delay (ideal)
                          2.00    2.00 ^ input external delay
                  1.57    1.15    3.15 ^ rstn (in)
    68    0.35                           rstn (net)
                  1.57    0.00    3.15 ^ _437_/RESET_B (sky130_fd_sc_hd__dfrtp_2)
                                  3.15   data arrival time

                  0.15   10.00   10.00   clock clk (rise edge)
                          0.00   10.00   clock network delay (ideal)
                         -0.25    9.75   clock uncertainty
                          0.00    9.75   clock reconvergence pessimism
                                  9.75 ^ _437_/CLK (sky130_fd_sc_hd__dfrtp_2)
                         -0.25    9.50   library recovery time
                                  9.50   data required time
-----------------------------------------------------------------------------
                                  9.50   data required time
                                 -3.15   data arrival time
-----------------------------------------------------------------------------
                                  6.35   slack (MET)


Startpoint: rstn (input port clocked by clk)
Endpoint: _419_ (recovery check against rising-edge clock clk)
Path Group: asynchronous
Path Type: max

Fanout     Cap    Slew   Delay    Time   Description
-----------------------------------------------------------------------------
                  0.15    0.00    0.00   clock clk (rise edge)
                          0.00    0.00   clock network delay (ideal)
                          2.00    2.00 ^ input external delay
                  1.57    1.15    3.15 ^ rstn (in)
    68    0.35                           rstn (net)
                  1.57    0.00    3.15 ^ _419_/RESET_B (sky130_fd_sc_hd__dfrtp_2)
                                  3.15   data arrival time

                  0.15   10.00   10.00   clock clk (rise edge)
                          0.00   10.00   clock network delay (ideal)
                         -0.25    9.75   clock uncertainty
                          0.00    9.75   clock reconvergence pessimism
                                  9.75 ^ _419_/CLK (sky130_fd_sc_hd__dfrtp_2)
                         -0.25    9.50   library recovery time
                                  9.50   data required time
-----------------------------------------------------------------------------
                                  9.50   data required time
                                 -3.15   data arrival time
-----------------------------------------------------------------------------
                                  6.35   slack (MET)


Startpoint: rstn (input port clocked by clk)
Endpoint: _439_ (recovery check against rising-edge clock clk)
Path Group: asynchronous
Path Type: max

Fanout     Cap    Slew   Delay    Time   Description
-----------------------------------------------------------------------------
                  0.15    0.00    0.00   clock clk (rise edge)
                          0.00    0.00   clock network delay (ideal)
                          2.00    2.00 ^ input external delay
                  1.57    1.15    3.15 ^ rstn (in)
    68    0.35                           rstn (net)
                  1.57    0.00    3.15 ^ _439_/RESET_B (sky130_fd_sc_hd__dfrtp_2)
                                  3.15   data arrival time

                  0.15   10.00   10.00   clock clk (rise edge)
                          0.00   10.00   clock network delay (ideal)
                         -0.25    9.75   clock uncertainty
                          0.00    9.75   clock reconvergence pessimism
                                  9.75 ^ _439_/CLK (sky130_fd_sc_hd__dfrtp_2)
                         -0.25    9.50   library recovery time
                                  9.50   data required time
-----------------------------------------------------------------------------
                                  9.50   data required time
                                 -3.15   data arrival time
-----------------------------------------------------------------------------
                                  6.35   slack (MET)


Startpoint: rstn (input port clocked by clk)
Endpoint: _410_ (recovery check against rising-edge clock clk)
Path Group: asynchronous
Path Type: max

Fanout     Cap    Slew   Delay    Time   Description
-----------------------------------------------------------------------------
                  0.15    0.00    0.00   clock clk (rise edge)
                          0.00    0.00   clock network delay (ideal)
                          2.00    2.00 ^ input external delay
                  1.57    1.15    3.15 ^ rstn (in)
    68    0.35                           rstn (net)
                  1.57    0.00    3.15 ^ _410_/RESET_B (sky130_fd_sc_hd__dfrtp_2)
                                  3.15   data arrival time

                  0.15   10.00   10.00   clock clk (rise edge)
                          0.00   10.00   clock network delay (ideal)
                         -0.25    9.75   clock uncertainty
                          0.00    9.75   clock reconvergence pessimism
                                  9.75 ^ _410_/CLK (sky130_fd_sc_hd__dfrtp_2)
                         -0.25    9.50   library recovery time
                                  9.50   data required time
-----------------------------------------------------------------------------
                                  9.50   data required time
                                 -3.15   data arrival time
-----------------------------------------------------------------------------
                                  6.35   slack (MET)


Startpoint: rstn (input port clocked by clk)
Endpoint: _417_ (recovery check against rising-edge clock clk)
Path Group: asynchronous
Path Type: max

Fanout     Cap    Slew   Delay    Time   Description
-----------------------------------------------------------------------------
                  0.15    0.00    0.00   clock clk (rise edge)
                          0.00    0.00   clock network delay (ideal)
                          2.00    2.00 ^ input external delay
                  1.57    1.15    3.15 ^ rstn (in)
    68    0.35                           rstn (net)
                  1.57    0.00    3.15 ^ _417_/RESET_B (sky130_fd_sc_hd__dfrtp_2)
                                  3.15   data arrival time

                  0.15   10.00   10.00   clock clk (rise edge)
                          0.00   10.00   clock network delay (ideal)
                         -0.25    9.75   clock uncertainty
                          0.00    9.75   clock reconvergence pessimism
                                  9.75 ^ _417_/CLK (sky130_fd_sc_hd__dfrtp_2)
                         -0.25    9.50   library recovery time
                                  9.50   data required time
-----------------------------------------------------------------------------
                                  9.50   data required time
                                 -3.15   data arrival time
-----------------------------------------------------------------------------
                                  6.35   slack (MET)


Startpoint: rstn (input port clocked by clk)
Endpoint: _418_ (recovery check against rising-edge clock clk)
Path Group: asynchronous
Path Type: max

Fanout     Cap    Slew   Delay    Time   Description
-----------------------------------------------------------------------------
                  0.15    0.00    0.00   clock clk (rise edge)
                          0.00    0.00   clock network delay (ideal)
                          2.00    2.00 ^ input external delay
                  1.57    1.15    3.15 ^ rstn (in)
    68    0.35                           rstn (net)
                  1.57    0.00    3.15 ^ _418_/RESET_B (sky130_fd_sc_hd__dfrtp_2)
                                  3.15   data arrival time

                  0.15   10.00   10.00   clock clk (rise edge)
                          0.00   10.00   clock network delay (ideal)
                         -0.25    9.75   clock uncertainty
                          0.00    9.75   clock reconvergence pessimism
                                  9.75 ^ _418_/CLK (sky130_fd_sc_hd__dfrtp_2)
                         -0.25    9.50   library recovery time
                                  9.50   data required time
-----------------------------------------------------------------------------
                                  9.50   data required time
                                 -3.15   data arrival time
-----------------------------------------------------------------------------
                                  6.35   slack (MET)


Startpoint: rstn (input port clocked by clk)
Endpoint: _415_ (recovery check against rising-edge clock clk)
Path Group: asynchronous
Path Type: max

Fanout     Cap    Slew   Delay    Time   Description
-----------------------------------------------------------------------------
                  0.15    0.00    0.00   clock clk (rise edge)
                          0.00    0.00   clock network delay (ideal)
                          2.00    2.00 ^ input external delay
                  1.57    1.15    3.15 ^ rstn (in)
    68    0.35                           rstn (net)
                  1.57    0.00    3.15 ^ _415_/RESET_B (sky130_fd_sc_hd__dfrtp_2)
                                  3.15   data arrival time

                  0.15   10.00   10.00   clock clk (rise edge)
                          0.00   10.00   clock network delay (ideal)
                         -0.25    9.75   clock uncertainty
                          0.00    9.75   clock reconvergence pessimism
                                  9.75 ^ _415_/CLK (sky130_fd_sc_hd__dfrtp_2)
                         -0.25    9.50   library recovery time
                                  9.50   data required time
-----------------------------------------------------------------------------
                                  9.50   data required time
                                 -3.15   data arrival time
-----------------------------------------------------------------------------
                                  6.35   slack (MET)


Startpoint: rstn (input port clocked by clk)
Endpoint: _413_ (recovery check against rising-edge clock clk)
Path Group: asynchronous
Path Type: max

Fanout     Cap    Slew   Delay    Time   Description
-----------------------------------------------------------------------------
                  0.15    0.00    0.00   clock clk (rise edge)
                          0.00    0.00   clock network delay (ideal)
                          2.00    2.00 ^ input external delay
                  1.57    1.15    3.15 ^ rstn (in)
    68    0.35                           rstn (net)
                  1.57    0.00    3.15 ^ _413_/RESET_B (sky130_fd_sc_hd__dfrtp_2)
                                  3.15   data arrival time

                  0.15   10.00   10.00   clock clk (rise edge)
                          0.00   10.00   clock network delay (ideal)
                         -0.25    9.75   clock uncertainty
                          0.00    9.75   clock reconvergence pessimism
                                  9.75 ^ _413_/CLK (sky130_fd_sc_hd__dfrtp_2)
                         -0.25    9.50   library recovery time
                                  9.50   data required time
-----------------------------------------------------------------------------
                                  9.50   data required time
                                 -3.15   data arrival time
-----------------------------------------------------------------------------
                                  6.35   slack (MET)


Startpoint: rstn (input port clocked by clk)
Endpoint: _389_ (recovery check against rising-edge clock clk)
Path Group: asynchronous
Path Type: max

Fanout     Cap    Slew   Delay    Time   Description
-----------------------------------------------------------------------------
                  0.15    0.00    0.00   clock clk (rise edge)
                          0.00    0.00   clock network delay (ideal)
                          2.00    2.00 ^ input external delay
                  1.57    1.15    3.15 ^ rstn (in)
    68    0.35                           rstn (net)
                  1.57    0.00    3.15 ^ _389_/RESET_B (sky130_fd_sc_hd__dfrtp_2)
                                  3.15   data arrival time

                  0.15   10.00   10.00   clock clk (rise edge)
                          0.00   10.00   clock network delay (ideal)
                         -0.25    9.75   clock uncertainty
                          0.00    9.75   clock reconvergence pessimism
                                  9.75 ^ _389_/CLK (sky130_fd_sc_hd__dfrtp_2)
                         -0.25    9.50   library recovery time
                                  9.50   data required time
-----------------------------------------------------------------------------
                                  9.50   data required time
                                 -3.15   data arrival time
-----------------------------------------------------------------------------
                                  6.35   slack (MET)


Startpoint: rstn (input port clocked by clk)
Endpoint: _449_ (recovery check against rising-edge clock clk)
Path Group: asynchronous
Path Type: max

Fanout     Cap    Slew   Delay    Time   Description
-----------------------------------------------------------------------------
                  0.15    0.00    0.00   clock clk (rise edge)
                          0.00    0.00   clock network delay (ideal)
                          2.00    2.00 ^ input external delay
                  1.57    1.15    3.15 ^ rstn (in)
    68    0.35                           rstn (net)
                  1.57    0.00    3.15 ^ _449_/RESET_B (sky130_fd_sc_hd__dfrtp_2)
                                  3.15   data arrival time

                  0.15   10.00   10.00   clock clk (rise edge)
                          0.00   10.00   clock network delay (ideal)
                         -0.25    9.75   clock uncertainty
                          0.00    9.75   clock reconvergence pessimism
                                  9.75 ^ _449_/CLK (sky130_fd_sc_hd__dfrtp_2)
                         -0.25    9.50   library recovery time
                                  9.50   data required time
-----------------------------------------------------------------------------
                                  9.50   data required time
                                 -3.15   data arrival time
-----------------------------------------------------------------------------
                                  6.35   slack (MET)


Startpoint: rstn (input port clocked by clk)
Endpoint: _447_ (recovery check against rising-edge clock clk)
Path Group: asynchronous
Path Type: max

Fanout     Cap    Slew   Delay    Time   Description
-----------------------------------------------------------------------------
                  0.15    0.00    0.00   clock clk (rise edge)
                          0.00    0.00   clock network delay (ideal)
                          2.00    2.00 ^ input external delay
                  1.57    1.15    3.15 ^ rstn (in)
    68    0.35                           rstn (net)
                  1.57    0.00    3.15 ^ _447_/RESET_B (sky130_fd_sc_hd__dfrtp_2)
                                  3.15   data arrival time

                  0.15   10.00   10.00   clock clk (rise edge)
                          0.00   10.00   clock network delay (ideal)
                         -0.25    9.75   clock uncertainty
                          0.00    9.75   clock reconvergence pessimism
                                  9.75 ^ _447_/CLK (sky130_fd_sc_hd__dfrtp_2)
                         -0.25    9.50   library recovery time
                                  9.50   data required time
-----------------------------------------------------------------------------
                                  9.50   data required time
                                 -3.15   data arrival time
-----------------------------------------------------------------------------
                                  6.35   slack (MET)


Startpoint: rstn (input port clocked by clk)
Endpoint: _411_ (recovery check against rising-edge clock clk)
Path Group: asynchronous
Path Type: max

Fanout     Cap    Slew   Delay    Time   Description
-----------------------------------------------------------------------------
                  0.15    0.00    0.00   clock clk (rise edge)
                          0.00    0.00   clock network delay (ideal)
                          2.00    2.00 ^ input external delay
                  1.57    1.15    3.15 ^ rstn (in)
    68    0.35                           rstn (net)
                  1.57    0.00    3.15 ^ _411_/RESET_B (sky130_fd_sc_hd__dfrtp_2)
                                  3.15   data arrival time

                  0.15   10.00   10.00   clock clk (rise edge)
                          0.00   10.00   clock network delay (ideal)
                         -0.25    9.75   clock uncertainty
                          0.00    9.75   clock reconvergence pessimism
                                  9.75 ^ _411_/CLK (sky130_fd_sc_hd__dfrtp_2)
                         -0.25    9.50   library recovery time
                                  9.50   data required time
-----------------------------------------------------------------------------
                                  9.50   data required time
                                 -3.15   data arrival time
-----------------------------------------------------------------------------
                                  6.35   slack (MET)


Startpoint: rstn (input port clocked by clk)
Endpoint: _441_ (recovery check against rising-edge clock clk)
Path Group: asynchronous
Path Type: max

Fanout     Cap    Slew   Delay    Time   Description
-----------------------------------------------------------------------------
                  0.15    0.00    0.00   clock clk (rise edge)
                          0.00    0.00   clock network delay (ideal)
                          2.00    2.00 ^ input external delay
                  1.57    1.15    3.15 ^ rstn (in)
    68    0.35                           rstn (net)
                  1.57    0.00    3.15 ^ _441_/RESET_B (sky130_fd_sc_hd__dfrtp_2)
                                  3.15   data arrival time

                  0.15   10.00   10.00   clock clk (rise edge)
                          0.00   10.00   clock network delay (ideal)
                         -0.25    9.75   clock uncertainty
                          0.00    9.75   clock reconvergence pessimism
                                  9.75 ^ _441_/CLK (sky130_fd_sc_hd__dfrtp_2)
                         -0.25    9.50   library recovery time
                                  9.50   data required time
-----------------------------------------------------------------------------
                                  9.50   data required time
                                 -3.15   data arrival time
-----------------------------------------------------------------------------
                                  6.35   slack (MET)


Startpoint: rstn (input port clocked by clk)
Endpoint: _438_ (recovery check against rising-edge clock clk)
Path Group: asynchronous
Path Type: max

Fanout     Cap    Slew   Delay    Time   Description
-----------------------------------------------------------------------------
                  0.15    0.00    0.00   clock clk (rise edge)
                          0.00    0.00   clock network delay (ideal)
                          2.00    2.00 ^ input external delay
                  1.57    1.15    3.15 ^ rstn (in)
    68    0.35                           rstn (net)
                  1.57    0.00    3.15 ^ _438_/RESET_B (sky130_fd_sc_hd__dfrtp_2)
                                  3.15   data arrival time

                  0.15   10.00   10.00   clock clk (rise edge)
                          0.00   10.00   clock network delay (ideal)
                         -0.25    9.75   clock uncertainty
                          0.00    9.75   clock reconvergence pessimism
                                  9.75 ^ _438_/CLK (sky130_fd_sc_hd__dfrtp_2)
                         -0.25    9.50   library recovery time
                                  9.50   data required time
-----------------------------------------------------------------------------
                                  9.50   data required time
                                 -3.15   data arrival time
-----------------------------------------------------------------------------
                                  6.35   slack (MET)


Startpoint: rstn (input port clocked by clk)
Endpoint: _414_ (recovery check against rising-edge clock clk)
Path Group: asynchronous
Path Type: max

Fanout     Cap    Slew   Delay    Time   Description
-----------------------------------------------------------------------------
                  0.15    0.00    0.00   clock clk (rise edge)
                          0.00    0.00   clock network delay (ideal)
                          2.00    2.00 ^ input external delay
                  1.57    1.15    3.15 ^ rstn (in)
    68    0.35                           rstn (net)
                  1.57    0.00    3.15 ^ _414_/RESET_B (sky130_fd_sc_hd__dfrtp_2)
                                  3.15   data arrival time

                  0.15   10.00   10.00   clock clk (rise edge)
                          0.00   10.00   clock network delay (ideal)
                         -0.25    9.75   clock uncertainty
                          0.00    9.75   clock reconvergence pessimism
                                  9.75 ^ _414_/CLK (sky130_fd_sc_hd__dfrtp_2)
                         -0.25    9.50   library recovery time
                                  9.50   data required time
-----------------------------------------------------------------------------
                                  9.50   data required time
                                 -3.15   data arrival time
-----------------------------------------------------------------------------
                                  6.35   slack (MET)


Startpoint: rstn (input port clocked by clk)
Endpoint: _432_ (recovery check against rising-edge clock clk)
Path Group: asynchronous
Path Type: max

Fanout     Cap    Slew   Delay    Time   Description
-----------------------------------------------------------------------------
                  0.15    0.00    0.00   clock clk (rise edge)
                          0.00    0.00   clock network delay (ideal)
                          2.00    2.00 ^ input external delay
                  1.57    1.15    3.15 ^ rstn (in)
    68    0.35                           rstn (net)
                  1.57    0.00    3.15 ^ _432_/RESET_B (sky130_fd_sc_hd__dfrtp_2)
                                  3.15   data arrival time

                  0.15   10.00   10.00   clock clk (rise edge)
                          0.00   10.00   clock network delay (ideal)
                         -0.25    9.75   clock uncertainty
                          0.00    9.75   clock reconvergence pessimism
                                  9.75 ^ _432_/CLK (sky130_fd_sc_hd__dfrtp_2)
                         -0.25    9.50   library recovery time
                                  9.50   data required time
-----------------------------------------------------------------------------
                                  9.50   data required time
                                 -3.15   data arrival time
-----------------------------------------------------------------------------
                                  6.35   slack (MET)


Startpoint: rstn (input port clocked by clk)
Endpoint: _400_ (recovery check against rising-edge clock clk)
Path Group: asynchronous
Path Type: max

Fanout     Cap    Slew   Delay    Time   Description
-----------------------------------------------------------------------------
                  0.15    0.00    0.00   clock clk (rise edge)
                          0.00    0.00   clock network delay (ideal)
                          2.00    2.00 ^ input external delay
                  1.57    1.15    3.15 ^ rstn (in)
    68    0.35                           rstn (net)
                  1.57    0.00    3.15 ^ _400_/RESET_B (sky130_fd_sc_hd__dfrtp_2)
                                  3.15   data arrival time

                  0.15   10.00   10.00   clock clk (rise edge)
                          0.00   10.00   clock network delay (ideal)
                         -0.25    9.75   clock uncertainty
                          0.00    9.75   clock reconvergence pessimism
                                  9.75 ^ _400_/CLK (sky130_fd_sc_hd__dfrtp_2)
                         -0.25    9.50   library recovery time
                                  9.50   data required time
-----------------------------------------------------------------------------
                                  9.50   data required time
                                 -3.15   data arrival time
-----------------------------------------------------------------------------
                                  6.35   slack (MET)


Startpoint: rstn (input port clocked by clk)
Endpoint: _434_ (recovery check against rising-edge clock clk)
Path Group: asynchronous
Path Type: max

Fanout     Cap    Slew   Delay    Time   Description
-----------------------------------------------------------------------------
                  0.15    0.00    0.00   clock clk (rise edge)
                          0.00    0.00   clock network delay (ideal)
                          2.00    2.00 ^ input external delay
                  1.57    1.15    3.15 ^ rstn (in)
    68    0.35                           rstn (net)
                  1.57    0.00    3.15 ^ _434_/RESET_B (sky130_fd_sc_hd__dfrtp_2)
                                  3.15   data arrival time

                  0.15   10.00   10.00   clock clk (rise edge)
                          0.00   10.00   clock network delay (ideal)
                         -0.25    9.75   clock uncertainty
                          0.00    9.75   clock reconvergence pessimism
                                  9.75 ^ _434_/CLK (sky130_fd_sc_hd__dfrtp_2)
                         -0.25    9.50   library recovery time
                                  9.50   data required time
-----------------------------------------------------------------------------
                                  9.50   data required time
                                 -3.15   data arrival time
-----------------------------------------------------------------------------
                                  6.35   slack (MET)


Startpoint: rstn (input port clocked by clk)
Endpoint: _427_ (recovery check against rising-edge clock clk)
Path Group: asynchronous
Path Type: max

Fanout     Cap    Slew   Delay    Time   Description
-----------------------------------------------------------------------------
                  0.15    0.00    0.00   clock clk (rise edge)
                          0.00    0.00   clock network delay (ideal)
                          2.00    2.00 ^ input external delay
                  1.57    1.15    3.15 ^ rstn (in)
    68    0.35                           rstn (net)
                  1.57    0.00    3.15 ^ _427_/RESET_B (sky130_fd_sc_hd__dfrtp_2)
                                  3.15   data arrival time

                  0.15   10.00   10.00   clock clk (rise edge)
                          0.00   10.00   clock network delay (ideal)
                         -0.25    9.75   clock uncertainty
                          0.00    9.75   clock reconvergence pessimism
                                  9.75 ^ _427_/CLK (sky130_fd_sc_hd__dfrtp_2)
                         -0.25    9.50   library recovery time
                                  9.50   data required time
-----------------------------------------------------------------------------
                                  9.50   data required time
                                 -3.15   data arrival time
-----------------------------------------------------------------------------
                                  6.35   slack (MET)


Startpoint: rstn (input port clocked by clk)
Endpoint: _425_ (recovery check against rising-edge clock clk)
Path Group: asynchronous
Path Type: max

Fanout     Cap    Slew   Delay    Time   Description
-----------------------------------------------------------------------------
                  0.15    0.00    0.00   clock clk (rise edge)
                          0.00    0.00   clock network delay (ideal)
                          2.00    2.00 ^ input external delay
                  1.57    1.15    3.15 ^ rstn (in)
    68    0.35                           rstn (net)
                  1.57    0.00    3.15 ^ _425_/RESET_B (sky130_fd_sc_hd__dfrtp_2)
                                  3.15   data arrival time

                  0.15   10.00   10.00   clock clk (rise edge)
                          0.00   10.00   clock network delay (ideal)
                         -0.25    9.75   clock uncertainty
                          0.00    9.75   clock reconvergence pessimism
                                  9.75 ^ _425_/CLK (sky130_fd_sc_hd__dfrtp_2)
                         -0.25    9.50   library recovery time
                                  9.50   data required time
-----------------------------------------------------------------------------
                                  9.50   data required time
                                 -3.15   data arrival time
-----------------------------------------------------------------------------
                                  6.35   slack (MET)


Startpoint: rstn (input port clocked by clk)
Endpoint: _403_ (recovery check against rising-edge clock clk)
Path Group: asynchronous
Path Type: max

Fanout     Cap    Slew   Delay    Time   Description
-----------------------------------------------------------------------------
                  0.15    0.00    0.00   clock clk (rise edge)
                          0.00    0.00   clock network delay (ideal)
                          2.00    2.00 ^ input external delay
                  1.57    1.15    3.15 ^ rstn (in)
    68    0.35                           rstn (net)
                  1.57    0.00    3.15 ^ _403_/RESET_B (sky130_fd_sc_hd__dfrtp_2)
                                  3.15   data arrival time

                  0.15   10.00   10.00   clock clk (rise edge)
                          0.00   10.00   clock network delay (ideal)
                         -0.25    9.75   clock uncertainty
                          0.00    9.75   clock reconvergence pessimism
                                  9.75 ^ _403_/CLK (sky130_fd_sc_hd__dfrtp_2)
                         -0.25    9.50   library recovery time
                                  9.50   data required time
-----------------------------------------------------------------------------
                                  9.50   data required time
                                 -3.15   data arrival time
-----------------------------------------------------------------------------
                                  6.35   slack (MET)


Startpoint: rstn (input port clocked by clk)
Endpoint: _420_ (recovery check against rising-edge clock clk)
Path Group: asynchronous
Path Type: max

Fanout     Cap    Slew   Delay    Time   Description
-----------------------------------------------------------------------------
                  0.15    0.00    0.00   clock clk (rise edge)
                          0.00    0.00   clock network delay (ideal)
                          2.00    2.00 ^ input external delay
                  1.57    1.15    3.15 ^ rstn (in)
    68    0.35                           rstn (net)
                  1.57    0.00    3.15 ^ _420_/RESET_B (sky130_fd_sc_hd__dfrtp_2)
                                  3.15   data arrival time

                  0.15   10.00   10.00   clock clk (rise edge)
                          0.00   10.00   clock network delay (ideal)
                         -0.25    9.75   clock uncertainty
                          0.00    9.75   clock reconvergence pessimism
                                  9.75 ^ _420_/CLK (sky130_fd_sc_hd__dfrtp_2)
                         -0.25    9.50   library recovery time
                                  9.50   data required time
-----------------------------------------------------------------------------
                                  9.50   data required time
                                 -3.15   data arrival time
-----------------------------------------------------------------------------
                                  6.35   slack (MET)


Startpoint: rstn (input port clocked by clk)
Endpoint: _421_ (recovery check against rising-edge clock clk)
Path Group: asynchronous
Path Type: max

Fanout     Cap    Slew   Delay    Time   Description
-----------------------------------------------------------------------------
                  0.15    0.00    0.00   clock clk (rise edge)
                          0.00    0.00   clock network delay (ideal)
                          2.00    2.00 ^ input external delay
                  1.57    1.15    3.15 ^ rstn (in)
    68    0.35                           rstn (net)
                  1.57    0.00    3.15 ^ _421_/RESET_B (sky130_fd_sc_hd__dfrtp_2)
                                  3.15   data arrival time

                  0.15   10.00   10.00   clock clk (rise edge)
                          0.00   10.00   clock network delay (ideal)
                         -0.25    9.75   clock uncertainty
                          0.00    9.75   clock reconvergence pessimism
                                  9.75 ^ _421_/CLK (sky130_fd_sc_hd__dfrtp_2)
                         -0.25    9.50   library recovery time
                                  9.50   data required time
-----------------------------------------------------------------------------
                                  9.50   data required time
                                 -3.15   data arrival time
-----------------------------------------------------------------------------
                                  6.35   slack (MET)


Startpoint: rstn (input port clocked by clk)
Endpoint: _424_ (recovery check against rising-edge clock clk)
Path Group: asynchronous
Path Type: max

Fanout     Cap    Slew   Delay    Time   Description
-----------------------------------------------------------------------------
                  0.15    0.00    0.00   clock clk (rise edge)
                          0.00    0.00   clock network delay (ideal)
                          2.00    2.00 ^ input external delay
                  1.57    1.15    3.15 ^ rstn (in)
    68    0.35                           rstn (net)
                  1.57    0.00    3.15 ^ _424_/RESET_B (sky130_fd_sc_hd__dfrtp_2)
                                  3.15   data arrival time

                  0.15   10.00   10.00   clock clk (rise edge)
                          0.00   10.00   clock network delay (ideal)
                         -0.25    9.75   clock uncertainty
                          0.00    9.75   clock reconvergence pessimism
                                  9.75 ^ _424_/CLK (sky130_fd_sc_hd__dfrtp_2)
                         -0.25    9.50   library recovery time
                                  9.50   data required time
-----------------------------------------------------------------------------
                                  9.50   data required time
                                 -3.15   data arrival time
-----------------------------------------------------------------------------
                                  6.35   slack (MET)


Startpoint: rstn (input port clocked by clk)
Endpoint: _409_ (recovery check against rising-edge clock clk)
Path Group: asynchronous
Path Type: max

Fanout     Cap    Slew   Delay    Time   Description
-----------------------------------------------------------------------------
                  0.15    0.00    0.00   clock clk (rise edge)
                          0.00    0.00   clock network delay (ideal)
                          2.00    2.00 ^ input external delay
                  1.57    1.15    3.15 ^ rstn (in)
    68    0.35                           rstn (net)
                  1.57    0.00    3.15 ^ _409_/RESET_B (sky130_fd_sc_hd__dfrtp_2)
                                  3.15   data arrival time

                  0.15   10.00   10.00   clock clk (rise edge)
                          0.00   10.00   clock network delay (ideal)
                         -0.25    9.75   clock uncertainty
                          0.00    9.75   clock reconvergence pessimism
                                  9.75 ^ _409_/CLK (sky130_fd_sc_hd__dfrtp_2)
                         -0.25    9.50   library recovery time
                                  9.50   data required time
-----------------------------------------------------------------------------
                                  9.50   data required time
                                 -3.15   data arrival time
-----------------------------------------------------------------------------
                                  6.36   slack (MET)


Startpoint: rstn (input port clocked by clk)
Endpoint: _404_ (recovery check against rising-edge clock clk)
Path Group: asynchronous
Path Type: max

Fanout     Cap    Slew   Delay    Time   Description
-----------------------------------------------------------------------------
                  0.15    0.00    0.00   clock clk (rise edge)
                          0.00    0.00   clock network delay (ideal)
                          2.00    2.00 ^ input external delay
                  1.57    1.15    3.15 ^ rstn (in)
    68    0.35                           rstn (net)
                  1.57    0.00    3.15 ^ _404_/RESET_B (sky130_fd_sc_hd__dfrtp_2)
                                  3.15   data arrival time

                  0.15   10.00   10.00   clock clk (rise edge)
                          0.00   10.00   clock network delay (ideal)
                         -0.25    9.75   clock uncertainty
                          0.00    9.75   clock reconvergence pessimism
                                  9.75 ^ _404_/CLK (sky130_fd_sc_hd__dfrtp_2)
                         -0.25    9.50   library recovery time
                                  9.50   data required time
-----------------------------------------------------------------------------
                                  9.50   data required time
                                 -3.15   data arrival time
-----------------------------------------------------------------------------
                                  6.36   slack (MET)


Startpoint: rstn (input port clocked by clk)
Endpoint: _408_ (recovery check against rising-edge clock clk)
Path Group: asynchronous
Path Type: max

Fanout     Cap    Slew   Delay    Time   Description
-----------------------------------------------------------------------------
                  0.15    0.00    0.00   clock clk (rise edge)
                          0.00    0.00   clock network delay (ideal)
                          2.00    2.00 ^ input external delay
                  1.57    1.15    3.15 ^ rstn (in)
    68    0.35                           rstn (net)
                  1.57    0.00    3.15 ^ _408_/RESET_B (sky130_fd_sc_hd__dfrtp_2)
                                  3.15   data arrival time

                  0.15   10.00   10.00   clock clk (rise edge)
                          0.00   10.00   clock network delay (ideal)
                         -0.25    9.75   clock uncertainty
                          0.00    9.75   clock reconvergence pessimism
                                  9.75 ^ _408_/CLK (sky130_fd_sc_hd__dfrtp_2)
                         -0.25    9.50   library recovery time
                                  9.50   data required time
-----------------------------------------------------------------------------
                                  9.50   data required time
                                 -3.15   data arrival time
-----------------------------------------------------------------------------
                                  6.36   slack (MET)


Startpoint: rstn (input port clocked by clk)
Endpoint: _446_ (recovery check against rising-edge clock clk)
Path Group: asynchronous
Path Type: max

Fanout     Cap    Slew   Delay    Time   Description
-----------------------------------------------------------------------------
                  0.15    0.00    0.00   clock clk (rise edge)
                          0.00    0.00   clock network delay (ideal)
                          2.00    2.00 ^ input external delay
                  1.57    1.15    3.15 ^ rstn (in)
    68    0.35                           rstn (net)
                  1.57    0.00    3.15 ^ _446_/RESET_B (sky130_fd_sc_hd__dfrtp_2)
                                  3.15   data arrival time

                  0.15   10.00   10.00   clock clk (rise edge)
                          0.00   10.00   clock network delay (ideal)
                         -0.25    9.75   clock uncertainty
                          0.00    9.75   clock reconvergence pessimism
                                  9.75 ^ _446_/CLK (sky130_fd_sc_hd__dfrtp_2)
                         -0.25    9.50   library recovery time
                                  9.50   data required time
-----------------------------------------------------------------------------
                                  9.50   data required time
                                 -3.15   data arrival time
-----------------------------------------------------------------------------
                                  6.36   slack (MET)


Startpoint: rstn (input port clocked by clk)
Endpoint: _440_ (recovery check against rising-edge clock clk)
Path Group: asynchronous
Path Type: max

Fanout     Cap    Slew   Delay    Time   Description
-----------------------------------------------------------------------------
                  0.15    0.00    0.00   clock clk (rise edge)
                          0.00    0.00   clock network delay (ideal)
                          2.00    2.00 ^ input external delay
                  1.57    1.14    3.14 ^ rstn (in)
    68    0.35                           rstn (net)
                  1.57    0.00    3.14 ^ _440_/RESET_B (sky130_fd_sc_hd__dfrtp_2)
                                  3.14   data arrival time

                  0.15   10.00   10.00   clock clk (rise edge)
                          0.00   10.00   clock network delay (ideal)
                         -0.25    9.75   clock uncertainty
                          0.00    9.75   clock reconvergence pessimism
                                  9.75 ^ _440_/CLK (sky130_fd_sc_hd__dfrtp_2)
                         -0.25    9.50   library recovery time
                                  9.50   data required time
-----------------------------------------------------------------------------
                                  9.50   data required time
                                 -3.14   data arrival time
-----------------------------------------------------------------------------
                                  6.36   slack (MET)


Startpoint: rstn (input port clocked by clk)
Endpoint: _390_ (recovery check against rising-edge clock clk)
Path Group: asynchronous
Path Type: max

Fanout     Cap    Slew   Delay    Time   Description
-----------------------------------------------------------------------------
                  0.15    0.00    0.00   clock clk (rise edge)
                          0.00    0.00   clock network delay (ideal)
                          2.00    2.00 ^ input external delay
                  1.57    1.14    3.14 ^ rstn (in)
    68    0.35                           rstn (net)
                  1.57    0.00    3.14 ^ _390_/RESET_B (sky130_fd_sc_hd__dfrtp_2)
                                  3.14   data arrival time

                  0.15   10.00   10.00   clock clk (rise edge)
                          0.00   10.00   clock network delay (ideal)
                         -0.25    9.75   clock uncertainty
                          0.00    9.75   clock reconvergence pessimism
                                  9.75 ^ _390_/CLK (sky130_fd_sc_hd__dfrtp_2)
                         -0.25    9.50   library recovery time
                                  9.50   data required time
-----------------------------------------------------------------------------
                                  9.50   data required time
                                 -3.14   data arrival time
-----------------------------------------------------------------------------
                                  6.36   slack (MET)


Startpoint: rstn (input port clocked by clk)
Endpoint: _391_ (recovery check against rising-edge clock clk)
Path Group: asynchronous
Path Type: max

Fanout     Cap    Slew   Delay    Time   Description
-----------------------------------------------------------------------------
                  0.15    0.00    0.00   clock clk (rise edge)
                          0.00    0.00   clock network delay (ideal)
                          2.00    2.00 ^ input external delay
                  1.57    1.14    3.14 ^ rstn (in)
    68    0.35                           rstn (net)
                  1.57    0.00    3.14 ^ _391_/RESET_B (sky130_fd_sc_hd__dfrtp_2)
                                  3.14   data arrival time

                  0.15   10.00   10.00   clock clk (rise edge)
                          0.00   10.00   clock network delay (ideal)
                         -0.25    9.75   clock uncertainty
                          0.00    9.75   clock reconvergence pessimism
                                  9.75 ^ _391_/CLK (sky130_fd_sc_hd__dfrtp_2)
                         -0.25    9.50   library recovery time
                                  9.50   data required time
-----------------------------------------------------------------------------
                                  9.50   data required time
                                 -3.14   data arrival time
-----------------------------------------------------------------------------
                                  6.36   slack (MET)


Startpoint: rstn (input port clocked by clk)
Endpoint: _396_ (recovery check against rising-edge clock clk)
Path Group: asynchronous
Path Type: max

Fanout     Cap    Slew   Delay    Time   Description
-----------------------------------------------------------------------------
                  0.15    0.00    0.00   clock clk (rise edge)
                          0.00    0.00   clock network delay (ideal)
                          2.00    2.00 ^ input external delay
                  1.57    1.14    3.14 ^ rstn (in)
    68    0.35                           rstn (net)
                  1.57    0.00    3.14 ^ _396_/RESET_B (sky130_fd_sc_hd__dfrtp_2)
                                  3.14   data arrival time

                  0.15   10.00   10.00   clock clk (rise edge)
                          0.00   10.00   clock network delay (ideal)
                         -0.25    9.75   clock uncertainty
                          0.00    9.75   clock reconvergence pessimism
                                  9.75 ^ _396_/CLK (sky130_fd_sc_hd__dfrtp_2)
                         -0.25    9.50   library recovery time
                                  9.50   data required time
-----------------------------------------------------------------------------
                                  9.50   data required time
                                 -3.14   data arrival time
-----------------------------------------------------------------------------
                                  6.37   slack (MET)


Startpoint: rstn (input port clocked by clk)
Endpoint: _393_ (recovery check against rising-edge clock clk)
Path Group: asynchronous
Path Type: max

Fanout     Cap    Slew   Delay    Time   Description
-----------------------------------------------------------------------------
                  0.15    0.00    0.00   clock clk (rise edge)
                          0.00    0.00   clock network delay (ideal)
                          2.00    2.00 ^ input external delay
                  1.57    1.14    3.14 ^ rstn (in)
    68    0.35                           rstn (net)
                  1.57    0.00    3.14 ^ _393_/RESET_B (sky130_fd_sc_hd__dfrtp_2)
                                  3.14   data arrival time

                  0.15   10.00   10.00   clock clk (rise edge)
                          0.00   10.00   clock network delay (ideal)
                         -0.25    9.75   clock uncertainty
                          0.00    9.75   clock reconvergence pessimism
                                  9.75 ^ _393_/CLK (sky130_fd_sc_hd__dfrtp_2)
                         -0.25    9.50   library recovery time
                                  9.50   data required time
-----------------------------------------------------------------------------
                                  9.50   data required time
                                 -3.14   data arrival time
-----------------------------------------------------------------------------
                                  6.37   slack (MET)


Startpoint: rstn (input port clocked by clk)
Endpoint: _443_ (recovery check against rising-edge clock clk)
Path Group: asynchronous
Path Type: max

Fanout     Cap    Slew   Delay    Time   Description
-----------------------------------------------------------------------------
                  0.15    0.00    0.00   clock clk (rise edge)
                          0.00    0.00   clock network delay (ideal)
                          2.00    2.00 ^ input external delay
                  1.57    1.14    3.14 ^ rstn (in)
    68    0.35                           rstn (net)
                  1.57    0.00    3.14 ^ _443_/RESET_B (sky130_fd_sc_hd__dfrtp_2)
                                  3.14   data arrival time

                  0.15   10.00   10.00   clock clk (rise edge)
                          0.00   10.00   clock network delay (ideal)
                         -0.25    9.75   clock uncertainty
                          0.00    9.75   clock reconvergence pessimism
                                  9.75 ^ _443_/CLK (sky130_fd_sc_hd__dfrtp_2)
                         -0.25    9.50   library recovery time
                                  9.50   data required time
-----------------------------------------------------------------------------
                                  9.50   data required time
                                 -3.14   data arrival time
-----------------------------------------------------------------------------
                                  6.37   slack (MET)


Startpoint: rstn (input port clocked by clk)
Endpoint: _431_ (recovery check against rising-edge clock clk)
Path Group: asynchronous
Path Type: max

Fanout     Cap    Slew   Delay    Time   Description
-----------------------------------------------------------------------------
                  0.15    0.00    0.00   clock clk (rise edge)
                          0.00    0.00   clock network delay (ideal)
                          2.00    2.00 ^ input external delay
                  1.57    1.14    3.14 ^ rstn (in)
    68    0.35                           rstn (net)
                  1.57    0.00    3.14 ^ _431_/RESET_B (sky130_fd_sc_hd__dfrtp_2)
                                  3.14   data arrival time

                  0.15   10.00   10.00   clock clk (rise edge)
                          0.00   10.00   clock network delay (ideal)
                         -0.25    9.75   clock uncertainty
                          0.00    9.75   clock reconvergence pessimism
                                  9.75 ^ _431_/CLK (sky130_fd_sc_hd__dfrtp_2)
                         -0.25    9.50   library recovery time
                                  9.50   data required time
-----------------------------------------------------------------------------
                                  9.50   data required time
                                 -3.14   data arrival time
-----------------------------------------------------------------------------
                                  6.37   slack (MET)


Startpoint: rstn (input port clocked by clk)
Endpoint: _442_ (recovery check against rising-edge clock clk)
Path Group: asynchronous
Path Type: max

Fanout     Cap    Slew   Delay    Time   Description
-----------------------------------------------------------------------------
                  0.15    0.00    0.00   clock clk (rise edge)
                          0.00    0.00   clock network delay (ideal)
                          2.00    2.00 ^ input external delay
                  1.57    1.14    3.14 ^ rstn (in)
    68    0.35                           rstn (net)
                  1.57    0.00    3.14 ^ _442_/RESET_B (sky130_fd_sc_hd__dfrtp_2)
                                  3.14   data arrival time

                  0.15   10.00   10.00   clock clk (rise edge)
                          0.00   10.00   clock network delay (ideal)
                         -0.25    9.75   clock uncertainty
                          0.00    9.75   clock reconvergence pessimism
                                  9.75 ^ _442_/CLK (sky130_fd_sc_hd__dfrtp_2)
                         -0.25    9.50   library recovery time
                                  9.50   data required time
-----------------------------------------------------------------------------
                                  9.50   data required time
                                 -3.14   data arrival time
-----------------------------------------------------------------------------
                                  6.37   slack (MET)


Startpoint: rstn (input port clocked by clk)
Endpoint: _412_ (recovery check against rising-edge clock clk)
Path Group: asynchronous
Path Type: max

Fanout     Cap    Slew   Delay    Time   Description
-----------------------------------------------------------------------------
                  0.15    0.00    0.00   clock clk (rise edge)
                          0.00    0.00   clock network delay (ideal)
                          2.00    2.00 ^ input external delay
                  1.57    1.13    3.13 ^ rstn (in)
    68    0.35                           rstn (net)
                  1.57    0.00    3.13 ^ _412_/RESET_B (sky130_fd_sc_hd__dfrtp_2)
                                  3.13   data arrival time

                  0.15   10.00   10.00   clock clk (rise edge)
                          0.00   10.00   clock network delay (ideal)
                         -0.25    9.75   clock uncertainty
                          0.00    9.75   clock reconvergence pessimism
                                  9.75 ^ _412_/CLK (sky130_fd_sc_hd__dfrtp_2)
                         -0.25    9.50   library recovery time
                                  9.50   data required time
-----------------------------------------------------------------------------
                                  9.50   data required time
                                 -3.13   data arrival time
-----------------------------------------------------------------------------
                                  6.37   slack (MET)


Startpoint: rstn (input port clocked by clk)
Endpoint: _428_ (recovery check against rising-edge clock clk)
Path Group: asynchronous
Path Type: max

Fanout     Cap    Slew   Delay    Time   Description
-----------------------------------------------------------------------------
                  0.15    0.00    0.00   clock clk (rise edge)
                          0.00    0.00   clock network delay (ideal)
                          2.00    2.00 ^ input external delay
                  1.57    1.13    3.13 ^ rstn (in)
    68    0.35                           rstn (net)
                  1.57    0.00    3.13 ^ _428_/RESET_B (sky130_fd_sc_hd__dfrtp_2)
                                  3.13   data arrival time

                  0.15   10.00   10.00   clock clk (rise edge)
                          0.00   10.00   clock network delay (ideal)
                         -0.25    9.75   clock uncertainty
                          0.00    9.75   clock reconvergence pessimism
                                  9.75 ^ _428_/CLK (sky130_fd_sc_hd__dfrtp_2)
                         -0.25    9.50   library recovery time
                                  9.50   data required time
-----------------------------------------------------------------------------
                                  9.50   data required time
                                 -3.13   data arrival time
-----------------------------------------------------------------------------
                                  6.37   slack (MET)


Startpoint: rstn (input port clocked by clk)
Endpoint: _429_ (recovery check against rising-edge clock clk)
Path Group: asynchronous
Path Type: max

Fanout     Cap    Slew   Delay    Time   Description
-----------------------------------------------------------------------------
                  0.15    0.00    0.00   clock clk (rise edge)
                          0.00    0.00   clock network delay (ideal)
                          2.00    2.00 ^ input external delay
                  1.57    1.13    3.13 ^ rstn (in)
    68    0.35                           rstn (net)
                  1.57    0.00    3.13 ^ _429_/RESET_B (sky130_fd_sc_hd__dfrtp_2)
                                  3.13   data arrival time

                  0.15   10.00   10.00   clock clk (rise edge)
                          0.00   10.00   clock network delay (ideal)
                         -0.25    9.75   clock uncertainty
                          0.00    9.75   clock reconvergence pessimism
                                  9.75 ^ _429_/CLK (sky130_fd_sc_hd__dfrtp_2)
                         -0.25    9.50   library recovery time
                                  9.50   data required time
-----------------------------------------------------------------------------
                                  9.50   data required time
                                 -3.13   data arrival time
-----------------------------------------------------------------------------
                                  6.37   slack (MET)


Startpoint: rstn (input port clocked by clk)
Endpoint: _435_ (recovery check against rising-edge clock clk)
Path Group: asynchronous
Path Type: max

Fanout     Cap    Slew   Delay    Time   Description
-----------------------------------------------------------------------------
                  0.15    0.00    0.00   clock clk (rise edge)
                          0.00    0.00   clock network delay (ideal)
                          2.00    2.00 ^ input external delay
                  1.57    1.13    3.13 ^ rstn (in)
    68    0.35                           rstn (net)
                  1.57    0.00    3.13 ^ _435_/RESET_B (sky130_fd_sc_hd__dfrtp_2)
                                  3.13   data arrival time

                  0.15   10.00   10.00   clock clk (rise edge)
                          0.00   10.00   clock network delay (ideal)
                         -0.25    9.75   clock uncertainty
                          0.00    9.75   clock reconvergence pessimism
                                  9.75 ^ _435_/CLK (sky130_fd_sc_hd__dfrtp_2)
                         -0.25    9.50   library recovery time
                                  9.50   data required time
-----------------------------------------------------------------------------
                                  9.50   data required time
                                 -3.13   data arrival time
-----------------------------------------------------------------------------
                                  6.37   slack (MET)


Startpoint: rstn (input port clocked by clk)
Endpoint: _392_ (recovery check against rising-edge clock clk)
Path Group: asynchronous
Path Type: max

Fanout     Cap    Slew   Delay    Time   Description
-----------------------------------------------------------------------------
                  0.15    0.00    0.00   clock clk (rise edge)
                          0.00    0.00   clock network delay (ideal)
                          2.00    2.00 ^ input external delay
                  1.57    1.13    3.13 ^ rstn (in)
    68    0.35                           rstn (net)
                  1.57    0.00    3.13 ^ _392_/RESET_B (sky130_fd_sc_hd__dfrtp_2)
                                  3.13   data arrival time

                  0.15   10.00   10.00   clock clk (rise edge)
                          0.00   10.00   clock network delay (ideal)
                         -0.25    9.75   clock uncertainty
                          0.00    9.75   clock reconvergence pessimism
                                  9.75 ^ _392_/CLK (sky130_fd_sc_hd__dfrtp_2)
                         -0.25    9.50   library recovery time
                                  9.50   data required time
-----------------------------------------------------------------------------
                                  9.50   data required time
                                 -3.13   data arrival time
-----------------------------------------------------------------------------
                                  6.37   slack (MET)


Startpoint: rstn (input port clocked by clk)
Endpoint: _455_ (recovery check against rising-edge clock clk)
Path Group: asynchronous
Path Type: max

Fanout     Cap    Slew   Delay    Time   Description
-----------------------------------------------------------------------------
                  0.15    0.00    0.00   clock clk (rise edge)
                          0.00    0.00   clock network delay (ideal)
                          2.00    2.00 ^ input external delay
                  1.57    1.13    3.13 ^ rstn (in)
    68    0.35                           rstn (net)
                  1.57    0.00    3.13 ^ _455_/RESET_B (sky130_fd_sc_hd__dfrtp_2)
                                  3.13   data arrival time

                  0.15   10.00   10.00   clock clk (rise edge)
                          0.00   10.00   clock network delay (ideal)
                         -0.25    9.75   clock uncertainty
                          0.00    9.75   clock reconvergence pessimism
                                  9.75 ^ _455_/CLK (sky130_fd_sc_hd__dfrtp_2)
                         -0.25    9.50   library recovery time
                                  9.50   data required time
-----------------------------------------------------------------------------
                                  9.50   data required time
                                 -3.13   data arrival time
-----------------------------------------------------------------------------
                                  6.37   slack (MET)


Startpoint: rstn (input port clocked by clk)
Endpoint: _452_ (recovery check against rising-edge clock clk)
Path Group: asynchronous
Path Type: max

Fanout     Cap    Slew   Delay    Time   Description
-----------------------------------------------------------------------------
                  0.15    0.00    0.00   clock clk (rise edge)
                          0.00    0.00   clock network delay (ideal)
                          2.00    2.00 ^ input external delay
                  1.57    1.13    3.13 ^ rstn (in)
    68    0.35                           rstn (net)
                  1.57    0.00    3.13 ^ _452_/RESET_B (sky130_fd_sc_hd__dfrtp_2)
                                  3.13   data arrival time

                  0.15   10.00   10.00   clock clk (rise edge)
                          0.00   10.00   clock network delay (ideal)
                         -0.25    9.75   clock uncertainty
                          0.00    9.75   clock reconvergence pessimism
                                  9.75 ^ _452_/CLK (sky130_fd_sc_hd__dfrtp_2)
                         -0.25    9.50   library recovery time
                                  9.50   data required time
-----------------------------------------------------------------------------
                                  9.50   data required time
                                 -3.13   data arrival time
-----------------------------------------------------------------------------
                                  6.37   slack (MET)


Startpoint: rstn (input port clocked by clk)
Endpoint: _401_ (recovery check against rising-edge clock clk)
Path Group: asynchronous
Path Type: max

Fanout     Cap    Slew   Delay    Time   Description
-----------------------------------------------------------------------------
                  0.15    0.00    0.00   clock clk (rise edge)
                          0.00    0.00   clock network delay (ideal)
                          2.00    2.00 ^ input external delay
                  1.57    1.13    3.13 ^ rstn (in)
    68    0.35                           rstn (net)
                  1.57    0.00    3.13 ^ _401_/RESET_B (sky130_fd_sc_hd__dfrtp_2)
                                  3.13   data arrival time

                  0.15   10.00   10.00   clock clk (rise edge)
                          0.00   10.00   clock network delay (ideal)
                         -0.25    9.75   clock uncertainty
                          0.00    9.75   clock reconvergence pessimism
                                  9.75 ^ _401_/CLK (sky130_fd_sc_hd__dfrtp_2)
                         -0.25    9.50   library recovery time
                                  9.50   data required time
-----------------------------------------------------------------------------
                                  9.50   data required time
                                 -3.13   data arrival time
-----------------------------------------------------------------------------
                                  6.37   slack (MET)


Startpoint: rstn (input port clocked by clk)
Endpoint: _422_ (recovery check against rising-edge clock clk)
Path Group: asynchronous
Path Type: max

Fanout     Cap    Slew   Delay    Time   Description
-----------------------------------------------------------------------------
                  0.15    0.00    0.00   clock clk (rise edge)
                          0.00    0.00   clock network delay (ideal)
                          2.00    2.00 ^ input external delay
                  1.57    1.13    3.13 ^ rstn (in)
    68    0.35                           rstn (net)
                  1.57    0.00    3.13 ^ _422_/RESET_B (sky130_fd_sc_hd__dfrtp_2)
                                  3.13   data arrival time

                  0.15   10.00   10.00   clock clk (rise edge)
                          0.00   10.00   clock network delay (ideal)
                         -0.25    9.75   clock uncertainty
                          0.00    9.75   clock reconvergence pessimism
                                  9.75 ^ _422_/CLK (sky130_fd_sc_hd__dfrtp_2)
                         -0.25    9.50   library recovery time
                                  9.50   data required time
-----------------------------------------------------------------------------
                                  9.50   data required time
                                 -3.13   data arrival time
-----------------------------------------------------------------------------
                                  6.38   slack (MET)


Startpoint: rstn (input port clocked by clk)
Endpoint: _402_ (recovery check against rising-edge clock clk)
Path Group: asynchronous
Path Type: max

Fanout     Cap    Slew   Delay    Time   Description
-----------------------------------------------------------------------------
                  0.15    0.00    0.00   clock clk (rise edge)
                          0.00    0.00   clock network delay (ideal)
                          2.00    2.00 ^ input external delay
                  1.57    1.13    3.13 ^ rstn (in)
    68    0.35                           rstn (net)
                  1.57    0.00    3.13 ^ _402_/RESET_B (sky130_fd_sc_hd__dfrtp_2)
                                  3.13   data arrival time

                  0.15   10.00   10.00   clock clk (rise edge)
                          0.00   10.00   clock network delay (ideal)
                         -0.25    9.75   clock uncertainty
                          0.00    9.75   clock reconvergence pessimism
                                  9.75 ^ _402_/CLK (sky130_fd_sc_hd__dfrtp_2)
                         -0.25    9.50   library recovery time
                                  9.50   data required time
-----------------------------------------------------------------------------
                                  9.50   data required time
                                 -3.13   data arrival time
-----------------------------------------------------------------------------
                                  6.38   slack (MET)


Startpoint: rstn (input port clocked by clk)
Endpoint: _406_ (recovery check against rising-edge clock clk)
Path Group: asynchronous
Path Type: max

Fanout     Cap    Slew   Delay    Time   Description
-----------------------------------------------------------------------------
                  0.15    0.00    0.00   clock clk (rise edge)
                          0.00    0.00   clock network delay (ideal)
                          2.00    2.00 ^ input external delay
                  1.57    1.12    3.12 ^ rstn (in)
    68    0.35                           rstn (net)
                  1.57    0.00    3.12 ^ _406_/RESET_B (sky130_fd_sc_hd__dfrtp_2)
                                  3.12   data arrival time

                  0.15   10.00   10.00   clock clk (rise edge)
                          0.00   10.00   clock network delay (ideal)
                         -0.25    9.75   clock uncertainty
                          0.00    9.75   clock reconvergence pessimism
                                  9.75 ^ _406_/CLK (sky130_fd_sc_hd__dfrtp_2)
                         -0.25    9.50   library recovery time
                                  9.50   data required time
-----------------------------------------------------------------------------
                                  9.50   data required time
                                 -3.12   data arrival time
-----------------------------------------------------------------------------
                                  6.38   slack (MET)


Startpoint: rstn (input port clocked by clk)
Endpoint: _450_ (recovery check against rising-edge clock clk)
Path Group: asynchronous
Path Type: max

Fanout     Cap    Slew   Delay    Time   Description
-----------------------------------------------------------------------------
                  0.15    0.00    0.00   clock clk (rise edge)
                          0.00    0.00   clock network delay (ideal)
                          2.00    2.00 ^ input external delay
                  1.57    1.12    3.12 ^ rstn (in)
    68    0.35                           rstn (net)
                  1.57    0.00    3.12 ^ _450_/RESET_B (sky130_fd_sc_hd__dfrtp_2)
                                  3.12   data arrival time

                  0.15   10.00   10.00   clock clk (rise edge)
                          0.00   10.00   clock network delay (ideal)
                         -0.25    9.75   clock uncertainty
                          0.00    9.75   clock reconvergence pessimism
                                  9.75 ^ _450_/CLK (sky130_fd_sc_hd__dfrtp_2)
                         -0.25    9.50   library recovery time
                                  9.50   data required time
-----------------------------------------------------------------------------
                                  9.50   data required time
                                 -3.12   data arrival time
-----------------------------------------------------------------------------
                                  6.38   slack (MET)


Startpoint: m_req (input port clocked by clk)
Endpoint: _390_ (rising edge-triggered flip-flop clocked by clk)
Path Group: clk
Path Type: max

Fanout     Cap    Slew   Delay    Time   Description
-----------------------------------------------------------------------------
                  0.15    0.00    0.00   clock clk (rise edge)
                          0.00    0.00   clock network delay (ideal)
                          2.00    2.00 ^ input external delay
                  0.07    0.05    2.05 ^ m_req (in)
     1    0.01                           m_req (net)
                  0.07    0.00    2.05 ^ _249_/C_N (sky130_fd_sc_hd__or3b_2)
                  0.09    0.48    2.53 v _249_/X (sky130_fd_sc_hd__or3b_2)
     3    0.01                           _104_ (net)
                  0.09    0.00    2.53 v _250_/A (sky130_fd_sc_hd__buf_1)
                  0.40    0.40    2.94 v _250_/X (sky130_fd_sc_hd__buf_1)
    10    0.07                           _105_ (net)
                  0.40    0.00    2.94 v _253_/A (sky130_fd_sc_hd__inv_2)
                  0.07    0.11    3.05 ^ _253_/Y (sky130_fd_sc_hd__inv_2)
     1    0.00                           _001_ (net)
                  0.07    0.00    3.05 ^ _390_/D (sky130_fd_sc_hd__dfrtp_2)
                                  3.05   data arrival time

                  0.15   10.00   10.00   clock clk (rise edge)
                          0.00   10.00   clock network delay (ideal)
                         -0.25    9.75   clock uncertainty
                          0.00    9.75   clock reconvergence pessimism
                                  9.75 ^ _390_/CLK (sky130_fd_sc_hd__dfrtp_2)
                         -0.05    9.70   library setup time
                                  9.70   data required time
-----------------------------------------------------------------------------
                                  9.70   data required time
                                 -3.05   data arrival time
-----------------------------------------------------------------------------
                                  6.64   slack (MET)


Startpoint: _390_ (rising edge-triggered flip-flop clocked by clk)
Endpoint: psel (output port clocked by clk)
Path Group: clk
Path Type: max

Fanout     Cap    Slew   Delay    Time   Description
-----------------------------------------------------------------------------
                  0.15    0.00    0.00   clock clk (rise edge)
                          0.00    0.00   clock network delay (ideal)
                  0.15    0.00    0.00 ^ _390_/CLK (sky130_fd_sc_hd__dfrtp_2)
                  0.05    0.45    0.45 v _390_/Q (sky130_fd_sc_hd__dfrtp_2)
     4    0.01                           state[0] (net)
                  0.05    0.00    0.45 v _177_/A (sky130_fd_sc_hd__or2b_2)
                  0.08    0.35    0.80 v _177_/X (sky130_fd_sc_hd__or2b_2)
     3    0.01                           _067_ (net)
                  0.08    0.00    0.80 v _180_/A (sky130_fd_sc_hd__nand2_2)
                  0.23    0.22    1.02 ^ _180_/Y (sky130_fd_sc_hd__nand2_2)
     1    0.04                           psel (net)
                  0.23    0.00    1.02 ^ psel (out)
                                  1.02   data arrival time

                  0.15   10.00   10.00   clock clk (rise edge)
                          0.00   10.00   clock network delay (ideal)
                         -0.25    9.75   clock uncertainty
                          0.00    9.75   clock reconvergence pessimism
                         -2.00    7.75   output external delay
                                  7.75   data required time
-----------------------------------------------------------------------------
                                  7.75   data required time
                                 -1.02   data arrival time
-----------------------------------------------------------------------------
                                  6.73   slack (MET)


Startpoint: _390_ (rising edge-triggered flip-flop clocked by clk)
Endpoint: penable (output port clocked by clk)
Path Group: clk
Path Type: max

Fanout     Cap    Slew   Delay    Time   Description
-----------------------------------------------------------------------------
                  0.15    0.00    0.00   clock clk (rise edge)
                          0.00    0.00   clock network delay (ideal)
                  0.15    0.00    0.00 ^ _390_/CLK (sky130_fd_sc_hd__dfrtp_2)
                  0.05    0.45    0.45 v _390_/Q (sky130_fd_sc_hd__dfrtp_2)
     4    0.01                           state[0] (net)
                  0.05    0.00    0.45 v _177_/A (sky130_fd_sc_hd__or2b_2)
                  0.08    0.35    0.80 v _177_/X (sky130_fd_sc_hd__or2b_2)
     3    0.01                           _067_ (net)
                  0.08    0.00    0.80 v _178_/A (sky130_fd_sc_hd__inv_2)
                  0.18    0.18    0.98 ^ _178_/Y (sky130_fd_sc_hd__inv_2)
     1    0.04                           penable (net)
                  0.18    0.00    0.98 ^ penable (out)
                                  0.98   data arrival time

                  0.15   10.00   10.00   clock clk (rise edge)
                          0.00   10.00   clock network delay (ideal)
                         -0.25    9.75   clock uncertainty
                          0.00    9.75   clock reconvergence pessimism
                         -2.00    7.75   output external delay
                                  7.75   data required time
-----------------------------------------------------------------------------
                                  7.75   data required time
                                 -0.98   data arrival time
-----------------------------------------------------------------------------
                                  6.77   slack (MET)


Startpoint: _408_ (rising edge-triggered flip-flop clocked by clk)
Endpoint: paddr[16] (output port clocked by clk)
Path Group: clk
Path Type: max

Fanout     Cap    Slew   Delay    Time   Description
-----------------------------------------------------------------------------
                  0.15    0.00    0.00   clock clk (rise edge)
                          0.00    0.00   clock network delay (ideal)
                  0.15    0.00    0.00 ^ _408_/CLK (sky130_fd_sc_hd__dfrtp_2)
                  0.29    0.59    0.59 ^ _408_/Q (sky130_fd_sc_hd__dfrtp_2)
     2    0.06                           paddr[16] (net)
                  0.30    0.01    0.61 ^ paddr[16] (out)
                                  0.61   data arrival time

                  0.15   10.00   10.00   clock clk (rise edge)
                          0.00   10.00   clock network delay (ideal)
                         -0.25    9.75   clock uncertainty
                          0.00    9.75   clock reconvergence pessimism
                         -2.00    7.75   output external delay
                                  7.75   data required time
-----------------------------------------------------------------------------
                                  7.75   data required time
                                 -0.61   data arrival time
-----------------------------------------------------------------------------
                                  7.14   slack (MET)


Startpoint: _439_ (rising edge-triggered flip-flop clocked by clk)
Endpoint: pwdata[15] (output port clocked by clk)
Path Group: clk
Path Type: max

Fanout     Cap    Slew   Delay    Time   Description
-----------------------------------------------------------------------------
                  0.15    0.00    0.00   clock clk (rise edge)
                          0.00    0.00   clock network delay (ideal)
                  0.15    0.00    0.00 ^ _439_/CLK (sky130_fd_sc_hd__dfrtp_2)
                  0.28    0.59    0.59 ^ _439_/Q (sky130_fd_sc_hd__dfrtp_2)
     2    0.06                           pwdata[15] (net)
                  0.28    0.01    0.60 ^ pwdata[15] (out)
                                  0.60   data arrival time

                  0.15   10.00   10.00   clock clk (rise edge)
                          0.00   10.00   clock network delay (ideal)
                         -0.25    9.75   clock uncertainty
                          0.00    9.75   clock reconvergence pessimism
                         -2.00    7.75   output external delay
                                  7.75   data required time
-----------------------------------------------------------------------------
                                  7.75   data required time
                                 -0.60   data arrival time
-----------------------------------------------------------------------------
                                  7.15   slack (MET)


Startpoint: _418_ (rising edge-triggered flip-flop clocked by clk)
Endpoint: paddr[26] (output port clocked by clk)
Path Group: clk
Path Type: max

Fanout     Cap    Slew   Delay    Time   Description
-----------------------------------------------------------------------------
                  0.15    0.00    0.00   clock clk (rise edge)
                          0.00    0.00   clock network delay (ideal)
                  0.15    0.00    0.00 ^ _418_/CLK (sky130_fd_sc_hd__dfrtp_2)
                  0.28    0.58    0.58 ^ _418_/Q (sky130_fd_sc_hd__dfrtp_2)
     2    0.06                           paddr[26] (net)
                  0.28    0.01    0.59 ^ paddr[26] (out)
                                  0.59   data arrival time

                  0.15   10.00   10.00   clock clk (rise edge)
                          0.00   10.00   clock network delay (ideal)
                         -0.25    9.75   clock uncertainty
                          0.00    9.75   clock reconvergence pessimism
                         -2.00    7.75   output external delay
                                  7.75   data required time
-----------------------------------------------------------------------------
                                  7.75   data required time
                                 -0.59   data arrival time
-----------------------------------------------------------------------------
                                  7.16   slack (MET)


Startpoint: _404_ (rising edge-triggered flip-flop clocked by clk)
Endpoint: paddr[12] (output port clocked by clk)
Path Group: clk
Path Type: max

Fanout     Cap    Slew   Delay    Time   Description
-----------------------------------------------------------------------------
                  0.15    0.00    0.00   clock clk (rise edge)
                          0.00    0.00   clock network delay (ideal)
                  0.15    0.00    0.00 ^ _404_/CLK (sky130_fd_sc_hd__dfrtp_2)
                  0.28    0.58    0.58 ^ _404_/Q (sky130_fd_sc_hd__dfrtp_2)
     2    0.06                           paddr[12] (net)
                  0.28    0.01    0.59 ^ paddr[12] (out)
                                  0.59   data arrival time

                  0.15   10.00   10.00   clock clk (rise edge)
                          0.00   10.00   clock network delay (ideal)
                         -0.25    9.75   clock uncertainty
                          0.00    9.75   clock reconvergence pessimism
                         -2.00    7.75   output external delay
                                  7.75   data required time
-----------------------------------------------------------------------------
                                  7.75   data required time
                                 -0.59   data arrival time
-----------------------------------------------------------------------------
                                  7.16   slack (MET)


Startpoint: _434_ (rising edge-triggered flip-flop clocked by clk)
Endpoint: pwdata[10] (output port clocked by clk)
Path Group: clk
Path Type: max

Fanout     Cap    Slew   Delay    Time   Description
-----------------------------------------------------------------------------
                  0.15    0.00    0.00   clock clk (rise edge)
                          0.00    0.00   clock network delay (ideal)
                  0.15    0.00    0.00 ^ _434_/CLK (sky130_fd_sc_hd__dfrtp_2)
                  0.27    0.58    0.58 ^ _434_/Q (sky130_fd_sc_hd__dfrtp_2)
     2    0.06                           pwdata[10] (net)
                  0.27    0.01    0.59 ^ pwdata[10] (out)
                                  0.59   data arrival time

                  0.15   10.00   10.00   clock clk (rise edge)
                          0.00   10.00   clock network delay (ideal)
                         -0.25    9.75   clock uncertainty
                          0.00    9.75   clock reconvergence pessimism
                         -2.00    7.75   output external delay
                                  7.75   data required time
-----------------------------------------------------------------------------
                                  7.75   data required time
                                 -0.59   data arrival time
-----------------------------------------------------------------------------
                                  7.16   slack (MET)


Startpoint: _410_ (rising edge-triggered flip-flop clocked by clk)
Endpoint: paddr[18] (output port clocked by clk)
Path Group: clk
Path Type: max

Fanout     Cap    Slew   Delay    Time   Description
-----------------------------------------------------------------------------
                  0.15    0.00    0.00   clock clk (rise edge)
                          0.00    0.00   clock network delay (ideal)
                  0.15    0.00    0.00 ^ _410_/CLK (sky130_fd_sc_hd__dfrtp_2)
                  0.27    0.58    0.58 ^ _410_/Q (sky130_fd_sc_hd__dfrtp_2)
     2    0.06                           paddr[18] (net)
                  0.27    0.01    0.59 ^ paddr[18] (out)
                                  0.59   data arrival time

                  0.15   10.00   10.00   clock clk (rise edge)
                          0.00   10.00   clock network delay (ideal)
                         -0.25    9.75   clock uncertainty
                          0.00    9.75   clock reconvergence pessimism
                         -2.00    7.75   output external delay
                                  7.75   data required time
-----------------------------------------------------------------------------
                                  7.75   data required time
                                 -0.59   data arrival time
-----------------------------------------------------------------------------
                                  7.16   slack (MET)


Startpoint: _389_ (rising edge-triggered flip-flop clocked by clk)
Endpoint: pwrite (output port clocked by clk)
Path Group: clk
Path Type: max

Fanout     Cap    Slew   Delay    Time   Description
-----------------------------------------------------------------------------
                  0.15    0.00    0.00   clock clk (rise edge)
                          0.00    0.00   clock network delay (ideal)
                  0.15    0.00    0.00 ^ _389_/CLK (sky130_fd_sc_hd__dfrtp_2)
                  0.27    0.58    0.58 ^ _389_/Q (sky130_fd_sc_hd__dfrtp_2)
     2    0.06                           pwrite (net)
                  0.27    0.01    0.59 ^ pwrite (out)
                                  0.59   data arrival time

                  0.15   10.00   10.00   clock clk (rise edge)
                          0.00   10.00   clock network delay (ideal)
                         -0.25    9.75   clock uncertainty
                          0.00    9.75   clock reconvergence pessimism
                         -2.00    7.75   output external delay
                                  7.75   data required time
-----------------------------------------------------------------------------
                                  7.75   data required time
                                 -0.59   data arrival time
-----------------------------------------------------------------------------
                                  7.16   slack (MET)


Startpoint: _413_ (rising edge-triggered flip-flop clocked by clk)
Endpoint: paddr[21] (output port clocked by clk)
Path Group: clk
Path Type: max

Fanout     Cap    Slew   Delay    Time   Description
-----------------------------------------------------------------------------
                  0.15    0.00    0.00   clock clk (rise edge)
                          0.00    0.00   clock network delay (ideal)
                  0.15    0.00    0.00 ^ _413_/CLK (sky130_fd_sc_hd__dfrtp_2)
                  0.27    0.58    0.58 ^ _413_/Q (sky130_fd_sc_hd__dfrtp_2)
     2    0.06                           paddr[21] (net)
                  0.27    0.01    0.59 ^ paddr[21] (out)
                                  0.59   data arrival time

                  0.15   10.00   10.00   clock clk (rise edge)
                          0.00   10.00   clock network delay (ideal)
                         -0.25    9.75   clock uncertainty
                          0.00    9.75   clock reconvergence pessimism
                         -2.00    7.75   output external delay
                                  7.75   data required time
-----------------------------------------------------------------------------
                                  7.75   data required time
                                 -0.59   data arrival time
-----------------------------------------------------------------------------
                                  7.16   slack (MET)


Startpoint: _395_ (rising edge-triggered flip-flop clocked by clk)
Endpoint: paddr[3] (output port clocked by clk)
Path Group: clk
Path Type: max

Fanout     Cap    Slew   Delay    Time   Description
-----------------------------------------------------------------------------
                  0.15    0.00    0.00   clock clk (rise edge)
                          0.00    0.00   clock network delay (ideal)
                  0.15    0.00    0.00 ^ _395_/CLK (sky130_fd_sc_hd__dfrtp_2)
                  0.27    0.58    0.58 ^ _395_/Q (sky130_fd_sc_hd__dfrtp_2)
     2    0.06                           paddr[3] (net)
                  0.27    0.01    0.59 ^ paddr[3] (out)
                                  0.59   data arrival time

                  0.15   10.00   10.00   clock clk (rise edge)
                          0.00   10.00   clock network delay (ideal)
                         -0.25    9.75   clock uncertainty
                          0.00    9.75   clock reconvergence pessimism
                         -2.00    7.75   output external delay
                                  7.75   data required time
-----------------------------------------------------------------------------
                                  7.75   data required time
                                 -0.59   data arrival time
-----------------------------------------------------------------------------
                                  7.16   slack (MET)


Startpoint: _424_ (rising edge-triggered flip-flop clocked by clk)
Endpoint: pwdata[0] (output port clocked by clk)
Path Group: clk
Path Type: max

Fanout     Cap    Slew   Delay    Time   Description
-----------------------------------------------------------------------------
                  0.15    0.00    0.00   clock clk (rise edge)
                          0.00    0.00   clock network delay (ideal)
                  0.15    0.00    0.00 ^ _424_/CLK (sky130_fd_sc_hd__dfrtp_2)
                  0.27    0.58    0.58 ^ _424_/Q (sky130_fd_sc_hd__dfrtp_2)
     2    0.05                           pwdata[0] (net)
                  0.27    0.01    0.59 ^ pwdata[0] (out)
                                  0.59   data arrival time

                  0.15   10.00   10.00   clock clk (rise edge)
                          0.00   10.00   clock network delay (ideal)
                         -0.25    9.75   clock uncertainty
                          0.00    9.75   clock reconvergence pessimism
                         -2.00    7.75   output external delay
                                  7.75   data required time
-----------------------------------------------------------------------------
                                  7.75   data required time
                                 -0.59   data arrival time
-----------------------------------------------------------------------------
                                  7.16   slack (MET)


Startpoint: _449_ (rising edge-triggered flip-flop clocked by clk)
Endpoint: pwdata[25] (output port clocked by clk)
Path Group: clk
Path Type: max

Fanout     Cap    Slew   Delay    Time   Description
-----------------------------------------------------------------------------
                  0.15    0.00    0.00   clock clk (rise edge)
                          0.00    0.00   clock network delay (ideal)
                  0.15    0.00    0.00 ^ _449_/CLK (sky130_fd_sc_hd__dfrtp_2)
                  0.26    0.57    0.57 ^ _449_/Q (sky130_fd_sc_hd__dfrtp_2)
     2    0.05                           pwdata[25] (net)
                  0.26    0.01    0.58 ^ pwdata[25] (out)
                                  0.58   data arrival time

                  0.15   10.00   10.00   clock clk (rise edge)
                          0.00   10.00   clock network delay (ideal)
                         -0.25    9.75   clock uncertainty
                          0.00    9.75   clock reconvergence pessimism
                         -2.00    7.75   output external delay
                                  7.75   data required time
-----------------------------------------------------------------------------
                                  7.75   data required time
                                 -0.58   data arrival time
-----------------------------------------------------------------------------
                                  7.17   slack (MET)


Startpoint: _441_ (rising edge-triggered flip-flop clocked by clk)
Endpoint: pwdata[17] (output port clocked by clk)
Path Group: clk
Path Type: max

Fanout     Cap    Slew   Delay    Time   Description
-----------------------------------------------------------------------------
                  0.15    0.00    0.00   clock clk (rise edge)
                          0.00    0.00   clock network delay (ideal)
                  0.15    0.00    0.00 ^ _441_/CLK (sky130_fd_sc_hd__dfrtp_2)
                  0.26    0.57    0.57 ^ _441_/Q (sky130_fd_sc_hd__dfrtp_2)
     2    0.05                           pwdata[17] (net)
                  0.26    0.01    0.58 ^ pwdata[17] (out)
                                  0.58   data arrival time

                  0.15   10.00   10.00   clock clk (rise edge)
                          0.00   10.00   clock network delay (ideal)
                         -0.25    9.75   clock uncertainty
                          0.00    9.75   clock reconvergence pessimism
                         -2.00    7.75   output external delay
                                  7.75   data required time
-----------------------------------------------------------------------------
                                  7.75   data required time
                                 -0.58   data arrival time
-----------------------------------------------------------------------------
                                  7.17   slack (MET)


Startpoint: _419_ (rising edge-triggered flip-flop clocked by clk)
Endpoint: paddr[27] (output port clocked by clk)
Path Group: clk
Path Type: max

Fanout     Cap    Slew   Delay    Time   Description
-----------------------------------------------------------------------------
                  0.15    0.00    0.00   clock clk (rise edge)
                          0.00    0.00   clock network delay (ideal)
                  0.15    0.00    0.00 ^ _419_/CLK (sky130_fd_sc_hd__dfrtp_2)
                  0.26    0.57    0.57 ^ _419_/Q (sky130_fd_sc_hd__dfrtp_2)
     2    0.05                           paddr[27] (net)
                  0.26    0.01    0.58 ^ paddr[27] (out)
                                  0.58   data arrival time

                  0.15   10.00   10.00   clock clk (rise edge)
                          0.00   10.00   clock network delay (ideal)
                         -0.25    9.75   clock uncertainty
                          0.00    9.75   clock reconvergence pessimism
                         -2.00    7.75   output external delay
                                  7.75   data required time
-----------------------------------------------------------------------------
                                  7.75   data required time
                                 -0.58   data arrival time
-----------------------------------------------------------------------------
                                  7.17   slack (MET)


Startpoint: _420_ (rising edge-triggered flip-flop clocked by clk)
Endpoint: paddr[28] (output port clocked by clk)
Path Group: clk
Path Type: max

Fanout     Cap    Slew   Delay    Time   Description
-----------------------------------------------------------------------------
                  0.15    0.00    0.00   clock clk (rise edge)
                          0.00    0.00   clock network delay (ideal)
                  0.15    0.00    0.00 ^ _420_/CLK (sky130_fd_sc_hd__dfrtp_2)
                  0.25    0.57    0.57 ^ _420_/Q (sky130_fd_sc_hd__dfrtp_2)
     2    0.05                           paddr[28] (net)
                  0.25    0.01    0.58 ^ paddr[28] (out)
                                  0.58   data arrival time

                  0.15   10.00   10.00   clock clk (rise edge)
                          0.00   10.00   clock network delay (ideal)
                         -0.25    9.75   clock uncertainty
                          0.00    9.75   clock reconvergence pessimism
                         -2.00    7.75   output external delay
                                  7.75   data required time
-----------------------------------------------------------------------------
                                  7.75   data required time
                                 -0.58   data arrival time
-----------------------------------------------------------------------------
                                  7.17   slack (MET)


Startpoint: _415_ (rising edge-triggered flip-flop clocked by clk)
Endpoint: paddr[23] (output port clocked by clk)
Path Group: clk
Path Type: max

Fanout     Cap    Slew   Delay    Time   Description
-----------------------------------------------------------------------------
                  0.15    0.00    0.00   clock clk (rise edge)
                          0.00    0.00   clock network delay (ideal)
                  0.15    0.00    0.00 ^ _415_/CLK (sky130_fd_sc_hd__dfrtp_2)
                  0.25    0.57    0.57 ^ _415_/Q (sky130_fd_sc_hd__dfrtp_2)
     2    0.05                           paddr[23] (net)
                  0.25    0.01    0.58 ^ paddr[23] (out)
                                  0.58   data arrival time

                  0.15   10.00   10.00   clock clk (rise edge)
                          0.00   10.00   clock network delay (ideal)
                         -0.25    9.75   clock uncertainty
                          0.00    9.75   clock reconvergence pessimism
                         -2.00    7.75   output external delay
                                  7.75   data required time
-----------------------------------------------------------------------------
                                  7.75   data required time
                                 -0.58   data arrival time
-----------------------------------------------------------------------------
                                  7.17   slack (MET)


Startpoint: _409_ (rising edge-triggered flip-flop clocked by clk)
Endpoint: paddr[17] (output port clocked by clk)
Path Group: clk
Path Type: max

Fanout     Cap    Slew   Delay    Time   Description
-----------------------------------------------------------------------------
                  0.15    0.00    0.00   clock clk (rise edge)
                          0.00    0.00   clock network delay (ideal)
                  0.15    0.00    0.00 ^ _409_/CLK (sky130_fd_sc_hd__dfrtp_2)
                  0.25    0.57    0.57 ^ _409_/Q (sky130_fd_sc_hd__dfrtp_2)
     2    0.05                           paddr[17] (net)
                  0.25    0.01    0.57 ^ paddr[17] (out)
                                  0.57   data arrival time

                  0.15   10.00   10.00   clock clk (rise edge)
                          0.00   10.00   clock network delay (ideal)
                         -0.25    9.75   clock uncertainty
                          0.00    9.75   clock reconvergence pessimism
                         -2.00    7.75   output external delay
                                  7.75   data required time
-----------------------------------------------------------------------------
                                  7.75   data required time
                                 -0.57   data arrival time
-----------------------------------------------------------------------------
                                  7.18   slack (MET)


Startpoint: _398_ (rising edge-triggered flip-flop clocked by clk)
Endpoint: paddr[6] (output port clocked by clk)
Path Group: clk
Path Type: max

Fanout     Cap    Slew   Delay    Time   Description
-----------------------------------------------------------------------------
                  0.15    0.00    0.00   clock clk (rise edge)
                          0.00    0.00   clock network delay (ideal)
                  0.15    0.00    0.00 ^ _398_/CLK (sky130_fd_sc_hd__dfrtp_2)
                  0.25    0.57    0.57 ^ _398_/Q (sky130_fd_sc_hd__dfrtp_2)
     2    0.05                           paddr[6] (net)
                  0.25    0.01    0.57 ^ paddr[6] (out)
                                  0.57   data arrival time

                  0.15   10.00   10.00   clock clk (rise edge)
                          0.00   10.00   clock network delay (ideal)
                         -0.25    9.75   clock uncertainty
                          0.00    9.75   clock reconvergence pessimism
                         -2.00    7.75   output external delay
                                  7.75   data required time
-----------------------------------------------------------------------------
                                  7.75   data required time
                                 -0.57   data arrival time
-----------------------------------------------------------------------------
                                  7.18   slack (MET)


Startpoint: _403_ (rising edge-triggered flip-flop clocked by clk)
Endpoint: paddr[11] (output port clocked by clk)
Path Group: clk
Path Type: max

Fanout     Cap    Slew   Delay    Time   Description
-----------------------------------------------------------------------------
                  0.15    0.00    0.00   clock clk (rise edge)
                          0.00    0.00   clock network delay (ideal)
                  0.15    0.00    0.00 ^ _403_/CLK (sky130_fd_sc_hd__dfrtp_2)
                  0.25    0.57    0.57 ^ _403_/Q (sky130_fd_sc_hd__dfrtp_2)
     2    0.05                           paddr[11] (net)
                  0.25    0.01    0.57 ^ paddr[11] (out)
                                  0.57   data arrival time

                  0.15   10.00   10.00   clock clk (rise edge)
                          0.00   10.00   clock network delay (ideal)
                         -0.25    9.75   clock uncertainty
                          0.00    9.75   clock reconvergence pessimism
                         -2.00    7.75   output external delay
                                  7.75   data required time
-----------------------------------------------------------------------------
                                  7.75   data required time
                                 -0.57   data arrival time
-----------------------------------------------------------------------------
                                  7.18   slack (MET)


Startpoint: _425_ (rising edge-triggered flip-flop clocked by clk)
Endpoint: pwdata[1] (output port clocked by clk)
Path Group: clk
Path Type: max

Fanout     Cap    Slew   Delay    Time   Description
-----------------------------------------------------------------------------
                  0.15    0.00    0.00   clock clk (rise edge)
                          0.00    0.00   clock network delay (ideal)
                  0.15    0.00    0.00 ^ _425_/CLK (sky130_fd_sc_hd__dfrtp_2)
                  0.25    0.56    0.56 ^ _425_/Q (sky130_fd_sc_hd__dfrtp_2)
     2    0.05                           pwdata[1] (net)
                  0.25    0.01    0.57 ^ pwdata[1] (out)
                                  0.57   data arrival time

                  0.15   10.00   10.00   clock clk (rise edge)
                          0.00   10.00   clock network delay (ideal)
                         -0.25    9.75   clock uncertainty
                          0.00    9.75   clock reconvergence pessimism
                         -2.00    7.75   output external delay
                                  7.75   data required time
-----------------------------------------------------------------------------
                                  7.75   data required time
                                 -0.57   data arrival time
-----------------------------------------------------------------------------
                                  7.18   slack (MET)


Startpoint: _405_ (rising edge-triggered flip-flop clocked by clk)
Endpoint: paddr[13] (output port clocked by clk)
Path Group: clk
Path Type: max

Fanout     Cap    Slew   Delay    Time   Description
-----------------------------------------------------------------------------
                  0.15    0.00    0.00   clock clk (rise edge)
                          0.00    0.00   clock network delay (ideal)
                  0.15    0.00    0.00 ^ _405_/CLK (sky130_fd_sc_hd__dfrtp_2)
                  0.25    0.56    0.56 ^ _405_/Q (sky130_fd_sc_hd__dfrtp_2)
     2    0.05                           paddr[13] (net)
                  0.25    0.01    0.57 ^ paddr[13] (out)
                                  0.57   data arrival time

                  0.15   10.00   10.00   clock clk (rise edge)
                          0.00   10.00   clock network delay (ideal)
                         -0.25    9.75   clock uncertainty
                          0.00    9.75   clock reconvergence pessimism
                         -2.00    7.75   output external delay
                                  7.75   data required time
-----------------------------------------------------------------------------
                                  7.75   data required time
                                 -0.57   data arrival time
-----------------------------------------------------------------------------
                                  7.18   slack (MET)


Startpoint: _411_ (rising edge-triggered flip-flop clocked by clk)
Endpoint: paddr[19] (output port clocked by clk)
Path Group: clk
Path Type: max

Fanout     Cap    Slew   Delay    Time   Description
-----------------------------------------------------------------------------
                  0.15    0.00    0.00   clock clk (rise edge)
                          0.00    0.00   clock network delay (ideal)
                  0.15    0.00    0.00 ^ _411_/CLK (sky130_fd_sc_hd__dfrtp_2)
                  0.24    0.56    0.56 ^ _411_/Q (sky130_fd_sc_hd__dfrtp_2)
     2    0.05                           paddr[19] (net)
                  0.24    0.01    0.57 ^ paddr[19] (out)
                                  0.57   data arrival time

                  0.15   10.00   10.00   clock clk (rise edge)
                          0.00   10.00   clock network delay (ideal)
                         -0.25    9.75   clock uncertainty
                          0.00    9.75   clock reconvergence pessimism
                         -2.00    7.75   output external delay
                                  7.75   data required time
-----------------------------------------------------------------------------
                                  7.75   data required time
                                 -0.57   data arrival time
-----------------------------------------------------------------------------
                                  7.18   slack (MET)


Startpoint: _438_ (rising edge-triggered flip-flop clocked by clk)
Endpoint: pwdata[14] (output port clocked by clk)
Path Group: clk
Path Type: max

Fanout     Cap    Slew   Delay    Time   Description
-----------------------------------------------------------------------------
                  0.15    0.00    0.00   clock clk (rise edge)
                          0.00    0.00   clock network delay (ideal)
                  0.15    0.00    0.00 ^ _438_/CLK (sky130_fd_sc_hd__dfrtp_2)
                  0.14    0.56    0.56 v _438_/Q (sky130_fd_sc_hd__dfrtp_2)
     2    0.05                           pwdata[14] (net)
                  0.14    0.01    0.57 v pwdata[14] (out)
                                  0.57   data arrival time

                  0.15   10.00   10.00   clock clk (rise edge)
                          0.00   10.00   clock network delay (ideal)
                         -0.25    9.75   clock uncertainty
                          0.00    9.75   clock reconvergence pessimism
                         -2.00    7.75   output external delay
                                  7.75   data required time
-----------------------------------------------------------------------------
                                  7.75   data required time
                                 -0.57   data arrival time
-----------------------------------------------------------------------------
                                  7.18   slack (MET)


Startpoint: _447_ (rising edge-triggered flip-flop clocked by clk)
Endpoint: pwdata[23] (output port clocked by clk)
Path Group: clk
Path Type: max

Fanout     Cap    Slew   Delay    Time   Description
-----------------------------------------------------------------------------
                  0.15    0.00    0.00   clock clk (rise edge)
                          0.00    0.00   clock network delay (ideal)
                  0.15    0.00    0.00 ^ _447_/CLK (sky130_fd_sc_hd__dfrtp_2)
                  0.14    0.56    0.56 v _447_/Q (sky130_fd_sc_hd__dfrtp_2)
     2    0.05                           pwdata[23] (net)
                  0.14    0.01    0.56 v pwdata[23] (out)
                                  0.56   data arrival time

                  0.15   10.00   10.00   clock clk (rise edge)
                          0.00   10.00   clock network delay (ideal)
                         -0.25    9.75   clock uncertainty
                          0.00    9.75   clock reconvergence pessimism
                         -2.00    7.75   output external delay
                                  7.75   data required time
-----------------------------------------------------------------------------
                                  7.75   data required time
                                 -0.56   data arrival time
-----------------------------------------------------------------------------
                                  7.19   slack (MET)


Startpoint: _401_ (rising edge-triggered flip-flop clocked by clk)
Endpoint: paddr[9] (output port clocked by clk)
Path Group: clk
Path Type: max

Fanout     Cap    Slew   Delay    Time   Description
-----------------------------------------------------------------------------
                  0.15    0.00    0.00   clock clk (rise edge)
                          0.00    0.00   clock network delay (ideal)
                  0.15    0.00    0.00 ^ _401_/CLK (sky130_fd_sc_hd__dfrtp_2)
                  0.14    0.56    0.56 v _401_/Q (sky130_fd_sc_hd__dfrtp_2)
     2    0.05                           paddr[9] (net)
                  0.14    0.01    0.56 v paddr[9] (out)
                                  0.56   data arrival time

                  0.15   10.00   10.00   clock clk (rise edge)
                          0.00   10.00   clock network delay (ideal)
                         -0.25    9.75   clock uncertainty
                          0.00    9.75   clock reconvergence pessimism
                         -2.00    7.75   output external delay
                                  7.75   data required time
-----------------------------------------------------------------------------
                                  7.75   data required time
                                 -0.56   data arrival time
-----------------------------------------------------------------------------
                                  7.19   slack (MET)


Startpoint: _427_ (rising edge-triggered flip-flop clocked by clk)
Endpoint: pwdata[3] (output port clocked by clk)
Path Group: clk
Path Type: max

Fanout     Cap    Slew   Delay    Time   Description
-----------------------------------------------------------------------------
                  0.15    0.00    0.00   clock clk (rise edge)
                          0.00    0.00   clock network delay (ideal)
                  0.15    0.00    0.00 ^ _427_/CLK (sky130_fd_sc_hd__dfrtp_2)
                  0.14    0.56    0.56 v _427_/Q (sky130_fd_sc_hd__dfrtp_2)
     2    0.05                           pwdata[3] (net)
                  0.14    0.01    0.56 v pwdata[3] (out)
                                  0.56   data arrival time

                  0.15   10.00   10.00   clock clk (rise edge)
                          0.00   10.00   clock network delay (ideal)
                         -0.25    9.75   clock uncertainty
                          0.00    9.75   clock reconvergence pessimism
                         -2.00    7.75   output external delay
                                  7.75   data required time
-----------------------------------------------------------------------------
                                  7.75   data required time
                                 -0.56   data arrival time
-----------------------------------------------------------------------------
                                  7.19   slack (MET)


Startpoint: _446_ (rising edge-triggered flip-flop clocked by clk)
Endpoint: pwdata[22] (output port clocked by clk)
Path Group: clk
Path Type: max

Fanout     Cap    Slew   Delay    Time   Description
-----------------------------------------------------------------------------
                  0.15    0.00    0.00   clock clk (rise edge)
                          0.00    0.00   clock network delay (ideal)
                  0.15    0.00    0.00 ^ _446_/CLK (sky130_fd_sc_hd__dfrtp_2)
                  0.14    0.56    0.56 v _446_/Q (sky130_fd_sc_hd__dfrtp_2)
     2    0.05                           pwdata[22] (net)
                  0.14    0.01    0.56 v pwdata[22] (out)
                                  0.56   data arrival time

                  0.15   10.00   10.00   clock clk (rise edge)
                          0.00   10.00   clock network delay (ideal)
                         -0.25    9.75   clock uncertainty
                          0.00    9.75   clock reconvergence pessimism
                         -2.00    7.75   output external delay
                                  7.75   data required time
-----------------------------------------------------------------------------
                                  7.75   data required time
                                 -0.56   data arrival time
-----------------------------------------------------------------------------
                                  7.19   slack (MET)


Startpoint: _394_ (rising edge-triggered flip-flop clocked by clk)
Endpoint: paddr[2] (output port clocked by clk)
Path Group: clk
Path Type: max

Fanout     Cap    Slew   Delay    Time   Description
-----------------------------------------------------------------------------
                  0.15    0.00    0.00   clock clk (rise edge)
                          0.00    0.00   clock network delay (ideal)
                  0.15    0.00    0.00 ^ _394_/CLK (sky130_fd_sc_hd__dfrtp_2)
                  0.14    0.56    0.56 v _394_/Q (sky130_fd_sc_hd__dfrtp_2)
     2    0.05                           paddr[2] (net)
                  0.14    0.01    0.56 v paddr[2] (out)
                                  0.56   data arrival time

                  0.15   10.00   10.00   clock clk (rise edge)
                          0.00   10.00   clock network delay (ideal)
                         -0.25    9.75   clock uncertainty
                          0.00    9.75   clock reconvergence pessimism
                         -2.00    7.75   output external delay
                                  7.75   data required time
-----------------------------------------------------------------------------
                                  7.75   data required time
                                 -0.56   data arrival time
-----------------------------------------------------------------------------
                                  7.19   slack (MET)


Startpoint: _437_ (rising edge-triggered flip-flop clocked by clk)
Endpoint: pwdata[13] (output port clocked by clk)
Path Group: clk
Path Type: max

Fanout     Cap    Slew   Delay    Time   Description
-----------------------------------------------------------------------------
                  0.15    0.00    0.00   clock clk (rise edge)
                          0.00    0.00   clock network delay (ideal)
                  0.15    0.00    0.00 ^ _437_/CLK (sky130_fd_sc_hd__dfrtp_2)
                  0.14    0.56    0.56 v _437_/Q (sky130_fd_sc_hd__dfrtp_2)
     2    0.05                           pwdata[13] (net)
                  0.14    0.01    0.56 v pwdata[13] (out)
                                  0.56   data arrival time

                  0.15   10.00   10.00   clock clk (rise edge)
                          0.00   10.00   clock network delay (ideal)
                         -0.25    9.75   clock uncertainty
                          0.00    9.75   clock reconvergence pessimism
                         -2.00    7.75   output external delay
                                  7.75   data required time
-----------------------------------------------------------------------------
                                  7.75   data required time
                                 -0.56   data arrival time
-----------------------------------------------------------------------------
                                  7.19   slack (MET)


Startpoint: _399_ (rising edge-triggered flip-flop clocked by clk)
Endpoint: paddr[7] (output port clocked by clk)
Path Group: clk
Path Type: max

Fanout     Cap    Slew   Delay    Time   Description
-----------------------------------------------------------------------------
                  0.15    0.00    0.00   clock clk (rise edge)
                          0.00    0.00   clock network delay (ideal)
                  0.15    0.00    0.00 ^ _399_/CLK (sky130_fd_sc_hd__dfrtp_2)
                  0.14    0.56    0.56 v _399_/Q (sky130_fd_sc_hd__dfrtp_2)
     2    0.05                           paddr[7] (net)
                  0.14    0.01    0.56 v paddr[7] (out)
                                  0.56   data arrival time

                  0.15   10.00   10.00   clock clk (rise edge)
                          0.00   10.00   clock network delay (ideal)
                         -0.25    9.75   clock uncertainty
                          0.00    9.75   clock reconvergence pessimism
                         -2.00    7.75   output external delay
                                  7.75   data required time
-----------------------------------------------------------------------------
                                  7.75   data required time
                                 -0.56   data arrival time
-----------------------------------------------------------------------------
                                  7.19   slack (MET)


Startpoint: _440_ (rising edge-triggered flip-flop clocked by clk)
Endpoint: pwdata[16] (output port clocked by clk)
Path Group: clk
Path Type: max

Fanout     Cap    Slew   Delay    Time   Description
-----------------------------------------------------------------------------
                  0.15    0.00    0.00   clock clk (rise edge)
                          0.00    0.00   clock network delay (ideal)
                  0.15    0.00    0.00 ^ _440_/CLK (sky130_fd_sc_hd__dfrtp_2)
                  0.14    0.55    0.55 v _440_/Q (sky130_fd_sc_hd__dfrtp_2)
     2    0.05                           pwdata[16] (net)
                  0.14    0.01    0.56 v pwdata[16] (out)
                                  0.56   data arrival time

                  0.15   10.00   10.00   clock clk (rise edge)
                          0.00   10.00   clock network delay (ideal)
                         -0.25    9.75   clock uncertainty
                          0.00    9.75   clock reconvergence pessimism
                         -2.00    7.75   output external delay
                                  7.75   data required time
-----------------------------------------------------------------------------
                                  7.75   data required time
                                 -0.56   data arrival time
-----------------------------------------------------------------------------
                                  7.19   slack (MET)


Startpoint: _442_ (rising edge-triggered flip-flop clocked by clk)
Endpoint: pwdata[18] (output port clocked by clk)
Path Group: clk
Path Type: max

Fanout     Cap    Slew   Delay    Time   Description
-----------------------------------------------------------------------------
                  0.15    0.00    0.00   clock clk (rise edge)
                          0.00    0.00   clock network delay (ideal)
                  0.15    0.00    0.00 ^ _442_/CLK (sky130_fd_sc_hd__dfrtp_2)
                  0.14    0.55    0.55 v _442_/Q (sky130_fd_sc_hd__dfrtp_2)
     2    0.05                           pwdata[18] (net)
                  0.14    0.01    0.56 v pwdata[18] (out)
                                  0.56   data arrival time

                  0.15   10.00   10.00   clock clk (rise edge)
                          0.00   10.00   clock network delay (ideal)
                         -0.25    9.75   clock uncertainty
                          0.00    9.75   clock reconvergence pessimism
                         -2.00    7.75   output external delay
                                  7.75   data required time
-----------------------------------------------------------------------------
                                  7.75   data required time
                                 -0.56   data arrival time
-----------------------------------------------------------------------------
                                  7.19   slack (MET)


Startpoint: _414_ (rising edge-triggered flip-flop clocked by clk)
Endpoint: paddr[22] (output port clocked by clk)
Path Group: clk
Path Type: max

Fanout     Cap    Slew   Delay    Time   Description
-----------------------------------------------------------------------------
                  0.15    0.00    0.00   clock clk (rise edge)
                          0.00    0.00   clock network delay (ideal)
                  0.15    0.00    0.00 ^ _414_/CLK (sky130_fd_sc_hd__dfrtp_2)
                  0.13    0.55    0.55 v _414_/Q (sky130_fd_sc_hd__dfrtp_2)
     2    0.05                           paddr[22] (net)
                  0.13    0.01    0.56 v paddr[22] (out)
                                  0.56   data arrival time

                  0.15   10.00   10.00   clock clk (rise edge)
                          0.00   10.00   clock network delay (ideal)
                         -0.25    9.75   clock uncertainty
                          0.00    9.75   clock reconvergence pessimism
                         -2.00    7.75   output external delay
                                  7.75   data required time
-----------------------------------------------------------------------------
                                  7.75   data required time
                                 -0.56   data arrival time
-----------------------------------------------------------------------------
                                  7.19   slack (MET)


Startpoint: _417_ (rising edge-triggered flip-flop clocked by clk)
Endpoint: paddr[25] (output port clocked by clk)
Path Group: clk
Path Type: max

Fanout     Cap    Slew   Delay    Time   Description
-----------------------------------------------------------------------------
                  0.15    0.00    0.00   clock clk (rise edge)
                          0.00    0.00   clock network delay (ideal)
                  0.15    0.00    0.00 ^ _417_/CLK (sky130_fd_sc_hd__dfrtp_2)
                  0.13    0.55    0.55 v _417_/Q (sky130_fd_sc_hd__dfrtp_2)
     2    0.05                           paddr[25] (net)
                  0.13    0.00    0.56 v paddr[25] (out)
                                  0.56   data arrival time

                  0.15   10.00   10.00   clock clk (rise edge)
                          0.00   10.00   clock network delay (ideal)
                         -0.25    9.75   clock uncertainty
                          0.00    9.75   clock reconvergence pessimism
                         -2.00    7.75   output external delay
                                  7.75   data required time
-----------------------------------------------------------------------------
                                  7.75   data required time
                                 -0.56   data arrival time
-----------------------------------------------------------------------------
                                  7.19   slack (MET)


Startpoint: _455_ (rising edge-triggered flip-flop clocked by clk)
Endpoint: pwdata[31] (output port clocked by clk)
Path Group: clk
Path Type: max

Fanout     Cap    Slew   Delay    Time   Description
-----------------------------------------------------------------------------
                  0.15    0.00    0.00   clock clk (rise edge)
                          0.00    0.00   clock network delay (ideal)
                  0.15    0.00    0.00 ^ _455_/CLK (sky130_fd_sc_hd__dfrtp_2)
                  0.13    0.55    0.55 v _455_/Q (sky130_fd_sc_hd__dfrtp_2)
     2    0.05                           pwdata[31] (net)
                  0.13    0.00    0.56 v pwdata[31] (out)
                                  0.56   data arrival time

                  0.15   10.00   10.00   clock clk (rise edge)
                          0.00   10.00   clock network delay (ideal)
                         -0.25    9.75   clock uncertainty
                          0.00    9.75   clock reconvergence pessimism
                         -2.00    7.75   output external delay
                                  7.75   data required time
-----------------------------------------------------------------------------
                                  7.75   data required time
                                 -0.56   data arrival time
-----------------------------------------------------------------------------
                                  7.19   slack (MET)


Startpoint: _421_ (rising edge-triggered flip-flop clocked by clk)
Endpoint: paddr[29] (output port clocked by clk)
Path Group: clk
Path Type: max

Fanout     Cap    Slew   Delay    Time   Description
-----------------------------------------------------------------------------
                  0.15    0.00    0.00   clock clk (rise edge)
                          0.00    0.00   clock network delay (ideal)
                  0.15    0.00    0.00 ^ _421_/CLK (sky130_fd_sc_hd__dfrtp_2)
                  0.13    0.55    0.55 v _421_/Q (sky130_fd_sc_hd__dfrtp_2)
     2    0.05                           paddr[29] (net)
                  0.13    0.00    0.56 v paddr[29] (out)
                                  0.56   data arrival time

                  0.15   10.00   10.00   clock clk (rise edge)
                          0.00   10.00   clock network delay (ideal)
                         -0.25    9.75   clock uncertainty
                          0.00    9.75   clock reconvergence pessimism
                         -2.00    7.75   output external delay
                                  7.75   data required time
-----------------------------------------------------------------------------
                                  7.75   data required time
                                 -0.56   data arrival time
-----------------------------------------------------------------------------
                                  7.19   slack (MET)


Startpoint: _431_ (rising edge-triggered flip-flop clocked by clk)
Endpoint: pwdata[7] (output port clocked by clk)
Path Group: clk
Path Type: max

Fanout     Cap    Slew   Delay    Time   Description
-----------------------------------------------------------------------------
                  0.15    0.00    0.00   clock clk (rise edge)
                          0.00    0.00   clock network delay (ideal)
                  0.15    0.00    0.00 ^ _431_/CLK (sky130_fd_sc_hd__dfrtp_2)
                  0.13    0.55    0.55 v _431_/Q (sky130_fd_sc_hd__dfrtp_2)
     2    0.04                           pwdata[7] (net)
                  0.13    0.00    0.56 v pwdata[7] (out)
                                  0.56   data arrival time

                  0.15   10.00   10.00   clock clk (rise edge)
                          0.00   10.00   clock network delay (ideal)
                         -0.25    9.75   clock uncertainty
                          0.00    9.75   clock reconvergence pessimism
                         -2.00    7.75   output external delay
                                  7.75   data required time
-----------------------------------------------------------------------------
                                  7.75   data required time
                                 -0.56   data arrival time
-----------------------------------------------------------------------------
                                  7.19   slack (MET)


Startpoint: _445_ (rising edge-triggered flip-flop clocked by clk)
Endpoint: pwdata[21] (output port clocked by clk)
Path Group: clk
Path Type: max

Fanout     Cap    Slew   Delay    Time   Description
-----------------------------------------------------------------------------
                  0.15    0.00    0.00   clock clk (rise edge)
                          0.00    0.00   clock network delay (ideal)
                  0.15    0.00    0.00 ^ _445_/CLK (sky130_fd_sc_hd__dfrtp_2)
                  0.13    0.55    0.55 v _445_/Q (sky130_fd_sc_hd__dfrtp_2)
     2    0.04                           pwdata[21] (net)
                  0.13    0.00    0.56 v pwdata[21] (out)
                                  0.56   data arrival time

                  0.15   10.00   10.00   clock clk (rise edge)
                          0.00   10.00   clock network delay (ideal)
                         -0.25    9.75   clock uncertainty
                          0.00    9.75   clock reconvergence pessimism
                         -2.00    7.75   output external delay
                                  7.75   data required time
-----------------------------------------------------------------------------
                                  7.75   data required time
                                 -0.56   data arrival time
-----------------------------------------------------------------------------
                                  7.19   slack (MET)


Startpoint: _400_ (rising edge-triggered flip-flop clocked by clk)
Endpoint: paddr[8] (output port clocked by clk)
Path Group: clk
Path Type: max

Fanout     Cap    Slew   Delay    Time   Description
-----------------------------------------------------------------------------
                  0.15    0.00    0.00   clock clk (rise edge)
                          0.00    0.00   clock network delay (ideal)
                  0.15    0.00    0.00 ^ _400_/CLK (sky130_fd_sc_hd__dfrtp_2)
                  0.13    0.55    0.55 v _400_/Q (sky130_fd_sc_hd__dfrtp_2)
     2    0.04                           paddr[8] (net)
                  0.13    0.00    0.56 v paddr[8] (out)
                                  0.56   data arrival time

                  0.15   10.00   10.00   clock clk (rise edge)
                          0.00   10.00   clock network delay (ideal)
                         -0.25    9.75   clock uncertainty
                          0.00    9.75   clock reconvergence pessimism
                         -2.00    7.75   output external delay
                                  7.75   data required time
-----------------------------------------------------------------------------
                                  7.75   data required time
                                 -0.56   data arrival time
-----------------------------------------------------------------------------
                                  7.19   slack (MET)


Startpoint: _444_ (rising edge-triggered flip-flop clocked by clk)
Endpoint: pwdata[20] (output port clocked by clk)
Path Group: clk
Path Type: max

Fanout     Cap    Slew   Delay    Time   Description
-----------------------------------------------------------------------------
                  0.15    0.00    0.00   clock clk (rise edge)
                          0.00    0.00   clock network delay (ideal)
                  0.15    0.00    0.00 ^ _444_/CLK (sky130_fd_sc_hd__dfrtp_2)
                  0.13    0.55    0.55 v _444_/Q (sky130_fd_sc_hd__dfrtp_2)
     2    0.04                           pwdata[20] (net)
                  0.13    0.00    0.55 v pwdata[20] (out)
                                  0.55   data arrival time

                  0.15   10.00   10.00   clock clk (rise edge)
                          0.00   10.00   clock network delay (ideal)
                         -0.25    9.75   clock uncertainty
                          0.00    9.75   clock reconvergence pessimism
                         -2.00    7.75   output external delay
                                  7.75   data required time
-----------------------------------------------------------------------------
                                  7.75   data required time
                                 -0.55   data arrival time
-----------------------------------------------------------------------------
                                  7.20   slack (MET)


Startpoint: _423_ (rising edge-triggered flip-flop clocked by clk)
Endpoint: paddr[31] (output port clocked by clk)
Path Group: clk
Path Type: max

Fanout     Cap    Slew   Delay    Time   Description
-----------------------------------------------------------------------------
                  0.15    0.00    0.00   clock clk (rise edge)
                          0.00    0.00   clock network delay (ideal)
                  0.15    0.00    0.00 ^ _423_/CLK (sky130_fd_sc_hd__dfrtp_2)
                  0.13    0.55    0.55 v _423_/Q (sky130_fd_sc_hd__dfrtp_2)
     2    0.04                           paddr[31] (net)
                  0.13    0.00    0.55 v paddr[31] (out)
                                  0.55   data arrival time

                  0.15   10.00   10.00   clock clk (rise edge)
                          0.00   10.00   clock network delay (ideal)
                         -0.25    9.75   clock uncertainty
                          0.00    9.75   clock reconvergence pessimism
                         -2.00    7.75   output external delay
                                  7.75   data required time
-----------------------------------------------------------------------------
                                  7.75   data required time
                                 -0.55   data arrival time
-----------------------------------------------------------------------------
                                  7.20   slack (MET)


Startpoint: _450_ (rising edge-triggered flip-flop clocked by clk)
Endpoint: pwdata[26] (output port clocked by clk)
Path Group: clk
Path Type: max

Fanout     Cap    Slew   Delay    Time   Description
-----------------------------------------------------------------------------
                  0.15    0.00    0.00   clock clk (rise edge)
                          0.00    0.00   clock network delay (ideal)
                  0.15    0.00    0.00 ^ _450_/CLK (sky130_fd_sc_hd__dfrtp_2)
                  0.13    0.55    0.55 v _450_/Q (sky130_fd_sc_hd__dfrtp_2)
     2    0.04                           pwdata[26] (net)
                  0.13    0.00    0.55 v pwdata[26] (out)
                                  0.55   data arrival time

                  0.15   10.00   10.00   clock clk (rise edge)
                          0.00   10.00   clock network delay (ideal)
                         -0.25    9.75   clock uncertainty
                          0.00    9.75   clock reconvergence pessimism
                         -2.00    7.75   output external delay
                                  7.75   data required time
-----------------------------------------------------------------------------
                                  7.75   data required time
                                 -0.55   data arrival time
-----------------------------------------------------------------------------
                                  7.20   slack (MET)


Startpoint: _407_ (rising edge-triggered flip-flop clocked by clk)
Endpoint: paddr[15] (output port clocked by clk)
Path Group: clk
Path Type: max

Fanout     Cap    Slew   Delay    Time   Description
-----------------------------------------------------------------------------
                  0.15    0.00    0.00   clock clk (rise edge)
                          0.00    0.00   clock network delay (ideal)
                  0.15    0.00    0.00 ^ _407_/CLK (sky130_fd_sc_hd__dfrtp_2)
                  0.13    0.55    0.55 v _407_/Q (sky130_fd_sc_hd__dfrtp_2)
     2    0.04                           paddr[15] (net)
                  0.13    0.00    0.55 v paddr[15] (out)
                                  0.55   data arrival time

                  0.15   10.00   10.00   clock clk (rise edge)
                          0.00   10.00   clock network delay (ideal)
                         -0.25    9.75   clock uncertainty
                          0.00    9.75   clock reconvergence pessimism
                         -2.00    7.75   output external delay
                                  7.75   data required time
-----------------------------------------------------------------------------
                                  7.75   data required time
                                 -0.55   data arrival time
-----------------------------------------------------------------------------
                                  7.20   slack (MET)


Startpoint: _433_ (rising edge-triggered flip-flop clocked by clk)
Endpoint: pwdata[9] (output port clocked by clk)
Path Group: clk
Path Type: max

Fanout     Cap    Slew   Delay    Time   Description
-----------------------------------------------------------------------------
                  0.15    0.00    0.00   clock clk (rise edge)
                          0.00    0.00   clock network delay (ideal)
                  0.15    0.00    0.00 ^ _433_/CLK (sky130_fd_sc_hd__dfrtp_2)
                  0.13    0.55    0.55 v _433_/Q (sky130_fd_sc_hd__dfrtp_2)
     2    0.04                           pwdata[9] (net)
                  0.13    0.00    0.55 v pwdata[9] (out)
                                  0.55   data arrival time

                  0.15   10.00   10.00   clock clk (rise edge)
                          0.00   10.00   clock network delay (ideal)
                         -0.25    9.75   clock uncertainty
                          0.00    9.75   clock reconvergence pessimism
                         -2.00    7.75   output external delay
                                  7.75   data required time
-----------------------------------------------------------------------------
                                  7.75   data required time
                                 -0.55   data arrival time
-----------------------------------------------------------------------------
                                  7.20   slack (MET)


Startpoint: _426_ (rising edge-triggered flip-flop clocked by clk)
Endpoint: pwdata[2] (output port clocked by clk)
Path Group: clk
Path Type: max

Fanout     Cap    Slew   Delay    Time   Description
-----------------------------------------------------------------------------
                  0.15    0.00    0.00   clock clk (rise edge)
                          0.00    0.00   clock network delay (ideal)
                  0.15    0.00    0.00 ^ _426_/CLK (sky130_fd_sc_hd__dfrtp_2)
                  0.13    0.55    0.55 v _426_/Q (sky130_fd_sc_hd__dfrtp_2)
     2    0.04                           pwdata[2] (net)
                  0.13    0.00    0.55 v pwdata[2] (out)
                                  0.55   data arrival time

                  0.15   10.00   10.00   clock clk (rise edge)
                          0.00   10.00   clock network delay (ideal)
                         -0.25    9.75   clock uncertainty
                          0.00    9.75   clock reconvergence pessimism
                         -2.00    7.75   output external delay
                                  7.75   data required time
-----------------------------------------------------------------------------
                                  7.75   data required time
                                 -0.55   data arrival time
-----------------------------------------------------------------------------
                                  7.20   slack (MET)


Startpoint: _430_ (rising edge-triggered flip-flop clocked by clk)
Endpoint: pwdata[6] (output port clocked by clk)
Path Group: clk
Path Type: max

Fanout     Cap    Slew   Delay    Time   Description
-----------------------------------------------------------------------------
                  0.15    0.00    0.00   clock clk (rise edge)
                          0.00    0.00   clock network delay (ideal)
                  0.15    0.00    0.00 ^ _430_/CLK (sky130_fd_sc_hd__dfrtp_2)
                  0.13    0.55    0.55 v _430_/Q (sky130_fd_sc_hd__dfrtp_2)
     2    0.04                           pwdata[6] (net)
                  0.13    0.00    0.55 v pwdata[6] (out)
                                  0.55   data arrival time

                  0.15   10.00   10.00   clock clk (rise edge)
                          0.00   10.00   clock network delay (ideal)
                         -0.25    9.75   clock uncertainty
                          0.00    9.75   clock reconvergence pessimism
                         -2.00    7.75   output external delay
                                  7.75   data required time
-----------------------------------------------------------------------------
                                  7.75   data required time
                                 -0.55   data arrival time
-----------------------------------------------------------------------------
                                  7.20   slack (MET)


Startpoint: _432_ (rising edge-triggered flip-flop clocked by clk)
Endpoint: pwdata[8] (output port clocked by clk)
Path Group: clk
Path Type: max

Fanout     Cap    Slew   Delay    Time   Description
-----------------------------------------------------------------------------
                  0.15    0.00    0.00   clock clk (rise edge)
                          0.00    0.00   clock network delay (ideal)
                  0.15    0.00    0.00 ^ _432_/CLK (sky130_fd_sc_hd__dfrtp_2)
                  0.12    0.55    0.55 v _432_/Q (sky130_fd_sc_hd__dfrtp_2)
     2    0.04                           pwdata[8] (net)
                  0.12    0.00    0.55 v pwdata[8] (out)
                                  0.55   data arrival time

                  0.15   10.00   10.00   clock clk (rise edge)
                          0.00   10.00   clock network delay (ideal)
                         -0.25    9.75   clock uncertainty
                          0.00    9.75   clock reconvergence pessimism
                         -2.00    7.75   output external delay
                                  7.75   data required time
-----------------------------------------------------------------------------
                                  7.75   data required time
                                 -0.55   data arrival time
-----------------------------------------------------------------------------
                                  7.20   slack (MET)


Startpoint: _452_ (rising edge-triggered flip-flop clocked by clk)
Endpoint: pwdata[28] (output port clocked by clk)
Path Group: clk
Path Type: max

Fanout     Cap    Slew   Delay    Time   Description
-----------------------------------------------------------------------------
                  0.15    0.00    0.00   clock clk (rise edge)
                          0.00    0.00   clock network delay (ideal)
                  0.15    0.00    0.00 ^ _452_/CLK (sky130_fd_sc_hd__dfrtp_2)
                  0.12    0.55    0.55 v _452_/Q (sky130_fd_sc_hd__dfrtp_2)
     2    0.04                           pwdata[28] (net)
                  0.12    0.00    0.55 v pwdata[28] (out)
                                  0.55   data arrival time

                  0.15   10.00   10.00   clock clk (rise edge)
                          0.00   10.00   clock network delay (ideal)
                         -0.25    9.75   clock uncertainty
                          0.00    9.75   clock reconvergence pessimism
                         -2.00    7.75   output external delay
                                  7.75   data required time
-----------------------------------------------------------------------------
                                  7.75   data required time
                                 -0.55   data arrival time
-----------------------------------------------------------------------------
                                  7.20   slack (MET)


Startpoint: _406_ (rising edge-triggered flip-flop clocked by clk)
Endpoint: paddr[14] (output port clocked by clk)
Path Group: clk
Path Type: max

Fanout     Cap    Slew   Delay    Time   Description
-----------------------------------------------------------------------------
                  0.15    0.00    0.00   clock clk (rise edge)
                          0.00    0.00   clock network delay (ideal)
                  0.15    0.00    0.00 ^ _406_/CLK (sky130_fd_sc_hd__dfrtp_2)
                  0.12    0.55    0.55 v _406_/Q (sky130_fd_sc_hd__dfrtp_2)
     2    0.04                           paddr[14] (net)
                  0.12    0.00    0.55 v paddr[14] (out)
                                  0.55   data arrival time

                  0.15   10.00   10.00   clock clk (rise edge)
                          0.00   10.00   clock network delay (ideal)
                         -0.25    9.75   clock uncertainty
                          0.00    9.75   clock reconvergence pessimism
                         -2.00    7.75   output external delay
                                  7.75   data required time
-----------------------------------------------------------------------------
                                  7.75   data required time
                                 -0.55   data arrival time
-----------------------------------------------------------------------------
                                  7.20   slack (MET)


Startpoint: _416_ (rising edge-triggered flip-flop clocked by clk)
Endpoint: paddr[24] (output port clocked by clk)
Path Group: clk
Path Type: max

Fanout     Cap    Slew   Delay    Time   Description
-----------------------------------------------------------------------------
                  0.15    0.00    0.00   clock clk (rise edge)
                          0.00    0.00   clock network delay (ideal)
                  0.15    0.00    0.00 ^ _416_/CLK (sky130_fd_sc_hd__dfrtp_2)
                  0.12    0.54    0.54 v _416_/Q (sky130_fd_sc_hd__dfrtp_2)
     2    0.04                           paddr[24] (net)
                  0.12    0.00    0.55 v paddr[24] (out)
                                  0.55   data arrival time

                  0.15   10.00   10.00   clock clk (rise edge)
                          0.00   10.00   clock network delay (ideal)
                         -0.25    9.75   clock uncertainty
                          0.00    9.75   clock reconvergence pessimism
                         -2.00    7.75   output external delay
                                  7.75   data required time
-----------------------------------------------------------------------------
                                  7.75   data required time
                                 -0.55   data arrival time
-----------------------------------------------------------------------------
                                  7.20   slack (MET)


Startpoint: _435_ (rising edge-triggered flip-flop clocked by clk)
Endpoint: pwdata[11] (output port clocked by clk)
Path Group: clk
Path Type: max

Fanout     Cap    Slew   Delay    Time   Description
-----------------------------------------------------------------------------
                  0.15    0.00    0.00   clock clk (rise edge)
                          0.00    0.00   clock network delay (ideal)
                  0.15    0.00    0.00 ^ _435_/CLK (sky130_fd_sc_hd__dfrtp_2)
                  0.12    0.54    0.54 v _435_/Q (sky130_fd_sc_hd__dfrtp_2)
     2    0.04                           pwdata[11] (net)
                  0.12    0.00    0.54 v pwdata[11] (out)
                                  0.54   data arrival time

                  0.15   10.00   10.00   clock clk (rise edge)
                          0.00   10.00   clock network delay (ideal)
                         -0.25    9.75   clock uncertainty
                          0.00    9.75   clock reconvergence pessimism
                         -2.00    7.75   output external delay
                                  7.75   data required time
-----------------------------------------------------------------------------
                                  7.75   data required time
                                 -0.54   data arrival time
-----------------------------------------------------------------------------
                                  7.21   slack (MET)


Startpoint: _451_ (rising edge-triggered flip-flop clocked by clk)
Endpoint: pwdata[27] (output port clocked by clk)
Path Group: clk
Path Type: max

Fanout     Cap    Slew   Delay    Time   Description
-----------------------------------------------------------------------------
                  0.15    0.00    0.00   clock clk (rise edge)
                          0.00    0.00   clock network delay (ideal)
                  0.15    0.00    0.00 ^ _451_/CLK (sky130_fd_sc_hd__dfrtp_2)
                  0.12    0.54    0.54 v _451_/Q (sky130_fd_sc_hd__dfrtp_2)
     2    0.04                           pwdata[27] (net)
                  0.12    0.00    0.54 v pwdata[27] (out)
                                  0.54   data arrival time

                  0.15   10.00   10.00   clock clk (rise edge)
                          0.00   10.00   clock network delay (ideal)
                         -0.25    9.75   clock uncertainty
                          0.00    9.75   clock reconvergence pessimism
                         -2.00    7.75   output external delay
                                  7.75   data required time
-----------------------------------------------------------------------------
                                  7.75   data required time
                                 -0.54   data arrival time
-----------------------------------------------------------------------------
                                  7.21   slack (MET)


Startpoint: _454_ (rising edge-triggered flip-flop clocked by clk)
Endpoint: pwdata[30] (output port clocked by clk)
Path Group: clk
Path Type: max

Fanout     Cap    Slew   Delay    Time   Description
-----------------------------------------------------------------------------
                  0.15    0.00    0.00   clock clk (rise edge)
                          0.00    0.00   clock network delay (ideal)
                  0.15    0.00    0.00 ^ _454_/CLK (sky130_fd_sc_hd__dfrtp_2)
                  0.12    0.54    0.54 v _454_/Q (sky130_fd_sc_hd__dfrtp_2)
     2    0.04                           pwdata[30] (net)
                  0.12    0.00    0.54 v pwdata[30] (out)
                                  0.54   data arrival time

                  0.15   10.00   10.00   clock clk (rise edge)
                          0.00   10.00   clock network delay (ideal)
                         -0.25    9.75   clock uncertainty
                          0.00    9.75   clock reconvergence pessimism
                         -2.00    7.75   output external delay
                                  7.75   data required time
-----------------------------------------------------------------------------
                                  7.75   data required time
                                 -0.54   data arrival time
-----------------------------------------------------------------------------
                                  7.21   slack (MET)


Startpoint: _428_ (rising edge-triggered flip-flop clocked by clk)
Endpoint: pwdata[4] (output port clocked by clk)
Path Group: clk
Path Type: max

Fanout     Cap    Slew   Delay    Time   Description
-----------------------------------------------------------------------------
                  0.15    0.00    0.00   clock clk (rise edge)
                          0.00    0.00   clock network delay (ideal)
                  0.15    0.00    0.00 ^ _428_/CLK (sky130_fd_sc_hd__dfrtp_2)
                  0.12    0.54    0.54 v _428_/Q (sky130_fd_sc_hd__dfrtp_2)
     2    0.04                           pwdata[4] (net)
                  0.12    0.00    0.54 v pwdata[4] (out)
                                  0.54   data arrival time

                  0.15   10.00   10.00   clock clk (rise edge)
                          0.00   10.00   clock network delay (ideal)
                         -0.25    9.75   clock uncertainty
                          0.00    9.75   clock reconvergence pessimism
                         -2.00    7.75   output external delay
                                  7.75   data required time
-----------------------------------------------------------------------------
                                  7.75   data required time
                                 -0.54   data arrival time
-----------------------------------------------------------------------------
                                  7.21   slack (MET)


Startpoint: _453_ (rising edge-triggered flip-flop clocked by clk)
Endpoint: pwdata[29] (output port clocked by clk)
Path Group: clk
Path Type: max

Fanout     Cap    Slew   Delay    Time   Description
-----------------------------------------------------------------------------
                  0.15    0.00    0.00   clock clk (rise edge)
                          0.00    0.00   clock network delay (ideal)
                  0.15    0.00    0.00 ^ _453_/CLK (sky130_fd_sc_hd__dfrtp_2)
                  0.12    0.54    0.54 v _453_/Q (sky130_fd_sc_hd__dfrtp_2)
     2    0.04                           pwdata[29] (net)
                  0.12    0.00    0.54 v pwdata[29] (out)
                                  0.54   data arrival time

                  0.15   10.00   10.00   clock clk (rise edge)
                          0.00   10.00   clock network delay (ideal)
                         -0.25    9.75   clock uncertainty
                          0.00    9.75   clock reconvergence pessimism
                         -2.00    7.75   output external delay
                                  7.75   data required time
-----------------------------------------------------------------------------
                                  7.75   data required time
                                 -0.54   data arrival time
-----------------------------------------------------------------------------
                                  7.21   slack (MET)


Startpoint: _392_ (rising edge-triggered flip-flop clocked by clk)
Endpoint: paddr[0] (output port clocked by clk)
Path Group: clk
Path Type: max

Fanout     Cap    Slew   Delay    Time   Description
-----------------------------------------------------------------------------
                  0.15    0.00    0.00   clock clk (rise edge)
                          0.00    0.00   clock network delay (ideal)
                  0.15    0.00    0.00 ^ _392_/CLK (sky130_fd_sc_hd__dfrtp_2)
                  0.12    0.54    0.54 v _392_/Q (sky130_fd_sc_hd__dfrtp_2)
     2    0.04                           paddr[0] (net)
                  0.12    0.00    0.54 v paddr[0] (out)
                                  0.54   data arrival time

                  0.15   10.00   10.00   clock clk (rise edge)
                          0.00   10.00   clock network delay (ideal)
                         -0.25    9.75   clock uncertainty
                          0.00    9.75   clock reconvergence pessimism
                         -2.00    7.75   output external delay
                                  7.75   data required time
-----------------------------------------------------------------------------
                                  7.75   data required time
                                 -0.54   data arrival time
-----------------------------------------------------------------------------
                                  7.21   slack (MET)


Startpoint: _436_ (rising edge-triggered flip-flop clocked by clk)
Endpoint: pwdata[12] (output port clocked by clk)
Path Group: clk
Path Type: max

Fanout     Cap    Slew   Delay    Time   Description
-----------------------------------------------------------------------------
                  0.15    0.00    0.00   clock clk (rise edge)
                          0.00    0.00   clock network delay (ideal)
                  0.15    0.00    0.00 ^ _436_/CLK (sky130_fd_sc_hd__dfrtp_2)
                  0.12    0.54    0.54 v _436_/Q (sky130_fd_sc_hd__dfrtp_2)
     2    0.04                           pwdata[12] (net)
                  0.12    0.00    0.54 v pwdata[12] (out)
                                  0.54   data arrival time

                  0.15   10.00   10.00   clock clk (rise edge)
                          0.00   10.00   clock network delay (ideal)
                         -0.25    9.75   clock uncertainty
                          0.00    9.75   clock reconvergence pessimism
                         -2.00    7.75   output external delay
                                  7.75   data required time
-----------------------------------------------------------------------------
                                  7.75   data required time
                                 -0.54   data arrival time
-----------------------------------------------------------------------------
                                  7.21   slack (MET)


Startpoint: _397_ (rising edge-triggered flip-flop clocked by clk)
Endpoint: paddr[5] (output port clocked by clk)
Path Group: clk
Path Type: max

Fanout     Cap    Slew   Delay    Time   Description
-----------------------------------------------------------------------------
                  0.15    0.00    0.00   clock clk (rise edge)
                          0.00    0.00   clock network delay (ideal)
                  0.15    0.00    0.00 ^ _397_/CLK (sky130_fd_sc_hd__dfrtp_2)
                  0.12    0.54    0.54 v _397_/Q (sky130_fd_sc_hd__dfrtp_2)
     2    0.04                           paddr[5] (net)
                  0.12    0.00    0.54 v paddr[5] (out)
                                  0.54   data arrival time

                  0.15   10.00   10.00   clock clk (rise edge)
                          0.00   10.00   clock network delay (ideal)
                         -0.25    9.75   clock uncertainty
                          0.00    9.75   clock reconvergence pessimism
                         -2.00    7.75   output external delay
                                  7.75   data required time
-----------------------------------------------------------------------------
                                  7.75   data required time
                                 -0.54   data arrival time
-----------------------------------------------------------------------------
                                  7.21   slack (MET)


Startpoint: _448_ (rising edge-triggered flip-flop clocked by clk)
Endpoint: pwdata[24] (output port clocked by clk)
Path Group: clk
Path Type: max

Fanout     Cap    Slew   Delay    Time   Description
-----------------------------------------------------------------------------
                  0.15    0.00    0.00   clock clk (rise edge)
                          0.00    0.00   clock network delay (ideal)
                  0.15    0.00    0.00 ^ _448_/CLK (sky130_fd_sc_hd__dfrtp_2)
                  0.12    0.54    0.54 v _448_/Q (sky130_fd_sc_hd__dfrtp_2)
     2    0.04                           pwdata[24] (net)
                  0.12    0.00    0.54 v pwdata[24] (out)
                                  0.54   data arrival time

                  0.15   10.00   10.00   clock clk (rise edge)
                          0.00   10.00   clock network delay (ideal)
                         -0.25    9.75   clock uncertainty
                          0.00    9.75   clock reconvergence pessimism
                         -2.00    7.75   output external delay
                                  7.75   data required time
-----------------------------------------------------------------------------
                                  7.75   data required time
                                 -0.54   data arrival time
-----------------------------------------------------------------------------
                                  7.21   slack (MET)


Startpoint: _412_ (rising edge-triggered flip-flop clocked by clk)
Endpoint: paddr[20] (output port clocked by clk)
Path Group: clk
Path Type: max

Fanout     Cap    Slew   Delay    Time   Description
-----------------------------------------------------------------------------
                  0.15    0.00    0.00   clock clk (rise edge)
                          0.00    0.00   clock network delay (ideal)
                  0.15    0.00    0.00 ^ _412_/CLK (sky130_fd_sc_hd__dfrtp_2)
                  0.11    0.54    0.54 v _412_/Q (sky130_fd_sc_hd__dfrtp_2)
     2    0.04                           paddr[20] (net)
                  0.11    0.00    0.54 v paddr[20] (out)
                                  0.54   data arrival time

                  0.15   10.00   10.00   clock clk (rise edge)
                          0.00   10.00   clock network delay (ideal)
                         -0.25    9.75   clock uncertainty
                          0.00    9.75   clock reconvergence pessimism
                         -2.00    7.75   output external delay
                                  7.75   data required time
-----------------------------------------------------------------------------
                                  7.75   data required time
                                 -0.54   data arrival time
-----------------------------------------------------------------------------
                                  7.21   slack (MET)


Startpoint: _396_ (rising edge-triggered flip-flop clocked by clk)
Endpoint: paddr[4] (output port clocked by clk)
Path Group: clk
Path Type: max

Fanout     Cap    Slew   Delay    Time   Description
-----------------------------------------------------------------------------
                  0.15    0.00    0.00   clock clk (rise edge)
                          0.00    0.00   clock network delay (ideal)
                  0.15    0.00    0.00 ^ _396_/CLK (sky130_fd_sc_hd__dfrtp_2)
                  0.12    0.54    0.54 v _396_/Q (sky130_fd_sc_hd__dfrtp_2)
     2    0.04                           paddr[4] (net)
                  0.12    0.00    0.54 v paddr[4] (out)
                                  0.54   data arrival time

                  0.15   10.00   10.00   clock clk (rise edge)
                          0.00   10.00   clock network delay (ideal)
                         -0.25    9.75   clock uncertainty
                          0.00    9.75   clock reconvergence pessimism
                         -2.00    7.75   output external delay
                                  7.75   data required time
-----------------------------------------------------------------------------
                                  7.75   data required time
                                 -0.54   data arrival time
-----------------------------------------------------------------------------
                                  7.21   slack (MET)


Startpoint: _443_ (rising edge-triggered flip-flop clocked by clk)
Endpoint: pwdata[19] (output port clocked by clk)
Path Group: clk
Path Type: max

Fanout     Cap    Slew   Delay    Time   Description
-----------------------------------------------------------------------------
                  0.15    0.00    0.00   clock clk (rise edge)
                          0.00    0.00   clock network delay (ideal)
                  0.15    0.00    0.00 ^ _443_/CLK (sky130_fd_sc_hd__dfrtp_2)
                  0.12    0.54    0.54 v _443_/Q (sky130_fd_sc_hd__dfrtp_2)
     2    0.04                           pwdata[19] (net)
                  0.12    0.00    0.54 v pwdata[19] (out)
                                  0.54   data arrival time

                  0.15   10.00   10.00   clock clk (rise edge)
                          0.00   10.00   clock network delay (ideal)
                         -0.25    9.75   clock uncertainty
                          0.00    9.75   clock reconvergence pessimism
                         -2.00    7.75   output external delay
                                  7.75   data required time
-----------------------------------------------------------------------------
                                  7.75   data required time
                                 -0.54   data arrival time
-----------------------------------------------------------------------------
                                  7.21   slack (MET)


Startpoint: _429_ (rising edge-triggered flip-flop clocked by clk)
Endpoint: pwdata[5] (output port clocked by clk)
Path Group: clk
Path Type: max

Fanout     Cap    Slew   Delay    Time   Description
-----------------------------------------------------------------------------
                  0.15    0.00    0.00   clock clk (rise edge)
                          0.00    0.00   clock network delay (ideal)
                  0.15    0.00    0.00 ^ _429_/CLK (sky130_fd_sc_hd__dfrtp_2)
                  0.12    0.54    0.54 v _429_/Q (sky130_fd_sc_hd__dfrtp_2)
     2    0.04                           pwdata[5] (net)
                  0.12    0.00    0.54 v pwdata[5] (out)
                                  0.54   data arrival time

                  0.15   10.00   10.00   clock clk (rise edge)
                          0.00   10.00   clock network delay (ideal)
                         -0.25    9.75   clock uncertainty
                          0.00    9.75   clock reconvergence pessimism
                         -2.00    7.75   output external delay
                                  7.75   data required time
-----------------------------------------------------------------------------
                                  7.75   data required time
                                 -0.54   data arrival time
-----------------------------------------------------------------------------
                                  7.21   slack (MET)


Startpoint: _393_ (rising edge-triggered flip-flop clocked by clk)
Endpoint: paddr[1] (output port clocked by clk)
Path Group: clk
Path Type: max

Fanout     Cap    Slew   Delay    Time   Description
-----------------------------------------------------------------------------
                  0.15    0.00    0.00   clock clk (rise edge)
                          0.00    0.00   clock network delay (ideal)
                  0.15    0.00    0.00 ^ _393_/CLK (sky130_fd_sc_hd__dfrtp_2)
                  0.12    0.54    0.54 v _393_/Q (sky130_fd_sc_hd__dfrtp_2)
     2    0.04                           paddr[1] (net)
                  0.12    0.00    0.54 v paddr[1] (out)
                                  0.54   data arrival time

                  0.15   10.00   10.00   clock clk (rise edge)
                          0.00   10.00   clock network delay (ideal)
                         -0.25    9.75   clock uncertainty
                          0.00    9.75   clock reconvergence pessimism
                         -2.00    7.75   output external delay
                                  7.75   data required time
-----------------------------------------------------------------------------
                                  7.75   data required time
                                 -0.54   data arrival time
-----------------------------------------------------------------------------
                                  7.21   slack (MET)


Startpoint: _402_ (rising edge-triggered flip-flop clocked by clk)
Endpoint: paddr[10] (output port clocked by clk)
Path Group: clk
Path Type: max

Fanout     Cap    Slew   Delay    Time   Description
-----------------------------------------------------------------------------
                  0.15    0.00    0.00   clock clk (rise edge)
                          0.00    0.00   clock network delay (ideal)
                  0.15    0.00    0.00 ^ _402_/CLK (sky130_fd_sc_hd__dfrtp_2)
                  0.12    0.54    0.54 v _402_/Q (sky130_fd_sc_hd__dfrtp_2)
     2    0.04                           paddr[10] (net)
                  0.12    0.00    0.54 v paddr[10] (out)
                                  0.54   data arrival time

                  0.15   10.00   10.00   clock clk (rise edge)
                          0.00   10.00   clock network delay (ideal)
                         -0.25    9.75   clock uncertainty
                          0.00    9.75   clock reconvergence pessimism
                         -2.00    7.75   output external delay
                                  7.75   data required time
-----------------------------------------------------------------------------
                                  7.75   data required time
                                 -0.54   data arrival time
-----------------------------------------------------------------------------
                                  7.21   slack (MET)


Startpoint: _422_ (rising edge-triggered flip-flop clocked by clk)
Endpoint: paddr[30] (output port clocked by clk)
Path Group: clk
Path Type: max

Fanout     Cap    Slew   Delay    Time   Description
-----------------------------------------------------------------------------
                  0.15    0.00    0.00   clock clk (rise edge)
                          0.00    0.00   clock network delay (ideal)
                  0.15    0.00    0.00 ^ _422_/CLK (sky130_fd_sc_hd__dfrtp_2)
                  0.12    0.54    0.54 v _422_/Q (sky130_fd_sc_hd__dfrtp_2)
     2    0.04                           paddr[30] (net)
                  0.12    0.00    0.54 v paddr[30] (out)
                                  0.54   data arrival time

                  0.15   10.00   10.00   clock clk (rise edge)
                          0.00   10.00   clock network delay (ideal)
                         -0.25    9.75   clock uncertainty
                          0.00    9.75   clock reconvergence pessimism
                         -2.00    7.75   output external delay
                                  7.75   data required time
-----------------------------------------------------------------------------
                                  7.75   data required time
                                 -0.54   data arrival time
-----------------------------------------------------------------------------
                                  7.21   slack (MET)


Startpoint: pready (input port clocked by clk)
Endpoint: _391_ (rising edge-triggered flip-flop clocked by clk)
Path Group: clk
Path Type: max

Fanout     Cap    Slew   Delay    Time   Description
-----------------------------------------------------------------------------
                  0.15    0.00    0.00   clock clk (rise edge)
                          0.00    0.00   clock network delay (ideal)
                          2.00    2.00 v input external delay
                  0.03    0.02    2.02 v pready (in)
     2    0.01                           pready (net)
                  0.03    0.00    2.02 v _254_/A1 (sky130_fd_sc_hd__o21ai_2)
                  0.08    0.12    2.14 ^ _254_/Y (sky130_fd_sc_hd__o21ai_2)
     1    0.00                           _002_ (net)
                  0.08    0.00    2.14 ^ _391_/D (sky130_fd_sc_hd__dfrtp_2)
                                  2.14   data arrival time

                  0.15   10.00   10.00   clock clk (rise edge)
                          0.00   10.00   clock network delay (ideal)
                         -0.25    9.75   clock uncertainty
                          0.00    9.75   clock reconvergence pessimism
                                  9.75 ^ _391_/CLK (sky130_fd_sc_hd__dfrtp_2)
                         -0.06    9.69   library setup time
                                  9.69   data required time
-----------------------------------------------------------------------------
                                  9.69   data required time
                                 -2.14   data arrival time
-----------------------------------------------------------------------------
                                  7.55   slack (MET)



