
===========================================================================
report_checks -path_delay min (Hold)
============================================================================
======================= Typical Corner ===================================

Startpoint: _451_ (rising edge-triggered flip-flop clocked by clk)
Endpoint: _452_ (rising edge-triggered flip-flop clocked by clk)
Path Group: clk
Path Type: min

Fanout     Cap    Slew   Delay    Time   Description
-----------------------------------------------------------------------------
                  0.15    0.00    0.00   clock clk (rise edge)
                          0.00    0.00   clock network delay (ideal)
                  0.15    0.00    0.00 ^ _451_/CLK (sky130_fd_sc_hd__dfxtp_1)
                  0.02    0.31    0.31 v _451_/Q (sky130_fd_sc_hd__dfxtp_1)
     1    0.00                           rx_sync1 (net)
                  0.02    0.00    0.31 v _452_/D (sky130_fd_sc_hd__dfxtp_1)
                                  0.31   data arrival time

                  0.15    0.00    0.00   clock clk (rise edge)
                          0.00    0.00   clock network delay (ideal)
                          0.25    0.25   clock uncertainty
                          0.00    0.25   clock reconvergence pessimism
                                  0.25 ^ _452_/CLK (sky130_fd_sc_hd__dfxtp_1)
                         -0.02    0.23   library hold time
                                  0.23   data required time
-----------------------------------------------------------------------------
                                  0.23   data required time
                                 -0.31   data arrival time
-----------------------------------------------------------------------------
                                  0.08   slack (MET)


Startpoint: _426_ (rising edge-triggered flip-flop clocked by clk)
Endpoint: _426_ (rising edge-triggered flip-flop clocked by clk)
Path Group: clk
Path Type: min

Fanout     Cap    Slew   Delay    Time   Description
-----------------------------------------------------------------------------
                  0.15    0.00    0.00   clock clk (rise edge)
                          0.00    0.00   clock network delay (ideal)
                  0.15    0.00    0.00 ^ _426_/CLK (sky130_fd_sc_hd__dfrtp_2)
                  0.10    0.41    0.41 ^ _426_/Q (sky130_fd_sc_hd__dfrtp_2)
     7    0.02                           rx_bit_cnt[0] (net)
                  0.10    0.00    0.41 ^ _344_/A1 (sky130_fd_sc_hd__a21oi_1)
                  0.04    0.07    0.48 v _344_/Y (sky130_fd_sc_hd__a21oi_1)
     1    0.00                           _035_ (net)
                  0.04    0.00    0.48 v _426_/D (sky130_fd_sc_hd__dfrtp_2)
                                  0.48   data arrival time

                  0.15    0.00    0.00   clock clk (rise edge)
                          0.00    0.00   clock network delay (ideal)
                          0.25    0.25   clock uncertainty
                          0.00    0.25   clock reconvergence pessimism
                                  0.25 ^ _426_/CLK (sky130_fd_sc_hd__dfrtp_2)
                         -0.01    0.24   library hold time
                                  0.24   data required time
-----------------------------------------------------------------------------
                                  0.24   data required time
                                 -0.48   data arrival time
-----------------------------------------------------------------------------
                                  0.24   slack (MET)


Startpoint: _438_ (rising edge-triggered flip-flop clocked by clk)
Endpoint: _438_ (rising edge-triggered flip-flop clocked by clk)
Path Group: clk
Path Type: min

Fanout     Cap    Slew   Delay    Time   Description
-----------------------------------------------------------------------------
                  0.15    0.00    0.00   clock clk (rise edge)
                          0.00    0.00   clock network delay (ideal)
                  0.15    0.00    0.00 ^ _438_/CLK (sky130_fd_sc_hd__dfrtp_2)
                  0.12    0.42    0.42 ^ _438_/Q (sky130_fd_sc_hd__dfrtp_2)
     9    0.02                           tx_baud_cnt[0] (net)
                  0.12    0.00    0.42 ^ _250_/A (sky130_fd_sc_hd__nor2_1)
                  0.04    0.06    0.48 v _250_/Y (sky130_fd_sc_hd__nor2_1)
     1    0.00                           _001_ (net)
                  0.04    0.00    0.48 v _438_/D (sky130_fd_sc_hd__dfrtp_2)
                                  0.48   data arrival time

                  0.15    0.00    0.00   clock clk (rise edge)
                          0.00    0.00   clock network delay (ideal)
                          0.25    0.25   clock uncertainty
                          0.00    0.25   clock reconvergence pessimism
                                  0.25 ^ _438_/CLK (sky130_fd_sc_hd__dfrtp_2)
                         -0.02    0.23   library hold time
                                  0.23   data required time
-----------------------------------------------------------------------------
                                  0.23   data required time
                                 -0.48   data arrival time
-----------------------------------------------------------------------------
                                  0.24   slack (MET)


Startpoint: _444_ (rising edge-triggered flip-flop clocked by clk)
Endpoint: _444_ (rising edge-triggered flip-flop clocked by clk)
Path Group: clk
Path Type: min

Fanout     Cap    Slew   Delay    Time   Description
-----------------------------------------------------------------------------
                  0.15    0.00    0.00   clock clk (rise edge)
                          0.00    0.00   clock network delay (ideal)
                  0.15    0.00    0.00 ^ _444_/CLK (sky130_fd_sc_hd__dfrtp_1)
                  0.08    0.36    0.36 ^ _444_/Q (sky130_fd_sc_hd__dfrtp_1)
     3    0.01                           tx_baud_cnt[6] (net)
                  0.08    0.00    0.36 ^ _274_/A1 (sky130_fd_sc_hd__o21a_1)
                  0.04    0.11    0.47 ^ _274_/X (sky130_fd_sc_hd__o21a_1)
     1    0.00                           _007_ (net)
                  0.04    0.00    0.47 ^ _444_/D (sky130_fd_sc_hd__dfrtp_1)
                                  0.47   data arrival time

                  0.15    0.00    0.00   clock clk (rise edge)
                          0.00    0.00   clock network delay (ideal)
                          0.25    0.25   clock uncertainty
                          0.00    0.25   clock reconvergence pessimism
                                  0.25 ^ _444_/CLK (sky130_fd_sc_hd__dfrtp_1)
                         -0.02    0.23   library hold time
                                  0.23   data required time
-----------------------------------------------------------------------------
                                  0.23   data required time
                                 -0.47   data arrival time
-----------------------------------------------------------------------------
                                  0.24   slack (MET)


Startpoint: _441_ (rising edge-triggered flip-flop clocked by clk)
Endpoint: _441_ (rising edge-triggered flip-flop clocked by clk)
Path Group: clk
Path Type: min

Fanout     Cap    Slew   Delay    Time   Description
-----------------------------------------------------------------------------
                  0.15    0.00    0.00   clock clk (rise edge)
                          0.00    0.00   clock network delay (ideal)
                  0.15    0.00    0.00 ^ _441_/CLK (sky130_fd_sc_hd__dfrtp_1)
                  0.06    0.40    0.40 v _441_/Q (sky130_fd_sc_hd__dfrtp_1)
     3    0.01                           tx_baud_cnt[3] (net)
                  0.06    0.00    0.40 v _260_/A (sky130_fd_sc_hd__inv_2)
                  0.03    0.04    0.44 ^ _260_/Y (sky130_fd_sc_hd__inv_2)
     1    0.00                           _101_ (net)
                  0.03    0.00    0.44 ^ _263_/A1 (sky130_fd_sc_hd__a21oi_1)
                  0.03    0.04    0.49 v _263_/Y (sky130_fd_sc_hd__a21oi_1)
     1    0.00                           _004_ (net)
                  0.03    0.00    0.49 v _441_/D (sky130_fd_sc_hd__dfrtp_1)
                                  0.49   data arrival time

                  0.15    0.00    0.00   clock clk (rise edge)
                          0.00    0.00   clock network delay (ideal)
                          0.25    0.25   clock uncertainty
                          0.00    0.25   clock reconvergence pessimism
                                  0.25 ^ _441_/CLK (sky130_fd_sc_hd__dfrtp_1)
                         -0.01    0.24   library hold time
                                  0.24   data required time
-----------------------------------------------------------------------------
                                  0.24   data required time
                                 -0.49   data arrival time
-----------------------------------------------------------------------------
                                  0.25   slack (MET)


Startpoint: _420_ (rising edge-triggered flip-flop clocked by clk)
Endpoint: _420_ (rising edge-triggered flip-flop clocked by clk)
Path Group: clk
Path Type: min

Fanout     Cap    Slew   Delay    Time   Description
-----------------------------------------------------------------------------
                  0.15    0.00    0.00   clock clk (rise edge)
                          0.00    0.00   clock network delay (ideal)
                  0.15    0.00    0.00 ^ _420_/CLK (sky130_fd_sc_hd__dfrtp_1)
                  0.13    0.40    0.40 ^ _420_/Q (sky130_fd_sc_hd__dfrtp_1)
     5    0.01                           rx_baud_cnt[3] (net)
                  0.13    0.00    0.40 ^ _316_/A1 (sky130_fd_sc_hd__a31oi_1)
                  0.04    0.09    0.49 v _316_/Y (sky130_fd_sc_hd__a31oi_1)
     1    0.00                           _029_ (net)
                  0.04    0.00    0.49 v _420_/D (sky130_fd_sc_hd__dfrtp_1)
                                  0.49   data arrival time

                  0.15    0.00    0.00   clock clk (rise edge)
                          0.00    0.00   clock network delay (ideal)
                          0.25    0.25   clock uncertainty
                          0.00    0.25   clock reconvergence pessimism
                                  0.25 ^ _420_/CLK (sky130_fd_sc_hd__dfrtp_1)
                         -0.02    0.23   library hold time
                                  0.23   data required time
-----------------------------------------------------------------------------
                                  0.23   data required time
                                 -0.49   data arrival time
-----------------------------------------------------------------------------
                                  0.25   slack (MET)


Startpoint: _468_ (rising edge-triggered flip-flop clocked by clk)
Endpoint: _465_ (rising edge-triggered flip-flop clocked by clk)
Path Group: clk
Path Type: min

Fanout     Cap    Slew   Delay    Time   Description
-----------------------------------------------------------------------------
                  0.15    0.00    0.00   clock clk (rise edge)
                          0.00    0.00   clock network delay (ideal)
                  0.15    0.00    0.00 ^ _468_/CLK (sky130_fd_sc_hd__dfrtp_2)
                  0.10    0.41    0.41 ^ _468_/Q (sky130_fd_sc_hd__dfrtp_2)
     4    0.02                           tx_state[3] (net)
                  0.10    0.00    0.41 ^ _223_/A1 (sky130_fd_sc_hd__a21bo_1)
                  0.04    0.11    0.51 ^ _223_/X (sky130_fd_sc_hd__a21bo_1)
     1    0.00                           _014_ (net)
                  0.04    0.00    0.51 ^ _465_/D (sky130_fd_sc_hd__dfstp_1)
                                  0.51   data arrival time

                  0.15    0.00    0.00   clock clk (rise edge)
                          0.00    0.00   clock network delay (ideal)
                          0.25    0.25   clock uncertainty
                          0.00    0.25   clock reconvergence pessimism
                                  0.25 ^ _465_/CLK (sky130_fd_sc_hd__dfstp_1)
                         -0.02    0.23   library hold time
                                  0.23   data required time
-----------------------------------------------------------------------------
                                  0.23   data required time
                                 -0.51   data arrival time
-----------------------------------------------------------------------------
                                  0.28   slack (MET)


Startpoint: _467_ (rising edge-triggered flip-flop clocked by clk)
Endpoint: _467_ (rising edge-triggered flip-flop clocked by clk)
Path Group: clk
Path Type: min

Fanout     Cap    Slew   Delay    Time   Description
-----------------------------------------------------------------------------
                  0.15    0.00    0.00   clock clk (rise edge)
                          0.00    0.00   clock network delay (ideal)
                  0.15    0.00    0.00 ^ _467_/CLK (sky130_fd_sc_hd__dfrtp_1)
                  0.08    0.41    0.41 v _467_/Q (sky130_fd_sc_hd__dfrtp_1)
     3    0.01                           tx_state[2] (net)
                  0.08    0.00    0.41 v _241_/A (sky130_fd_sc_hd__inv_2)
                  0.03    0.05    0.46 ^ _241_/Y (sky130_fd_sc_hd__inv_2)
     1    0.00                           _087_ (net)
                  0.03    0.00    0.46 ^ _243_/A1 (sky130_fd_sc_hd__o21ai_1)
                  0.04    0.05    0.52 v _243_/Y (sky130_fd_sc_hd__o21ai_1)
     1    0.00                           _016_ (net)
                  0.04    0.00    0.52 v _467_/D (sky130_fd_sc_hd__dfrtp_1)
                                  0.52   data arrival time

                  0.15    0.00    0.00   clock clk (rise edge)
                          0.00    0.00   clock network delay (ideal)
                          0.25    0.25   clock uncertainty
                          0.00    0.25   clock reconvergence pessimism
                                  0.25 ^ _467_/CLK (sky130_fd_sc_hd__dfrtp_1)
                         -0.02    0.23   library hold time
                                  0.23   data required time
-----------------------------------------------------------------------------
                                  0.23   data required time
                                 -0.52   data arrival time
-----------------------------------------------------------------------------
                                  0.29   slack (MET)


Startpoint: _434_ (rising edge-triggered flip-flop clocked by clk)
Endpoint: _413_ (rising edge-triggered flip-flop clocked by clk)
Path Group: clk
Path Type: min

Fanout     Cap    Slew   Delay    Time   Description
-----------------------------------------------------------------------------
                  0.15    0.00    0.00   clock clk (rise edge)
                          0.00    0.00   clock network delay (ideal)
                  0.15    0.00    0.00 ^ _434_/CLK (sky130_fd_sc_hd__dfrtp_1)
                  0.06    0.35    0.35 ^ _434_/Q (sky130_fd_sc_hd__dfrtp_1)
     2    0.00                           rx_shift_reg[4] (net)
                  0.06    0.00    0.35 ^ _289_/A0 (sky130_fd_sc_hd__mux2_1)
                  0.04    0.11    0.46 ^ _289_/X (sky130_fd_sc_hd__mux2_1)
     1    0.00                           _120_ (net)
                  0.04    0.00    0.46 ^ _290_/A (sky130_fd_sc_hd__clkbuf_1)
                  0.04    0.07    0.53 ^ _290_/X (sky130_fd_sc_hd__clkbuf_1)
     1    0.00                           _022_ (net)
                  0.04    0.00    0.53 ^ _413_/D (sky130_fd_sc_hd__dfrtp_1)
                                  0.53   data arrival time

                  0.15    0.00    0.00   clock clk (rise edge)
                          0.00    0.00   clock network delay (ideal)
                          0.25    0.25   clock uncertainty
                          0.00    0.25   clock reconvergence pessimism
                                  0.25 ^ _413_/CLK (sky130_fd_sc_hd__dfrtp_1)
                         -0.02    0.23   library hold time
                                  0.23   data required time
-----------------------------------------------------------------------------
                                  0.23   data required time
                                 -0.53   data arrival time
-----------------------------------------------------------------------------
                                  0.30   slack (MET)


Startpoint: _462_ (rising edge-triggered flip-flop clocked by clk)
Endpoint: _462_ (rising edge-triggered flip-flop clocked by clk)
Path Group: clk
Path Type: min

Fanout     Cap    Slew   Delay    Time   Description
-----------------------------------------------------------------------------
                  0.15    0.00    0.00   clock clk (rise edge)
                          0.00    0.00   clock network delay (ideal)
                  0.15    0.00    0.00 ^ _462_/CLK (sky130_fd_sc_hd__dfrtp_1)
                  0.06    0.34    0.34 ^ _462_/Q (sky130_fd_sc_hd__dfrtp_1)
     2    0.00                           tx_shift_reg[5] (net)
                  0.06    0.00    0.34 ^ _402_/A1 (sky130_fd_sc_hd__mux2_1)
                  0.04    0.11    0.46 ^ _402_/X (sky130_fd_sc_hd__mux2_1)
     1    0.00                           _200_ (net)
                  0.04    0.00    0.46 ^ _403_/A (sky130_fd_sc_hd__clkbuf_1)
                  0.04    0.07    0.53 ^ _403_/X (sky130_fd_sc_hd__clkbuf_1)
     1    0.00                           _055_ (net)
                  0.04    0.00    0.53 ^ _462_/D (sky130_fd_sc_hd__dfrtp_1)
                                  0.53   data arrival time

                  0.15    0.00    0.00   clock clk (rise edge)
                          0.00    0.00   clock network delay (ideal)
                          0.25    0.25   clock uncertainty
                          0.00    0.25   clock reconvergence pessimism
                                  0.25 ^ _462_/CLK (sky130_fd_sc_hd__dfrtp_1)
                         -0.02    0.23   library hold time
                                  0.23   data required time
-----------------------------------------------------------------------------
                                  0.23   data required time
                                 -0.53   data arrival time
-----------------------------------------------------------------------------
                                  0.30   slack (MET)


Startpoint: _464_ (rising edge-triggered flip-flop clocked by clk)
Endpoint: _464_ (rising edge-triggered flip-flop clocked by clk)
Path Group: clk
Path Type: min

Fanout     Cap    Slew   Delay    Time   Description
-----------------------------------------------------------------------------
                  0.15    0.00    0.00   clock clk (rise edge)
                          0.00    0.00   clock network delay (ideal)
                  0.15    0.00    0.00 ^ _464_/CLK (sky130_fd_sc_hd__dfrtp_1)
                  0.06    0.34    0.34 ^ _464_/Q (sky130_fd_sc_hd__dfrtp_1)
     2    0.00                           tx_shift_reg[7] (net)
                  0.06    0.00    0.34 ^ _406_/A1 (sky130_fd_sc_hd__mux2_1)
                  0.04    0.11    0.45 ^ _406_/X (sky130_fd_sc_hd__mux2_1)
     1    0.00                           _202_ (net)
                  0.04    0.00    0.45 ^ _407_/A (sky130_fd_sc_hd__clkbuf_1)
                  0.04    0.07    0.53 ^ _407_/X (sky130_fd_sc_hd__clkbuf_1)
     1    0.00                           _057_ (net)
                  0.04    0.00    0.53 ^ _464_/D (sky130_fd_sc_hd__dfrtp_1)
                                  0.53   data arrival time

                  0.15    0.00    0.00   clock clk (rise edge)
                          0.00    0.00   clock network delay (ideal)
                          0.25    0.25   clock uncertainty
                          0.00    0.25   clock reconvergence pessimism
                                  0.25 ^ _464_/CLK (sky130_fd_sc_hd__dfrtp_1)
                         -0.02    0.23   library hold time
                                  0.23   data required time
-----------------------------------------------------------------------------
                                  0.23   data required time
                                 -0.53   data arrival time
-----------------------------------------------------------------------------
                                  0.30   slack (MET)


Startpoint: _436_ (rising edge-triggered flip-flop clocked by clk)
Endpoint: _415_ (rising edge-triggered flip-flop clocked by clk)
Path Group: clk
Path Type: min

Fanout     Cap    Slew   Delay    Time   Description
-----------------------------------------------------------------------------
                  0.15    0.00    0.00   clock clk (rise edge)
                          0.00    0.00   clock network delay (ideal)
                  0.15    0.00    0.00 ^ _436_/CLK (sky130_fd_sc_hd__dfrtp_1)
                  0.06    0.35    0.35 ^ _436_/Q (sky130_fd_sc_hd__dfrtp_1)
     2    0.00                           rx_shift_reg[6] (net)
                  0.06    0.00    0.35 ^ _293_/A0 (sky130_fd_sc_hd__mux2_1)
                  0.04    0.11    0.46 ^ _293_/X (sky130_fd_sc_hd__mux2_1)
     1    0.00                           _122_ (net)
                  0.04    0.00    0.46 ^ _294_/A (sky130_fd_sc_hd__clkbuf_1)
                  0.04    0.07    0.53 ^ _294_/X (sky130_fd_sc_hd__clkbuf_1)
     1    0.00                           _024_ (net)
                  0.04    0.00    0.53 ^ _415_/D (sky130_fd_sc_hd__dfrtp_1)
                                  0.53   data arrival time

                  0.15    0.00    0.00   clock clk (rise edge)
                          0.00    0.00   clock network delay (ideal)
                          0.25    0.25   clock uncertainty
                          0.00    0.25   clock reconvergence pessimism
                                  0.25 ^ _415_/CLK (sky130_fd_sc_hd__dfrtp_1)
                         -0.02    0.23   library hold time
                                  0.23   data required time
-----------------------------------------------------------------------------
                                  0.23   data required time
                                 -0.53   data arrival time
-----------------------------------------------------------------------------
                                  0.30   slack (MET)


Startpoint: _447_ (rising edge-triggered flip-flop clocked by clk)
Endpoint: _447_ (rising edge-triggered flip-flop clocked by clk)
Path Group: clk
Path Type: min

Fanout     Cap    Slew   Delay    Time   Description
-----------------------------------------------------------------------------
                  0.15    0.00    0.00   clock clk (rise edge)
                          0.00    0.00   clock network delay (ideal)
                  0.15    0.00    0.00 ^ _447_/CLK (sky130_fd_sc_hd__dfrtp_1)
                  0.11    0.39    0.39 ^ _447_/Q (sky130_fd_sc_hd__dfrtp_1)
     3    0.01                           net21 (net)
                  0.11    0.00    0.39 ^ _381_/A1 (sky130_fd_sc_hd__o22a_1)
                  0.04    0.14    0.53 ^ _381_/X (sky130_fd_sc_hd__o22a_1)
     1    0.00                           _046_ (net)
                  0.04    0.00    0.53 ^ _447_/D (sky130_fd_sc_hd__dfrtp_1)
                                  0.53   data arrival time

                  0.15    0.00    0.00   clock clk (rise edge)
                          0.00    0.00   clock network delay (ideal)
                          0.25    0.25   clock uncertainty
                          0.00    0.25   clock reconvergence pessimism
                                  0.25 ^ _447_/CLK (sky130_fd_sc_hd__dfrtp_1)
                         -0.02    0.23   library hold time
                                  0.23   data required time
-----------------------------------------------------------------------------
                                  0.23   data required time
                                 -0.53   data arrival time
-----------------------------------------------------------------------------
                                  0.30   slack (MET)


Startpoint: _437_ (rising edge-triggered flip-flop clocked by clk)
Endpoint: _416_ (rising edge-triggered flip-flop clocked by clk)
Path Group: clk
Path Type: min

Fanout     Cap    Slew   Delay    Time   Description
-----------------------------------------------------------------------------
                  0.15    0.00    0.00   clock clk (rise edge)
                          0.00    0.00   clock network delay (ideal)
                  0.15    0.00    0.00 ^ _437_/CLK (sky130_fd_sc_hd__dfrtp_1)
                  0.06    0.35    0.35 ^ _437_/Q (sky130_fd_sc_hd__dfrtp_1)
     2    0.00                           rx_shift_reg[7] (net)
                  0.06    0.00    0.35 ^ _295_/A0 (sky130_fd_sc_hd__mux2_1)
                  0.04    0.11    0.46 ^ _295_/X (sky130_fd_sc_hd__mux2_1)
     1    0.00                           _123_ (net)
                  0.04    0.00    0.46 ^ _296_/A (sky130_fd_sc_hd__clkbuf_1)
                  0.04    0.07    0.53 ^ _296_/X (sky130_fd_sc_hd__clkbuf_1)
     1    0.00                           _025_ (net)
                  0.04    0.00    0.53 ^ _416_/D (sky130_fd_sc_hd__dfrtp_1)
                                  0.53   data arrival time

                  0.15    0.00    0.00   clock clk (rise edge)
                          0.00    0.00   clock network delay (ideal)
                          0.25    0.25   clock uncertainty
                          0.00    0.25   clock reconvergence pessimism
                                  0.25 ^ _416_/CLK (sky130_fd_sc_hd__dfrtp_1)
                         -0.02    0.23   library hold time
                                  0.23   data required time
-----------------------------------------------------------------------------
                                  0.23   data required time
                                 -0.53   data arrival time
-----------------------------------------------------------------------------
                                  0.30   slack (MET)


Startpoint: _435_ (rising edge-triggered flip-flop clocked by clk)
Endpoint: _414_ (rising edge-triggered flip-flop clocked by clk)
Path Group: clk
Path Type: min

Fanout     Cap    Slew   Delay    Time   Description
-----------------------------------------------------------------------------
                  0.15    0.00    0.00   clock clk (rise edge)
                          0.00    0.00   clock network delay (ideal)
                  0.15    0.00    0.00 ^ _435_/CLK (sky130_fd_sc_hd__dfrtp_1)
                  0.06    0.35    0.35 ^ _435_/Q (sky130_fd_sc_hd__dfrtp_1)
     2    0.00                           rx_shift_reg[5] (net)
                  0.06    0.00    0.35 ^ _291_/A0 (sky130_fd_sc_hd__mux2_1)
                  0.04    0.11    0.46 ^ _291_/X (sky130_fd_sc_hd__mux2_1)
     1    0.00                           _121_ (net)
                  0.04    0.00    0.46 ^ _292_/A (sky130_fd_sc_hd__clkbuf_1)
                  0.04    0.07    0.53 ^ _292_/X (sky130_fd_sc_hd__clkbuf_1)
     1    0.00                           _023_ (net)
                  0.04    0.00    0.53 ^ _414_/D (sky130_fd_sc_hd__dfrtp_1)
                                  0.53   data arrival time

                  0.15    0.00    0.00   clock clk (rise edge)
                          0.00    0.00   clock network delay (ideal)
                          0.25    0.25   clock uncertainty
                          0.00    0.25   clock reconvergence pessimism
                                  0.25 ^ _414_/CLK (sky130_fd_sc_hd__dfrtp_1)
                         -0.02    0.23   library hold time
                                  0.23   data required time
-----------------------------------------------------------------------------
                                  0.23   data required time
                                 -0.53   data arrival time
-----------------------------------------------------------------------------
                                  0.30   slack (MET)


Startpoint: _449_ (rising edge-triggered flip-flop clocked by clk)
Endpoint: _449_ (rising edge-triggered flip-flop clocked by clk)
Path Group: clk
Path Type: min

Fanout     Cap    Slew   Delay    Time   Description
-----------------------------------------------------------------------------
                  0.15    0.00    0.00   clock clk (rise edge)
                          0.00    0.00   clock network delay (ideal)
                  0.15    0.00    0.00 ^ _449_/CLK (sky130_fd_sc_hd__dfrtp_2)
                  0.08    0.45    0.45 v _449_/Q (sky130_fd_sc_hd__dfrtp_2)
     6    0.02                           tx_bit_cnt[1] (net)
                  0.08    0.00    0.45 v _387_/A (sky130_fd_sc_hd__inv_2)
                  0.03    0.05    0.50 ^ _387_/Y (sky130_fd_sc_hd__inv_2)
     1    0.00                           _192_ (net)
                  0.03    0.00    0.50 ^ _389_/A1 (sky130_fd_sc_hd__a21oi_1)
                  0.02    0.04    0.54 v _389_/Y (sky130_fd_sc_hd__a21oi_1)
     1    0.00                           _048_ (net)
                  0.02    0.00    0.54 v _449_/D (sky130_fd_sc_hd__dfrtp_2)
                                  0.54   data arrival time

                  0.15    0.00    0.00   clock clk (rise edge)
                          0.00    0.00   clock network delay (ideal)
                          0.25    0.25   clock uncertainty
                          0.00    0.25   clock reconvergence pessimism
                                  0.25 ^ _449_/CLK (sky130_fd_sc_hd__dfrtp_2)
                         -0.01    0.24   library hold time
                                  0.24   data required time
-----------------------------------------------------------------------------
                                  0.24   data required time
                                 -0.54   data arrival time
-----------------------------------------------------------------------------
                                  0.30   slack (MET)


Startpoint: _434_ (rising edge-triggered flip-flop clocked by clk)
Endpoint: _434_ (rising edge-triggered flip-flop clocked by clk)
Path Group: clk
Path Type: min

Fanout     Cap    Slew   Delay    Time   Description
-----------------------------------------------------------------------------
                  0.15    0.00    0.00   clock clk (rise edge)
                          0.00    0.00   clock network delay (ideal)
                  0.15    0.00    0.00 ^ _434_/CLK (sky130_fd_sc_hd__dfrtp_1)
                  0.06    0.35    0.35 ^ _434_/Q (sky130_fd_sc_hd__dfrtp_1)
     2    0.00                           rx_shift_reg[4] (net)
                  0.06    0.00    0.35 ^ _368_/A1 (sky130_fd_sc_hd__mux2_1)
                  0.04    0.11    0.46 ^ _368_/X (sky130_fd_sc_hd__mux2_1)
     1    0.00                           _179_ (net)
                  0.04    0.00    0.46 ^ _369_/A (sky130_fd_sc_hd__clkbuf_1)
                  0.04    0.07    0.53 ^ _369_/X (sky130_fd_sc_hd__clkbuf_1)
     1    0.00                           _042_ (net)
                  0.04    0.00    0.53 ^ _434_/D (sky130_fd_sc_hd__dfrtp_1)
                                  0.53   data arrival time

                  0.15    0.00    0.00   clock clk (rise edge)
                          0.00    0.00   clock network delay (ideal)
                          0.25    0.25   clock uncertainty
                          0.00    0.25   clock reconvergence pessimism
                                  0.25 ^ _434_/CLK (sky130_fd_sc_hd__dfrtp_1)
                         -0.02    0.23   library hold time
                                  0.23   data required time
-----------------------------------------------------------------------------
                                  0.23   data required time
                                 -0.53   data arrival time
-----------------------------------------------------------------------------
                                  0.30   slack (MET)


Startpoint: _437_ (rising edge-triggered flip-flop clocked by clk)
Endpoint: _437_ (rising edge-triggered flip-flop clocked by clk)
Path Group: clk
Path Type: min

Fanout     Cap    Slew   Delay    Time   Description
-----------------------------------------------------------------------------
                  0.15    0.00    0.00   clock clk (rise edge)
                          0.00    0.00   clock network delay (ideal)
                  0.15    0.00    0.00 ^ _437_/CLK (sky130_fd_sc_hd__dfrtp_1)
                  0.06    0.35    0.35 ^ _437_/Q (sky130_fd_sc_hd__dfrtp_1)
     2    0.00                           rx_shift_reg[7] (net)
                  0.06    0.00    0.35 ^ _377_/A1 (sky130_fd_sc_hd__mux2_1)
                  0.04    0.11    0.46 ^ _377_/X (sky130_fd_sc_hd__mux2_1)
     1    0.00                           _185_ (net)
                  0.04    0.00    0.46 ^ _378_/A (sky130_fd_sc_hd__clkbuf_1)
                  0.04    0.07    0.53 ^ _378_/X (sky130_fd_sc_hd__clkbuf_1)
     1    0.00                           _045_ (net)
                  0.04    0.00    0.53 ^ _437_/D (sky130_fd_sc_hd__dfrtp_1)
                                  0.53   data arrival time

                  0.15    0.00    0.00   clock clk (rise edge)
                          0.00    0.00   clock network delay (ideal)
                          0.25    0.25   clock uncertainty
                          0.00    0.25   clock reconvergence pessimism
                                  0.25 ^ _437_/CLK (sky130_fd_sc_hd__dfrtp_1)
                         -0.02    0.23   library hold time
                                  0.23   data required time
-----------------------------------------------------------------------------
                                  0.23   data required time
                                 -0.53   data arrival time
-----------------------------------------------------------------------------
                                  0.30   slack (MET)


Startpoint: _432_ (rising edge-triggered flip-flop clocked by clk)
Endpoint: _411_ (rising edge-triggered flip-flop clocked by clk)
Path Group: clk
Path Type: min

Fanout     Cap    Slew   Delay    Time   Description
-----------------------------------------------------------------------------
                  0.15    0.00    0.00   clock clk (rise edge)
                          0.00    0.00   clock network delay (ideal)
                  0.15    0.00    0.00 ^ _432_/CLK (sky130_fd_sc_hd__dfrtp_1)
                  0.06    0.35    0.35 ^ _432_/Q (sky130_fd_sc_hd__dfrtp_1)
     2    0.00                           rx_shift_reg[2] (net)
                  0.06    0.00    0.35 ^ _285_/A0 (sky130_fd_sc_hd__mux2_1)
                  0.04    0.11    0.46 ^ _285_/X (sky130_fd_sc_hd__mux2_1)
     1    0.00                           _118_ (net)
                  0.04    0.00    0.46 ^ _286_/A (sky130_fd_sc_hd__clkbuf_1)
                  0.04    0.07    0.53 ^ _286_/X (sky130_fd_sc_hd__clkbuf_1)
     1    0.00                           _020_ (net)
                  0.04    0.00    0.53 ^ _411_/D (sky130_fd_sc_hd__dfrtp_1)
                                  0.53   data arrival time

                  0.15    0.00    0.00   clock clk (rise edge)
                          0.00    0.00   clock network delay (ideal)
                          0.25    0.25   clock uncertainty
                          0.00    0.25   clock reconvergence pessimism
                                  0.25 ^ _411_/CLK (sky130_fd_sc_hd__dfrtp_1)
                         -0.02    0.23   library hold time
                                  0.23   data required time
-----------------------------------------------------------------------------
                                  0.23   data required time
                                 -0.53   data arrival time
-----------------------------------------------------------------------------
                                  0.30   slack (MET)


Startpoint: _436_ (rising edge-triggered flip-flop clocked by clk)
Endpoint: _436_ (rising edge-triggered flip-flop clocked by clk)
Path Group: clk
Path Type: min

Fanout     Cap    Slew   Delay    Time   Description
-----------------------------------------------------------------------------
                  0.15    0.00    0.00   clock clk (rise edge)
                          0.00    0.00   clock network delay (ideal)
                  0.15    0.00    0.00 ^ _436_/CLK (sky130_fd_sc_hd__dfrtp_1)
                  0.06    0.35    0.35 ^ _436_/Q (sky130_fd_sc_hd__dfrtp_1)
     2    0.00                           rx_shift_reg[6] (net)
                  0.06    0.00    0.35 ^ _374_/A1 (sky130_fd_sc_hd__mux2_1)
                  0.04    0.11    0.46 ^ _374_/X (sky130_fd_sc_hd__mux2_1)
     1    0.00                           _183_ (net)
                  0.04    0.00    0.46 ^ _375_/A (sky130_fd_sc_hd__clkbuf_1)
                  0.04    0.07    0.53 ^ _375_/X (sky130_fd_sc_hd__clkbuf_1)
     1    0.00                           _044_ (net)
                  0.04    0.00    0.53 ^ _436_/D (sky130_fd_sc_hd__dfrtp_1)
                                  0.53   data arrival time

                  0.15    0.00    0.00   clock clk (rise edge)
                          0.00    0.00   clock network delay (ideal)
                          0.25    0.25   clock uncertainty
                          0.00    0.25   clock reconvergence pessimism
                                  0.25 ^ _436_/CLK (sky130_fd_sc_hd__dfrtp_1)
                         -0.02    0.23   library hold time
                                  0.23   data required time
-----------------------------------------------------------------------------
                                  0.23   data required time
                                 -0.53   data arrival time
-----------------------------------------------------------------------------
                                  0.30   slack (MET)


Startpoint: _430_ (rising edge-triggered flip-flop clocked by clk)
Endpoint: _409_ (rising edge-triggered flip-flop clocked by clk)
Path Group: clk
Path Type: min

Fanout     Cap    Slew   Delay    Time   Description
-----------------------------------------------------------------------------
                  0.15    0.00    0.00   clock clk (rise edge)
                          0.00    0.00   clock network delay (ideal)
                  0.15    0.00    0.00 ^ _430_/CLK (sky130_fd_sc_hd__dfrtp_1)
                  0.06    0.35    0.35 ^ _430_/Q (sky130_fd_sc_hd__dfrtp_1)
     2    0.00                           rx_shift_reg[0] (net)
                  0.06    0.00    0.35 ^ _281_/A0 (sky130_fd_sc_hd__mux2_1)
                  0.04    0.11    0.46 ^ _281_/X (sky130_fd_sc_hd__mux2_1)
     1    0.00                           _116_ (net)
                  0.04    0.00    0.46 ^ _282_/A (sky130_fd_sc_hd__clkbuf_1)
                  0.04    0.07    0.53 ^ _282_/X (sky130_fd_sc_hd__clkbuf_1)
     1    0.00                           _018_ (net)
                  0.04    0.00    0.53 ^ _409_/D (sky130_fd_sc_hd__dfrtp_1)
                                  0.53   data arrival time

                  0.15    0.00    0.00   clock clk (rise edge)
                          0.00    0.00   clock network delay (ideal)
                          0.25    0.25   clock uncertainty
                          0.00    0.25   clock reconvergence pessimism
                                  0.25 ^ _409_/CLK (sky130_fd_sc_hd__dfrtp_1)
                         -0.02    0.23   library hold time
                                  0.23   data required time
-----------------------------------------------------------------------------
                                  0.23   data required time
                                 -0.53   data arrival time
-----------------------------------------------------------------------------
                                  0.30   slack (MET)


Startpoint: _463_ (rising edge-triggered flip-flop clocked by clk)
Endpoint: _463_ (rising edge-triggered flip-flop clocked by clk)
Path Group: clk
Path Type: min

Fanout     Cap    Slew   Delay    Time   Description
-----------------------------------------------------------------------------
                  0.15    0.00    0.00   clock clk (rise edge)
                          0.00    0.00   clock network delay (ideal)
                  0.15    0.00    0.00 ^ _463_/CLK (sky130_fd_sc_hd__dfrtp_1)
                  0.06    0.35    0.35 ^ _463_/Q (sky130_fd_sc_hd__dfrtp_1)
     2    0.00                           tx_shift_reg[6] (net)
                  0.06    0.00    0.35 ^ _404_/A1 (sky130_fd_sc_hd__mux2_1)
                  0.04    0.11    0.46 ^ _404_/X (sky130_fd_sc_hd__mux2_1)
     1    0.00                           _201_ (net)
                  0.04    0.00    0.46 ^ _405_/A (sky130_fd_sc_hd__clkbuf_1)
                  0.04    0.07    0.53 ^ _405_/X (sky130_fd_sc_hd__clkbuf_1)
     1    0.00                           _056_ (net)
                  0.04    0.00    0.53 ^ _463_/D (sky130_fd_sc_hd__dfrtp_1)
                                  0.53   data arrival time

                  0.15    0.00    0.00   clock clk (rise edge)
                          0.00    0.00   clock network delay (ideal)
                          0.25    0.25   clock uncertainty
                          0.00    0.25   clock reconvergence pessimism
                                  0.25 ^ _463_/CLK (sky130_fd_sc_hd__dfrtp_1)
                         -0.02    0.23   library hold time
                                  0.23   data required time
-----------------------------------------------------------------------------
                                  0.23   data required time
                                 -0.53   data arrival time
-----------------------------------------------------------------------------
                                  0.30   slack (MET)


Startpoint: _430_ (rising edge-triggered flip-flop clocked by clk)
Endpoint: _430_ (rising edge-triggered flip-flop clocked by clk)
Path Group: clk
Path Type: min

Fanout     Cap    Slew   Delay    Time   Description
-----------------------------------------------------------------------------
                  0.15    0.00    0.00   clock clk (rise edge)
                          0.00    0.00   clock network delay (ideal)
                  0.15    0.00    0.00 ^ _430_/CLK (sky130_fd_sc_hd__dfrtp_1)
                  0.06    0.35    0.35 ^ _430_/Q (sky130_fd_sc_hd__dfrtp_1)
     2    0.00                           rx_shift_reg[0] (net)
                  0.06    0.00    0.35 ^ _354_/A1 (sky130_fd_sc_hd__mux2_1)
                  0.04    0.11    0.46 ^ _354_/X (sky130_fd_sc_hd__mux2_1)
     1    0.00                           _169_ (net)
                  0.04    0.00    0.46 ^ _355_/A (sky130_fd_sc_hd__clkbuf_1)
                  0.04    0.07    0.53 ^ _355_/X (sky130_fd_sc_hd__clkbuf_1)
     1    0.00                           _038_ (net)
                  0.04    0.00    0.53 ^ _430_/D (sky130_fd_sc_hd__dfrtp_1)
                                  0.53   data arrival time

                  0.15    0.00    0.00   clock clk (rise edge)
                          0.00    0.00   clock network delay (ideal)
                          0.25    0.25   clock uncertainty
                          0.00    0.25   clock reconvergence pessimism
                                  0.25 ^ _430_/CLK (sky130_fd_sc_hd__dfrtp_1)
                         -0.02    0.23   library hold time
                                  0.23   data required time
-----------------------------------------------------------------------------
                                  0.23   data required time
                                 -0.53   data arrival time
-----------------------------------------------------------------------------
                                  0.30   slack (MET)


Startpoint: _431_ (rising edge-triggered flip-flop clocked by clk)
Endpoint: _410_ (rising edge-triggered flip-flop clocked by clk)
Path Group: clk
Path Type: min

Fanout     Cap    Slew   Delay    Time   Description
-----------------------------------------------------------------------------
                  0.15    0.00    0.00   clock clk (rise edge)
                          0.00    0.00   clock network delay (ideal)
                  0.15    0.00    0.00 ^ _431_/CLK (sky130_fd_sc_hd__dfrtp_1)
                  0.06    0.35    0.35 ^ _431_/Q (sky130_fd_sc_hd__dfrtp_1)
     2    0.00                           rx_shift_reg[1] (net)
                  0.06    0.00    0.35 ^ _283_/A0 (sky130_fd_sc_hd__mux2_1)
                  0.04    0.11    0.46 ^ _283_/X (sky130_fd_sc_hd__mux2_1)
     1    0.00                           _117_ (net)
                  0.04    0.00    0.46 ^ _284_/A (sky130_fd_sc_hd__clkbuf_1)
                  0.04    0.07    0.53 ^ _284_/X (sky130_fd_sc_hd__clkbuf_1)
     1    0.00                           _019_ (net)
                  0.04    0.00    0.53 ^ _410_/D (sky130_fd_sc_hd__dfrtp_1)
                                  0.53   data arrival time

                  0.15    0.00    0.00   clock clk (rise edge)
                          0.00    0.00   clock network delay (ideal)
                          0.25    0.25   clock uncertainty
                          0.00    0.25   clock reconvergence pessimism
                                  0.25 ^ _410_/CLK (sky130_fd_sc_hd__dfrtp_1)
                         -0.02    0.23   library hold time
                                  0.23   data required time
-----------------------------------------------------------------------------
                                  0.23   data required time
                                 -0.53   data arrival time
-----------------------------------------------------------------------------
                                  0.30   slack (MET)


Startpoint: _432_ (rising edge-triggered flip-flop clocked by clk)
Endpoint: _432_ (rising edge-triggered flip-flop clocked by clk)
Path Group: clk
Path Type: min

Fanout     Cap    Slew   Delay    Time   Description
-----------------------------------------------------------------------------
                  0.15    0.00    0.00   clock clk (rise edge)
                          0.00    0.00   clock network delay (ideal)
                  0.15    0.00    0.00 ^ _432_/CLK (sky130_fd_sc_hd__dfrtp_1)
                  0.06    0.35    0.35 ^ _432_/Q (sky130_fd_sc_hd__dfrtp_1)
     2    0.00                           rx_shift_reg[2] (net)
                  0.06    0.00    0.35 ^ _362_/A1 (sky130_fd_sc_hd__mux2_1)
                  0.04    0.11    0.46 ^ _362_/X (sky130_fd_sc_hd__mux2_1)
     1    0.00                           _175_ (net)
                  0.04    0.00    0.46 ^ _363_/A (sky130_fd_sc_hd__clkbuf_1)
                  0.04    0.07    0.53 ^ _363_/X (sky130_fd_sc_hd__clkbuf_1)
     1    0.00                           _040_ (net)
                  0.04    0.00    0.53 ^ _432_/D (sky130_fd_sc_hd__dfrtp_1)
                                  0.53   data arrival time

                  0.15    0.00    0.00   clock clk (rise edge)
                          0.00    0.00   clock network delay (ideal)
                          0.25    0.25   clock uncertainty
                          0.00    0.25   clock reconvergence pessimism
                                  0.25 ^ _432_/CLK (sky130_fd_sc_hd__dfrtp_1)
                         -0.02    0.23   library hold time
                                  0.23   data required time
-----------------------------------------------------------------------------
                                  0.23   data required time
                                 -0.53   data arrival time
-----------------------------------------------------------------------------
                                  0.30   slack (MET)


Startpoint: _445_ (rising edge-triggered flip-flop clocked by clk)
Endpoint: _445_ (rising edge-triggered flip-flop clocked by clk)
Path Group: clk
Path Type: min

Fanout     Cap    Slew   Delay    Time   Description
-----------------------------------------------------------------------------
                  0.15    0.00    0.00   clock clk (rise edge)
                          0.00    0.00   clock network delay (ideal)
                  0.15    0.00    0.00 ^ _445_/CLK (sky130_fd_sc_hd__dfrtp_1)
                  0.13    0.40    0.40 ^ _445_/Q (sky130_fd_sc_hd__dfrtp_1)
     5    0.01                           tx_baud_cnt[7] (net)
                  0.13    0.00    0.40 ^ _276_/A1 (sky130_fd_sc_hd__o21ba_1)
                  0.04    0.13    0.53 ^ _276_/X (sky130_fd_sc_hd__o21ba_1)
     1    0.00                           _008_ (net)
                  0.04    0.00    0.53 ^ _445_/D (sky130_fd_sc_hd__dfrtp_1)
                                  0.53   data arrival time

                  0.15    0.00    0.00   clock clk (rise edge)
                          0.00    0.00   clock network delay (ideal)
                          0.25    0.25   clock uncertainty
                          0.00    0.25   clock reconvergence pessimism
                                  0.25 ^ _445_/CLK (sky130_fd_sc_hd__dfrtp_1)
                         -0.02    0.23   library hold time
                                  0.23   data required time
-----------------------------------------------------------------------------
                                  0.23   data required time
                                 -0.53   data arrival time
-----------------------------------------------------------------------------
                                  0.30   slack (MET)


Startpoint: _431_ (rising edge-triggered flip-flop clocked by clk)
Endpoint: _431_ (rising edge-triggered flip-flop clocked by clk)
Path Group: clk
Path Type: min

Fanout     Cap    Slew   Delay    Time   Description
-----------------------------------------------------------------------------
                  0.15    0.00    0.00   clock clk (rise edge)
                          0.00    0.00   clock network delay (ideal)
                  0.15    0.00    0.00 ^ _431_/CLK (sky130_fd_sc_hd__dfrtp_1)
                  0.06    0.35    0.35 ^ _431_/Q (sky130_fd_sc_hd__dfrtp_1)
     2    0.00                           rx_shift_reg[1] (net)
                  0.06    0.00    0.35 ^ _358_/A1 (sky130_fd_sc_hd__mux2_1)
                  0.04    0.11    0.46 ^ _358_/X (sky130_fd_sc_hd__mux2_1)
     1    0.00                           _172_ (net)
                  0.04    0.00    0.46 ^ _359_/A (sky130_fd_sc_hd__clkbuf_1)
                  0.04    0.07    0.53 ^ _359_/X (sky130_fd_sc_hd__clkbuf_1)
     1    0.00                           _039_ (net)
                  0.04    0.00    0.53 ^ _431_/D (sky130_fd_sc_hd__dfrtp_1)
                                  0.53   data arrival time

                  0.15    0.00    0.00   clock clk (rise edge)
                          0.00    0.00   clock network delay (ideal)
                          0.25    0.25   clock uncertainty
                          0.00    0.25   clock reconvergence pessimism
                                  0.25 ^ _431_/CLK (sky130_fd_sc_hd__dfrtp_1)
                         -0.02    0.23   library hold time
                                  0.23   data required time
-----------------------------------------------------------------------------
                                  0.23   data required time
                                 -0.53   data arrival time
-----------------------------------------------------------------------------
                                  0.30   slack (MET)


Startpoint: _424_ (rising edge-triggered flip-flop clocked by clk)
Endpoint: _424_ (rising edge-triggered flip-flop clocked by clk)
Path Group: clk
Path Type: min

Fanout     Cap    Slew   Delay    Time   Description
-----------------------------------------------------------------------------
                  0.15    0.00    0.00   clock clk (rise edge)
                          0.00    0.00   clock network delay (ideal)
                  0.15    0.00    0.00 ^ _424_/CLK (sky130_fd_sc_hd__dfrtp_2)
                  0.10    0.41    0.41 ^ _424_/Q (sky130_fd_sc_hd__dfrtp_2)
     7    0.02                           rx_baud_cnt[7] (net)
                  0.10    0.00    0.41 ^ _335_/B2 (sky130_fd_sc_hd__a32o_1)
                  0.05    0.12    0.53 ^ _335_/X (sky130_fd_sc_hd__a32o_1)
     1    0.00                           _033_ (net)
                  0.05    0.00    0.53 ^ _424_/D (sky130_fd_sc_hd__dfrtp_2)
                                  0.53   data arrival time

                  0.15    0.00    0.00   clock clk (rise edge)
                          0.00    0.00   clock network delay (ideal)
                          0.25    0.25   clock uncertainty
                          0.00    0.25   clock reconvergence pessimism
                                  0.25 ^ _424_/CLK (sky130_fd_sc_hd__dfrtp_2)
                         -0.02    0.23   library hold time
                                  0.23   data required time
-----------------------------------------------------------------------------
                                  0.23   data required time
                                 -0.53   data arrival time
-----------------------------------------------------------------------------
                                  0.30   slack (MET)


Startpoint: _458_ (rising edge-triggered flip-flop clocked by clk)
Endpoint: _458_ (rising edge-triggered flip-flop clocked by clk)
Path Group: clk
Path Type: min

Fanout     Cap    Slew   Delay    Time   Description
-----------------------------------------------------------------------------
                  0.15    0.00    0.00   clock clk (rise edge)
                          0.00    0.00   clock network delay (ideal)
                  0.15    0.00    0.00 ^ _458_/CLK (sky130_fd_sc_hd__dfrtp_1)
                  0.06    0.34    0.34 ^ _458_/Q (sky130_fd_sc_hd__dfrtp_1)
     2    0.00                           tx_shift_reg[1] (net)
                  0.06    0.00    0.34 ^ _394_/A1 (sky130_fd_sc_hd__mux2_1)
                  0.04    0.12    0.46 ^ _394_/X (sky130_fd_sc_hd__mux2_1)
     1    0.00                           _196_ (net)
                  0.04    0.00    0.46 ^ _395_/A (sky130_fd_sc_hd__clkbuf_1)
                  0.04    0.07    0.53 ^ _395_/X (sky130_fd_sc_hd__clkbuf_1)
     1    0.00                           _051_ (net)
                  0.04    0.00    0.53 ^ _458_/D (sky130_fd_sc_hd__dfrtp_1)
                                  0.53   data arrival time

                  0.15    0.00    0.00   clock clk (rise edge)
                          0.00    0.00   clock network delay (ideal)
                          0.25    0.25   clock uncertainty
                          0.00    0.25   clock reconvergence pessimism
                                  0.25 ^ _458_/CLK (sky130_fd_sc_hd__dfrtp_1)
                         -0.02    0.23   library hold time
                                  0.23   data required time
-----------------------------------------------------------------------------
                                  0.23   data required time
                                 -0.53   data arrival time
-----------------------------------------------------------------------------
                                  0.30   slack (MET)


Startpoint: _460_ (rising edge-triggered flip-flop clocked by clk)
Endpoint: _460_ (rising edge-triggered flip-flop clocked by clk)
Path Group: clk
Path Type: min

Fanout     Cap    Slew   Delay    Time   Description
-----------------------------------------------------------------------------
                  0.15    0.00    0.00   clock clk (rise edge)
                          0.00    0.00   clock network delay (ideal)
                  0.15    0.00    0.00 ^ _460_/CLK (sky130_fd_sc_hd__dfrtp_1)
                  0.06    0.35    0.35 ^ _460_/Q (sky130_fd_sc_hd__dfrtp_1)
     2    0.00                           tx_shift_reg[3] (net)
                  0.06    0.00    0.35 ^ _398_/A1 (sky130_fd_sc_hd__mux2_1)
                  0.04    0.12    0.46 ^ _398_/X (sky130_fd_sc_hd__mux2_1)
     1    0.00                           _198_ (net)
                  0.04    0.00    0.46 ^ _399_/A (sky130_fd_sc_hd__clkbuf_1)
                  0.04    0.07    0.53 ^ _399_/X (sky130_fd_sc_hd__clkbuf_1)
     1    0.00                           _053_ (net)
                  0.04    0.00    0.53 ^ _460_/D (sky130_fd_sc_hd__dfrtp_1)
                                  0.53   data arrival time

                  0.15    0.00    0.00   clock clk (rise edge)
                          0.00    0.00   clock network delay (ideal)
                          0.25    0.25   clock uncertainty
                          0.00    0.25   clock reconvergence pessimism
                                  0.25 ^ _460_/CLK (sky130_fd_sc_hd__dfrtp_1)
                         -0.02    0.23   library hold time
                                  0.23   data required time
-----------------------------------------------------------------------------
                                  0.23   data required time
                                 -0.53   data arrival time
-----------------------------------------------------------------------------
                                  0.30   slack (MET)


Startpoint: _433_ (rising edge-triggered flip-flop clocked by clk)
Endpoint: _412_ (rising edge-triggered flip-flop clocked by clk)
Path Group: clk
Path Type: min

Fanout     Cap    Slew   Delay    Time   Description
-----------------------------------------------------------------------------
                  0.15    0.00    0.00   clock clk (rise edge)
                          0.00    0.00   clock network delay (ideal)
                  0.15    0.00    0.00 ^ _433_/CLK (sky130_fd_sc_hd__dfrtp_1)
                  0.06    0.35    0.35 ^ _433_/Q (sky130_fd_sc_hd__dfrtp_1)
     2    0.01                           rx_shift_reg[3] (net)
                  0.06    0.00    0.35 ^ _287_/A0 (sky130_fd_sc_hd__mux2_1)
                  0.04    0.11    0.46 ^ _287_/X (sky130_fd_sc_hd__mux2_1)
     1    0.00                           _119_ (net)
                  0.04    0.00    0.46 ^ _288_/A (sky130_fd_sc_hd__clkbuf_1)
                  0.04    0.07    0.53 ^ _288_/X (sky130_fd_sc_hd__clkbuf_1)
     1    0.00                           _021_ (net)
                  0.04    0.00    0.53 ^ _412_/D (sky130_fd_sc_hd__dfrtp_1)
                                  0.53   data arrival time

                  0.15    0.00    0.00   clock clk (rise edge)
                          0.00    0.00   clock network delay (ideal)
                          0.25    0.25   clock uncertainty
                          0.00    0.25   clock reconvergence pessimism
                                  0.25 ^ _412_/CLK (sky130_fd_sc_hd__dfrtp_1)
                         -0.02    0.23   library hold time
                                  0.23   data required time
-----------------------------------------------------------------------------
                                  0.23   data required time
                                 -0.53   data arrival time
-----------------------------------------------------------------------------
                                  0.30   slack (MET)


Startpoint: _435_ (rising edge-triggered flip-flop clocked by clk)
Endpoint: _435_ (rising edge-triggered flip-flop clocked by clk)
Path Group: clk
Path Type: min

Fanout     Cap    Slew   Delay    Time   Description
-----------------------------------------------------------------------------
                  0.15    0.00    0.00   clock clk (rise edge)
                          0.00    0.00   clock network delay (ideal)
                  0.15    0.00    0.00 ^ _435_/CLK (sky130_fd_sc_hd__dfrtp_1)
                  0.06    0.35    0.35 ^ _435_/Q (sky130_fd_sc_hd__dfrtp_1)
     2    0.00                           rx_shift_reg[5] (net)
                  0.06    0.00    0.35 ^ _371_/A1 (sky130_fd_sc_hd__mux2_1)
                  0.04    0.12    0.46 ^ _371_/X (sky130_fd_sc_hd__mux2_1)
     1    0.00                           _181_ (net)
                  0.04    0.00    0.46 ^ _372_/A (sky130_fd_sc_hd__clkbuf_1)
                  0.04    0.07    0.54 ^ _372_/X (sky130_fd_sc_hd__clkbuf_1)
     1    0.00                           _043_ (net)
                  0.04    0.00    0.54 ^ _435_/D (sky130_fd_sc_hd__dfrtp_1)
                                  0.54   data arrival time

                  0.15    0.00    0.00   clock clk (rise edge)
                          0.00    0.00   clock network delay (ideal)
                          0.25    0.25   clock uncertainty
                          0.00    0.25   clock reconvergence pessimism
                                  0.25 ^ _435_/CLK (sky130_fd_sc_hd__dfrtp_1)
                         -0.02    0.23   library hold time
                                  0.23   data required time
-----------------------------------------------------------------------------
                                  0.23   data required time
                                 -0.54   data arrival time
-----------------------------------------------------------------------------
                                  0.30   slack (MET)


Startpoint: _461_ (rising edge-triggered flip-flop clocked by clk)
Endpoint: _461_ (rising edge-triggered flip-flop clocked by clk)
Path Group: clk
Path Type: min

Fanout     Cap    Slew   Delay    Time   Description
-----------------------------------------------------------------------------
                  0.15    0.00    0.00   clock clk (rise edge)
                          0.00    0.00   clock network delay (ideal)
                  0.15    0.00    0.00 ^ _461_/CLK (sky130_fd_sc_hd__dfrtp_1)
                  0.06    0.35    0.35 ^ _461_/Q (sky130_fd_sc_hd__dfrtp_1)
     2    0.01                           tx_shift_reg[4] (net)
                  0.06    0.00    0.35 ^ _400_/A1 (sky130_fd_sc_hd__mux2_1)
                  0.04    0.11    0.47 ^ _400_/X (sky130_fd_sc_hd__mux2_1)
     1    0.00                           _199_ (net)
                  0.04    0.00    0.47 ^ _401_/A (sky130_fd_sc_hd__clkbuf_1)
                  0.04    0.07    0.54 ^ _401_/X (sky130_fd_sc_hd__clkbuf_1)
     1    0.00                           _054_ (net)
                  0.04    0.00    0.54 ^ _461_/D (sky130_fd_sc_hd__dfrtp_1)
                                  0.54   data arrival time

                  0.15    0.00    0.00   clock clk (rise edge)
                          0.00    0.00   clock network delay (ideal)
                          0.25    0.25   clock uncertainty
                          0.00    0.25   clock reconvergence pessimism
                                  0.25 ^ _461_/CLK (sky130_fd_sc_hd__dfrtp_1)
                         -0.02    0.23   library hold time
                                  0.23   data required time
-----------------------------------------------------------------------------
                                  0.23   data required time
                                 -0.54   data arrival time
-----------------------------------------------------------------------------
                                  0.30   slack (MET)


Startpoint: _466_ (rising edge-triggered flip-flop clocked by clk)
Endpoint: _466_ (rising edge-triggered flip-flop clocked by clk)
Path Group: clk
Path Type: min

Fanout     Cap    Slew   Delay    Time   Description
-----------------------------------------------------------------------------
                  0.15    0.00    0.00   clock clk (rise edge)
                          0.00    0.00   clock network delay (ideal)
                  0.15    0.00    0.00 ^ _466_/CLK (sky130_fd_sc_hd__dfrtp_2)
                  0.11    0.41    0.41 ^ _466_/Q (sky130_fd_sc_hd__dfrtp_2)
     7    0.02                           tx_state[1] (net)
                  0.11    0.00    0.41 ^ _226_/B2 (sky130_fd_sc_hd__a22o_1)
                  0.04    0.12    0.54 ^ _226_/X (sky130_fd_sc_hd__a22o_1)
     1    0.00                           _015_ (net)
                  0.04    0.00    0.54 ^ _466_/D (sky130_fd_sc_hd__dfrtp_2)
                                  0.54   data arrival time

                  0.15    0.00    0.00   clock clk (rise edge)
                          0.00    0.00   clock network delay (ideal)
                          0.25    0.25   clock uncertainty
                          0.00    0.25   clock reconvergence pessimism
                                  0.25 ^ _466_/CLK (sky130_fd_sc_hd__dfrtp_2)
                         -0.02    0.23   library hold time
                                  0.23   data required time
-----------------------------------------------------------------------------
                                  0.23   data required time
                                 -0.54   data arrival time
-----------------------------------------------------------------------------
                                  0.31   slack (MET)


Startpoint: _457_ (rising edge-triggered flip-flop clocked by clk)
Endpoint: _457_ (rising edge-triggered flip-flop clocked by clk)
Path Group: clk
Path Type: min

Fanout     Cap    Slew   Delay    Time   Description
-----------------------------------------------------------------------------
                  0.15    0.00    0.00   clock clk (rise edge)
                          0.00    0.00   clock network delay (ideal)
                  0.15    0.00    0.00 ^ _457_/CLK (sky130_fd_sc_hd__dfrtp_1)
                  0.07    0.35    0.35 ^ _457_/Q (sky130_fd_sc_hd__dfrtp_1)
     2    0.01                           tx_shift_reg[0] (net)
                  0.07    0.00    0.35 ^ _392_/A1 (sky130_fd_sc_hd__mux2_1)
                  0.04    0.11    0.47 ^ _392_/X (sky130_fd_sc_hd__mux2_1)
     1    0.00                           _195_ (net)
                  0.04    0.00    0.47 ^ _393_/A (sky130_fd_sc_hd__clkbuf_1)
                  0.04    0.07    0.54 ^ _393_/X (sky130_fd_sc_hd__clkbuf_1)
     1    0.00                           _050_ (net)
                  0.04    0.00    0.54 ^ _457_/D (sky130_fd_sc_hd__dfrtp_1)
                                  0.54   data arrival time

                  0.15    0.00    0.00   clock clk (rise edge)
                          0.00    0.00   clock network delay (ideal)
                          0.25    0.25   clock uncertainty
                          0.00    0.25   clock reconvergence pessimism
                                  0.25 ^ _457_/CLK (sky130_fd_sc_hd__dfrtp_1)
                         -0.02    0.23   library hold time
                                  0.23   data required time
-----------------------------------------------------------------------------
                                  0.23   data required time
                                 -0.54   data arrival time
-----------------------------------------------------------------------------
                                  0.31   slack (MET)


Startpoint: _433_ (rising edge-triggered flip-flop clocked by clk)
Endpoint: _433_ (rising edge-triggered flip-flop clocked by clk)
Path Group: clk
Path Type: min

Fanout     Cap    Slew   Delay    Time   Description
-----------------------------------------------------------------------------
                  0.15    0.00    0.00   clock clk (rise edge)
                          0.00    0.00   clock network delay (ideal)
                  0.15    0.00    0.00 ^ _433_/CLK (sky130_fd_sc_hd__dfrtp_1)
                  0.06    0.35    0.35 ^ _433_/Q (sky130_fd_sc_hd__dfrtp_1)
     2    0.01                           rx_shift_reg[3] (net)
                  0.06    0.00    0.35 ^ _365_/A1 (sky130_fd_sc_hd__mux2_1)
                  0.04    0.12    0.47 ^ _365_/X (sky130_fd_sc_hd__mux2_1)
     1    0.00                           _177_ (net)
                  0.04    0.00    0.47 ^ _366_/A (sky130_fd_sc_hd__clkbuf_1)
                  0.04    0.07    0.54 ^ _366_/X (sky130_fd_sc_hd__clkbuf_1)
     1    0.00                           _041_ (net)
                  0.04    0.00    0.54 ^ _433_/D (sky130_fd_sc_hd__dfrtp_1)
                                  0.54   data arrival time

                  0.15    0.00    0.00   clock clk (rise edge)
                          0.00    0.00   clock network delay (ideal)
                          0.25    0.25   clock uncertainty
                          0.00    0.25   clock reconvergence pessimism
                                  0.25 ^ _433_/CLK (sky130_fd_sc_hd__dfrtp_1)
                         -0.02    0.23   library hold time
                                  0.23   data required time
-----------------------------------------------------------------------------
                                  0.23   data required time
                                 -0.54   data arrival time
-----------------------------------------------------------------------------
                                  0.31   slack (MET)


Startpoint: _459_ (rising edge-triggered flip-flop clocked by clk)
Endpoint: _459_ (rising edge-triggered flip-flop clocked by clk)
Path Group: clk
Path Type: min

Fanout     Cap    Slew   Delay    Time   Description
-----------------------------------------------------------------------------
                  0.15    0.00    0.00   clock clk (rise edge)
                          0.00    0.00   clock network delay (ideal)
                  0.15    0.00    0.00 ^ _459_/CLK (sky130_fd_sc_hd__dfrtp_1)
                  0.06    0.35    0.35 ^ _459_/Q (sky130_fd_sc_hd__dfrtp_1)
     2    0.01                           tx_shift_reg[2] (net)
                  0.06    0.00    0.35 ^ _396_/A1 (sky130_fd_sc_hd__mux2_1)
                  0.04    0.12    0.47 ^ _396_/X (sky130_fd_sc_hd__mux2_1)
     1    0.00                           _197_ (net)
                  0.04    0.00    0.47 ^ _397_/A (sky130_fd_sc_hd__clkbuf_1)
                  0.04    0.07    0.54 ^ _397_/X (sky130_fd_sc_hd__clkbuf_1)
     1    0.00                           _052_ (net)
                  0.04    0.00    0.54 ^ _459_/D (sky130_fd_sc_hd__dfrtp_1)
                                  0.54   data arrival time

                  0.15    0.00    0.00   clock clk (rise edge)
                          0.00    0.00   clock network delay (ideal)
                          0.25    0.25   clock uncertainty
                          0.00    0.25   clock reconvergence pessimism
                                  0.25 ^ _459_/CLK (sky130_fd_sc_hd__dfrtp_1)
                         -0.02    0.23   library hold time
                                  0.23   data required time
-----------------------------------------------------------------------------
                                  0.23   data required time
                                 -0.54   data arrival time
-----------------------------------------------------------------------------
                                  0.31   slack (MET)


Startpoint: _421_ (rising edge-triggered flip-flop clocked by clk)
Endpoint: _421_ (rising edge-triggered flip-flop clocked by clk)
Path Group: clk
Path Type: min

Fanout     Cap    Slew   Delay    Time   Description
-----------------------------------------------------------------------------
                  0.15    0.00    0.00   clock clk (rise edge)
                          0.00    0.00   clock network delay (ideal)
                  0.15    0.00    0.00 ^ _421_/CLK (sky130_fd_sc_hd__dfrtp_2)
                  0.11    0.41    0.41 ^ _421_/Q (sky130_fd_sc_hd__dfrtp_2)
     7    0.02                           rx_baud_cnt[4] (net)
                  0.11    0.00    0.41 ^ _320_/B2 (sky130_fd_sc_hd__a32o_1)
                  0.05    0.13    0.54 ^ _320_/X (sky130_fd_sc_hd__a32o_1)
     1    0.00                           _030_ (net)
                  0.05    0.00    0.54 ^ _421_/D (sky130_fd_sc_hd__dfrtp_2)
                                  0.54   data arrival time

                  0.15    0.00    0.00   clock clk (rise edge)
                          0.00    0.00   clock network delay (ideal)
                          0.25    0.25   clock uncertainty
                          0.00    0.25   clock reconvergence pessimism
                                  0.25 ^ _421_/CLK (sky130_fd_sc_hd__dfrtp_2)
                         -0.02    0.23   library hold time
                                  0.23   data required time
-----------------------------------------------------------------------------
                                  0.23   data required time
                                 -0.54   data arrival time
-----------------------------------------------------------------------------
                                  0.31   slack (MET)


Startpoint: _468_ (rising edge-triggered flip-flop clocked by clk)
Endpoint: _468_ (rising edge-triggered flip-flop clocked by clk)
Path Group: clk
Path Type: min

Fanout     Cap    Slew   Delay    Time   Description
-----------------------------------------------------------------------------
                  0.15    0.00    0.00   clock clk (rise edge)
                          0.00    0.00   clock network delay (ideal)
                  0.15    0.00    0.00 ^ _468_/CLK (sky130_fd_sc_hd__dfrtp_2)
                  0.07    0.44    0.44 v _468_/Q (sky130_fd_sc_hd__dfrtp_2)
     4    0.02                           tx_state[3] (net)
                  0.07    0.00    0.44 v _231_/A (sky130_fd_sc_hd__inv_2)
                  0.04    0.06    0.49 ^ _231_/Y (sky130_fd_sc_hd__inv_2)
     2    0.01                           _080_ (net)
                  0.04    0.00    0.49 ^ _233_/A1 (sky130_fd_sc_hd__o21bai_1)
                  0.04    0.06    0.55 v _233_/Y (sky130_fd_sc_hd__o21bai_1)
     1    0.00                           _017_ (net)
                  0.04    0.00    0.55 v _468_/D (sky130_fd_sc_hd__dfrtp_2)
                                  0.55   data arrival time

                  0.15    0.00    0.00   clock clk (rise edge)
                          0.00    0.00   clock network delay (ideal)
                          0.25    0.25   clock uncertainty
                          0.00    0.25   clock reconvergence pessimism
                                  0.25 ^ _468_/CLK (sky130_fd_sc_hd__dfrtp_2)
                         -0.02    0.23   library hold time
                                  0.23   data required time
-----------------------------------------------------------------------------
                                  0.23   data required time
                                 -0.55   data arrival time
-----------------------------------------------------------------------------
                                  0.32   slack (MET)


Startpoint: _468_ (rising edge-triggered flip-flop clocked by clk)
Endpoint: _429_ (rising edge-triggered flip-flop clocked by clk)
Path Group: clk
Path Type: min

Fanout     Cap    Slew   Delay    Time   Description
-----------------------------------------------------------------------------
                  0.15    0.00    0.00   clock clk (rise edge)
                          0.00    0.00   clock network delay (ideal)
                  0.15    0.00    0.00 ^ _468_/CLK (sky130_fd_sc_hd__dfrtp_2)
                  0.10    0.41    0.41 ^ _468_/Q (sky130_fd_sc_hd__dfrtp_2)
     4    0.02                           tx_state[3] (net)
                  0.10    0.00    0.41 ^ _248_/B1 (sky130_fd_sc_hd__a311o_1)
                  0.08    0.14    0.55 ^ _248_/X (sky130_fd_sc_hd__a311o_1)
     1    0.01                           _203_ (net)
                  0.08    0.00    0.55 ^ _429_/D (sky130_fd_sc_hd__dfstp_1)
                                  0.55   data arrival time

                  0.15    0.00    0.00   clock clk (rise edge)
                          0.00    0.00   clock network delay (ideal)
                          0.25    0.25   clock uncertainty
                          0.00    0.25   clock reconvergence pessimism
                                  0.25 ^ _429_/CLK (sky130_fd_sc_hd__dfstp_1)
                         -0.03    0.22   library hold time
                                  0.22   data required time
-----------------------------------------------------------------------------
                                  0.22   data required time
                                 -0.55   data arrival time
-----------------------------------------------------------------------------
                                  0.32   slack (MET)


Startpoint: _452_ (rising edge-triggered flip-flop clocked by clk)
Endpoint: _408_ (rising edge-triggered flip-flop clocked by clk)
Path Group: clk
Path Type: min

Fanout     Cap    Slew   Delay    Time   Description
-----------------------------------------------------------------------------
                  0.15    0.00    0.00   clock clk (rise edge)
                          0.00    0.00   clock network delay (ideal)
                  0.15    0.00    0.00 ^ _452_/CLK (sky130_fd_sc_hd__dfxtp_1)
                  0.09    0.36    0.36 v _452_/Q (sky130_fd_sc_hd__dfxtp_1)
     4    0.02                           rx_sync2 (net)
                  0.09    0.00    0.36 v _239_/B (sky130_fd_sc_hd__nand3_4)
                  0.14    0.16    0.53 ^ _239_/Y (sky130_fd_sc_hd__nand3_4)
     9    0.05                           _086_ (net)
                  0.14    0.00    0.53 ^ _240_/A (sky130_fd_sc_hd__inv_2)
                  0.04    0.05    0.57 v _240_/Y (sky130_fd_sc_hd__inv_2)
     1    0.01                           _000_ (net)
                  0.04    0.00    0.57 v _408_/D (sky130_fd_sc_hd__dfrtp_1)
                                  0.57   data arrival time

                  0.15    0.00    0.00   clock clk (rise edge)
                          0.00    0.00   clock network delay (ideal)
                          0.25    0.25   clock uncertainty
                          0.00    0.25   clock reconvergence pessimism
                                  0.25 ^ _408_/CLK (sky130_fd_sc_hd__dfrtp_1)
                         -0.02    0.23   library hold time
                                  0.23   data required time
-----------------------------------------------------------------------------
                                  0.23   data required time
                                 -0.57   data arrival time
-----------------------------------------------------------------------------
                                  0.34   slack (MET)


Startpoint: _448_ (rising edge-triggered flip-flop clocked by clk)
Endpoint: _448_ (rising edge-triggered flip-flop clocked by clk)
Path Group: clk
Path Type: min

Fanout     Cap    Slew   Delay    Time   Description
-----------------------------------------------------------------------------
                  0.15    0.00    0.00   clock clk (rise edge)
                          0.00    0.00   clock network delay (ideal)
                  0.15    0.00    0.00 ^ _448_/CLK (sky130_fd_sc_hd__dfrtp_4)
                  0.10    0.46    0.46 ^ _448_/Q (sky130_fd_sc_hd__dfrtp_4)
     7    0.02                           tx_bit_cnt[0] (net)
                  0.10    0.00    0.46 ^ _386_/A1 (sky130_fd_sc_hd__o21a_1)
                  0.04    0.12    0.57 ^ _386_/X (sky130_fd_sc_hd__o21a_1)
     1    0.00                           _047_ (net)
                  0.04    0.00    0.57 ^ _448_/D (sky130_fd_sc_hd__dfrtp_4)
                                  0.57   data arrival time

                  0.15    0.00    0.00   clock clk (rise edge)
                          0.00    0.00   clock network delay (ideal)
                          0.25    0.25   clock uncertainty
                          0.00    0.25   clock reconvergence pessimism
                                  0.25 ^ _448_/CLK (sky130_fd_sc_hd__dfrtp_4)
                         -0.02    0.23   library hold time
                                  0.23   data required time
-----------------------------------------------------------------------------
                                  0.23   data required time
                                 -0.57   data arrival time
-----------------------------------------------------------------------------
                                  0.34   slack (MET)


Startpoint: _418_ (rising edge-triggered flip-flop clocked by clk)
Endpoint: _418_ (rising edge-triggered flip-flop clocked by clk)
Path Group: clk
Path Type: min

Fanout     Cap    Slew   Delay    Time   Description
-----------------------------------------------------------------------------
                  0.15    0.00    0.00   clock clk (rise edge)
                          0.00    0.00   clock network delay (ideal)
                  0.15    0.00    0.00 ^ _418_/CLK (sky130_fd_sc_hd__dfrtp_1)
                  0.15    0.41    0.41 ^ _418_/Q (sky130_fd_sc_hd__dfrtp_1)
     6    0.02                           rx_baud_cnt[1] (net)
                  0.15    0.00    0.41 ^ _307_/A1 (sky130_fd_sc_hd__a32o_1)
                  0.05    0.16    0.57 ^ _307_/X (sky130_fd_sc_hd__a32o_1)
     1    0.00                           _027_ (net)
                  0.05    0.00    0.57 ^ _418_/D (sky130_fd_sc_hd__dfrtp_1)
                                  0.57   data arrival time

                  0.15    0.00    0.00   clock clk (rise edge)
                          0.00    0.00   clock network delay (ideal)
                          0.25    0.25   clock uncertainty
                          0.00    0.25   clock reconvergence pessimism
                                  0.25 ^ _418_/CLK (sky130_fd_sc_hd__dfrtp_1)
                         -0.02    0.23   library hold time
                                  0.23   data required time
-----------------------------------------------------------------------------
                                  0.23   data required time
                                 -0.57   data arrival time
-----------------------------------------------------------------------------
                                  0.34   slack (MET)


Startpoint: _454_ (rising edge-triggered flip-flop clocked by clk)
Endpoint: _456_ (rising edge-triggered flip-flop clocked by clk)
Path Group: clk
Path Type: min

Fanout     Cap    Slew   Delay    Time   Description
-----------------------------------------------------------------------------
                  0.15    0.00    0.00   clock clk (rise edge)
                          0.00    0.00   clock network delay (ideal)
                  0.15    0.00    0.00 ^ _454_/CLK (sky130_fd_sc_hd__dfrtp_4)
                  0.10    0.46    0.46 ^ _454_/Q (sky130_fd_sc_hd__dfrtp_4)
     9    0.02                           rx_state[1] (net)
                  0.10    0.00    0.46 ^ _238_/B2 (sky130_fd_sc_hd__a22o_1)
                  0.04    0.12    0.58 ^ _238_/X (sky130_fd_sc_hd__a22o_1)
     1    0.00                           _013_ (net)
                  0.04    0.00    0.58 ^ _456_/D (sky130_fd_sc_hd__dfrtp_4)
                                  0.58   data arrival time

                  0.15    0.00    0.00   clock clk (rise edge)
                          0.00    0.00   clock network delay (ideal)
                          0.25    0.25   clock uncertainty
                          0.00    0.25   clock reconvergence pessimism
                                  0.25 ^ _456_/CLK (sky130_fd_sc_hd__dfrtp_4)
                         -0.02    0.23   library hold time
                                  0.23   data required time
-----------------------------------------------------------------------------
                                  0.23   data required time
                                 -0.58   data arrival time
-----------------------------------------------------------------------------
                                  0.35   slack (MET)


Startpoint: _419_ (rising edge-triggered flip-flop clocked by clk)
Endpoint: _419_ (rising edge-triggered flip-flop clocked by clk)
Path Group: clk
Path Type: min

Fanout     Cap    Slew   Delay    Time   Description
-----------------------------------------------------------------------------
                  0.15    0.00    0.00   clock clk (rise edge)
                          0.00    0.00   clock network delay (ideal)
                  0.15    0.00    0.00 ^ _419_/CLK (sky130_fd_sc_hd__dfrtp_1)
                  0.09    0.37    0.37 ^ _419_/Q (sky130_fd_sc_hd__dfrtp_1)
     4    0.01                           rx_baud_cnt[2] (net)
                  0.09    0.00    0.37 ^ _310_/B1 (sky130_fd_sc_hd__a31o_1)
                  0.04    0.09    0.47 ^ _310_/X (sky130_fd_sc_hd__a31o_1)
     1    0.00                           _135_ (net)
                  0.04    0.00    0.47 ^ _311_/C1 (sky130_fd_sc_hd__o211a_1)
                  0.04    0.12    0.59 ^ _311_/X (sky130_fd_sc_hd__o211a_1)
     1    0.00                           _028_ (net)
                  0.04    0.00    0.59 ^ _419_/D (sky130_fd_sc_hd__dfrtp_1)
                                  0.59   data arrival time

                  0.15    0.00    0.00   clock clk (rise edge)
                          0.00    0.00   clock network delay (ideal)
                          0.25    0.25   clock uncertainty
                          0.00    0.25   clock reconvergence pessimism
                                  0.25 ^ _419_/CLK (sky130_fd_sc_hd__dfrtp_1)
                         -0.02    0.23   library hold time
                                  0.23   data required time
-----------------------------------------------------------------------------
                                  0.23   data required time
                                 -0.59   data arrival time
-----------------------------------------------------------------------------
                                  0.35   slack (MET)


Startpoint: _456_ (rising edge-triggered flip-flop clocked by clk)
Endpoint: _453_ (rising edge-triggered flip-flop clocked by clk)
Path Group: clk
Path Type: min

Fanout     Cap    Slew   Delay    Time   Description
-----------------------------------------------------------------------------
                  0.15    0.00    0.00   clock clk (rise edge)
                          0.00    0.00   clock network delay (ideal)
                  0.15    0.00    0.00 ^ _456_/CLK (sky130_fd_sc_hd__dfrtp_4)
                  0.09    0.45    0.45 ^ _456_/Q (sky130_fd_sc_hd__dfrtp_4)
     7    0.02                           rx_state[3] (net)
                  0.09    0.00    0.45 ^ _214_/A1 (sky130_fd_sc_hd__a22o_1)
                  0.04    0.13    0.58 ^ _214_/X (sky130_fd_sc_hd__a22o_1)
     1    0.00                           _010_ (net)
                  0.04    0.00    0.58 ^ _453_/D (sky130_fd_sc_hd__dfstp_1)
                                  0.58   data arrival time

                  0.15    0.00    0.00   clock clk (rise edge)
                          0.00    0.00   clock network delay (ideal)
                          0.25    0.25   clock uncertainty
                          0.00    0.25   clock reconvergence pessimism
                                  0.25 ^ _453_/CLK (sky130_fd_sc_hd__dfstp_1)
                         -0.02    0.23   library hold time
                                  0.23   data required time
-----------------------------------------------------------------------------
                                  0.23   data required time
                                 -0.58   data arrival time
-----------------------------------------------------------------------------
                                  0.36   slack (MET)


Startpoint: _417_ (rising edge-triggered flip-flop clocked by clk)
Endpoint: _417_ (rising edge-triggered flip-flop clocked by clk)
Path Group: clk
Path Type: min

Fanout     Cap    Slew   Delay    Time   Description
-----------------------------------------------------------------------------
                  0.15    0.00    0.00   clock clk (rise edge)
                          0.00    0.00   clock network delay (ideal)
                  0.15    0.00    0.00 ^ _417_/CLK (sky130_fd_sc_hd__dfrtp_2)
                  0.10    0.41    0.41 ^ _417_/Q (sky130_fd_sc_hd__dfrtp_2)
     6    0.02                           rx_baud_cnt[0] (net)
                  0.10    0.00    0.41 ^ _301_/S (sky130_fd_sc_hd__mux2_1)
                  0.04    0.13    0.53 ^ _301_/X (sky130_fd_sc_hd__mux2_1)
     1    0.00                           _128_ (net)
                  0.04    0.00    0.53 ^ _302_/A (sky130_fd_sc_hd__clkbuf_1)
                  0.04    0.07    0.60 ^ _302_/X (sky130_fd_sc_hd__clkbuf_1)
     1    0.00                           _026_ (net)
                  0.04    0.00    0.60 ^ _417_/D (sky130_fd_sc_hd__dfrtp_2)
                                  0.60   data arrival time

                  0.15    0.00    0.00   clock clk (rise edge)
                          0.00    0.00   clock network delay (ideal)
                          0.25    0.25   clock uncertainty
                          0.00    0.25   clock reconvergence pessimism
                                  0.25 ^ _417_/CLK (sky130_fd_sc_hd__dfrtp_2)
                         -0.02    0.23   library hold time
                                  0.23   data required time
-----------------------------------------------------------------------------
                                  0.23   data required time
                                 -0.60   data arrival time
-----------------------------------------------------------------------------
                                  0.37   slack (MET)


Startpoint: _422_ (rising edge-triggered flip-flop clocked by clk)
Endpoint: _422_ (rising edge-triggered flip-flop clocked by clk)
Path Group: clk
Path Type: min

Fanout     Cap    Slew   Delay    Time   Description
-----------------------------------------------------------------------------
                  0.15    0.00    0.00   clock clk (rise edge)
                          0.00    0.00   clock network delay (ideal)
                  0.15    0.00    0.00 ^ _422_/CLK (sky130_fd_sc_hd__dfrtp_1)
                  0.12    0.39    0.39 ^ _422_/Q (sky130_fd_sc_hd__dfrtp_1)
     5    0.01                           rx_baud_cnt[5] (net)
                  0.12    0.00    0.39 ^ _323_/B1 (sky130_fd_sc_hd__a21o_1)
                  0.04    0.09    0.48 ^ _323_/X (sky130_fd_sc_hd__a21o_1)
     1    0.00                           _145_ (net)
                  0.04    0.00    0.48 ^ _328_/B1 (sky130_fd_sc_hd__o211a_1)
                  0.04    0.12    0.61 ^ _328_/X (sky130_fd_sc_hd__o211a_1)
     1    0.00                           _031_ (net)
                  0.04    0.00    0.61 ^ _422_/D (sky130_fd_sc_hd__dfrtp_1)
                                  0.61   data arrival time

                  0.15    0.00    0.00   clock clk (rise edge)
                          0.00    0.00   clock network delay (ideal)
                          0.25    0.25   clock uncertainty
                          0.00    0.25   clock reconvergence pessimism
                                  0.25 ^ _422_/CLK (sky130_fd_sc_hd__dfrtp_1)
                         -0.02    0.23   library hold time
                                  0.23   data required time
-----------------------------------------------------------------------------
                                  0.23   data required time
                                 -0.61   data arrival time
-----------------------------------------------------------------------------
                                  0.38   slack (MET)


Startpoint: _454_ (rising edge-triggered flip-flop clocked by clk)
Endpoint: _428_ (rising edge-triggered flip-flop clocked by clk)
Path Group: clk
Path Type: min

Fanout     Cap    Slew   Delay    Time   Description
-----------------------------------------------------------------------------
                  0.15    0.00    0.00   clock clk (rise edge)
                          0.00    0.00   clock network delay (ideal)
                  0.15    0.00    0.00 ^ _454_/CLK (sky130_fd_sc_hd__dfrtp_4)
                  0.10    0.46    0.46 ^ _454_/Q (sky130_fd_sc_hd__dfrtp_4)
     9    0.02                           rx_state[1] (net)
                  0.10    0.00    0.46 ^ _349_/A (sky130_fd_sc_hd__or2_1)
                  0.04    0.10    0.56 ^ _349_/X (sky130_fd_sc_hd__or2_1)
     1    0.00                           _165_ (net)
                  0.04    0.00    0.56 ^ _351_/A2 (sky130_fd_sc_hd__a21oi_1)
                  0.03    0.05    0.61 v _351_/Y (sky130_fd_sc_hd__a21oi_1)
     1    0.00                           _037_ (net)
                  0.03    0.00    0.61 v _428_/D (sky130_fd_sc_hd__dfrtp_1)
                                  0.61   data arrival time

                  0.15    0.00    0.00   clock clk (rise edge)
                          0.00    0.00   clock network delay (ideal)
                          0.25    0.25   clock uncertainty
                          0.00    0.25   clock reconvergence pessimism
                                  0.25 ^ _428_/CLK (sky130_fd_sc_hd__dfrtp_1)
                         -0.01    0.24   library hold time
                                  0.24   data required time
-----------------------------------------------------------------------------
                                  0.24   data required time
                                 -0.61   data arrival time
-----------------------------------------------------------------------------
                                  0.38   slack (MET)


Startpoint: _427_ (rising edge-triggered flip-flop clocked by clk)
Endpoint: _427_ (rising edge-triggered flip-flop clocked by clk)
Path Group: clk
Path Type: min

Fanout     Cap    Slew   Delay    Time   Description
-----------------------------------------------------------------------------
                  0.15    0.00    0.00   clock clk (rise edge)
                          0.00    0.00   clock network delay (ideal)
                  0.15    0.00    0.00 ^ _427_/CLK (sky130_fd_sc_hd__dfrtp_1)
                  0.13    0.40    0.40 ^ _427_/Q (sky130_fd_sc_hd__dfrtp_1)
     6    0.01                           rx_bit_cnt[1] (net)
                  0.13    0.00    0.40 ^ _347_/A0 (sky130_fd_sc_hd__mux2_1)
                  0.04    0.13    0.54 ^ _347_/X (sky130_fd_sc_hd__mux2_1)
     1    0.00                           _164_ (net)
                  0.04    0.00    0.54 ^ _348_/A (sky130_fd_sc_hd__clkbuf_1)
                  0.05    0.08    0.61 ^ _348_/X (sky130_fd_sc_hd__clkbuf_1)
     1    0.00                           _036_ (net)
                  0.05    0.00    0.61 ^ _427_/D (sky130_fd_sc_hd__dfrtp_1)
                                  0.61   data arrival time

                  0.15    0.00    0.00   clock clk (rise edge)
                          0.00    0.00   clock network delay (ideal)
                          0.25    0.25   clock uncertainty
                          0.00    0.25   clock reconvergence pessimism
                                  0.25 ^ _427_/CLK (sky130_fd_sc_hd__dfrtp_1)
                         -0.02    0.23   library hold time
                                  0.23   data required time
-----------------------------------------------------------------------------
                                  0.23   data required time
                                 -0.61   data arrival time
-----------------------------------------------------------------------------
                                  0.39   slack (MET)


Startpoint: _450_ (rising edge-triggered flip-flop clocked by clk)
Endpoint: _450_ (rising edge-triggered flip-flop clocked by clk)
Path Group: clk
Path Type: min

Fanout     Cap    Slew   Delay    Time   Description
-----------------------------------------------------------------------------
                  0.15    0.00    0.00   clock clk (rise edge)
                          0.00    0.00   clock network delay (ideal)
                  0.15    0.00    0.00 ^ _450_/CLK (sky130_fd_sc_hd__dfrtp_1)
                  0.08    0.37    0.37 ^ _450_/Q (sky130_fd_sc_hd__dfrtp_1)
     4    0.01                           tx_bit_cnt[2] (net)
                  0.08    0.00    0.37 ^ _390_/B1 (sky130_fd_sc_hd__a31o_1)
                  0.03    0.09    0.45 ^ _390_/X (sky130_fd_sc_hd__a31o_1)
     1    0.00                           _194_ (net)
                  0.03    0.00    0.45 ^ _391_/C_N (sky130_fd_sc_hd__nor3b_1)
                  0.15    0.15    0.60 ^ _391_/Y (sky130_fd_sc_hd__nor3b_1)
     1    0.00                           _049_ (net)
                  0.15    0.00    0.60 ^ _450_/D (sky130_fd_sc_hd__dfrtp_1)
                                  0.60   data arrival time

                  0.15    0.00    0.00   clock clk (rise edge)
                          0.00    0.00   clock network delay (ideal)
                          0.25    0.25   clock uncertainty
                          0.00    0.25   clock reconvergence pessimism
                                  0.25 ^ _450_/CLK (sky130_fd_sc_hd__dfrtp_1)
                         -0.04    0.21   library hold time
                                  0.21   data required time
-----------------------------------------------------------------------------
                                  0.21   data required time
                                 -0.60   data arrival time
-----------------------------------------------------------------------------
                                  0.39   slack (MET)


Startpoint: _425_ (rising edge-triggered flip-flop clocked by clk)
Endpoint: _425_ (rising edge-triggered flip-flop clocked by clk)
Path Group: clk
Path Type: min

Fanout     Cap    Slew   Delay    Time   Description
-----------------------------------------------------------------------------
                  0.15    0.00    0.00   clock clk (rise edge)
                          0.00    0.00   clock network delay (ideal)
                  0.15    0.00    0.00 ^ _425_/CLK (sky130_fd_sc_hd__dfrtp_1)
                  0.12    0.39    0.39 ^ _425_/Q (sky130_fd_sc_hd__dfrtp_1)
     5    0.01                           rx_baud_cnt[8] (net)
                  0.12    0.00    0.39 ^ _337_/B1 (sky130_fd_sc_hd__a31o_1)
                  0.04    0.10    0.50 ^ _337_/X (sky130_fd_sc_hd__a31o_1)
     1    0.00                           _156_ (net)
                  0.04    0.00    0.50 ^ _339_/A3 (sky130_fd_sc_hd__a31o_1)
                  0.04    0.13    0.62 ^ _339_/X (sky130_fd_sc_hd__a31o_1)
     1    0.00                           _034_ (net)
                  0.04    0.00    0.62 ^ _425_/D (sky130_fd_sc_hd__dfrtp_1)
                                  0.62   data arrival time

                  0.15    0.00    0.00   clock clk (rise edge)
                          0.00    0.00   clock network delay (ideal)
                          0.25    0.25   clock uncertainty
                          0.00    0.25   clock reconvergence pessimism
                                  0.25 ^ _425_/CLK (sky130_fd_sc_hd__dfrtp_1)
                         -0.02    0.23   library hold time
                                  0.23   data required time
-----------------------------------------------------------------------------
                                  0.23   data required time
                                 -0.62   data arrival time
-----------------------------------------------------------------------------
                                  0.39   slack (MET)


Startpoint: _427_ (rising edge-triggered flip-flop clocked by clk)
Endpoint: _454_ (rising edge-triggered flip-flop clocked by clk)
Path Group: clk
Path Type: min

Fanout     Cap    Slew   Delay    Time   Description
-----------------------------------------------------------------------------
                  0.15    0.00    0.00   clock clk (rise edge)
                          0.00    0.00   clock network delay (ideal)
                  0.15    0.00    0.00 ^ _427_/CLK (sky130_fd_sc_hd__dfrtp_1)
                  0.13    0.40    0.40 ^ _427_/Q (sky130_fd_sc_hd__dfrtp_1)
     6    0.01                           rx_bit_cnt[1] (net)
                  0.13    0.00    0.40 ^ _216_/A2 (sky130_fd_sc_hd__a41o_1)
                  0.06    0.18    0.58 ^ _216_/X (sky130_fd_sc_hd__a41o_1)
     2    0.01                           _069_ (net)
                  0.06    0.00    0.58 ^ _217_/B1 (sky130_fd_sc_hd__o21ai_1)
                  0.03    0.06    0.64 v _217_/Y (sky130_fd_sc_hd__o21ai_1)
     1    0.00                           _011_ (net)
                  0.03    0.00    0.64 v _454_/D (sky130_fd_sc_hd__dfrtp_4)
                                  0.64   data arrival time

                  0.15    0.00    0.00   clock clk (rise edge)
                          0.00    0.00   clock network delay (ideal)
                          0.25    0.25   clock uncertainty
                          0.00    0.25   clock reconvergence pessimism
                                  0.25 ^ _454_/CLK (sky130_fd_sc_hd__dfrtp_4)
                         -0.01    0.24   library hold time
                                  0.24   data required time
-----------------------------------------------------------------------------
                                  0.24   data required time
                                 -0.64   data arrival time
-----------------------------------------------------------------------------
                                  0.41   slack (MET)


Startpoint: _446_ (rising edge-triggered flip-flop clocked by clk)
Endpoint: _446_ (rising edge-triggered flip-flop clocked by clk)
Path Group: clk
Path Type: min

Fanout     Cap    Slew   Delay    Time   Description
-----------------------------------------------------------------------------
                  0.15    0.00    0.00   clock clk (rise edge)
                          0.00    0.00   clock network delay (ideal)
                  0.15    0.00    0.00 ^ _446_/CLK (sky130_fd_sc_hd__dfrtp_1)
                  0.08    0.37    0.37 ^ _446_/Q (sky130_fd_sc_hd__dfrtp_1)
     3    0.01                           tx_baud_cnt[8] (net)
                  0.08    0.00    0.37 ^ _278_/B1 (sky130_fd_sc_hd__a21o_1)
                  0.03    0.08    0.44 ^ _278_/X (sky130_fd_sc_hd__a21o_1)
     1    0.00                           _114_ (net)
                  0.03    0.00    0.44 ^ _279_/C (sky130_fd_sc_hd__and3_1)
                  0.05    0.13    0.58 ^ _279_/X (sky130_fd_sc_hd__and3_1)
     1    0.00                           _115_ (net)
                  0.05    0.00    0.58 ^ _280_/A (sky130_fd_sc_hd__clkbuf_1)
                  0.04    0.07    0.65 ^ _280_/X (sky130_fd_sc_hd__clkbuf_1)
     1    0.00                           _009_ (net)
                  0.04    0.00    0.65 ^ _446_/D (sky130_fd_sc_hd__dfrtp_1)
                                  0.65   data arrival time

                  0.15    0.00    0.00   clock clk (rise edge)
                          0.00    0.00   clock network delay (ideal)
                          0.25    0.25   clock uncertainty
                          0.00    0.25   clock reconvergence pessimism
                                  0.25 ^ _446_/CLK (sky130_fd_sc_hd__dfrtp_1)
                         -0.02    0.23   library hold time
                                  0.23   data required time
-----------------------------------------------------------------------------
                                  0.23   data required time
                                 -0.65   data arrival time
-----------------------------------------------------------------------------
                                  0.42   slack (MET)


Startpoint: _440_ (rising edge-triggered flip-flop clocked by clk)
Endpoint: _440_ (rising edge-triggered flip-flop clocked by clk)
Path Group: clk
Path Type: min

Fanout     Cap    Slew   Delay    Time   Description
-----------------------------------------------------------------------------
                  0.15    0.00    0.00   clock clk (rise edge)
                          0.00    0.00   clock network delay (ideal)
                  0.15    0.00    0.00 ^ _440_/CLK (sky130_fd_sc_hd__dfrtp_1)
                  0.10    0.38    0.38 ^ _440_/Q (sky130_fd_sc_hd__dfrtp_1)
     4    0.01                           tx_baud_cnt[2] (net)
                  0.10    0.00    0.38 ^ _256_/B1 (sky130_fd_sc_hd__a21o_1)
                  0.03    0.08    0.46 ^ _256_/X (sky130_fd_sc_hd__a21o_1)
     1    0.00                           _098_ (net)
                  0.03    0.00    0.46 ^ _258_/B (sky130_fd_sc_hd__and3b_1)
                  0.05    0.13    0.59 ^ _258_/X (sky130_fd_sc_hd__and3b_1)
     1    0.00                           _100_ (net)
                  0.05    0.00    0.59 ^ _259_/A (sky130_fd_sc_hd__clkbuf_1)
                  0.04    0.07    0.66 ^ _259_/X (sky130_fd_sc_hd__clkbuf_1)
     1    0.00                           _003_ (net)
                  0.04    0.00    0.66 ^ _440_/D (sky130_fd_sc_hd__dfrtp_1)
                                  0.66   data arrival time

                  0.15    0.00    0.00   clock clk (rise edge)
                          0.00    0.00   clock network delay (ideal)
                          0.25    0.25   clock uncertainty
                          0.00    0.25   clock reconvergence pessimism
                                  0.25 ^ _440_/CLK (sky130_fd_sc_hd__dfrtp_1)
                         -0.02    0.23   library hold time
                                  0.23   data required time
-----------------------------------------------------------------------------
                                  0.23   data required time
                                 -0.66   data arrival time
-----------------------------------------------------------------------------
                                  0.43   slack (MET)


Startpoint: _443_ (rising edge-triggered flip-flop clocked by clk)
Endpoint: _443_ (rising edge-triggered flip-flop clocked by clk)
Path Group: clk
Path Type: min

Fanout     Cap    Slew   Delay    Time   Description
-----------------------------------------------------------------------------
                  0.15    0.00    0.00   clock clk (rise edge)
                          0.00    0.00   clock network delay (ideal)
                  0.15    0.00    0.00 ^ _443_/CLK (sky130_fd_sc_hd__dfrtp_1)
                  0.09    0.37    0.37 ^ _443_/Q (sky130_fd_sc_hd__dfrtp_1)
     4    0.01                           tx_baud_cnt[5] (net)
                  0.09    0.00    0.37 ^ _269_/B1 (sky130_fd_sc_hd__a21o_1)
                  0.03    0.08    0.45 ^ _269_/X (sky130_fd_sc_hd__a21o_1)
     1    0.00                           _108_ (net)
                  0.03    0.00    0.45 ^ _270_/C (sky130_fd_sc_hd__and3b_1)
                  0.05    0.14    0.59 ^ _270_/X (sky130_fd_sc_hd__and3b_1)
     1    0.00                           _109_ (net)
                  0.05    0.00    0.59 ^ _271_/A (sky130_fd_sc_hd__clkbuf_1)
                  0.04    0.07    0.66 ^ _271_/X (sky130_fd_sc_hd__clkbuf_1)
     1    0.00                           _006_ (net)
                  0.04    0.00    0.66 ^ _443_/D (sky130_fd_sc_hd__dfrtp_1)
                                  0.66   data arrival time

                  0.15    0.00    0.00   clock clk (rise edge)
                          0.00    0.00   clock network delay (ideal)
                          0.25    0.25   clock uncertainty
                          0.00    0.25   clock reconvergence pessimism
                                  0.25 ^ _443_/CLK (sky130_fd_sc_hd__dfrtp_1)
                         -0.02    0.23   library hold time
                                  0.23   data required time
-----------------------------------------------------------------------------
                                  0.23   data required time
                                 -0.66   data arrival time
-----------------------------------------------------------------------------
                                  0.43   slack (MET)


Startpoint: _442_ (rising edge-triggered flip-flop clocked by clk)
Endpoint: _442_ (rising edge-triggered flip-flop clocked by clk)
Path Group: clk
Path Type: min

Fanout     Cap    Slew   Delay    Time   Description
-----------------------------------------------------------------------------
                  0.15    0.00    0.00   clock clk (rise edge)
                          0.00    0.00   clock network delay (ideal)
                  0.15    0.00    0.00 ^ _442_/CLK (sky130_fd_sc_hd__dfrtp_1)
                  0.13    0.40    0.40 ^ _442_/Q (sky130_fd_sc_hd__dfrtp_1)
     6    0.01                           tx_baud_cnt[4] (net)
                  0.13    0.00    0.40 ^ _264_/A (sky130_fd_sc_hd__nand2_1)
                  0.04    0.05    0.45 v _264_/Y (sky130_fd_sc_hd__nand2_1)
     1    0.00                           _104_ (net)
                  0.04    0.00    0.45 v _266_/B (sky130_fd_sc_hd__and3_1)
                  0.03    0.15    0.60 v _266_/X (sky130_fd_sc_hd__and3_1)
     1    0.00                           _106_ (net)
                  0.03    0.00    0.60 v _267_/A (sky130_fd_sc_hd__clkbuf_1)
                  0.02    0.07    0.67 v _267_/X (sky130_fd_sc_hd__clkbuf_1)
     1    0.00                           _005_ (net)
                  0.02    0.00    0.67 v _442_/D (sky130_fd_sc_hd__dfrtp_1)
                                  0.67   data arrival time

                  0.15    0.00    0.00   clock clk (rise edge)
                          0.00    0.00   clock network delay (ideal)
                          0.25    0.25   clock uncertainty
                          0.00    0.25   clock reconvergence pessimism
                                  0.25 ^ _442_/CLK (sky130_fd_sc_hd__dfrtp_1)
                         -0.01    0.24   library hold time
                                  0.24   data required time
-----------------------------------------------------------------------------
                                  0.24   data required time
                                 -0.67   data arrival time
-----------------------------------------------------------------------------
                                  0.44   slack (MET)


Startpoint: _439_ (rising edge-triggered flip-flop clocked by clk)
Endpoint: _439_ (rising edge-triggered flip-flop clocked by clk)
Path Group: clk
Path Type: min

Fanout     Cap    Slew   Delay    Time   Description
-----------------------------------------------------------------------------
                  0.15    0.00    0.00   clock clk (rise edge)
                          0.00    0.00   clock network delay (ideal)
                  0.15    0.00    0.00 ^ _439_/CLK (sky130_fd_sc_hd__dfrtp_1)
                  0.13    0.40    0.40 ^ _439_/Q (sky130_fd_sc_hd__dfrtp_1)
     6    0.01                           tx_baud_cnt[1] (net)
                  0.13    0.00    0.40 ^ _252_/A (sky130_fd_sc_hd__nand2_1)
                  0.03    0.06    0.46 v _252_/Y (sky130_fd_sc_hd__nand2_1)
     1    0.00                           _095_ (net)
                  0.03    0.00    0.46 v _254_/B (sky130_fd_sc_hd__and3_1)
                  0.03    0.14    0.60 v _254_/X (sky130_fd_sc_hd__and3_1)
     1    0.00                           _097_ (net)
                  0.03    0.00    0.60 v _255_/A (sky130_fd_sc_hd__clkbuf_1)
                  0.02    0.07    0.68 v _255_/X (sky130_fd_sc_hd__clkbuf_1)
     1    0.00                           _002_ (net)
                  0.02    0.00    0.68 v _439_/D (sky130_fd_sc_hd__dfrtp_1)
                                  0.68   data arrival time

                  0.15    0.00    0.00   clock clk (rise edge)
                          0.00    0.00   clock network delay (ideal)
                          0.25    0.25   clock uncertainty
                          0.00    0.25   clock reconvergence pessimism
                                  0.25 ^ _439_/CLK (sky130_fd_sc_hd__dfrtp_1)
                         -0.01    0.24   library hold time
                                  0.24   data required time
-----------------------------------------------------------------------------
                                  0.24   data required time
                                 -0.68   data arrival time
-----------------------------------------------------------------------------
                                  0.44   slack (MET)


Startpoint: _423_ (rising edge-triggered flip-flop clocked by clk)
Endpoint: _423_ (rising edge-triggered flip-flop clocked by clk)
Path Group: clk
Path Type: min

Fanout     Cap    Slew   Delay    Time   Description
-----------------------------------------------------------------------------
                  0.15    0.00    0.00   clock clk (rise edge)
                          0.00    0.00   clock network delay (ideal)
                  0.15    0.00    0.00 ^ _423_/CLK (sky130_fd_sc_hd__dfrtp_4)
                  0.10    0.46    0.46 ^ _423_/Q (sky130_fd_sc_hd__dfrtp_4)
     9    0.03                           rx_baud_cnt[6] (net)
                  0.10    0.00    0.46 ^ _331_/B2 (sky130_fd_sc_hd__o22a_1)
                  0.04    0.11    0.58 ^ _331_/X (sky130_fd_sc_hd__o22a_1)
     1    0.00                           _152_ (net)
                  0.04    0.00    0.58 ^ _332_/B2 (sky130_fd_sc_hd__a2bb2o_1)
                  0.04    0.11    0.69 ^ _332_/X (sky130_fd_sc_hd__a2bb2o_1)
     1    0.00                           _032_ (net)
                  0.04    0.00    0.69 ^ _423_/D (sky130_fd_sc_hd__dfrtp_4)
                                  0.69   data arrival time

                  0.15    0.00    0.00   clock clk (rise edge)
                          0.00    0.00   clock network delay (ideal)
                          0.25    0.25   clock uncertainty
                          0.00    0.25   clock reconvergence pessimism
                                  0.25 ^ _423_/CLK (sky130_fd_sc_hd__dfrtp_4)
                         -0.02    0.23   library hold time
                                  0.23   data required time
-----------------------------------------------------------------------------
                                  0.23   data required time
                                 -0.69   data arrival time
-----------------------------------------------------------------------------
                                  0.46   slack (MET)


Startpoint: _455_ (rising edge-triggered flip-flop clocked by clk)
Endpoint: _455_ (rising edge-triggered flip-flop clocked by clk)
Path Group: clk
Path Type: min

Fanout     Cap    Slew   Delay    Time   Description
-----------------------------------------------------------------------------
                  0.15    0.00    0.00   clock clk (rise edge)
                          0.00    0.00   clock network delay (ideal)
                  0.15    0.00    0.00 ^ _455_/CLK (sky130_fd_sc_hd__dfrtp_2)
                  0.12    0.42    0.42 ^ _455_/Q (sky130_fd_sc_hd__dfrtp_2)
     7    0.02                           rx_state[2] (net)
                  0.12    0.00    0.42 ^ _227_/B1 (sky130_fd_sc_hd__o31a_1)
                  0.13    0.20    0.62 ^ _227_/X (sky130_fd_sc_hd__o31a_1)
     4    0.01                           _077_ (net)
                  0.13    0.00    0.62 ^ _229_/A (sky130_fd_sc_hd__or2b_1)
                  0.04    0.11    0.72 ^ _229_/X (sky130_fd_sc_hd__or2b_1)
     1    0.00                           _079_ (net)
                  0.04    0.00    0.72 ^ _230_/A (sky130_fd_sc_hd__clkbuf_1)
                  0.04    0.07    0.79 ^ _230_/X (sky130_fd_sc_hd__clkbuf_1)
     1    0.00                           _012_ (net)
                  0.04    0.00    0.79 ^ _455_/D (sky130_fd_sc_hd__dfrtp_2)
                                  0.79   data arrival time

                  0.15    0.00    0.00   clock clk (rise edge)
                          0.00    0.00   clock network delay (ideal)
                          0.25    0.25   clock uncertainty
                          0.00    0.25   clock reconvergence pessimism
                                  0.25 ^ _455_/CLK (sky130_fd_sc_hd__dfrtp_2)
                         -0.02    0.23   library hold time
                                  0.23   data required time
-----------------------------------------------------------------------------
                                  0.23   data required time
                                 -0.79   data arrival time
-----------------------------------------------------------------------------
                                  0.56   slack (MET)


Startpoint: rst_n (input port clocked by clk)
Endpoint: _462_ (removal check against rising-edge clock clk)
Path Group: asynchronous
Path Type: min

Fanout     Cap    Slew   Delay    Time   Description
-----------------------------------------------------------------------------
                  0.15    0.00    0.00   clock clk (rise edge)
                          0.00    0.00   clock network delay (ideal)
                          2.00    2.00 ^ input external delay
                  0.02    0.01    2.01 ^ rst_n (in)
     1    0.00                           rst_n (net)
                  0.02    0.00    2.01 ^ input10/A (sky130_fd_sc_hd__buf_1)
                  0.11    0.11    2.12 ^ input10/X (sky130_fd_sc_hd__buf_1)
     2    0.01                           net10 (net)
                  0.11    0.00    2.12 ^ fanout31/A (sky130_fd_sc_hd__clkbuf_2)
                  0.13    0.18    2.31 ^ fanout31/X (sky130_fd_sc_hd__clkbuf_2)
     6    0.02                           net31 (net)
                  0.13    0.00    2.31 ^ _462_/RESET_B (sky130_fd_sc_hd__dfrtp_1)
                                  2.31   data arrival time

                  0.15    0.00    0.00   clock clk (rise edge)
                          0.00    0.00   clock network delay (ideal)
                          0.25    0.25   clock uncertainty
                          0.00    0.25   clock reconvergence pessimism
                                  0.25 ^ _462_/CLK (sky130_fd_sc_hd__dfrtp_1)
                          0.37    0.62   library removal time
                                  0.62   data required time
-----------------------------------------------------------------------------
                                  0.62   data required time
                                 -2.31   data arrival time
-----------------------------------------------------------------------------
                                  1.68   slack (MET)


Startpoint: rst_n (input port clocked by clk)
Endpoint: _461_ (removal check against rising-edge clock clk)
Path Group: asynchronous
Path Type: min

Fanout     Cap    Slew   Delay    Time   Description
-----------------------------------------------------------------------------
                  0.15    0.00    0.00   clock clk (rise edge)
                          0.00    0.00   clock network delay (ideal)
                          2.00    2.00 ^ input external delay
                  0.02    0.01    2.01 ^ rst_n (in)
     1    0.00                           rst_n (net)
                  0.02    0.00    2.01 ^ input10/A (sky130_fd_sc_hd__buf_1)
                  0.11    0.11    2.12 ^ input10/X (sky130_fd_sc_hd__buf_1)
     2    0.01                           net10 (net)
                  0.11    0.00    2.12 ^ fanout31/A (sky130_fd_sc_hd__clkbuf_2)
                  0.13    0.18    2.31 ^ fanout31/X (sky130_fd_sc_hd__clkbuf_2)
     6    0.02                           net31 (net)
                  0.13    0.00    2.31 ^ _461_/RESET_B (sky130_fd_sc_hd__dfrtp_1)
                                  2.31   data arrival time

                  0.15    0.00    0.00   clock clk (rise edge)
                          0.00    0.00   clock network delay (ideal)
                          0.25    0.25   clock uncertainty
                          0.00    0.25   clock reconvergence pessimism
                                  0.25 ^ _461_/CLK (sky130_fd_sc_hd__dfrtp_1)
                          0.37    0.62   library removal time
                                  0.62   data required time
-----------------------------------------------------------------------------
                                  0.62   data required time
                                 -2.31   data arrival time
-----------------------------------------------------------------------------
                                  1.68   slack (MET)


Startpoint: rst_n (input port clocked by clk)
Endpoint: _463_ (removal check against rising-edge clock clk)
Path Group: asynchronous
Path Type: min

Fanout     Cap    Slew   Delay    Time   Description
-----------------------------------------------------------------------------
                  0.15    0.00    0.00   clock clk (rise edge)
                          0.00    0.00   clock network delay (ideal)
                          2.00    2.00 ^ input external delay
                  0.02    0.01    2.01 ^ rst_n (in)
     1    0.00                           rst_n (net)
                  0.02    0.00    2.01 ^ input10/A (sky130_fd_sc_hd__buf_1)
                  0.11    0.11    2.12 ^ input10/X (sky130_fd_sc_hd__buf_1)
     2    0.01                           net10 (net)
                  0.11    0.00    2.12 ^ fanout31/A (sky130_fd_sc_hd__clkbuf_2)
                  0.13    0.18    2.31 ^ fanout31/X (sky130_fd_sc_hd__clkbuf_2)
     6    0.02                           net31 (net)
                  0.13    0.00    2.31 ^ _463_/RESET_B (sky130_fd_sc_hd__dfrtp_1)
                                  2.31   data arrival time

                  0.15    0.00    0.00   clock clk (rise edge)
                          0.00    0.00   clock network delay (ideal)
                          0.25    0.25   clock uncertainty
                          0.00    0.25   clock reconvergence pessimism
                                  0.25 ^ _463_/CLK (sky130_fd_sc_hd__dfrtp_1)
                          0.37    0.62   library removal time
                                  0.62   data required time
-----------------------------------------------------------------------------
                                  0.62   data required time
                                 -2.31   data arrival time
-----------------------------------------------------------------------------
                                  1.68   slack (MET)


Startpoint: rst_n (input port clocked by clk)
Endpoint: _422_ (removal check against rising-edge clock clk)
Path Group: asynchronous
Path Type: min

Fanout     Cap    Slew   Delay    Time   Description
-----------------------------------------------------------------------------
                  0.15    0.00    0.00   clock clk (rise edge)
                          0.00    0.00   clock network delay (ideal)
                          2.00    2.00 ^ input external delay
                  0.02    0.01    2.01 ^ rst_n (in)
     1    0.00                           rst_n (net)
                  0.02    0.00    2.01 ^ input10/A (sky130_fd_sc_hd__buf_1)
                  0.11    0.11    2.12 ^ input10/X (sky130_fd_sc_hd__buf_1)
     2    0.01                           net10 (net)
                  0.11    0.00    2.12 ^ fanout27/A (sky130_fd_sc_hd__buf_2)
                  0.15    0.20    2.32 ^ fanout27/X (sky130_fd_sc_hd__buf_2)
     7    0.03                           net27 (net)
                  0.15    0.00    2.32 ^ _422_/RESET_B (sky130_fd_sc_hd__dfrtp_1)
                                  2.32   data arrival time

                  0.15    0.00    0.00   clock clk (rise edge)
                          0.00    0.00   clock network delay (ideal)
                          0.25    0.25   clock uncertainty
                          0.00    0.25   clock reconvergence pessimism
                                  0.25 ^ _422_/CLK (sky130_fd_sc_hd__dfrtp_1)
                          0.38    0.63   library removal time
                                  0.63   data required time
-----------------------------------------------------------------------------
                                  0.63   data required time
                                 -2.32   data arrival time
-----------------------------------------------------------------------------
                                  1.69   slack (MET)


Startpoint: rst_n (input port clocked by clk)
Endpoint: _425_ (removal check against rising-edge clock clk)
Path Group: asynchronous
Path Type: min

Fanout     Cap    Slew   Delay    Time   Description
-----------------------------------------------------------------------------
                  0.15    0.00    0.00   clock clk (rise edge)
                          0.00    0.00   clock network delay (ideal)
                          2.00    2.00 ^ input external delay
                  0.02    0.01    2.01 ^ rst_n (in)
     1    0.00                           rst_n (net)
                  0.02    0.00    2.01 ^ input10/A (sky130_fd_sc_hd__buf_1)
                  0.11    0.11    2.12 ^ input10/X (sky130_fd_sc_hd__buf_1)
     2    0.01                           net10 (net)
                  0.11    0.00    2.12 ^ fanout27/A (sky130_fd_sc_hd__buf_2)
                  0.15    0.20    2.32 ^ fanout27/X (sky130_fd_sc_hd__buf_2)
     7    0.03                           net27 (net)
                  0.15    0.00    2.32 ^ _425_/RESET_B (sky130_fd_sc_hd__dfrtp_1)
                                  2.32   data arrival time

                  0.15    0.00    0.00   clock clk (rise edge)
                          0.00    0.00   clock network delay (ideal)
                          0.25    0.25   clock uncertainty
                          0.00    0.25   clock reconvergence pessimism
                                  0.25 ^ _425_/CLK (sky130_fd_sc_hd__dfrtp_1)
                          0.38    0.63   library removal time
                                  0.63   data required time
-----------------------------------------------------------------------------
                                  0.63   data required time
                                 -2.32   data arrival time
-----------------------------------------------------------------------------
                                  1.69   slack (MET)


Startpoint: rst_n (input port clocked by clk)
Endpoint: _424_ (removal check against rising-edge clock clk)
Path Group: asynchronous
Path Type: min

Fanout     Cap    Slew   Delay    Time   Description
-----------------------------------------------------------------------------
                  0.15    0.00    0.00   clock clk (rise edge)
                          0.00    0.00   clock network delay (ideal)
                          2.00    2.00 ^ input external delay
                  0.02    0.01    2.01 ^ rst_n (in)
     1    0.00                           rst_n (net)
                  0.02    0.00    2.01 ^ input10/A (sky130_fd_sc_hd__buf_1)
                  0.11    0.11    2.12 ^ input10/X (sky130_fd_sc_hd__buf_1)
     2    0.01                           net10 (net)
                  0.11    0.00    2.12 ^ fanout27/A (sky130_fd_sc_hd__buf_2)
                  0.15    0.20    2.32 ^ fanout27/X (sky130_fd_sc_hd__buf_2)
     7    0.03                           net27 (net)
                  0.15    0.00    2.32 ^ _424_/RESET_B (sky130_fd_sc_hd__dfrtp_2)
                                  2.32   data arrival time

                  0.15    0.00    0.00   clock clk (rise edge)
                          0.00    0.00   clock network delay (ideal)
                          0.25    0.25   clock uncertainty
                          0.00    0.25   clock reconvergence pessimism
                                  0.25 ^ _424_/CLK (sky130_fd_sc_hd__dfrtp_2)
                          0.38    0.63   library removal time
                                  0.63   data required time
-----------------------------------------------------------------------------
                                  0.63   data required time
                                 -2.32   data arrival time
-----------------------------------------------------------------------------
                                  1.69   slack (MET)


Startpoint: rx_in (input port clocked by clk)
Endpoint: _451_ (rising edge-triggered flip-flop clocked by clk)
Path Group: clk
Path Type: min

Fanout     Cap    Slew   Delay    Time   Description
-----------------------------------------------------------------------------
                  0.15    0.00    0.00   clock clk (rise edge)
                          0.00    0.00   clock network delay (ideal)
                          2.00    2.00 ^ input external delay
                  0.02    0.01    2.01 ^ rx_in (in)
     1    0.00                           rx_in (net)
                  0.02    0.00    2.01 ^ input11/A (sky130_fd_sc_hd__clkbuf_1)
                  0.04    0.06    2.07 ^ input11/X (sky130_fd_sc_hd__clkbuf_1)
     1    0.00                           net11 (net)
                  0.04    0.00    2.07 ^ _451_/D (sky130_fd_sc_hd__dfxtp_1)
                                  2.07   data arrival time

                  0.15    0.00    0.00   clock clk (rise edge)
                          0.00    0.00   clock network delay (ideal)
                          0.25    0.25   clock uncertainty
                          0.00    0.25   clock reconvergence pessimism
                                  0.25 ^ _451_/CLK (sky130_fd_sc_hd__dfxtp_1)
                         -0.02    0.23   library hold time
                                  0.23   data required time
-----------------------------------------------------------------------------
                                  0.23   data required time
                                 -2.07   data arrival time
-----------------------------------------------------------------------------
                                  1.84   slack (MET)


Startpoint: rst_n (input port clocked by clk)
Endpoint: _464_ (removal check against rising-edge clock clk)
Path Group: asynchronous
Path Type: min

Fanout     Cap    Slew   Delay    Time   Description
-----------------------------------------------------------------------------
                  0.15    0.00    0.00   clock clk (rise edge)
                          0.00    0.00   clock network delay (ideal)
                          2.00    2.00 ^ input external delay
                  0.02    0.01    2.01 ^ rst_n (in)
     1    0.00                           rst_n (net)
                  0.02    0.00    2.01 ^ input10/A (sky130_fd_sc_hd__buf_1)
                  0.11    0.11    2.12 ^ input10/X (sky130_fd_sc_hd__buf_1)
     2    0.01                           net10 (net)
                  0.11    0.00    2.12 ^ fanout31/A (sky130_fd_sc_hd__clkbuf_2)
                  0.13    0.18    2.31 ^ fanout31/X (sky130_fd_sc_hd__clkbuf_2)
     6    0.02                           net31 (net)
                  0.13    0.00    2.31 ^ fanout30/A (sky130_fd_sc_hd__clkbuf_2)
                  0.14    0.20    2.50 ^ fanout30/X (sky130_fd_sc_hd__clkbuf_2)
     6    0.03                           net30 (net)
                  0.14    0.00    2.50 ^ _464_/RESET_B (sky130_fd_sc_hd__dfrtp_1)
                                  2.50   data arrival time

                  0.15    0.00    0.00   clock clk (rise edge)
                          0.00    0.00   clock network delay (ideal)
                          0.25    0.25   clock uncertainty
                          0.00    0.25   clock reconvergence pessimism
                                  0.25 ^ _464_/CLK (sky130_fd_sc_hd__dfrtp_1)
                          0.38    0.63   library removal time
                                  0.63   data required time
-----------------------------------------------------------------------------
                                  0.63   data required time
                                 -2.50   data arrival time
-----------------------------------------------------------------------------
                                  1.88   slack (MET)


Startpoint: rst_n (input port clocked by clk)
Endpoint: _450_ (removal check against rising-edge clock clk)
Path Group: asynchronous
Path Type: min

Fanout     Cap    Slew   Delay    Time   Description
-----------------------------------------------------------------------------
                  0.15    0.00    0.00   clock clk (rise edge)
                          0.00    0.00   clock network delay (ideal)
                          2.00    2.00 ^ input external delay
                  0.02    0.01    2.01 ^ rst_n (in)
     1    0.00                           rst_n (net)
                  0.02    0.00    2.01 ^ input10/A (sky130_fd_sc_hd__buf_1)
                  0.11    0.11    2.12 ^ input10/X (sky130_fd_sc_hd__buf_1)
     2    0.01                           net10 (net)
                  0.11    0.00    2.12 ^ fanout31/A (sky130_fd_sc_hd__clkbuf_2)
                  0.13    0.18    2.31 ^ fanout31/X (sky130_fd_sc_hd__clkbuf_2)
     6    0.02                           net31 (net)
                  0.13    0.00    2.31 ^ fanout30/A (sky130_fd_sc_hd__clkbuf_2)
                  0.14    0.20    2.50 ^ fanout30/X (sky130_fd_sc_hd__clkbuf_2)
     6    0.03                           net30 (net)
                  0.14    0.00    2.50 ^ _450_/RESET_B (sky130_fd_sc_hd__dfrtp_1)
                                  2.50   data arrival time

                  0.15    0.00    0.00   clock clk (rise edge)
                          0.00    0.00   clock network delay (ideal)
                          0.25    0.25   clock uncertainty
                          0.00    0.25   clock reconvergence pessimism
                                  0.25 ^ _450_/CLK (sky130_fd_sc_hd__dfrtp_1)
                          0.38    0.63   library removal time
                                  0.63   data required time
-----------------------------------------------------------------------------
                                  0.63   data required time
                                 -2.50   data arrival time
-----------------------------------------------------------------------------
                                  1.88   slack (MET)


Startpoint: rst_n (input port clocked by clk)
Endpoint: _466_ (removal check against rising-edge clock clk)
Path Group: asynchronous
Path Type: min

Fanout     Cap    Slew   Delay    Time   Description
-----------------------------------------------------------------------------
                  0.15    0.00    0.00   clock clk (rise edge)
                          0.00    0.00   clock network delay (ideal)
                          2.00    2.00 ^ input external delay
                  0.02    0.01    2.01 ^ rst_n (in)
     1    0.00                           rst_n (net)
                  0.02    0.00    2.01 ^ input10/A (sky130_fd_sc_hd__buf_1)
                  0.11    0.11    2.12 ^ input10/X (sky130_fd_sc_hd__buf_1)
     2    0.01                           net10 (net)
                  0.11    0.00    2.12 ^ fanout31/A (sky130_fd_sc_hd__clkbuf_2)
                  0.13    0.18    2.31 ^ fanout31/X (sky130_fd_sc_hd__clkbuf_2)
     6    0.02                           net31 (net)
                  0.13    0.00    2.31 ^ fanout30/A (sky130_fd_sc_hd__clkbuf_2)
                  0.14    0.20    2.50 ^ fanout30/X (sky130_fd_sc_hd__clkbuf_2)
     6    0.03                           net30 (net)
                  0.14    0.00    2.50 ^ _466_/RESET_B (sky130_fd_sc_hd__dfrtp_2)
                                  2.50   data arrival time

                  0.15    0.00    0.00   clock clk (rise edge)
                          0.00    0.00   clock network delay (ideal)
                          0.25    0.25   clock uncertainty
                          0.00    0.25   clock reconvergence pessimism
                                  0.25 ^ _466_/CLK (sky130_fd_sc_hd__dfrtp_2)
                          0.38    0.63   library removal time
                                  0.63   data required time
-----------------------------------------------------------------------------
                                  0.63   data required time
                                 -2.50   data arrival time
-----------------------------------------------------------------------------
                                  1.88   slack (MET)


Startpoint: rst_n (input port clocked by clk)
Endpoint: _467_ (removal check against rising-edge clock clk)
Path Group: asynchronous
Path Type: min

Fanout     Cap    Slew   Delay    Time   Description
-----------------------------------------------------------------------------
                  0.15    0.00    0.00   clock clk (rise edge)
                          0.00    0.00   clock network delay (ideal)
                          2.00    2.00 ^ input external delay
                  0.02    0.01    2.01 ^ rst_n (in)
     1    0.00                           rst_n (net)
                  0.02    0.00    2.01 ^ input10/A (sky130_fd_sc_hd__buf_1)
                  0.11    0.11    2.12 ^ input10/X (sky130_fd_sc_hd__buf_1)
     2    0.01                           net10 (net)
                  0.11    0.00    2.12 ^ fanout31/A (sky130_fd_sc_hd__clkbuf_2)
                  0.13    0.18    2.31 ^ fanout31/X (sky130_fd_sc_hd__clkbuf_2)
     6    0.02                           net31 (net)
                  0.13    0.00    2.31 ^ fanout30/A (sky130_fd_sc_hd__clkbuf_2)
                  0.14    0.20    2.50 ^ fanout30/X (sky130_fd_sc_hd__clkbuf_2)
     6    0.03                           net30 (net)
                  0.14    0.00    2.50 ^ _467_/RESET_B (sky130_fd_sc_hd__dfrtp_1)
                                  2.50   data arrival time

                  0.15    0.00    0.00   clock clk (rise edge)
                          0.00    0.00   clock network delay (ideal)
                          0.25    0.25   clock uncertainty
                          0.00    0.25   clock reconvergence pessimism
                                  0.25 ^ _467_/CLK (sky130_fd_sc_hd__dfrtp_1)
                          0.38    0.63   library removal time
                                  0.63   data required time
-----------------------------------------------------------------------------
                                  0.63   data required time
                                 -2.50   data arrival time
-----------------------------------------------------------------------------
                                  1.88   slack (MET)


Startpoint: rst_n (input port clocked by clk)
Endpoint: _468_ (removal check against rising-edge clock clk)
Path Group: asynchronous
Path Type: min

Fanout     Cap    Slew   Delay    Time   Description
-----------------------------------------------------------------------------
                  0.15    0.00    0.00   clock clk (rise edge)
                          0.00    0.00   clock network delay (ideal)
                          2.00    2.00 ^ input external delay
                  0.02    0.01    2.01 ^ rst_n (in)
     1    0.00                           rst_n (net)
                  0.02    0.00    2.01 ^ input10/A (sky130_fd_sc_hd__buf_1)
                  0.11    0.11    2.12 ^ input10/X (sky130_fd_sc_hd__buf_1)
     2    0.01                           net10 (net)
                  0.11    0.00    2.12 ^ fanout31/A (sky130_fd_sc_hd__clkbuf_2)
                  0.13    0.18    2.31 ^ fanout31/X (sky130_fd_sc_hd__clkbuf_2)
     6    0.02                           net31 (net)
                  0.13    0.00    2.31 ^ fanout30/A (sky130_fd_sc_hd__clkbuf_2)
                  0.14    0.20    2.50 ^ fanout30/X (sky130_fd_sc_hd__clkbuf_2)
     6    0.03                           net30 (net)
                  0.14    0.00    2.50 ^ _468_/RESET_B (sky130_fd_sc_hd__dfrtp_2)
                                  2.50   data arrival time

                  0.15    0.00    0.00   clock clk (rise edge)
                          0.00    0.00   clock network delay (ideal)
                          0.25    0.25   clock uncertainty
                          0.00    0.25   clock reconvergence pessimism
                                  0.25 ^ _468_/CLK (sky130_fd_sc_hd__dfrtp_2)
                          0.38    0.63   library removal time
                                  0.63   data required time
-----------------------------------------------------------------------------
                                  0.63   data required time
                                 -2.50   data arrival time
-----------------------------------------------------------------------------
                                  1.88   slack (MET)


Startpoint: rst_n (input port clocked by clk)
Endpoint: _456_ (removal check against rising-edge clock clk)
Path Group: asynchronous
Path Type: min

Fanout     Cap    Slew   Delay    Time   Description
-----------------------------------------------------------------------------
                  0.15    0.00    0.00   clock clk (rise edge)
                          0.00    0.00   clock network delay (ideal)
                          2.00    2.00 ^ input external delay
                  0.02    0.01    2.01 ^ rst_n (in)
     1    0.00                           rst_n (net)
                  0.02    0.00    2.01 ^ input10/A (sky130_fd_sc_hd__buf_1)
                  0.11    0.11    2.12 ^ input10/X (sky130_fd_sc_hd__buf_1)
     2    0.01                           net10 (net)
                  0.11    0.00    2.12 ^ fanout27/A (sky130_fd_sc_hd__buf_2)
                  0.15    0.20    2.32 ^ fanout27/X (sky130_fd_sc_hd__buf_2)
     7    0.03                           net27 (net)
                  0.15    0.00    2.32 ^ fanout26/A (sky130_fd_sc_hd__clkbuf_2)
                  0.15    0.20    2.52 ^ fanout26/X (sky130_fd_sc_hd__clkbuf_2)
     6    0.03                           net26 (net)
                  0.15    0.00    2.52 ^ _456_/RESET_B (sky130_fd_sc_hd__dfrtp_4)
                                  2.52   data arrival time

                  0.15    0.00    0.00   clock clk (rise edge)
                          0.00    0.00   clock network delay (ideal)
                          0.25    0.25   clock uncertainty
                          0.00    0.25   clock reconvergence pessimism
                                  0.25 ^ _456_/CLK (sky130_fd_sc_hd__dfrtp_4)
                          0.38    0.63   library removal time
                                  0.63   data required time
-----------------------------------------------------------------------------
                                  0.63   data required time
                                 -2.52   data arrival time
-----------------------------------------------------------------------------
                                  1.89   slack (MET)


Startpoint: rst_n (input port clocked by clk)
Endpoint: _437_ (removal check against rising-edge clock clk)
Path Group: asynchronous
Path Type: min

Fanout     Cap    Slew   Delay    Time   Description
-----------------------------------------------------------------------------
                  0.15    0.00    0.00   clock clk (rise edge)
                          0.00    0.00   clock network delay (ideal)
                          2.00    2.00 ^ input external delay
                  0.02    0.01    2.01 ^ rst_n (in)
     1    0.00                           rst_n (net)
                  0.02    0.00    2.01 ^ input10/A (sky130_fd_sc_hd__buf_1)
                  0.11    0.11    2.12 ^ input10/X (sky130_fd_sc_hd__buf_1)
     2    0.01                           net10 (net)
                  0.11    0.00    2.12 ^ fanout27/A (sky130_fd_sc_hd__buf_2)
                  0.15    0.20    2.32 ^ fanout27/X (sky130_fd_sc_hd__buf_2)
     7    0.03                           net27 (net)
                  0.15    0.00    2.32 ^ fanout26/A (sky130_fd_sc_hd__clkbuf_2)
                  0.15    0.20    2.52 ^ fanout26/X (sky130_fd_sc_hd__clkbuf_2)
     6    0.03                           net26 (net)
                  0.15    0.00    2.52 ^ _437_/RESET_B (sky130_fd_sc_hd__dfrtp_1)
                                  2.52   data arrival time

                  0.15    0.00    0.00   clock clk (rise edge)
                          0.00    0.00   clock network delay (ideal)
                          0.25    0.25   clock uncertainty
                          0.00    0.25   clock reconvergence pessimism
                                  0.25 ^ _437_/CLK (sky130_fd_sc_hd__dfrtp_1)
                          0.38    0.63   library removal time
                                  0.63   data required time
-----------------------------------------------------------------------------
                                  0.63   data required time
                                 -2.52   data arrival time
-----------------------------------------------------------------------------
                                  1.90   slack (MET)


Startpoint: rst_n (input port clocked by clk)
Endpoint: _453_ (removal check against rising-edge clock clk)
Path Group: asynchronous
Path Type: min

Fanout     Cap    Slew   Delay    Time   Description
-----------------------------------------------------------------------------
                  0.15    0.00    0.00   clock clk (rise edge)
                          0.00    0.00   clock network delay (ideal)
                          2.00    2.00 ^ input external delay
                  0.02    0.01    2.01 ^ rst_n (in)
     1    0.00                           rst_n (net)
                  0.02    0.00    2.01 ^ input10/A (sky130_fd_sc_hd__buf_1)
                  0.11    0.11    2.12 ^ input10/X (sky130_fd_sc_hd__buf_1)
     2    0.01                           net10 (net)
                  0.11    0.00    2.12 ^ fanout27/A (sky130_fd_sc_hd__buf_2)
                  0.15    0.20    2.32 ^ fanout27/X (sky130_fd_sc_hd__buf_2)
     7    0.03                           net27 (net)
                  0.15    0.00    2.32 ^ _453_/SET_B (sky130_fd_sc_hd__dfstp_1)
                                  2.32   data arrival time

                  0.15    0.00    0.00   clock clk (rise edge)
                          0.00    0.00   clock network delay (ideal)
                          0.25    0.25   clock uncertainty
                          0.00    0.25   clock reconvergence pessimism
                                  0.25 ^ _453_/CLK (sky130_fd_sc_hd__dfstp_1)
                          0.17    0.42   library removal time
                                  0.42   data required time
-----------------------------------------------------------------------------
                                  0.42   data required time
                                 -2.32   data arrival time
-----------------------------------------------------------------------------
                                  1.90   slack (MET)


Startpoint: rst_n (input port clocked by clk)
Endpoint: _455_ (removal check against rising-edge clock clk)
Path Group: asynchronous
Path Type: min

Fanout     Cap    Slew   Delay    Time   Description
-----------------------------------------------------------------------------
                  0.15    0.00    0.00   clock clk (rise edge)
                          0.00    0.00   clock network delay (ideal)
                          2.00    2.00 ^ input external delay
                  0.02    0.01    2.01 ^ rst_n (in)
     1    0.00                           rst_n (net)
                  0.02    0.00    2.01 ^ input10/A (sky130_fd_sc_hd__buf_1)
                  0.11    0.11    2.12 ^ input10/X (sky130_fd_sc_hd__buf_1)
     2    0.01                           net10 (net)
                  0.11    0.00    2.12 ^ fanout27/A (sky130_fd_sc_hd__buf_2)
                  0.15    0.20    2.32 ^ fanout27/X (sky130_fd_sc_hd__buf_2)
     7    0.03                           net27 (net)
                  0.15    0.00    2.32 ^ fanout26/A (sky130_fd_sc_hd__clkbuf_2)
                  0.15    0.20    2.52 ^ fanout26/X (sky130_fd_sc_hd__clkbuf_2)
     6    0.03                           net26 (net)
                  0.15    0.00    2.52 ^ _455_/RESET_B (sky130_fd_sc_hd__dfrtp_2)
                                  2.52   data arrival time

                  0.15    0.00    0.00   clock clk (rise edge)
                          0.00    0.00   clock network delay (ideal)
                          0.25    0.25   clock uncertainty
                          0.00    0.25   clock reconvergence pessimism
                                  0.25 ^ _455_/CLK (sky130_fd_sc_hd__dfrtp_2)
                          0.38    0.63   library removal time
                                  0.63   data required time
-----------------------------------------------------------------------------
                                  0.63   data required time
                                 -2.52   data arrival time
-----------------------------------------------------------------------------
                                  1.90   slack (MET)


Startpoint: rst_n (input port clocked by clk)
Endpoint: _441_ (removal check against rising-edge clock clk)
Path Group: asynchronous
Path Type: min

Fanout     Cap    Slew   Delay    Time   Description
-----------------------------------------------------------------------------
                  0.15    0.00    0.00   clock clk (rise edge)
                          0.00    0.00   clock network delay (ideal)
                          2.00    2.00 ^ input external delay
                  0.02    0.01    2.01 ^ rst_n (in)
     1    0.00                           rst_n (net)
                  0.02    0.00    2.01 ^ input10/A (sky130_fd_sc_hd__buf_1)
                  0.11    0.11    2.12 ^ input10/X (sky130_fd_sc_hd__buf_1)
     2    0.01                           net10 (net)
                  0.11    0.00    2.12 ^ fanout27/A (sky130_fd_sc_hd__buf_2)
                  0.15    0.20    2.32 ^ fanout27/X (sky130_fd_sc_hd__buf_2)
     7    0.03                           net27 (net)
                  0.15    0.00    2.32 ^ fanout26/A (sky130_fd_sc_hd__clkbuf_2)
                  0.15    0.20    2.52 ^ fanout26/X (sky130_fd_sc_hd__clkbuf_2)
     6    0.03                           net26 (net)
                  0.15    0.00    2.52 ^ _441_/RESET_B (sky130_fd_sc_hd__dfrtp_1)
                                  2.52   data arrival time

                  0.15    0.00    0.00   clock clk (rise edge)
                          0.00    0.00   clock network delay (ideal)
                          0.25    0.25   clock uncertainty
                          0.00    0.25   clock reconvergence pessimism
                                  0.25 ^ _441_/CLK (sky130_fd_sc_hd__dfrtp_1)
                          0.38    0.63   library removal time
                                  0.63   data required time
-----------------------------------------------------------------------------
                                  0.63   data required time
                                 -2.52   data arrival time
-----------------------------------------------------------------------------
                                  1.90   slack (MET)


Startpoint: rst_n (input port clocked by clk)
Endpoint: _442_ (removal check against rising-edge clock clk)
Path Group: asynchronous
Path Type: min

Fanout     Cap    Slew   Delay    Time   Description
-----------------------------------------------------------------------------
                  0.15    0.00    0.00   clock clk (rise edge)
                          0.00    0.00   clock network delay (ideal)
                          2.00    2.00 ^ input external delay
                  0.02    0.01    2.01 ^ rst_n (in)
     1    0.00                           rst_n (net)
                  0.02    0.00    2.01 ^ input10/A (sky130_fd_sc_hd__buf_1)
                  0.11    0.11    2.12 ^ input10/X (sky130_fd_sc_hd__buf_1)
     2    0.01                           net10 (net)
                  0.11    0.00    2.12 ^ fanout27/A (sky130_fd_sc_hd__buf_2)
                  0.15    0.20    2.32 ^ fanout27/X (sky130_fd_sc_hd__buf_2)
     7    0.03                           net27 (net)
                  0.15    0.00    2.32 ^ fanout26/A (sky130_fd_sc_hd__clkbuf_2)
                  0.15    0.20    2.52 ^ fanout26/X (sky130_fd_sc_hd__clkbuf_2)
     6    0.03                           net26 (net)
                  0.15    0.00    2.52 ^ _442_/RESET_B (sky130_fd_sc_hd__dfrtp_1)
                                  2.52   data arrival time

                  0.15    0.00    0.00   clock clk (rise edge)
                          0.00    0.00   clock network delay (ideal)
                          0.25    0.25   clock uncertainty
                          0.00    0.25   clock reconvergence pessimism
                                  0.25 ^ _442_/CLK (sky130_fd_sc_hd__dfrtp_1)
                          0.38    0.63   library removal time
                                  0.63   data required time
-----------------------------------------------------------------------------
                                  0.63   data required time
                                 -2.52   data arrival time
-----------------------------------------------------------------------------
                                  1.90   slack (MET)


Startpoint: rst_n (input port clocked by clk)
Endpoint: _443_ (removal check against rising-edge clock clk)
Path Group: asynchronous
Path Type: min

Fanout     Cap    Slew   Delay    Time   Description
-----------------------------------------------------------------------------
                  0.15    0.00    0.00   clock clk (rise edge)
                          0.00    0.00   clock network delay (ideal)
                          2.00    2.00 ^ input external delay
                  0.02    0.01    2.01 ^ rst_n (in)
     1    0.00                           rst_n (net)
                  0.02    0.00    2.01 ^ input10/A (sky130_fd_sc_hd__buf_1)
                  0.11    0.11    2.12 ^ input10/X (sky130_fd_sc_hd__buf_1)
     2    0.01                           net10 (net)
                  0.11    0.00    2.12 ^ fanout27/A (sky130_fd_sc_hd__buf_2)
                  0.15    0.20    2.32 ^ fanout27/X (sky130_fd_sc_hd__buf_2)
     7    0.03                           net27 (net)
                  0.15    0.00    2.32 ^ fanout26/A (sky130_fd_sc_hd__clkbuf_2)
                  0.15    0.20    2.52 ^ fanout26/X (sky130_fd_sc_hd__clkbuf_2)
     6    0.03                           net26 (net)
                  0.15    0.00    2.52 ^ _443_/RESET_B (sky130_fd_sc_hd__dfrtp_1)
                                  2.52   data arrival time

                  0.15    0.00    0.00   clock clk (rise edge)
                          0.00    0.00   clock network delay (ideal)
                          0.25    0.25   clock uncertainty
                          0.00    0.25   clock reconvergence pessimism
                                  0.25 ^ _443_/CLK (sky130_fd_sc_hd__dfrtp_1)
                          0.38    0.63   library removal time
                                  0.63   data required time
-----------------------------------------------------------------------------
                                  0.63   data required time
                                 -2.52   data arrival time
-----------------------------------------------------------------------------
                                  1.90   slack (MET)


Startpoint: rst_n (input port clocked by clk)
Endpoint: _420_ (removal check against rising-edge clock clk)
Path Group: asynchronous
Path Type: min

Fanout     Cap    Slew   Delay    Time   Description
-----------------------------------------------------------------------------
                  0.15    0.00    0.00   clock clk (rise edge)
                          0.00    0.00   clock network delay (ideal)
                          2.00    2.00 ^ input external delay
                  0.02    0.01    2.01 ^ rst_n (in)
     1    0.00                           rst_n (net)
                  0.02    0.00    2.01 ^ input10/A (sky130_fd_sc_hd__buf_1)
                  0.11    0.11    2.12 ^ input10/X (sky130_fd_sc_hd__buf_1)
     2    0.01                           net10 (net)
                  0.11    0.00    2.12 ^ fanout31/A (sky130_fd_sc_hd__clkbuf_2)
                  0.13    0.18    2.31 ^ fanout31/X (sky130_fd_sc_hd__clkbuf_2)
     6    0.02                           net31 (net)
                  0.13    0.00    2.31 ^ fanout28/A (sky130_fd_sc_hd__clkbuf_4)
                  0.14    0.23    2.53 ^ fanout28/X (sky130_fd_sc_hd__clkbuf_4)
    10    0.04                           net28 (net)
                  0.14    0.00    2.53 ^ _420_/RESET_B (sky130_fd_sc_hd__dfrtp_1)
                                  2.53   data arrival time

                  0.15    0.00    0.00   clock clk (rise edge)
                          0.00    0.00   clock network delay (ideal)
                          0.25    0.25   clock uncertainty
                          0.00    0.25   clock reconvergence pessimism
                                  0.25 ^ _420_/CLK (sky130_fd_sc_hd__dfrtp_1)
                          0.38    0.63   library removal time
                                  0.63   data required time
-----------------------------------------------------------------------------
                                  0.63   data required time
                                 -2.53   data arrival time
-----------------------------------------------------------------------------
                                  1.91   slack (MET)


Startpoint: rst_n (input port clocked by clk)
Endpoint: _419_ (removal check against rising-edge clock clk)
Path Group: asynchronous
Path Type: min

Fanout     Cap    Slew   Delay    Time   Description
-----------------------------------------------------------------------------
                  0.15    0.00    0.00   clock clk (rise edge)
                          0.00    0.00   clock network delay (ideal)
                          2.00    2.00 ^ input external delay
                  0.02    0.01    2.01 ^ rst_n (in)
     1    0.00                           rst_n (net)
                  0.02    0.00    2.01 ^ input10/A (sky130_fd_sc_hd__buf_1)
                  0.11    0.11    2.12 ^ input10/X (sky130_fd_sc_hd__buf_1)
     2    0.01                           net10 (net)
                  0.11    0.00    2.12 ^ fanout31/A (sky130_fd_sc_hd__clkbuf_2)
                  0.13    0.18    2.31 ^ fanout31/X (sky130_fd_sc_hd__clkbuf_2)
     6    0.02                           net31 (net)
                  0.13    0.00    2.31 ^ fanout28/A (sky130_fd_sc_hd__clkbuf_4)
                  0.14    0.23    2.53 ^ fanout28/X (sky130_fd_sc_hd__clkbuf_4)
    10    0.04                           net28 (net)
                  0.14    0.00    2.53 ^ _419_/RESET_B (sky130_fd_sc_hd__dfrtp_1)
                                  2.53   data arrival time

                  0.15    0.00    0.00   clock clk (rise edge)
                          0.00    0.00   clock network delay (ideal)
                          0.25    0.25   clock uncertainty
                          0.00    0.25   clock reconvergence pessimism
                                  0.25 ^ _419_/CLK (sky130_fd_sc_hd__dfrtp_1)
                          0.38    0.63   library removal time
                                  0.63   data required time
-----------------------------------------------------------------------------
                                  0.63   data required time
                                 -2.53   data arrival time
-----------------------------------------------------------------------------
                                  1.91   slack (MET)


Startpoint: rst_n (input port clocked by clk)
Endpoint: _458_ (removal check against rising-edge clock clk)
Path Group: asynchronous
Path Type: min

Fanout     Cap    Slew   Delay    Time   Description
-----------------------------------------------------------------------------
                  0.15    0.00    0.00   clock clk (rise edge)
                          0.00    0.00   clock network delay (ideal)
                          2.00    2.00 ^ input external delay
                  0.02    0.01    2.01 ^ rst_n (in)
     1    0.00                           rst_n (net)
                  0.02    0.00    2.01 ^ input10/A (sky130_fd_sc_hd__buf_1)
                  0.11    0.11    2.12 ^ input10/X (sky130_fd_sc_hd__buf_1)
     2    0.01                           net10 (net)
                  0.11    0.00    2.12 ^ fanout31/A (sky130_fd_sc_hd__clkbuf_2)
                  0.13    0.18    2.31 ^ fanout31/X (sky130_fd_sc_hd__clkbuf_2)
     6    0.02                           net31 (net)
                  0.13    0.00    2.31 ^ fanout28/A (sky130_fd_sc_hd__clkbuf_4)
                  0.14    0.23    2.53 ^ fanout28/X (sky130_fd_sc_hd__clkbuf_4)
    10    0.04                           net28 (net)
                  0.14    0.00    2.53 ^ _458_/RESET_B (sky130_fd_sc_hd__dfrtp_1)
                                  2.53   data arrival time

                  0.15    0.00    0.00   clock clk (rise edge)
                          0.00    0.00   clock network delay (ideal)
                          0.25    0.25   clock uncertainty
                          0.00    0.25   clock reconvergence pessimism
                                  0.25 ^ _458_/CLK (sky130_fd_sc_hd__dfrtp_1)
                          0.38    0.63   library removal time
                                  0.63   data required time
-----------------------------------------------------------------------------
                                  0.63   data required time
                                 -2.53   data arrival time
-----------------------------------------------------------------------------
                                  1.91   slack (MET)


Startpoint: rst_n (input port clocked by clk)
Endpoint: _423_ (removal check against rising-edge clock clk)
Path Group: asynchronous
Path Type: min

Fanout     Cap    Slew   Delay    Time   Description
-----------------------------------------------------------------------------
                  0.15    0.00    0.00   clock clk (rise edge)
                          0.00    0.00   clock network delay (ideal)
                          2.00    2.00 ^ input external delay
                  0.02    0.01    2.01 ^ rst_n (in)
     1    0.00                           rst_n (net)
                  0.02    0.00    2.01 ^ input10/A (sky130_fd_sc_hd__buf_1)
                  0.11    0.11    2.12 ^ input10/X (sky130_fd_sc_hd__buf_1)
     2    0.01                           net10 (net)
                  0.11    0.00    2.12 ^ fanout31/A (sky130_fd_sc_hd__clkbuf_2)
                  0.13    0.18    2.31 ^ fanout31/X (sky130_fd_sc_hd__clkbuf_2)
     6    0.02                           net31 (net)
                  0.13    0.00    2.31 ^ fanout28/A (sky130_fd_sc_hd__clkbuf_4)
                  0.14    0.23    2.53 ^ fanout28/X (sky130_fd_sc_hd__clkbuf_4)
    10    0.04                           net28 (net)
                  0.14    0.00    2.53 ^ _423_/RESET_B (sky130_fd_sc_hd__dfrtp_4)
                                  2.53   data arrival time

                  0.15    0.00    0.00   clock clk (rise edge)
                          0.00    0.00   clock network delay (ideal)
                          0.25    0.25   clock uncertainty
                          0.00    0.25   clock reconvergence pessimism
                                  0.25 ^ _423_/CLK (sky130_fd_sc_hd__dfrtp_4)
                          0.38    0.63   library removal time
                                  0.63   data required time
-----------------------------------------------------------------------------
                                  0.63   data required time
                                 -2.53   data arrival time
-----------------------------------------------------------------------------
                                  1.91   slack (MET)


Startpoint: rst_n (input port clocked by clk)
Endpoint: _418_ (removal check against rising-edge clock clk)
Path Group: asynchronous
Path Type: min

Fanout     Cap    Slew   Delay    Time   Description
-----------------------------------------------------------------------------
                  0.15    0.00    0.00   clock clk (rise edge)
                          0.00    0.00   clock network delay (ideal)
                          2.00    2.00 ^ input external delay
                  0.02    0.01    2.01 ^ rst_n (in)
     1    0.00                           rst_n (net)
                  0.02    0.00    2.01 ^ input10/A (sky130_fd_sc_hd__buf_1)
                  0.11    0.11    2.12 ^ input10/X (sky130_fd_sc_hd__buf_1)
     2    0.01                           net10 (net)
                  0.11    0.00    2.12 ^ fanout31/A (sky130_fd_sc_hd__clkbuf_2)
                  0.13    0.18    2.31 ^ fanout31/X (sky130_fd_sc_hd__clkbuf_2)
     6    0.02                           net31 (net)
                  0.13    0.00    2.31 ^ fanout28/A (sky130_fd_sc_hd__clkbuf_4)
                  0.14    0.23    2.53 ^ fanout28/X (sky130_fd_sc_hd__clkbuf_4)
    10    0.04                           net28 (net)
                  0.14    0.00    2.53 ^ _418_/RESET_B (sky130_fd_sc_hd__dfrtp_1)
                                  2.53   data arrival time

                  0.15    0.00    0.00   clock clk (rise edge)
                          0.00    0.00   clock network delay (ideal)
                          0.25    0.25   clock uncertainty
                          0.00    0.25   clock reconvergence pessimism
                                  0.25 ^ _418_/CLK (sky130_fd_sc_hd__dfrtp_1)
                          0.38    0.63   library removal time
                                  0.63   data required time
-----------------------------------------------------------------------------
                                  0.63   data required time
                                 -2.53   data arrival time
-----------------------------------------------------------------------------
                                  1.91   slack (MET)


Startpoint: rst_n (input port clocked by clk)
Endpoint: _460_ (removal check against rising-edge clock clk)
Path Group: asynchronous
Path Type: min

Fanout     Cap    Slew   Delay    Time   Description
-----------------------------------------------------------------------------
                  0.15    0.00    0.00   clock clk (rise edge)
                          0.00    0.00   clock network delay (ideal)
                          2.00    2.00 ^ input external delay
                  0.02    0.01    2.01 ^ rst_n (in)
     1    0.00                           rst_n (net)
                  0.02    0.00    2.01 ^ input10/A (sky130_fd_sc_hd__buf_1)
                  0.11    0.11    2.12 ^ input10/X (sky130_fd_sc_hd__buf_1)
     2    0.01                           net10 (net)
                  0.11    0.00    2.12 ^ fanout31/A (sky130_fd_sc_hd__clkbuf_2)
                  0.13    0.18    2.31 ^ fanout31/X (sky130_fd_sc_hd__clkbuf_2)
     6    0.02                           net31 (net)
                  0.13    0.00    2.31 ^ fanout28/A (sky130_fd_sc_hd__clkbuf_4)
                  0.14    0.23    2.53 ^ fanout28/X (sky130_fd_sc_hd__clkbuf_4)
    10    0.04                           net28 (net)
                  0.14    0.00    2.53 ^ _460_/RESET_B (sky130_fd_sc_hd__dfrtp_1)
                                  2.53   data arrival time

                  0.15    0.00    0.00   clock clk (rise edge)
                          0.00    0.00   clock network delay (ideal)
                          0.25    0.25   clock uncertainty
                          0.00    0.25   clock reconvergence pessimism
                                  0.25 ^ _460_/CLK (sky130_fd_sc_hd__dfrtp_1)
                          0.38    0.63   library removal time
                                  0.63   data required time
-----------------------------------------------------------------------------
                                  0.63   data required time
                                 -2.53   data arrival time
-----------------------------------------------------------------------------
                                  1.91   slack (MET)


Startpoint: rst_n (input port clocked by clk)
Endpoint: _459_ (removal check against rising-edge clock clk)
Path Group: asynchronous
Path Type: min

Fanout     Cap    Slew   Delay    Time   Description
-----------------------------------------------------------------------------
                  0.15    0.00    0.00   clock clk (rise edge)
                          0.00    0.00   clock network delay (ideal)
                          2.00    2.00 ^ input external delay
                  0.02    0.01    2.01 ^ rst_n (in)
     1    0.00                           rst_n (net)
                  0.02    0.00    2.01 ^ input10/A (sky130_fd_sc_hd__buf_1)
                  0.11    0.11    2.12 ^ input10/X (sky130_fd_sc_hd__buf_1)
     2    0.01                           net10 (net)
                  0.11    0.00    2.12 ^ fanout31/A (sky130_fd_sc_hd__clkbuf_2)
                  0.13    0.18    2.31 ^ fanout31/X (sky130_fd_sc_hd__clkbuf_2)
     6    0.02                           net31 (net)
                  0.13    0.00    2.31 ^ fanout28/A (sky130_fd_sc_hd__clkbuf_4)
                  0.14    0.23    2.53 ^ fanout28/X (sky130_fd_sc_hd__clkbuf_4)
    10    0.04                           net28 (net)
                  0.14    0.00    2.53 ^ _459_/RESET_B (sky130_fd_sc_hd__dfrtp_1)
                                  2.53   data arrival time

                  0.15    0.00    0.00   clock clk (rise edge)
                          0.00    0.00   clock network delay (ideal)
                          0.25    0.25   clock uncertainty
                          0.00    0.25   clock reconvergence pessimism
                                  0.25 ^ _459_/CLK (sky130_fd_sc_hd__dfrtp_1)
                          0.38    0.63   library removal time
                                  0.63   data required time
-----------------------------------------------------------------------------
                                  0.63   data required time
                                 -2.53   data arrival time
-----------------------------------------------------------------------------
                                  1.91   slack (MET)


Startpoint: rst_n (input port clocked by clk)
Endpoint: _417_ (removal check against rising-edge clock clk)
Path Group: asynchronous
Path Type: min

Fanout     Cap    Slew   Delay    Time   Description
-----------------------------------------------------------------------------
                  0.15    0.00    0.00   clock clk (rise edge)
                          0.00    0.00   clock network delay (ideal)
                          2.00    2.00 ^ input external delay
                  0.02    0.01    2.01 ^ rst_n (in)
     1    0.00                           rst_n (net)
                  0.02    0.00    2.01 ^ input10/A (sky130_fd_sc_hd__buf_1)
                  0.11    0.11    2.12 ^ input10/X (sky130_fd_sc_hd__buf_1)
     2    0.01                           net10 (net)
                  0.11    0.00    2.12 ^ fanout31/A (sky130_fd_sc_hd__clkbuf_2)
                  0.13    0.18    2.31 ^ fanout31/X (sky130_fd_sc_hd__clkbuf_2)
     6    0.02                           net31 (net)
                  0.13    0.00    2.31 ^ fanout28/A (sky130_fd_sc_hd__clkbuf_4)
                  0.14    0.23    2.53 ^ fanout28/X (sky130_fd_sc_hd__clkbuf_4)
    10    0.04                           net28 (net)
                  0.14    0.00    2.53 ^ _417_/RESET_B (sky130_fd_sc_hd__dfrtp_2)
                                  2.53   data arrival time

                  0.15    0.00    0.00   clock clk (rise edge)
                          0.00    0.00   clock network delay (ideal)
                          0.25    0.25   clock uncertainty
                          0.00    0.25   clock reconvergence pessimism
                                  0.25 ^ _417_/CLK (sky130_fd_sc_hd__dfrtp_2)
                          0.38    0.63   library removal time
                                  0.63   data required time
-----------------------------------------------------------------------------
                                  0.63   data required time
                                 -2.53   data arrival time
-----------------------------------------------------------------------------
                                  1.91   slack (MET)


Startpoint: rst_n (input port clocked by clk)
Endpoint: _457_ (removal check against rising-edge clock clk)
Path Group: asynchronous
Path Type: min

Fanout     Cap    Slew   Delay    Time   Description
-----------------------------------------------------------------------------
                  0.15    0.00    0.00   clock clk (rise edge)
                          0.00    0.00   clock network delay (ideal)
                          2.00    2.00 ^ input external delay
                  0.02    0.01    2.01 ^ rst_n (in)
     1    0.00                           rst_n (net)
                  0.02    0.00    2.01 ^ input10/A (sky130_fd_sc_hd__buf_1)
                  0.11    0.11    2.12 ^ input10/X (sky130_fd_sc_hd__buf_1)
     2    0.01                           net10 (net)
                  0.11    0.00    2.12 ^ fanout31/A (sky130_fd_sc_hd__clkbuf_2)
                  0.13    0.18    2.31 ^ fanout31/X (sky130_fd_sc_hd__clkbuf_2)
     6    0.02                           net31 (net)
                  0.13    0.00    2.31 ^ fanout28/A (sky130_fd_sc_hd__clkbuf_4)
                  0.14    0.23    2.53 ^ fanout28/X (sky130_fd_sc_hd__clkbuf_4)
    10    0.04                           net28 (net)
                  0.14    0.00    2.53 ^ _457_/RESET_B (sky130_fd_sc_hd__dfrtp_1)
                                  2.53   data arrival time

                  0.15    0.00    0.00   clock clk (rise edge)
                          0.00    0.00   clock network delay (ideal)
                          0.25    0.25   clock uncertainty
                          0.00    0.25   clock reconvergence pessimism
                                  0.25 ^ _457_/CLK (sky130_fd_sc_hd__dfrtp_1)
                          0.38    0.63   library removal time
                                  0.63   data required time
-----------------------------------------------------------------------------
                                  0.63   data required time
                                 -2.53   data arrival time
-----------------------------------------------------------------------------
                                  1.91   slack (MET)


Startpoint: rst_n (input port clocked by clk)
Endpoint: _421_ (removal check against rising-edge clock clk)
Path Group: asynchronous
Path Type: min

Fanout     Cap    Slew   Delay    Time   Description
-----------------------------------------------------------------------------
                  0.15    0.00    0.00   clock clk (rise edge)
                          0.00    0.00   clock network delay (ideal)
                          2.00    2.00 ^ input external delay
                  0.02    0.01    2.01 ^ rst_n (in)
     1    0.00                           rst_n (net)
                  0.02    0.00    2.01 ^ input10/A (sky130_fd_sc_hd__buf_1)
                  0.11    0.11    2.12 ^ input10/X (sky130_fd_sc_hd__buf_1)
     2    0.01                           net10 (net)
                  0.11    0.00    2.12 ^ fanout31/A (sky130_fd_sc_hd__clkbuf_2)
                  0.13    0.18    2.31 ^ fanout31/X (sky130_fd_sc_hd__clkbuf_2)
     6    0.02                           net31 (net)
                  0.13    0.00    2.31 ^ fanout28/A (sky130_fd_sc_hd__clkbuf_4)
                  0.14    0.23    2.53 ^ fanout28/X (sky130_fd_sc_hd__clkbuf_4)
    10    0.04                           net28 (net)
                  0.14    0.00    2.53 ^ _421_/RESET_B (sky130_fd_sc_hd__dfrtp_2)
                                  2.53   data arrival time

                  0.15    0.00    0.00   clock clk (rise edge)
                          0.00    0.00   clock network delay (ideal)
                          0.25    0.25   clock uncertainty
                          0.00    0.25   clock reconvergence pessimism
                                  0.25 ^ _421_/CLK (sky130_fd_sc_hd__dfrtp_2)
                          0.38    0.63   library removal time
                                  0.63   data required time
-----------------------------------------------------------------------------
                                  0.63   data required time
                                 -2.53   data arrival time
-----------------------------------------------------------------------------
                                  1.91   slack (MET)


Startpoint: rst_n (input port clocked by clk)
Endpoint: _448_ (removal check against rising-edge clock clk)
Path Group: asynchronous
Path Type: min

Fanout     Cap    Slew   Delay    Time   Description
-----------------------------------------------------------------------------
                  0.15    0.00    0.00   clock clk (rise edge)
                          0.00    0.00   clock network delay (ideal)
                          2.00    2.00 ^ input external delay
                  0.02    0.01    2.01 ^ rst_n (in)
     1    0.00                           rst_n (net)
                  0.02    0.00    2.01 ^ input10/A (sky130_fd_sc_hd__buf_1)
                  0.11    0.11    2.12 ^ input10/X (sky130_fd_sc_hd__buf_1)
     2    0.01                           net10 (net)
                  0.11    0.00    2.12 ^ fanout31/A (sky130_fd_sc_hd__clkbuf_2)
                  0.13    0.18    2.31 ^ fanout31/X (sky130_fd_sc_hd__clkbuf_2)
     6    0.02                           net31 (net)
                  0.13    0.00    2.31 ^ fanout29/A (sky130_fd_sc_hd__clkbuf_4)
                  0.14    0.23    2.53 ^ fanout29/X (sky130_fd_sc_hd__clkbuf_4)
    10    0.04                           net29 (net)
                  0.14    0.00    2.53 ^ _448_/RESET_B (sky130_fd_sc_hd__dfrtp_4)
                                  2.53   data arrival time

                  0.15    0.00    0.00   clock clk (rise edge)
                          0.00    0.00   clock network delay (ideal)
                          0.25    0.25   clock uncertainty
                          0.00    0.25   clock reconvergence pessimism
                                  0.25 ^ _448_/CLK (sky130_fd_sc_hd__dfrtp_4)
                          0.38    0.63   library removal time
                                  0.63   data required time
-----------------------------------------------------------------------------
                                  0.63   data required time
                                 -2.53   data arrival time
-----------------------------------------------------------------------------
                                  1.91   slack (MET)


Startpoint: rst_n (input port clocked by clk)
Endpoint: _438_ (removal check against rising-edge clock clk)
Path Group: asynchronous
Path Type: min

Fanout     Cap    Slew   Delay    Time   Description
-----------------------------------------------------------------------------
                  0.15    0.00    0.00   clock clk (rise edge)
                          0.00    0.00   clock network delay (ideal)
                          2.00    2.00 ^ input external delay
                  0.02    0.01    2.01 ^ rst_n (in)
     1    0.00                           rst_n (net)
                  0.02    0.00    2.01 ^ input10/A (sky130_fd_sc_hd__buf_1)
                  0.11    0.11    2.12 ^ input10/X (sky130_fd_sc_hd__buf_1)
     2    0.01                           net10 (net)
                  0.11    0.00    2.12 ^ fanout31/A (sky130_fd_sc_hd__clkbuf_2)
                  0.13    0.18    2.31 ^ fanout31/X (sky130_fd_sc_hd__clkbuf_2)
     6    0.02                           net31 (net)
                  0.13    0.00    2.31 ^ fanout29/A (sky130_fd_sc_hd__clkbuf_4)
                  0.14    0.23    2.53 ^ fanout29/X (sky130_fd_sc_hd__clkbuf_4)
    10    0.04                           net29 (net)
                  0.14    0.00    2.53 ^ _438_/RESET_B (sky130_fd_sc_hd__dfrtp_2)
                                  2.53   data arrival time

                  0.15    0.00    0.00   clock clk (rise edge)
                          0.00    0.00   clock network delay (ideal)
                          0.25    0.25   clock uncertainty
                          0.00    0.25   clock reconvergence pessimism
                                  0.25 ^ _438_/CLK (sky130_fd_sc_hd__dfrtp_2)
                          0.38    0.63   library removal time
                                  0.63   data required time
-----------------------------------------------------------------------------
                                  0.63   data required time
                                 -2.53   data arrival time
-----------------------------------------------------------------------------
                                  1.91   slack (MET)


Startpoint: rst_n (input port clocked by clk)
Endpoint: _440_ (removal check against rising-edge clock clk)
Path Group: asynchronous
Path Type: min

Fanout     Cap    Slew   Delay    Time   Description
-----------------------------------------------------------------------------
                  0.15    0.00    0.00   clock clk (rise edge)
                          0.00    0.00   clock network delay (ideal)
                          2.00    2.00 ^ input external delay
                  0.02    0.01    2.01 ^ rst_n (in)
     1    0.00                           rst_n (net)
                  0.02    0.00    2.01 ^ input10/A (sky130_fd_sc_hd__buf_1)
                  0.11    0.11    2.12 ^ input10/X (sky130_fd_sc_hd__buf_1)
     2    0.01                           net10 (net)
                  0.11    0.00    2.12 ^ fanout31/A (sky130_fd_sc_hd__clkbuf_2)
                  0.13    0.18    2.31 ^ fanout31/X (sky130_fd_sc_hd__clkbuf_2)
     6    0.02                           net31 (net)
                  0.13    0.00    2.31 ^ fanout29/A (sky130_fd_sc_hd__clkbuf_4)
                  0.14    0.23    2.53 ^ fanout29/X (sky130_fd_sc_hd__clkbuf_4)
    10    0.04                           net29 (net)
                  0.14    0.00    2.53 ^ _440_/RESET_B (sky130_fd_sc_hd__dfrtp_1)
                                  2.53   data arrival time

                  0.15    0.00    0.00   clock clk (rise edge)
                          0.00    0.00   clock network delay (ideal)
                          0.25    0.25   clock uncertainty
                          0.00    0.25   clock reconvergence pessimism
                                  0.25 ^ _440_/CLK (sky130_fd_sc_hd__dfrtp_1)
                          0.38    0.63   library removal time
                                  0.63   data required time
-----------------------------------------------------------------------------
                                  0.63   data required time
                                 -2.53   data arrival time
-----------------------------------------------------------------------------
                                  1.91   slack (MET)


Startpoint: rst_n (input port clocked by clk)
Endpoint: _449_ (removal check against rising-edge clock clk)
Path Group: asynchronous
Path Type: min

Fanout     Cap    Slew   Delay    Time   Description
-----------------------------------------------------------------------------
                  0.15    0.00    0.00   clock clk (rise edge)
                          0.00    0.00   clock network delay (ideal)
                          2.00    2.00 ^ input external delay
                  0.02    0.01    2.01 ^ rst_n (in)
     1    0.00                           rst_n (net)
                  0.02    0.00    2.01 ^ input10/A (sky130_fd_sc_hd__buf_1)
                  0.11    0.11    2.12 ^ input10/X (sky130_fd_sc_hd__buf_1)
     2    0.01                           net10 (net)
                  0.11    0.00    2.12 ^ fanout31/A (sky130_fd_sc_hd__clkbuf_2)
                  0.13    0.18    2.31 ^ fanout31/X (sky130_fd_sc_hd__clkbuf_2)
     6    0.02                           net31 (net)
                  0.13    0.00    2.31 ^ fanout29/A (sky130_fd_sc_hd__clkbuf_4)
                  0.14    0.23    2.53 ^ fanout29/X (sky130_fd_sc_hd__clkbuf_4)
    10    0.04                           net29 (net)
                  0.14    0.00    2.53 ^ _449_/RESET_B (sky130_fd_sc_hd__dfrtp_2)
                                  2.53   data arrival time

                  0.15    0.00    0.00   clock clk (rise edge)
                          0.00    0.00   clock network delay (ideal)
                          0.25    0.25   clock uncertainty
                          0.00    0.25   clock reconvergence pessimism
                                  0.25 ^ _449_/CLK (sky130_fd_sc_hd__dfrtp_2)
                          0.38    0.63   library removal time
                                  0.63   data required time
-----------------------------------------------------------------------------
                                  0.63   data required time
                                 -2.53   data arrival time
-----------------------------------------------------------------------------
                                  1.91   slack (MET)


Startpoint: rst_n (input port clocked by clk)
Endpoint: _439_ (removal check against rising-edge clock clk)
Path Group: asynchronous
Path Type: min

Fanout     Cap    Slew   Delay    Time   Description
-----------------------------------------------------------------------------
                  0.15    0.00    0.00   clock clk (rise edge)
                          0.00    0.00   clock network delay (ideal)
                          2.00    2.00 ^ input external delay
                  0.02    0.01    2.01 ^ rst_n (in)
     1    0.00                           rst_n (net)
                  0.02    0.00    2.01 ^ input10/A (sky130_fd_sc_hd__buf_1)
                  0.11    0.11    2.12 ^ input10/X (sky130_fd_sc_hd__buf_1)
     2    0.01                           net10 (net)
                  0.11    0.00    2.12 ^ fanout31/A (sky130_fd_sc_hd__clkbuf_2)
                  0.13    0.18    2.31 ^ fanout31/X (sky130_fd_sc_hd__clkbuf_2)
     6    0.02                           net31 (net)
                  0.13    0.00    2.31 ^ fanout29/A (sky130_fd_sc_hd__clkbuf_4)
                  0.14    0.23    2.53 ^ fanout29/X (sky130_fd_sc_hd__clkbuf_4)
    10    0.04                           net29 (net)
                  0.14    0.00    2.53 ^ _439_/RESET_B (sky130_fd_sc_hd__dfrtp_1)
                                  2.53   data arrival time

                  0.15    0.00    0.00   clock clk (rise edge)
                          0.00    0.00   clock network delay (ideal)
                          0.25    0.25   clock uncertainty
                          0.00    0.25   clock reconvergence pessimism
                                  0.25 ^ _439_/CLK (sky130_fd_sc_hd__dfrtp_1)
                          0.38    0.63   library removal time
                                  0.63   data required time
-----------------------------------------------------------------------------
                                  0.63   data required time
                                 -2.53   data arrival time
-----------------------------------------------------------------------------
                                  1.91   slack (MET)


Startpoint: rst_n (input port clocked by clk)
Endpoint: _408_ (removal check against rising-edge clock clk)
Path Group: asynchronous
Path Type: min

Fanout     Cap    Slew   Delay    Time   Description
-----------------------------------------------------------------------------
                  0.15    0.00    0.00   clock clk (rise edge)
                          0.00    0.00   clock network delay (ideal)
                          2.00    2.00 ^ input external delay
                  0.02    0.01    2.01 ^ rst_n (in)
     1    0.00                           rst_n (net)
                  0.02    0.00    2.01 ^ input10/A (sky130_fd_sc_hd__buf_1)
                  0.11    0.11    2.12 ^ input10/X (sky130_fd_sc_hd__buf_1)
     2    0.01                           net10 (net)
                  0.11    0.00    2.12 ^ fanout31/A (sky130_fd_sc_hd__clkbuf_2)
                  0.13    0.18    2.31 ^ fanout31/X (sky130_fd_sc_hd__clkbuf_2)
     6    0.02                           net31 (net)
                  0.13    0.00    2.31 ^ fanout29/A (sky130_fd_sc_hd__clkbuf_4)
                  0.14    0.23    2.53 ^ fanout29/X (sky130_fd_sc_hd__clkbuf_4)
    10    0.04                           net29 (net)
                  0.14    0.00    2.53 ^ _408_/RESET_B (sky130_fd_sc_hd__dfrtp_1)
                                  2.53   data arrival time

                  0.15    0.00    0.00   clock clk (rise edge)
                          0.00    0.00   clock network delay (ideal)
                          0.25    0.25   clock uncertainty
                          0.00    0.25   clock reconvergence pessimism
                                  0.25 ^ _408_/CLK (sky130_fd_sc_hd__dfrtp_1)
                          0.38    0.63   library removal time
                                  0.63   data required time
-----------------------------------------------------------------------------
                                  0.63   data required time
                                 -2.53   data arrival time
-----------------------------------------------------------------------------
                                  1.91   slack (MET)


Startpoint: rst_n (input port clocked by clk)
Endpoint: _446_ (removal check against rising-edge clock clk)
Path Group: asynchronous
Path Type: min

Fanout     Cap    Slew   Delay    Time   Description
-----------------------------------------------------------------------------
                  0.15    0.00    0.00   clock clk (rise edge)
                          0.00    0.00   clock network delay (ideal)
                          2.00    2.00 ^ input external delay
                  0.02    0.01    2.01 ^ rst_n (in)
     1    0.00                           rst_n (net)
                  0.02    0.00    2.01 ^ input10/A (sky130_fd_sc_hd__buf_1)
                  0.11    0.11    2.12 ^ input10/X (sky130_fd_sc_hd__buf_1)
     2    0.01                           net10 (net)
                  0.11    0.00    2.12 ^ fanout31/A (sky130_fd_sc_hd__clkbuf_2)
                  0.13    0.18    2.31 ^ fanout31/X (sky130_fd_sc_hd__clkbuf_2)
     6    0.02                           net31 (net)
                  0.13    0.00    2.31 ^ fanout29/A (sky130_fd_sc_hd__clkbuf_4)
                  0.14    0.23    2.53 ^ fanout29/X (sky130_fd_sc_hd__clkbuf_4)
    10    0.04                           net29 (net)
                  0.14    0.00    2.53 ^ _446_/RESET_B (sky130_fd_sc_hd__dfrtp_1)
                                  2.53   data arrival time

                  0.15    0.00    0.00   clock clk (rise edge)
                          0.00    0.00   clock network delay (ideal)
                          0.25    0.25   clock uncertainty
                          0.00    0.25   clock reconvergence pessimism
                                  0.25 ^ _446_/CLK (sky130_fd_sc_hd__dfrtp_1)
                          0.38    0.63   library removal time
                                  0.63   data required time
-----------------------------------------------------------------------------
                                  0.63   data required time
                                 -2.53   data arrival time
-----------------------------------------------------------------------------
                                  1.91   slack (MET)


Startpoint: rst_n (input port clocked by clk)
Endpoint: _447_ (removal check against rising-edge clock clk)
Path Group: asynchronous
Path Type: min

Fanout     Cap    Slew   Delay    Time   Description
-----------------------------------------------------------------------------
                  0.15    0.00    0.00   clock clk (rise edge)
                          0.00    0.00   clock network delay (ideal)
                          2.00    2.00 ^ input external delay
                  0.02    0.01    2.01 ^ rst_n (in)
     1    0.00                           rst_n (net)
                  0.02    0.00    2.01 ^ input10/A (sky130_fd_sc_hd__buf_1)
                  0.11    0.11    2.12 ^ input10/X (sky130_fd_sc_hd__buf_1)
     2    0.01                           net10 (net)
                  0.11    0.00    2.12 ^ fanout31/A (sky130_fd_sc_hd__clkbuf_2)
                  0.13    0.18    2.31 ^ fanout31/X (sky130_fd_sc_hd__clkbuf_2)
     6    0.02                           net31 (net)
                  0.13    0.00    2.31 ^ fanout29/A (sky130_fd_sc_hd__clkbuf_4)
                  0.14    0.23    2.53 ^ fanout29/X (sky130_fd_sc_hd__clkbuf_4)
    10    0.04                           net29 (net)
                  0.14    0.00    2.53 ^ _447_/RESET_B (sky130_fd_sc_hd__dfrtp_1)
                                  2.53   data arrival time

                  0.15    0.00    0.00   clock clk (rise edge)
                          0.00    0.00   clock network delay (ideal)
                          0.25    0.25   clock uncertainty
                          0.00    0.25   clock reconvergence pessimism
                                  0.25 ^ _447_/CLK (sky130_fd_sc_hd__dfrtp_1)
                          0.38    0.63   library removal time
                                  0.63   data required time
-----------------------------------------------------------------------------
                                  0.63   data required time
                                 -2.53   data arrival time
-----------------------------------------------------------------------------
                                  1.91   slack (MET)


Startpoint: rst_n (input port clocked by clk)
Endpoint: _444_ (removal check against rising-edge clock clk)
Path Group: asynchronous
Path Type: min

Fanout     Cap    Slew   Delay    Time   Description
-----------------------------------------------------------------------------
                  0.15    0.00    0.00   clock clk (rise edge)
                          0.00    0.00   clock network delay (ideal)
                          2.00    2.00 ^ input external delay
                  0.02    0.01    2.01 ^ rst_n (in)
     1    0.00                           rst_n (net)
                  0.02    0.00    2.01 ^ input10/A (sky130_fd_sc_hd__buf_1)
                  0.11    0.11    2.12 ^ input10/X (sky130_fd_sc_hd__buf_1)
     2    0.01                           net10 (net)
                  0.11    0.00    2.12 ^ fanout31/A (sky130_fd_sc_hd__clkbuf_2)
                  0.13    0.18    2.31 ^ fanout31/X (sky130_fd_sc_hd__clkbuf_2)
     6    0.02                           net31 (net)
                  0.13    0.00    2.31 ^ fanout29/A (sky130_fd_sc_hd__clkbuf_4)
                  0.14    0.23    2.53 ^ fanout29/X (sky130_fd_sc_hd__clkbuf_4)
    10    0.04                           net29 (net)
                  0.14    0.00    2.53 ^ _444_/RESET_B (sky130_fd_sc_hd__dfrtp_1)
                                  2.53   data arrival time

                  0.15    0.00    0.00   clock clk (rise edge)
                          0.00    0.00   clock network delay (ideal)
                          0.25    0.25   clock uncertainty
                          0.00    0.25   clock reconvergence pessimism
                                  0.25 ^ _444_/CLK (sky130_fd_sc_hd__dfrtp_1)
                          0.38    0.63   library removal time
                                  0.63   data required time
-----------------------------------------------------------------------------
                                  0.63   data required time
                                 -2.53   data arrival time
-----------------------------------------------------------------------------
                                  1.91   slack (MET)


Startpoint: rst_n (input port clocked by clk)
Endpoint: _445_ (removal check against rising-edge clock clk)
Path Group: asynchronous
Path Type: min

Fanout     Cap    Slew   Delay    Time   Description
-----------------------------------------------------------------------------
                  0.15    0.00    0.00   clock clk (rise edge)
                          0.00    0.00   clock network delay (ideal)
                          2.00    2.00 ^ input external delay
                  0.02    0.01    2.01 ^ rst_n (in)
     1    0.00                           rst_n (net)
                  0.02    0.00    2.01 ^ input10/A (sky130_fd_sc_hd__buf_1)
                  0.11    0.11    2.12 ^ input10/X (sky130_fd_sc_hd__buf_1)
     2    0.01                           net10 (net)
                  0.11    0.00    2.12 ^ fanout31/A (sky130_fd_sc_hd__clkbuf_2)
                  0.13    0.18    2.31 ^ fanout31/X (sky130_fd_sc_hd__clkbuf_2)
     6    0.02                           net31 (net)
                  0.13    0.00    2.31 ^ fanout29/A (sky130_fd_sc_hd__clkbuf_4)
                  0.14    0.23    2.53 ^ fanout29/X (sky130_fd_sc_hd__clkbuf_4)
    10    0.04                           net29 (net)
                  0.14    0.00    2.53 ^ _445_/RESET_B (sky130_fd_sc_hd__dfrtp_1)
                                  2.53   data arrival time

                  0.15    0.00    0.00   clock clk (rise edge)
                          0.00    0.00   clock network delay (ideal)
                          0.25    0.25   clock uncertainty
                          0.00    0.25   clock reconvergence pessimism
                                  0.25 ^ _445_/CLK (sky130_fd_sc_hd__dfrtp_1)
                          0.38    0.63   library removal time
                                  0.63   data required time
-----------------------------------------------------------------------------
                                  0.63   data required time
                                 -2.53   data arrival time
-----------------------------------------------------------------------------
                                  1.91   slack (MET)


Startpoint: rst_n (input port clocked by clk)
Endpoint: _430_ (removal check against rising-edge clock clk)
Path Group: asynchronous
Path Type: min

Fanout     Cap    Slew   Delay    Time   Description
-----------------------------------------------------------------------------
                  0.15    0.00    0.00   clock clk (rise edge)
                          0.00    0.00   clock network delay (ideal)
                          2.00    2.00 ^ input external delay
                  0.02    0.01    2.01 ^ rst_n (in)
     1    0.00                           rst_n (net)
                  0.02    0.00    2.01 ^ input10/A (sky130_fd_sc_hd__buf_1)
                  0.11    0.11    2.12 ^ input10/X (sky130_fd_sc_hd__buf_1)
     2    0.01                           net10 (net)
                  0.11    0.00    2.12 ^ fanout27/A (sky130_fd_sc_hd__buf_2)
                  0.15    0.20    2.32 ^ fanout27/X (sky130_fd_sc_hd__buf_2)
     7    0.03                           net27 (net)
                  0.15    0.00    2.32 ^ fanout25/A (sky130_fd_sc_hd__clkbuf_4)
                  0.14    0.23    2.55 ^ fanout25/X (sky130_fd_sc_hd__clkbuf_4)
    10    0.04                           net25 (net)
                  0.14    0.00    2.55 ^ _430_/RESET_B (sky130_fd_sc_hd__dfrtp_1)
                                  2.55   data arrival time

                  0.15    0.00    0.00   clock clk (rise edge)
                          0.00    0.00   clock network delay (ideal)
                          0.25    0.25   clock uncertainty
                          0.00    0.25   clock reconvergence pessimism
                                  0.25 ^ _430_/CLK (sky130_fd_sc_hd__dfrtp_1)
                          0.37    0.62   library removal time
                                  0.62   data required time
-----------------------------------------------------------------------------
                                  0.62   data required time
                                 -2.55   data arrival time
-----------------------------------------------------------------------------
                                  1.92   slack (MET)


Startpoint: rst_n (input port clocked by clk)
Endpoint: _435_ (removal check against rising-edge clock clk)
Path Group: asynchronous
Path Type: min

Fanout     Cap    Slew   Delay    Time   Description
-----------------------------------------------------------------------------
                  0.15    0.00    0.00   clock clk (rise edge)
                          0.00    0.00   clock network delay (ideal)
                          2.00    2.00 ^ input external delay
                  0.02    0.01    2.01 ^ rst_n (in)
     1    0.00                           rst_n (net)
                  0.02    0.00    2.01 ^ input10/A (sky130_fd_sc_hd__buf_1)
                  0.11    0.11    2.12 ^ input10/X (sky130_fd_sc_hd__buf_1)
     2    0.01                           net10 (net)
                  0.11    0.00    2.12 ^ fanout27/A (sky130_fd_sc_hd__buf_2)
                  0.15    0.20    2.32 ^ fanout27/X (sky130_fd_sc_hd__buf_2)
     7    0.03                           net27 (net)
                  0.15    0.00    2.32 ^ fanout24/A (sky130_fd_sc_hd__clkbuf_4)
                  0.14    0.23    2.55 ^ fanout24/X (sky130_fd_sc_hd__clkbuf_4)
    10    0.04                           net24 (net)
                  0.14    0.00    2.55 ^ _435_/RESET_B (sky130_fd_sc_hd__dfrtp_1)
                                  2.55   data arrival time

                  0.15    0.00    0.00   clock clk (rise edge)
                          0.00    0.00   clock network delay (ideal)
                          0.25    0.25   clock uncertainty
                          0.00    0.25   clock reconvergence pessimism
                                  0.25 ^ _435_/CLK (sky130_fd_sc_hd__dfrtp_1)
                          0.37    0.62   library removal time
                                  0.62   data required time
-----------------------------------------------------------------------------
                                  0.62   data required time
                                 -2.55   data arrival time
-----------------------------------------------------------------------------
                                  1.92   slack (MET)


Startpoint: rst_n (input port clocked by clk)
Endpoint: _426_ (removal check against rising-edge clock clk)
Path Group: asynchronous
Path Type: min

Fanout     Cap    Slew   Delay    Time   Description
-----------------------------------------------------------------------------
                  0.15    0.00    0.00   clock clk (rise edge)
                          0.00    0.00   clock network delay (ideal)
                          2.00    2.00 ^ input external delay
                  0.02    0.01    2.01 ^ rst_n (in)
     1    0.00                           rst_n (net)
                  0.02    0.00    2.01 ^ input10/A (sky130_fd_sc_hd__buf_1)
                  0.11    0.11    2.12 ^ input10/X (sky130_fd_sc_hd__buf_1)
     2    0.01                           net10 (net)
                  0.11    0.00    2.12 ^ fanout27/A (sky130_fd_sc_hd__buf_2)
                  0.15    0.20    2.32 ^ fanout27/X (sky130_fd_sc_hd__buf_2)
     7    0.03                           net27 (net)
                  0.15    0.00    2.32 ^ fanout25/A (sky130_fd_sc_hd__clkbuf_4)
                  0.14    0.23    2.55 ^ fanout25/X (sky130_fd_sc_hd__clkbuf_4)
    10    0.04                           net25 (net)
                  0.14    0.00    2.55 ^ _426_/RESET_B (sky130_fd_sc_hd__dfrtp_2)
                                  2.55   data arrival time

                  0.15    0.00    0.00   clock clk (rise edge)
                          0.00    0.00   clock network delay (ideal)
                          0.25    0.25   clock uncertainty
                          0.00    0.25   clock reconvergence pessimism
                                  0.25 ^ _426_/CLK (sky130_fd_sc_hd__dfrtp_2)
                          0.37    0.62   library removal time
                                  0.62   data required time
-----------------------------------------------------------------------------
                                  0.62   data required time
                                 -2.55   data arrival time
-----------------------------------------------------------------------------
                                  1.92   slack (MET)


Startpoint: rst_n (input port clocked by clk)
Endpoint: _427_ (removal check against rising-edge clock clk)
Path Group: asynchronous
Path Type: min

Fanout     Cap    Slew   Delay    Time   Description
-----------------------------------------------------------------------------
                  0.15    0.00    0.00   clock clk (rise edge)
                          0.00    0.00   clock network delay (ideal)
                          2.00    2.00 ^ input external delay
                  0.02    0.01    2.01 ^ rst_n (in)
     1    0.00                           rst_n (net)
                  0.02    0.00    2.01 ^ input10/A (sky130_fd_sc_hd__buf_1)
                  0.11    0.11    2.12 ^ input10/X (sky130_fd_sc_hd__buf_1)
     2    0.01                           net10 (net)
                  0.11    0.00    2.12 ^ fanout27/A (sky130_fd_sc_hd__buf_2)
                  0.15    0.20    2.32 ^ fanout27/X (sky130_fd_sc_hd__buf_2)
     7    0.03                           net27 (net)
                  0.15    0.00    2.32 ^ fanout25/A (sky130_fd_sc_hd__clkbuf_4)
                  0.14    0.23    2.55 ^ fanout25/X (sky130_fd_sc_hd__clkbuf_4)
    10    0.04                           net25 (net)
                  0.14    0.00    2.55 ^ _427_/RESET_B (sky130_fd_sc_hd__dfrtp_1)
                                  2.55   data arrival time

                  0.15    0.00    0.00   clock clk (rise edge)
                          0.00    0.00   clock network delay (ideal)
                          0.25    0.25   clock uncertainty
                          0.00    0.25   clock reconvergence pessimism
                                  0.25 ^ _427_/CLK (sky130_fd_sc_hd__dfrtp_1)
                          0.37    0.62   library removal time
                                  0.62   data required time
-----------------------------------------------------------------------------
                                  0.62   data required time
                                 -2.55   data arrival time
-----------------------------------------------------------------------------
                                  1.92   slack (MET)


Startpoint: rst_n (input port clocked by clk)
Endpoint: _409_ (removal check against rising-edge clock clk)
Path Group: asynchronous
Path Type: min

Fanout     Cap    Slew   Delay    Time   Description
-----------------------------------------------------------------------------
                  0.15    0.00    0.00   clock clk (rise edge)
                          0.00    0.00   clock network delay (ideal)
                          2.00    2.00 ^ input external delay
                  0.02    0.01    2.01 ^ rst_n (in)
     1    0.00                           rst_n (net)
                  0.02    0.00    2.01 ^ input10/A (sky130_fd_sc_hd__buf_1)
                  0.11    0.11    2.12 ^ input10/X (sky130_fd_sc_hd__buf_1)
     2    0.01                           net10 (net)
                  0.11    0.00    2.12 ^ fanout27/A (sky130_fd_sc_hd__buf_2)
                  0.15    0.20    2.32 ^ fanout27/X (sky130_fd_sc_hd__buf_2)
     7    0.03                           net27 (net)
                  0.15    0.00    2.32 ^ fanout25/A (sky130_fd_sc_hd__clkbuf_4)
                  0.14    0.23    2.55 ^ fanout25/X (sky130_fd_sc_hd__clkbuf_4)
    10    0.04                           net25 (net)
                  0.14    0.00    2.55 ^ _409_/RESET_B (sky130_fd_sc_hd__dfrtp_1)
                                  2.55   data arrival time

                  0.15    0.00    0.00   clock clk (rise edge)
                          0.00    0.00   clock network delay (ideal)
                          0.25    0.25   clock uncertainty
                          0.00    0.25   clock reconvergence pessimism
                                  0.25 ^ _409_/CLK (sky130_fd_sc_hd__dfrtp_1)
                          0.37    0.62   library removal time
                                  0.62   data required time
-----------------------------------------------------------------------------
                                  0.62   data required time
                                 -2.55   data arrival time
-----------------------------------------------------------------------------
                                  1.92   slack (MET)


Startpoint: rst_n (input port clocked by clk)
Endpoint: _454_ (removal check against rising-edge clock clk)
Path Group: asynchronous
Path Type: min

Fanout     Cap    Slew   Delay    Time   Description
-----------------------------------------------------------------------------
                  0.15    0.00    0.00   clock clk (rise edge)
                          0.00    0.00   clock network delay (ideal)
                          2.00    2.00 ^ input external delay
                  0.02    0.01    2.01 ^ rst_n (in)
     1    0.00                           rst_n (net)
                  0.02    0.00    2.01 ^ input10/A (sky130_fd_sc_hd__buf_1)
                  0.11    0.11    2.12 ^ input10/X (sky130_fd_sc_hd__buf_1)
     2    0.01                           net10 (net)
                  0.11    0.00    2.12 ^ fanout27/A (sky130_fd_sc_hd__buf_2)
                  0.15    0.20    2.32 ^ fanout27/X (sky130_fd_sc_hd__buf_2)
     7    0.03                           net27 (net)
                  0.15    0.00    2.32 ^ fanout24/A (sky130_fd_sc_hd__clkbuf_4)
                  0.14    0.23    2.55 ^ fanout24/X (sky130_fd_sc_hd__clkbuf_4)
    10    0.04                           net24 (net)
                  0.14    0.00    2.55 ^ _454_/RESET_B (sky130_fd_sc_hd__dfrtp_4)
                                  2.55   data arrival time

                  0.15    0.00    0.00   clock clk (rise edge)
                          0.00    0.00   clock network delay (ideal)
                          0.25    0.25   clock uncertainty
                          0.00    0.25   clock reconvergence pessimism
                                  0.25 ^ _454_/CLK (sky130_fd_sc_hd__dfrtp_4)
                          0.37    0.62   library removal time
                                  0.62   data required time
-----------------------------------------------------------------------------
                                  0.62   data required time
                                 -2.55   data arrival time
-----------------------------------------------------------------------------
                                  1.92   slack (MET)


Startpoint: rst_n (input port clocked by clk)
Endpoint: _413_ (removal check against rising-edge clock clk)
Path Group: asynchronous
Path Type: min

Fanout     Cap    Slew   Delay    Time   Description
-----------------------------------------------------------------------------
                  0.15    0.00    0.00   clock clk (rise edge)
                          0.00    0.00   clock network delay (ideal)
                          2.00    2.00 ^ input external delay
                  0.02    0.01    2.01 ^ rst_n (in)
     1    0.00                           rst_n (net)
                  0.02    0.00    2.01 ^ input10/A (sky130_fd_sc_hd__buf_1)
                  0.11    0.11    2.12 ^ input10/X (sky130_fd_sc_hd__buf_1)
     2    0.01                           net10 (net)
                  0.11    0.00    2.12 ^ fanout27/A (sky130_fd_sc_hd__buf_2)
                  0.15    0.20    2.32 ^ fanout27/X (sky130_fd_sc_hd__buf_2)
     7    0.03                           net27 (net)
                  0.15    0.00    2.32 ^ fanout25/A (sky130_fd_sc_hd__clkbuf_4)
                  0.14    0.23    2.55 ^ fanout25/X (sky130_fd_sc_hd__clkbuf_4)
    10    0.04                           net25 (net)
                  0.14    0.00    2.55 ^ _413_/RESET_B (sky130_fd_sc_hd__dfrtp_1)
                                  2.55   data arrival time

                  0.15    0.00    0.00   clock clk (rise edge)
                          0.00    0.00   clock network delay (ideal)
                          0.25    0.25   clock uncertainty
                          0.00    0.25   clock reconvergence pessimism
                                  0.25 ^ _413_/CLK (sky130_fd_sc_hd__dfrtp_1)
                          0.37    0.62   library removal time
                                  0.62   data required time
-----------------------------------------------------------------------------
                                  0.62   data required time
                                 -2.55   data arrival time
-----------------------------------------------------------------------------
                                  1.92   slack (MET)


Startpoint: rst_n (input port clocked by clk)
Endpoint: _434_ (removal check against rising-edge clock clk)
Path Group: asynchronous
Path Type: min

Fanout     Cap    Slew   Delay    Time   Description
-----------------------------------------------------------------------------
                  0.15    0.00    0.00   clock clk (rise edge)
                          0.00    0.00   clock network delay (ideal)
                          2.00    2.00 ^ input external delay
                  0.02    0.01    2.01 ^ rst_n (in)
     1    0.00                           rst_n (net)
                  0.02    0.00    2.01 ^ input10/A (sky130_fd_sc_hd__buf_1)
                  0.11    0.11    2.12 ^ input10/X (sky130_fd_sc_hd__buf_1)
     2    0.01                           net10 (net)
                  0.11    0.00    2.12 ^ fanout27/A (sky130_fd_sc_hd__buf_2)
                  0.15    0.20    2.32 ^ fanout27/X (sky130_fd_sc_hd__buf_2)
     7    0.03                           net27 (net)
                  0.15    0.00    2.32 ^ fanout25/A (sky130_fd_sc_hd__clkbuf_4)
                  0.14    0.23    2.55 ^ fanout25/X (sky130_fd_sc_hd__clkbuf_4)
    10    0.04                           net25 (net)
                  0.14    0.00    2.55 ^ _434_/RESET_B (sky130_fd_sc_hd__dfrtp_1)
                                  2.55   data arrival time

                  0.15    0.00    0.00   clock clk (rise edge)
                          0.00    0.00   clock network delay (ideal)
                          0.25    0.25   clock uncertainty
                          0.00    0.25   clock reconvergence pessimism
                                  0.25 ^ _434_/CLK (sky130_fd_sc_hd__dfrtp_1)
                          0.37    0.62   library removal time
                                  0.62   data required time
-----------------------------------------------------------------------------
                                  0.62   data required time
                                 -2.55   data arrival time
-----------------------------------------------------------------------------
                                  1.92   slack (MET)


Startpoint: rst_n (input port clocked by clk)
Endpoint: _414_ (removal check against rising-edge clock clk)
Path Group: asynchronous
Path Type: min

Fanout     Cap    Slew   Delay    Time   Description
-----------------------------------------------------------------------------
                  0.15    0.00    0.00   clock clk (rise edge)
                          0.00    0.00   clock network delay (ideal)
                          2.00    2.00 ^ input external delay
                  0.02    0.01    2.01 ^ rst_n (in)
     1    0.00                           rst_n (net)
                  0.02    0.00    2.01 ^ input10/A (sky130_fd_sc_hd__buf_1)
                  0.11    0.11    2.12 ^ input10/X (sky130_fd_sc_hd__buf_1)
     2    0.01                           net10 (net)
                  0.11    0.00    2.12 ^ fanout27/A (sky130_fd_sc_hd__buf_2)
                  0.15    0.20    2.32 ^ fanout27/X (sky130_fd_sc_hd__buf_2)
     7    0.03                           net27 (net)
                  0.15    0.00    2.32 ^ fanout24/A (sky130_fd_sc_hd__clkbuf_4)
                  0.14    0.23    2.55 ^ fanout24/X (sky130_fd_sc_hd__clkbuf_4)
    10    0.04                           net24 (net)
                  0.14    0.00    2.55 ^ _414_/RESET_B (sky130_fd_sc_hd__dfrtp_1)
                                  2.55   data arrival time

                  0.15    0.00    0.00   clock clk (rise edge)
                          0.00    0.00   clock network delay (ideal)
                          0.25    0.25   clock uncertainty
                          0.00    0.25   clock reconvergence pessimism
                                  0.25 ^ _414_/CLK (sky130_fd_sc_hd__dfrtp_1)
                          0.37    0.62   library removal time
                                  0.62   data required time
-----------------------------------------------------------------------------
                                  0.62   data required time
                                 -2.55   data arrival time
-----------------------------------------------------------------------------
                                  1.92   slack (MET)


Startpoint: rst_n (input port clocked by clk)
Endpoint: _436_ (removal check against rising-edge clock clk)
Path Group: asynchronous
Path Type: min

Fanout     Cap    Slew   Delay    Time   Description
-----------------------------------------------------------------------------
                  0.15    0.00    0.00   clock clk (rise edge)
                          0.00    0.00   clock network delay (ideal)
                          2.00    2.00 ^ input external delay
                  0.02    0.01    2.01 ^ rst_n (in)
     1    0.00                           rst_n (net)
                  0.02    0.00    2.01 ^ input10/A (sky130_fd_sc_hd__buf_1)
                  0.11    0.11    2.12 ^ input10/X (sky130_fd_sc_hd__buf_1)
     2    0.01                           net10 (net)
                  0.11    0.00    2.12 ^ fanout27/A (sky130_fd_sc_hd__buf_2)
                  0.15    0.20    2.32 ^ fanout27/X (sky130_fd_sc_hd__buf_2)
     7    0.03                           net27 (net)
                  0.15    0.00    2.32 ^ fanout25/A (sky130_fd_sc_hd__clkbuf_4)
                  0.14    0.23    2.55 ^ fanout25/X (sky130_fd_sc_hd__clkbuf_4)
    10    0.04                           net25 (net)
                  0.14    0.00    2.55 ^ _436_/RESET_B (sky130_fd_sc_hd__dfrtp_1)
                                  2.55   data arrival time

                  0.15    0.00    0.00   clock clk (rise edge)
                          0.00    0.00   clock network delay (ideal)
                          0.25    0.25   clock uncertainty
                          0.00    0.25   clock reconvergence pessimism
                                  0.25 ^ _436_/CLK (sky130_fd_sc_hd__dfrtp_1)
                          0.37    0.62   library removal time
                                  0.62   data required time
-----------------------------------------------------------------------------
                                  0.62   data required time
                                 -2.55   data arrival time
-----------------------------------------------------------------------------
                                  1.92   slack (MET)


Startpoint: rst_n (input port clocked by clk)
Endpoint: _428_ (removal check against rising-edge clock clk)
Path Group: asynchronous
Path Type: min

Fanout     Cap    Slew   Delay    Time   Description
-----------------------------------------------------------------------------
                  0.15    0.00    0.00   clock clk (rise edge)
                          0.00    0.00   clock network delay (ideal)
                          2.00    2.00 ^ input external delay
                  0.02    0.01    2.01 ^ rst_n (in)
     1    0.00                           rst_n (net)
                  0.02    0.00    2.01 ^ input10/A (sky130_fd_sc_hd__buf_1)
                  0.11    0.11    2.12 ^ input10/X (sky130_fd_sc_hd__buf_1)
     2    0.01                           net10 (net)
                  0.11    0.00    2.12 ^ fanout27/A (sky130_fd_sc_hd__buf_2)
                  0.15    0.20    2.32 ^ fanout27/X (sky130_fd_sc_hd__buf_2)
     7    0.03                           net27 (net)
                  0.15    0.00    2.32 ^ fanout24/A (sky130_fd_sc_hd__clkbuf_4)
                  0.14    0.23    2.55 ^ fanout24/X (sky130_fd_sc_hd__clkbuf_4)
    10    0.04                           net24 (net)
                  0.14    0.00    2.55 ^ _428_/RESET_B (sky130_fd_sc_hd__dfrtp_1)
                                  2.55   data arrival time

                  0.15    0.00    0.00   clock clk (rise edge)
                          0.00    0.00   clock network delay (ideal)
                          0.25    0.25   clock uncertainty
                          0.00    0.25   clock reconvergence pessimism
                                  0.25 ^ _428_/CLK (sky130_fd_sc_hd__dfrtp_1)
                          0.37    0.62   library removal time
                                  0.62   data required time
-----------------------------------------------------------------------------
                                  0.62   data required time
                                 -2.55   data arrival time
-----------------------------------------------------------------------------
                                  1.92   slack (MET)


Startpoint: rst_n (input port clocked by clk)
Endpoint: _415_ (removal check against rising-edge clock clk)
Path Group: asynchronous
Path Type: min

Fanout     Cap    Slew   Delay    Time   Description
-----------------------------------------------------------------------------
                  0.15    0.00    0.00   clock clk (rise edge)
                          0.00    0.00   clock network delay (ideal)
                          2.00    2.00 ^ input external delay
                  0.02    0.01    2.01 ^ rst_n (in)
     1    0.00                           rst_n (net)
                  0.02    0.00    2.01 ^ input10/A (sky130_fd_sc_hd__buf_1)
                  0.11    0.11    2.12 ^ input10/X (sky130_fd_sc_hd__buf_1)
     2    0.01                           net10 (net)
                  0.11    0.00    2.12 ^ fanout27/A (sky130_fd_sc_hd__buf_2)
                  0.15    0.20    2.32 ^ fanout27/X (sky130_fd_sc_hd__buf_2)
     7    0.03                           net27 (net)
                  0.15    0.00    2.32 ^ fanout25/A (sky130_fd_sc_hd__clkbuf_4)
                  0.14    0.23    2.55 ^ fanout25/X (sky130_fd_sc_hd__clkbuf_4)
    10    0.04                           net25 (net)
                  0.14    0.00    2.55 ^ _415_/RESET_B (sky130_fd_sc_hd__dfrtp_1)
                                  2.55   data arrival time

                  0.15    0.00    0.00   clock clk (rise edge)
                          0.00    0.00   clock network delay (ideal)
                          0.25    0.25   clock uncertainty
                          0.00    0.25   clock reconvergence pessimism
                                  0.25 ^ _415_/CLK (sky130_fd_sc_hd__dfrtp_1)
                          0.37    0.62   library removal time
                                  0.62   data required time
-----------------------------------------------------------------------------
                                  0.62   data required time
                                 -2.55   data arrival time
-----------------------------------------------------------------------------
                                  1.92   slack (MET)


Startpoint: rst_n (input port clocked by clk)
Endpoint: _431_ (removal check against rising-edge clock clk)
Path Group: asynchronous
Path Type: min

Fanout     Cap    Slew   Delay    Time   Description
-----------------------------------------------------------------------------
                  0.15    0.00    0.00   clock clk (rise edge)
                          0.00    0.00   clock network delay (ideal)
                          2.00    2.00 ^ input external delay
                  0.02    0.01    2.01 ^ rst_n (in)
     1    0.00                           rst_n (net)
                  0.02    0.00    2.01 ^ input10/A (sky130_fd_sc_hd__buf_1)
                  0.11    0.11    2.12 ^ input10/X (sky130_fd_sc_hd__buf_1)
     2    0.01                           net10 (net)
                  0.11    0.00    2.12 ^ fanout27/A (sky130_fd_sc_hd__buf_2)
                  0.15    0.20    2.32 ^ fanout27/X (sky130_fd_sc_hd__buf_2)
     7    0.03                           net27 (net)
                  0.15    0.00    2.32 ^ fanout24/A (sky130_fd_sc_hd__clkbuf_4)
                  0.14    0.23    2.55 ^ fanout24/X (sky130_fd_sc_hd__clkbuf_4)
    10    0.04                           net24 (net)
                  0.14    0.00    2.55 ^ _431_/RESET_B (sky130_fd_sc_hd__dfrtp_1)
                                  2.55   data arrival time

                  0.15    0.00    0.00   clock clk (rise edge)
                          0.00    0.00   clock network delay (ideal)
                          0.25    0.25   clock uncertainty
                          0.00    0.25   clock reconvergence pessimism
                                  0.25 ^ _431_/CLK (sky130_fd_sc_hd__dfrtp_1)
                          0.37    0.62   library removal time
                                  0.62   data required time
-----------------------------------------------------------------------------
                                  0.62   data required time
                                 -2.55   data arrival time
-----------------------------------------------------------------------------
                                  1.92   slack (MET)


Startpoint: rst_n (input port clocked by clk)
Endpoint: _432_ (removal check against rising-edge clock clk)
Path Group: asynchronous
Path Type: min

Fanout     Cap    Slew   Delay    Time   Description
-----------------------------------------------------------------------------
                  0.15    0.00    0.00   clock clk (rise edge)
                          0.00    0.00   clock network delay (ideal)
                          2.00    2.00 ^ input external delay
                  0.02    0.01    2.01 ^ rst_n (in)
     1    0.00                           rst_n (net)
                  0.02    0.00    2.01 ^ input10/A (sky130_fd_sc_hd__buf_1)
                  0.11    0.11    2.12 ^ input10/X (sky130_fd_sc_hd__buf_1)
     2    0.01                           net10 (net)
                  0.11    0.00    2.12 ^ fanout27/A (sky130_fd_sc_hd__buf_2)
                  0.15    0.20    2.32 ^ fanout27/X (sky130_fd_sc_hd__buf_2)
     7    0.03                           net27 (net)
                  0.15    0.00    2.32 ^ fanout24/A (sky130_fd_sc_hd__clkbuf_4)
                  0.14    0.23    2.55 ^ fanout24/X (sky130_fd_sc_hd__clkbuf_4)
    10    0.04                           net24 (net)
                  0.14    0.00    2.55 ^ _432_/RESET_B (sky130_fd_sc_hd__dfrtp_1)
                                  2.55   data arrival time

                  0.15    0.00    0.00   clock clk (rise edge)
                          0.00    0.00   clock network delay (ideal)
                          0.25    0.25   clock uncertainty
                          0.00    0.25   clock reconvergence pessimism
                                  0.25 ^ _432_/CLK (sky130_fd_sc_hd__dfrtp_1)
                          0.37    0.62   library removal time
                                  0.62   data required time
-----------------------------------------------------------------------------
                                  0.62   data required time
                                 -2.55   data arrival time
-----------------------------------------------------------------------------
                                  1.92   slack (MET)


Startpoint: rst_n (input port clocked by clk)
Endpoint: _416_ (removal check against rising-edge clock clk)
Path Group: asynchronous
Path Type: min

Fanout     Cap    Slew   Delay    Time   Description
-----------------------------------------------------------------------------
                  0.15    0.00    0.00   clock clk (rise edge)
                          0.00    0.00   clock network delay (ideal)
                          2.00    2.00 ^ input external delay
                  0.02    0.01    2.01 ^ rst_n (in)
     1    0.00                           rst_n (net)
                  0.02    0.00    2.01 ^ input10/A (sky130_fd_sc_hd__buf_1)
                  0.11    0.11    2.12 ^ input10/X (sky130_fd_sc_hd__buf_1)
     2    0.01                           net10 (net)
                  0.11    0.00    2.12 ^ fanout27/A (sky130_fd_sc_hd__buf_2)
                  0.15    0.20    2.32 ^ fanout27/X (sky130_fd_sc_hd__buf_2)
     7    0.03                           net27 (net)
                  0.15    0.00    2.32 ^ fanout25/A (sky130_fd_sc_hd__clkbuf_4)
                  0.14    0.23    2.55 ^ fanout25/X (sky130_fd_sc_hd__clkbuf_4)
    10    0.04                           net25 (net)
                  0.14    0.00    2.55 ^ _416_/RESET_B (sky130_fd_sc_hd__dfrtp_1)
                                  2.55   data arrival time

                  0.15    0.00    0.00   clock clk (rise edge)
                          0.00    0.00   clock network delay (ideal)
                          0.25    0.25   clock uncertainty
                          0.00    0.25   clock reconvergence pessimism
                                  0.25 ^ _416_/CLK (sky130_fd_sc_hd__dfrtp_1)
                          0.37    0.62   library removal time
                                  0.62   data required time
-----------------------------------------------------------------------------
                                  0.62   data required time
                                 -2.55   data arrival time
-----------------------------------------------------------------------------
                                  1.92   slack (MET)


Startpoint: rst_n (input port clocked by clk)
Endpoint: _410_ (removal check against rising-edge clock clk)
Path Group: asynchronous
Path Type: min

Fanout     Cap    Slew   Delay    Time   Description
-----------------------------------------------------------------------------
                  0.15    0.00    0.00   clock clk (rise edge)
                          0.00    0.00   clock network delay (ideal)
                          2.00    2.00 ^ input external delay
                  0.02    0.01    2.01 ^ rst_n (in)
     1    0.00                           rst_n (net)
                  0.02    0.00    2.01 ^ input10/A (sky130_fd_sc_hd__buf_1)
                  0.11    0.11    2.12 ^ input10/X (sky130_fd_sc_hd__buf_1)
     2    0.01                           net10 (net)
                  0.11    0.00    2.12 ^ fanout27/A (sky130_fd_sc_hd__buf_2)
                  0.15    0.20    2.32 ^ fanout27/X (sky130_fd_sc_hd__buf_2)
     7    0.03                           net27 (net)
                  0.15    0.00    2.32 ^ fanout24/A (sky130_fd_sc_hd__clkbuf_4)
                  0.14    0.23    2.55 ^ fanout24/X (sky130_fd_sc_hd__clkbuf_4)
    10    0.04                           net24 (net)
                  0.14    0.00    2.55 ^ _410_/RESET_B (sky130_fd_sc_hd__dfrtp_1)
                                  2.55   data arrival time

                  0.15    0.00    0.00   clock clk (rise edge)
                          0.00    0.00   clock network delay (ideal)
                          0.25    0.25   clock uncertainty
                          0.00    0.25   clock reconvergence pessimism
                                  0.25 ^ _410_/CLK (sky130_fd_sc_hd__dfrtp_1)
                          0.37    0.62   library removal time
                                  0.62   data required time
-----------------------------------------------------------------------------
                                  0.62   data required time
                                 -2.55   data arrival time
-----------------------------------------------------------------------------
                                  1.92   slack (MET)


Startpoint: rst_n (input port clocked by clk)
Endpoint: _411_ (removal check against rising-edge clock clk)
Path Group: asynchronous
Path Type: min

Fanout     Cap    Slew   Delay    Time   Description
-----------------------------------------------------------------------------
                  0.15    0.00    0.00   clock clk (rise edge)
                          0.00    0.00   clock network delay (ideal)
                          2.00    2.00 ^ input external delay
                  0.02    0.01    2.01 ^ rst_n (in)
     1    0.00                           rst_n (net)
                  0.02    0.00    2.01 ^ input10/A (sky130_fd_sc_hd__buf_1)
                  0.11    0.11    2.12 ^ input10/X (sky130_fd_sc_hd__buf_1)
     2    0.01                           net10 (net)
                  0.11    0.00    2.12 ^ fanout27/A (sky130_fd_sc_hd__buf_2)
                  0.15    0.20    2.32 ^ fanout27/X (sky130_fd_sc_hd__buf_2)
     7    0.03                           net27 (net)
                  0.15    0.00    2.32 ^ fanout24/A (sky130_fd_sc_hd__clkbuf_4)
                  0.14    0.23    2.55 ^ fanout24/X (sky130_fd_sc_hd__clkbuf_4)
    10    0.04                           net24 (net)
                  0.14    0.00    2.55 ^ _411_/RESET_B (sky130_fd_sc_hd__dfrtp_1)
                                  2.55   data arrival time

                  0.15    0.00    0.00   clock clk (rise edge)
                          0.00    0.00   clock network delay (ideal)
                          0.25    0.25   clock uncertainty
                          0.00    0.25   clock reconvergence pessimism
                                  0.25 ^ _411_/CLK (sky130_fd_sc_hd__dfrtp_1)
                          0.37    0.62   library removal time
                                  0.62   data required time
-----------------------------------------------------------------------------
                                  0.62   data required time
                                 -2.55   data arrival time
-----------------------------------------------------------------------------
                                  1.92   slack (MET)


Startpoint: rst_n (input port clocked by clk)
Endpoint: _433_ (removal check against rising-edge clock clk)
Path Group: asynchronous
Path Type: min

Fanout     Cap    Slew   Delay    Time   Description
-----------------------------------------------------------------------------
                  0.15    0.00    0.00   clock clk (rise edge)
                          0.00    0.00   clock network delay (ideal)
                          2.00    2.00 ^ input external delay
                  0.02    0.01    2.01 ^ rst_n (in)
     1    0.00                           rst_n (net)
                  0.02    0.00    2.01 ^ input10/A (sky130_fd_sc_hd__buf_1)
                  0.11    0.11    2.12 ^ input10/X (sky130_fd_sc_hd__buf_1)
     2    0.01                           net10 (net)
                  0.11    0.00    2.12 ^ fanout27/A (sky130_fd_sc_hd__buf_2)
                  0.15    0.20    2.32 ^ fanout27/X (sky130_fd_sc_hd__buf_2)
     7    0.03                           net27 (net)
                  0.15    0.00    2.32 ^ fanout24/A (sky130_fd_sc_hd__clkbuf_4)
                  0.14    0.23    2.55 ^ fanout24/X (sky130_fd_sc_hd__clkbuf_4)
    10    0.04                           net24 (net)
                  0.14    0.00    2.55 ^ _433_/RESET_B (sky130_fd_sc_hd__dfrtp_1)
                                  2.55   data arrival time

                  0.15    0.00    0.00   clock clk (rise edge)
                          0.00    0.00   clock network delay (ideal)
                          0.25    0.25   clock uncertainty
                          0.00    0.25   clock reconvergence pessimism
                                  0.25 ^ _433_/CLK (sky130_fd_sc_hd__dfrtp_1)
                          0.37    0.62   library removal time
                                  0.62   data required time
-----------------------------------------------------------------------------
                                  0.62   data required time
                                 -2.55   data arrival time
-----------------------------------------------------------------------------
                                  1.92   slack (MET)


Startpoint: rst_n (input port clocked by clk)
Endpoint: _412_ (removal check against rising-edge clock clk)
Path Group: asynchronous
Path Type: min

Fanout     Cap    Slew   Delay    Time   Description
-----------------------------------------------------------------------------
                  0.15    0.00    0.00   clock clk (rise edge)
                          0.00    0.00   clock network delay (ideal)
                          2.00    2.00 ^ input external delay
                  0.02    0.01    2.01 ^ rst_n (in)
     1    0.00                           rst_n (net)
                  0.02    0.00    2.01 ^ input10/A (sky130_fd_sc_hd__buf_1)
                  0.11    0.11    2.12 ^ input10/X (sky130_fd_sc_hd__buf_1)
     2    0.01                           net10 (net)
                  0.11    0.00    2.12 ^ fanout27/A (sky130_fd_sc_hd__buf_2)
                  0.15    0.20    2.32 ^ fanout27/X (sky130_fd_sc_hd__buf_2)
     7    0.03                           net27 (net)
                  0.15    0.00    2.32 ^ fanout24/A (sky130_fd_sc_hd__clkbuf_4)
                  0.14    0.23    2.55 ^ fanout24/X (sky130_fd_sc_hd__clkbuf_4)
    10    0.04                           net24 (net)
                  0.14    0.00    2.55 ^ _412_/RESET_B (sky130_fd_sc_hd__dfrtp_1)
                                  2.55   data arrival time

                  0.15    0.00    0.00   clock clk (rise edge)
                          0.00    0.00   clock network delay (ideal)
                          0.25    0.25   clock uncertainty
                          0.00    0.25   clock reconvergence pessimism
                                  0.25 ^ _412_/CLK (sky130_fd_sc_hd__dfrtp_1)
                          0.37    0.62   library removal time
                                  0.62   data required time
-----------------------------------------------------------------------------
                                  0.62   data required time
                                 -2.55   data arrival time
-----------------------------------------------------------------------------
                                  1.92   slack (MET)


Startpoint: rst_n (input port clocked by clk)
Endpoint: _465_ (removal check against rising-edge clock clk)
Path Group: asynchronous
Path Type: min

Fanout     Cap    Slew   Delay    Time   Description
-----------------------------------------------------------------------------
                  0.15    0.00    0.00   clock clk (rise edge)
                          0.00    0.00   clock network delay (ideal)
                          2.00    2.00 ^ input external delay
                  0.02    0.01    2.01 ^ rst_n (in)
     1    0.00                           rst_n (net)
                  0.02    0.00    2.01 ^ input10/A (sky130_fd_sc_hd__buf_1)
                  0.11    0.11    2.12 ^ input10/X (sky130_fd_sc_hd__buf_1)
     2    0.01                           net10 (net)
                  0.11    0.00    2.12 ^ fanout31/A (sky130_fd_sc_hd__clkbuf_2)
                  0.13    0.18    2.31 ^ fanout31/X (sky130_fd_sc_hd__clkbuf_2)
     6    0.02                           net31 (net)
                  0.13    0.00    2.31 ^ fanout30/A (sky130_fd_sc_hd__clkbuf_2)
                  0.14    0.20    2.50 ^ fanout30/X (sky130_fd_sc_hd__clkbuf_2)
     6    0.03                           net30 (net)
                  0.14    0.00    2.50 ^ _465_/SET_B (sky130_fd_sc_hd__dfstp_1)
                                  2.50   data arrival time

                  0.15    0.00    0.00   clock clk (rise edge)
                          0.00    0.00   clock network delay (ideal)
                          0.25    0.25   clock uncertainty
                          0.00    0.25   clock reconvergence pessimism
                                  0.25 ^ _465_/CLK (sky130_fd_sc_hd__dfstp_1)
                          0.18    0.43   library removal time
                                  0.43   data required time
-----------------------------------------------------------------------------
                                  0.43   data required time
                                 -2.50   data arrival time
-----------------------------------------------------------------------------
                                  2.08   slack (MET)


Startpoint: rst_n (input port clocked by clk)
Endpoint: _429_ (removal check against rising-edge clock clk)
Path Group: asynchronous
Path Type: min

Fanout     Cap    Slew   Delay    Time   Description
-----------------------------------------------------------------------------
                  0.15    0.00    0.00   clock clk (rise edge)
                          0.00    0.00   clock network delay (ideal)
                          2.00    2.00 ^ input external delay
                  0.02    0.01    2.01 ^ rst_n (in)
     1    0.00                           rst_n (net)
                  0.02    0.00    2.01 ^ input10/A (sky130_fd_sc_hd__buf_1)
                  0.11    0.11    2.12 ^ input10/X (sky130_fd_sc_hd__buf_1)
     2    0.01                           net10 (net)
                  0.11    0.00    2.12 ^ fanout27/A (sky130_fd_sc_hd__buf_2)
                  0.15    0.20    2.32 ^ fanout27/X (sky130_fd_sc_hd__buf_2)
     7    0.03                           net27 (net)
                  0.15    0.00    2.32 ^ fanout25/A (sky130_fd_sc_hd__clkbuf_4)
                  0.14    0.23    2.55 ^ fanout25/X (sky130_fd_sc_hd__clkbuf_4)
    10    0.04                           net25 (net)
                  0.14    0.00    2.55 ^ _429_/SET_B (sky130_fd_sc_hd__dfstp_1)
                                  2.55   data arrival time

                  0.15    0.00    0.00   clock clk (rise edge)
                          0.00    0.00   clock network delay (ideal)
                          0.25    0.25   clock uncertainty
                          0.00    0.25   clock reconvergence pessimism
                                  0.25 ^ _429_/CLK (sky130_fd_sc_hd__dfstp_1)
                          0.18    0.43   library removal time
                                  0.43   data required time
-----------------------------------------------------------------------------
                                  0.43   data required time
                                 -2.55   data arrival time
-----------------------------------------------------------------------------
                                  2.12   slack (MET)


Startpoint: _408_ (rising edge-triggered flip-flop clocked by clk)
Endpoint: data_ready (output port clocked by clk)
Path Group: clk
Path Type: min

Fanout     Cap    Slew   Delay    Time   Description
-----------------------------------------------------------------------------
                  0.15    0.00    0.00   clock clk (rise edge)
                          0.00    0.00   clock network delay (ideal)
                  0.15    0.00    0.00 ^ _408_/CLK (sky130_fd_sc_hd__dfrtp_1)
                  0.04    0.33    0.33 ^ _408_/Q (sky130_fd_sc_hd__dfrtp_1)
     1    0.00                           net20 (net)
                  0.04    0.00    0.33 ^ output20/A (sky130_fd_sc_hd__clkbuf_4)
                  0.11    0.18    0.51 ^ output20/X (sky130_fd_sc_hd__clkbuf_4)
     1    0.03                           data_ready (net)
                  0.11    0.00    0.51 ^ data_ready (out)
                                  0.51   data arrival time

                  0.15    0.00    0.00   clock clk (rise edge)
                          0.00    0.00   clock network delay (ideal)
                          0.25    0.25   clock uncertainty
                          0.00    0.25   clock reconvergence pessimism
                         -2.00   -1.75   output external delay
                                 -1.75   data required time
-----------------------------------------------------------------------------
                                 -1.75   data required time
                                 -0.51   data arrival time
-----------------------------------------------------------------------------
                                  2.26   slack (MET)


Startpoint: _429_ (rising edge-triggered flip-flop clocked by clk)
Endpoint: tx_out (output port clocked by clk)
Path Group: clk
Path Type: min

Fanout     Cap    Slew   Delay    Time   Description
-----------------------------------------------------------------------------
                  0.15    0.00    0.00   clock clk (rise edge)
                          0.00    0.00   clock network delay (ideal)
                  0.15    0.00    0.00 ^ _429_/CLK (sky130_fd_sc_hd__dfstp_1)
                  0.02    0.36    0.36 v _429_/Q (sky130_fd_sc_hd__dfstp_1)
     1    0.00                           net22 (net)
                  0.02    0.00    0.36 v output22/A (sky130_fd_sc_hd__buf_2)
                  0.09    0.16    0.52 v output22/X (sky130_fd_sc_hd__buf_2)
     1    0.03                           tx_out (net)
                  0.09    0.00    0.52 v tx_out (out)
                                  0.52   data arrival time

                  0.15    0.00    0.00   clock clk (rise edge)
                          0.00    0.00   clock network delay (ideal)
                          0.25    0.25   clock uncertainty
                          0.00    0.25   clock reconvergence pessimism
                         -2.00   -1.75   output external delay
                                 -1.75   data required time
-----------------------------------------------------------------------------
                                 -1.75   data required time
                                 -0.52   data arrival time
-----------------------------------------------------------------------------
                                  2.27   slack (MET)


Startpoint: _410_ (rising edge-triggered flip-flop clocked by clk)
Endpoint: data_out[1] (output port clocked by clk)
Path Group: clk
Path Type: min

Fanout     Cap    Slew   Delay    Time   Description
-----------------------------------------------------------------------------
                  0.15    0.00    0.00   clock clk (rise edge)
                          0.00    0.00   clock network delay (ideal)
                  0.15    0.00    0.00 ^ _410_/CLK (sky130_fd_sc_hd__dfrtp_1)
                  0.06    0.35    0.35 ^ _410_/Q (sky130_fd_sc_hd__dfrtp_1)
     2    0.01                           net13 (net)
                  0.06    0.00    0.35 ^ output13/A (sky130_fd_sc_hd__clkbuf_4)
                  0.11    0.18    0.53 ^ output13/X (sky130_fd_sc_hd__clkbuf_4)
     1    0.03                           data_out[1] (net)
                  0.11    0.00    0.53 ^ data_out[1] (out)
                                  0.53   data arrival time

                  0.15    0.00    0.00   clock clk (rise edge)
                          0.00    0.00   clock network delay (ideal)
                          0.25    0.25   clock uncertainty
                          0.00    0.25   clock reconvergence pessimism
                         -2.00   -1.75   output external delay
                                 -1.75   data required time
-----------------------------------------------------------------------------
                                 -1.75   data required time
                                 -0.53   data arrival time
-----------------------------------------------------------------------------
                                  2.28   slack (MET)


Startpoint: _414_ (rising edge-triggered flip-flop clocked by clk)
Endpoint: data_out[5] (output port clocked by clk)
Path Group: clk
Path Type: min

Fanout     Cap    Slew   Delay    Time   Description
-----------------------------------------------------------------------------
                  0.15    0.00    0.00   clock clk (rise edge)
                          0.00    0.00   clock network delay (ideal)
                  0.15    0.00    0.00 ^ _414_/CLK (sky130_fd_sc_hd__dfrtp_1)
                  0.06    0.35    0.35 ^ _414_/Q (sky130_fd_sc_hd__dfrtp_1)
     2    0.00                           net17 (net)
                  0.06    0.00    0.35 ^ output17/A (sky130_fd_sc_hd__buf_2)
                  0.17    0.19    0.54 ^ output17/X (sky130_fd_sc_hd__buf_2)
     1    0.03                           data_out[5] (net)
                  0.17    0.00    0.54 ^ data_out[5] (out)
                                  0.54   data arrival time

                  0.15    0.00    0.00   clock clk (rise edge)
                          0.00    0.00   clock network delay (ideal)
                          0.25    0.25   clock uncertainty
                          0.00    0.25   clock reconvergence pessimism
                         -2.00   -1.75   output external delay
                                 -1.75   data required time
-----------------------------------------------------------------------------
                                 -1.75   data required time
                                 -0.54   data arrival time
-----------------------------------------------------------------------------
                                  2.29   slack (MET)


Startpoint: _409_ (rising edge-triggered flip-flop clocked by clk)
Endpoint: data_out[0] (output port clocked by clk)
Path Group: clk
Path Type: min

Fanout     Cap    Slew   Delay    Time   Description
-----------------------------------------------------------------------------
                  0.15    0.00    0.00   clock clk (rise edge)
                          0.00    0.00   clock network delay (ideal)
                  0.15    0.00    0.00 ^ _409_/CLK (sky130_fd_sc_hd__dfrtp_1)
                  0.06    0.35    0.35 ^ _409_/Q (sky130_fd_sc_hd__dfrtp_1)
     2    0.00                           net12 (net)
                  0.06    0.00    0.35 ^ output12/A (sky130_fd_sc_hd__buf_2)
                  0.17    0.19    0.54 ^ output12/X (sky130_fd_sc_hd__buf_2)
     1    0.03                           data_out[0] (net)
                  0.17    0.00    0.54 ^ data_out[0] (out)
                                  0.54   data arrival time

                  0.15    0.00    0.00   clock clk (rise edge)
                          0.00    0.00   clock network delay (ideal)
                          0.25    0.25   clock uncertainty
                          0.00    0.25   clock reconvergence pessimism
                         -2.00   -1.75   output external delay
                                 -1.75   data required time
-----------------------------------------------------------------------------
                                 -1.75   data required time
                                 -0.54   data arrival time
-----------------------------------------------------------------------------
                                  2.29   slack (MET)


Startpoint: _412_ (rising edge-triggered flip-flop clocked by clk)
Endpoint: data_out[3] (output port clocked by clk)
Path Group: clk
Path Type: min

Fanout     Cap    Slew   Delay    Time   Description
-----------------------------------------------------------------------------
                  0.15    0.00    0.00   clock clk (rise edge)
                          0.00    0.00   clock network delay (ideal)
                  0.15    0.00    0.00 ^ _412_/CLK (sky130_fd_sc_hd__dfrtp_1)
                  0.06    0.35    0.35 ^ _412_/Q (sky130_fd_sc_hd__dfrtp_1)
     2    0.00                           net15 (net)
                  0.06    0.00    0.35 ^ output15/A (sky130_fd_sc_hd__buf_2)
                  0.17    0.19    0.54 ^ output15/X (sky130_fd_sc_hd__buf_2)
     1    0.03                           data_out[3] (net)
                  0.17    0.00    0.54 ^ data_out[3] (out)
                                  0.54   data arrival time

                  0.15    0.00    0.00   clock clk (rise edge)
                          0.00    0.00   clock network delay (ideal)
                          0.25    0.25   clock uncertainty
                          0.00    0.25   clock reconvergence pessimism
                         -2.00   -1.75   output external delay
                                 -1.75   data required time
-----------------------------------------------------------------------------
                                 -1.75   data required time
                                 -0.54   data arrival time
-----------------------------------------------------------------------------
                                  2.29   slack (MET)


Startpoint: _413_ (rising edge-triggered flip-flop clocked by clk)
Endpoint: data_out[4] (output port clocked by clk)
Path Group: clk
Path Type: min

Fanout     Cap    Slew   Delay    Time   Description
-----------------------------------------------------------------------------
                  0.15    0.00    0.00   clock clk (rise edge)
                          0.00    0.00   clock network delay (ideal)
                  0.15    0.00    0.00 ^ _413_/CLK (sky130_fd_sc_hd__dfrtp_1)
                  0.07    0.36    0.36 ^ _413_/Q (sky130_fd_sc_hd__dfrtp_1)
     2    0.01                           net16 (net)
                  0.07    0.00    0.36 ^ output16/A (sky130_fd_sc_hd__clkbuf_4)
                  0.11    0.18    0.54 ^ output16/X (sky130_fd_sc_hd__clkbuf_4)
     1    0.03                           data_out[4] (net)
                  0.11    0.00    0.54 ^ data_out[4] (out)
                                  0.54   data arrival time

                  0.15    0.00    0.00   clock clk (rise edge)
                          0.00    0.00   clock network delay (ideal)
                          0.25    0.25   clock uncertainty
                          0.00    0.25   clock reconvergence pessimism
                         -2.00   -1.75   output external delay
                                 -1.75   data required time
-----------------------------------------------------------------------------
                                 -1.75   data required time
                                 -0.54   data arrival time
-----------------------------------------------------------------------------
                                  2.29   slack (MET)


Startpoint: _411_ (rising edge-triggered flip-flop clocked by clk)
Endpoint: data_out[2] (output port clocked by clk)
Path Group: clk
Path Type: min

Fanout     Cap    Slew   Delay    Time   Description
-----------------------------------------------------------------------------
                  0.15    0.00    0.00   clock clk (rise edge)
                          0.00    0.00   clock network delay (ideal)
                  0.15    0.00    0.00 ^ _411_/CLK (sky130_fd_sc_hd__dfrtp_1)
                  0.06    0.35    0.35 ^ _411_/Q (sky130_fd_sc_hd__dfrtp_1)
     2    0.00                           net14 (net)
                  0.06    0.00    0.35 ^ output14/A (sky130_fd_sc_hd__buf_2)
                  0.17    0.19    0.54 ^ output14/X (sky130_fd_sc_hd__buf_2)
     1    0.03                           data_out[2] (net)
                  0.17    0.00    0.54 ^ data_out[2] (out)
                                  0.54   data arrival time

                  0.15    0.00    0.00   clock clk (rise edge)
                          0.00    0.00   clock network delay (ideal)
                          0.25    0.25   clock uncertainty
                          0.00    0.25   clock reconvergence pessimism
                         -2.00   -1.75   output external delay
                                 -1.75   data required time
-----------------------------------------------------------------------------
                                 -1.75   data required time
                                 -0.54   data arrival time
-----------------------------------------------------------------------------
                                  2.29   slack (MET)


Startpoint: _415_ (rising edge-triggered flip-flop clocked by clk)
Endpoint: data_out[6] (output port clocked by clk)
Path Group: clk
Path Type: min

Fanout     Cap    Slew   Delay    Time   Description
-----------------------------------------------------------------------------
                  0.15    0.00    0.00   clock clk (rise edge)
                          0.00    0.00   clock network delay (ideal)
                  0.15    0.00    0.00 ^ _415_/CLK (sky130_fd_sc_hd__dfrtp_1)
                  0.08    0.37    0.37 ^ _415_/Q (sky130_fd_sc_hd__dfrtp_1)
     2    0.01                           net18 (net)
                  0.08    0.00    0.37 ^ output18/A (sky130_fd_sc_hd__buf_2)
                  0.17    0.20    0.57 ^ output18/X (sky130_fd_sc_hd__buf_2)
     1    0.03                           data_out[6] (net)
                  0.17    0.00    0.57 ^ data_out[6] (out)
                                  0.57   data arrival time

                  0.15    0.00    0.00   clock clk (rise edge)
                          0.00    0.00   clock network delay (ideal)
                          0.25    0.25   clock uncertainty
                          0.00    0.25   clock reconvergence pessimism
                         -2.00   -1.75   output external delay
                                 -1.75   data required time
-----------------------------------------------------------------------------
                                 -1.75   data required time
                                 -0.57   data arrival time
-----------------------------------------------------------------------------
                                  2.32   slack (MET)


Startpoint: _416_ (rising edge-triggered flip-flop clocked by clk)
Endpoint: data_out[7] (output port clocked by clk)
Path Group: clk
Path Type: min

Fanout     Cap    Slew   Delay    Time   Description
-----------------------------------------------------------------------------
                  0.15    0.00    0.00   clock clk (rise edge)
                          0.00    0.00   clock network delay (ideal)
                  0.15    0.00    0.00 ^ _416_/CLK (sky130_fd_sc_hd__dfrtp_1)
                  0.09    0.37    0.37 ^ _416_/Q (sky130_fd_sc_hd__dfrtp_1)
     2    0.01                           net19 (net)
                  0.09    0.00    0.37 ^ output19/A (sky130_fd_sc_hd__buf_2)
                  0.17    0.20    0.57 ^ output19/X (sky130_fd_sc_hd__buf_2)
     1    0.03                           data_out[7] (net)
                  0.17    0.00    0.57 ^ data_out[7] (out)
                                  0.57   data arrival time

                  0.15    0.00    0.00   clock clk (rise edge)
                          0.00    0.00   clock network delay (ideal)
                          0.25    0.25   clock uncertainty
                          0.00    0.25   clock reconvergence pessimism
                         -2.00   -1.75   output external delay
                                 -1.75   data required time
-----------------------------------------------------------------------------
                                 -1.75   data required time
                                 -0.57   data arrival time
-----------------------------------------------------------------------------
                                  2.32   slack (MET)


Startpoint: _447_ (rising edge-triggered flip-flop clocked by clk)
Endpoint: tx_busy (output port clocked by clk)
Path Group: clk
Path Type: min

Fanout     Cap    Slew   Delay    Time   Description
-----------------------------------------------------------------------------
                  0.15    0.00    0.00   clock clk (rise edge)
                          0.00    0.00   clock network delay (ideal)
                  0.15    0.00    0.00 ^ _447_/CLK (sky130_fd_sc_hd__dfrtp_1)
                  0.11    0.39    0.39 ^ _447_/Q (sky130_fd_sc_hd__dfrtp_1)
     3    0.01                           net21 (net)
                  0.11    0.00    0.39 ^ output21/A (sky130_fd_sc_hd__clkbuf_4)
                  0.11    0.20    0.59 ^ output21/X (sky130_fd_sc_hd__clkbuf_4)
     1    0.03                           tx_busy (net)
                  0.11    0.00    0.59 ^ tx_busy (out)
                                  0.59   data arrival time

                  0.15    0.00    0.00   clock clk (rise edge)
                          0.00    0.00   clock network delay (ideal)
                          0.25    0.25   clock uncertainty
                          0.00    0.25   clock reconvergence pessimism
                         -2.00   -1.75   output external delay
                                 -1.75   data required time
-----------------------------------------------------------------------------
                                 -1.75   data required time
                                 -0.59   data arrival time
-----------------------------------------------------------------------------
                                  2.34   slack (MET)



