
===========================================================================
report_checks -path_delay max (Setup)
============================================================================
======================= Typical Corner ===================================

Startpoint: rst_n (input port clocked by clk)
Endpoint: _461_ (recovery check against rising-edge clock clk)
Path Group: asynchronous
Path Type: max

Fanout     Cap    Slew   Delay    Time   Description
-----------------------------------------------------------------------------
                  0.15    0.00    0.00   clock clk (rise edge)
                          0.00    0.00   clock network delay (ideal)
                          2.00    2.00 ^ input external delay
                  1.16    0.84    2.84 ^ rst_n (in)
    59    0.26                           rst_n (net)
                  1.16    0.00    2.84 ^ _461_/RESET_B (sky130_fd_sc_hd__dfrtp_2)
                                  2.84   data arrival time

                  0.15   10.00   10.00   clock clk (rise edge)
                          0.00   10.00   clock network delay (ideal)
                         -0.25    9.75   clock uncertainty
                          0.00    9.75   clock reconvergence pessimism
                                  9.75 ^ _461_/CLK (sky130_fd_sc_hd__dfrtp_2)
                         -0.11    9.64   library recovery time
                                  9.64   data required time
-----------------------------------------------------------------------------
                                  9.64   data required time
                                 -2.84   data arrival time
-----------------------------------------------------------------------------
                                  6.80   slack (MET)


Startpoint: rst_n (input port clocked by clk)
Endpoint: _463_ (recovery check against rising-edge clock clk)
Path Group: asynchronous
Path Type: max

Fanout     Cap    Slew   Delay    Time   Description
-----------------------------------------------------------------------------
                  0.15    0.00    0.00   clock clk (rise edge)
                          0.00    0.00   clock network delay (ideal)
                          2.00    2.00 ^ input external delay
                  1.16    0.84    2.84 ^ rst_n (in)
    59    0.26                           rst_n (net)
                  1.16    0.00    2.84 ^ _463_/RESET_B (sky130_fd_sc_hd__dfrtp_2)
                                  2.84   data arrival time

                  0.15   10.00   10.00   clock clk (rise edge)
                          0.00   10.00   clock network delay (ideal)
                         -0.25    9.75   clock uncertainty
                          0.00    9.75   clock reconvergence pessimism
                                  9.75 ^ _463_/CLK (sky130_fd_sc_hd__dfrtp_2)
                         -0.11    9.64   library recovery time
                                  9.64   data required time
-----------------------------------------------------------------------------
                                  9.64   data required time
                                 -2.84   data arrival time
-----------------------------------------------------------------------------
                                  6.80   slack (MET)


Startpoint: rst_n (input port clocked by clk)
Endpoint: _408_ (recovery check against rising-edge clock clk)
Path Group: asynchronous
Path Type: max

Fanout     Cap    Slew   Delay    Time   Description
-----------------------------------------------------------------------------
                  0.15    0.00    0.00   clock clk (rise edge)
                          0.00    0.00   clock network delay (ideal)
                          2.00    2.00 ^ input external delay
                  1.16    0.84    2.84 ^ rst_n (in)
    59    0.26                           rst_n (net)
                  1.16    0.00    2.84 ^ _408_/RESET_B (sky130_fd_sc_hd__dfrtp_2)
                                  2.84   data arrival time

                  0.15   10.00   10.00   clock clk (rise edge)
                          0.00   10.00   clock network delay (ideal)
                         -0.25    9.75   clock uncertainty
                          0.00    9.75   clock reconvergence pessimism
                                  9.75 ^ _408_/CLK (sky130_fd_sc_hd__dfrtp_2)
                         -0.11    9.64   library recovery time
                                  9.64   data required time
-----------------------------------------------------------------------------
                                  9.64   data required time
                                 -2.84   data arrival time
-----------------------------------------------------------------------------
                                  6.80   slack (MET)


Startpoint: rst_n (input port clocked by clk)
Endpoint: _447_ (recovery check against rising-edge clock clk)
Path Group: asynchronous
Path Type: max

Fanout     Cap    Slew   Delay    Time   Description
-----------------------------------------------------------------------------
                  0.15    0.00    0.00   clock clk (rise edge)
                          0.00    0.00   clock network delay (ideal)
                          2.00    2.00 ^ input external delay
                  1.16    0.84    2.84 ^ rst_n (in)
    59    0.26                           rst_n (net)
                  1.16    0.00    2.84 ^ _447_/RESET_B (sky130_fd_sc_hd__dfrtp_2)
                                  2.84   data arrival time

                  0.15   10.00   10.00   clock clk (rise edge)
                          0.00   10.00   clock network delay (ideal)
                         -0.25    9.75   clock uncertainty
                          0.00    9.75   clock reconvergence pessimism
                                  9.75 ^ _447_/CLK (sky130_fd_sc_hd__dfrtp_2)
                         -0.11    9.64   library recovery time
                                  9.64   data required time
-----------------------------------------------------------------------------
                                  9.64   data required time
                                 -2.84   data arrival time
-----------------------------------------------------------------------------
                                  6.80   slack (MET)


Startpoint: rst_n (input port clocked by clk)
Endpoint: _468_ (recovery check against rising-edge clock clk)
Path Group: asynchronous
Path Type: max

Fanout     Cap    Slew   Delay    Time   Description
-----------------------------------------------------------------------------
                  0.15    0.00    0.00   clock clk (rise edge)
                          0.00    0.00   clock network delay (ideal)
                          2.00    2.00 ^ input external delay
                  1.16    0.84    2.84 ^ rst_n (in)
    59    0.26                           rst_n (net)
                  1.16    0.00    2.84 ^ _468_/RESET_B (sky130_fd_sc_hd__dfrtp_2)
                                  2.84   data arrival time

                  0.15   10.00   10.00   clock clk (rise edge)
                          0.00   10.00   clock network delay (ideal)
                         -0.25    9.75   clock uncertainty
                          0.00    9.75   clock reconvergence pessimism
                                  9.75 ^ _468_/CLK (sky130_fd_sc_hd__dfrtp_2)
                         -0.11    9.64   library recovery time
                                  9.64   data required time
-----------------------------------------------------------------------------
                                  9.64   data required time
                                 -2.84   data arrival time
-----------------------------------------------------------------------------
                                  6.80   slack (MET)


Startpoint: rst_n (input port clocked by clk)
Endpoint: _464_ (recovery check against rising-edge clock clk)
Path Group: asynchronous
Path Type: max

Fanout     Cap    Slew   Delay    Time   Description
-----------------------------------------------------------------------------
                  0.15    0.00    0.00   clock clk (rise edge)
                          0.00    0.00   clock network delay (ideal)
                          2.00    2.00 ^ input external delay
                  1.16    0.84    2.84 ^ rst_n (in)
    59    0.26                           rst_n (net)
                  1.16    0.00    2.84 ^ _464_/RESET_B (sky130_fd_sc_hd__dfrtp_2)
                                  2.84   data arrival time

                  0.15   10.00   10.00   clock clk (rise edge)
                          0.00   10.00   clock network delay (ideal)
                         -0.25    9.75   clock uncertainty
                          0.00    9.75   clock reconvergence pessimism
                                  9.75 ^ _464_/CLK (sky130_fd_sc_hd__dfrtp_2)
                         -0.11    9.64   library recovery time
                                  9.64   data required time
-----------------------------------------------------------------------------
                                  9.64   data required time
                                 -2.84   data arrival time
-----------------------------------------------------------------------------
                                  6.80   slack (MET)


Startpoint: rst_n (input port clocked by clk)
Endpoint: _450_ (recovery check against rising-edge clock clk)
Path Group: asynchronous
Path Type: max

Fanout     Cap    Slew   Delay    Time   Description
-----------------------------------------------------------------------------
                  0.15    0.00    0.00   clock clk (rise edge)
                          0.00    0.00   clock network delay (ideal)
                          2.00    2.00 ^ input external delay
                  1.16    0.84    2.84 ^ rst_n (in)
    59    0.26                           rst_n (net)
                  1.16    0.00    2.84 ^ _450_/RESET_B (sky130_fd_sc_hd__dfrtp_2)
                                  2.84   data arrival time

                  0.15   10.00   10.00   clock clk (rise edge)
                          0.00   10.00   clock network delay (ideal)
                         -0.25    9.75   clock uncertainty
                          0.00    9.75   clock reconvergence pessimism
                                  9.75 ^ _450_/CLK (sky130_fd_sc_hd__dfrtp_2)
                         -0.11    9.64   library recovery time
                                  9.64   data required time
-----------------------------------------------------------------------------
                                  9.64   data required time
                                 -2.84   data arrival time
-----------------------------------------------------------------------------
                                  6.80   slack (MET)


Startpoint: rst_n (input port clocked by clk)
Endpoint: _449_ (recovery check against rising-edge clock clk)
Path Group: asynchronous
Path Type: max

Fanout     Cap    Slew   Delay    Time   Description
-----------------------------------------------------------------------------
                  0.15    0.00    0.00   clock clk (rise edge)
                          0.00    0.00   clock network delay (ideal)
                          2.00    2.00 ^ input external delay
                  1.16    0.84    2.84 ^ rst_n (in)
    59    0.26                           rst_n (net)
                  1.16    0.00    2.84 ^ _449_/RESET_B (sky130_fd_sc_hd__dfrtp_2)
                                  2.84   data arrival time

                  0.15   10.00   10.00   clock clk (rise edge)
                          0.00   10.00   clock network delay (ideal)
                         -0.25    9.75   clock uncertainty
                          0.00    9.75   clock reconvergence pessimism
                                  9.75 ^ _449_/CLK (sky130_fd_sc_hd__dfrtp_2)
                         -0.11    9.64   library recovery time
                                  9.64   data required time
-----------------------------------------------------------------------------
                                  9.64   data required time
                                 -2.84   data arrival time
-----------------------------------------------------------------------------
                                  6.80   slack (MET)


Startpoint: rst_n (input port clocked by clk)
Endpoint: _448_ (recovery check against rising-edge clock clk)
Path Group: asynchronous
Path Type: max

Fanout     Cap    Slew   Delay    Time   Description
-----------------------------------------------------------------------------
                  0.15    0.00    0.00   clock clk (rise edge)
                          0.00    0.00   clock network delay (ideal)
                          2.00    2.00 ^ input external delay
                  1.16    0.84    2.84 ^ rst_n (in)
    59    0.26                           rst_n (net)
                  1.16    0.00    2.84 ^ _448_/RESET_B (sky130_fd_sc_hd__dfrtp_2)
                                  2.84   data arrival time

                  0.15   10.00   10.00   clock clk (rise edge)
                          0.00   10.00   clock network delay (ideal)
                         -0.25    9.75   clock uncertainty
                          0.00    9.75   clock reconvergence pessimism
                                  9.75 ^ _448_/CLK (sky130_fd_sc_hd__dfrtp_2)
                         -0.11    9.64   library recovery time
                                  9.64   data required time
-----------------------------------------------------------------------------
                                  9.64   data required time
                                 -2.84   data arrival time
-----------------------------------------------------------------------------
                                  6.80   slack (MET)


Startpoint: rst_n (input port clocked by clk)
Endpoint: _467_ (recovery check against rising-edge clock clk)
Path Group: asynchronous
Path Type: max

Fanout     Cap    Slew   Delay    Time   Description
-----------------------------------------------------------------------------
                  0.15    0.00    0.00   clock clk (rise edge)
                          0.00    0.00   clock network delay (ideal)
                          2.00    2.00 ^ input external delay
                  1.16    0.84    2.84 ^ rst_n (in)
    59    0.26                           rst_n (net)
                  1.16    0.00    2.84 ^ _467_/RESET_B (sky130_fd_sc_hd__dfrtp_2)
                                  2.84   data arrival time

                  0.15   10.00   10.00   clock clk (rise edge)
                          0.00   10.00   clock network delay (ideal)
                         -0.25    9.75   clock uncertainty
                          0.00    9.75   clock reconvergence pessimism
                                  9.75 ^ _467_/CLK (sky130_fd_sc_hd__dfrtp_2)
                         -0.11    9.64   library recovery time
                                  9.64   data required time
-----------------------------------------------------------------------------
                                  9.64   data required time
                                 -2.84   data arrival time
-----------------------------------------------------------------------------
                                  6.80   slack (MET)


Startpoint: rst_n (input port clocked by clk)
Endpoint: _445_ (recovery check against rising-edge clock clk)
Path Group: asynchronous
Path Type: max

Fanout     Cap    Slew   Delay    Time   Description
-----------------------------------------------------------------------------
                  0.15    0.00    0.00   clock clk (rise edge)
                          0.00    0.00   clock network delay (ideal)
                          2.00    2.00 ^ input external delay
                  1.16    0.84    2.84 ^ rst_n (in)
    59    0.26                           rst_n (net)
                  1.16    0.00    2.84 ^ _445_/RESET_B (sky130_fd_sc_hd__dfrtp_2)
                                  2.84   data arrival time

                  0.15   10.00   10.00   clock clk (rise edge)
                          0.00   10.00   clock network delay (ideal)
                         -0.25    9.75   clock uncertainty
                          0.00    9.75   clock reconvergence pessimism
                                  9.75 ^ _445_/CLK (sky130_fd_sc_hd__dfrtp_2)
                         -0.11    9.64   library recovery time
                                  9.64   data required time
-----------------------------------------------------------------------------
                                  9.64   data required time
                                 -2.84   data arrival time
-----------------------------------------------------------------------------
                                  6.80   slack (MET)


Startpoint: rst_n (input port clocked by clk)
Endpoint: _466_ (recovery check against rising-edge clock clk)
Path Group: asynchronous
Path Type: max

Fanout     Cap    Slew   Delay    Time   Description
-----------------------------------------------------------------------------
                  0.15    0.00    0.00   clock clk (rise edge)
                          0.00    0.00   clock network delay (ideal)
                          2.00    2.00 ^ input external delay
                  1.16    0.84    2.84 ^ rst_n (in)
    59    0.26                           rst_n (net)
                  1.16    0.00    2.84 ^ _466_/RESET_B (sky130_fd_sc_hd__dfrtp_2)
                                  2.84   data arrival time

                  0.15   10.00   10.00   clock clk (rise edge)
                          0.00   10.00   clock network delay (ideal)
                         -0.25    9.75   clock uncertainty
                          0.00    9.75   clock reconvergence pessimism
                                  9.75 ^ _466_/CLK (sky130_fd_sc_hd__dfrtp_2)
                         -0.11    9.64   library recovery time
                                  9.64   data required time
-----------------------------------------------------------------------------
                                  9.64   data required time
                                 -2.84   data arrival time
-----------------------------------------------------------------------------
                                  6.80   slack (MET)


Startpoint: rst_n (input port clocked by clk)
Endpoint: _457_ (recovery check against rising-edge clock clk)
Path Group: asynchronous
Path Type: max

Fanout     Cap    Slew   Delay    Time   Description
-----------------------------------------------------------------------------
                  0.15    0.00    0.00   clock clk (rise edge)
                          0.00    0.00   clock network delay (ideal)
                          2.00    2.00 ^ input external delay
                  1.16    0.84    2.84 ^ rst_n (in)
    59    0.26                           rst_n (net)
                  1.16    0.00    2.84 ^ _457_/RESET_B (sky130_fd_sc_hd__dfrtp_2)
                                  2.84   data arrival time

                  0.15   10.00   10.00   clock clk (rise edge)
                          0.00   10.00   clock network delay (ideal)
                         -0.25    9.75   clock uncertainty
                          0.00    9.75   clock reconvergence pessimism
                                  9.75 ^ _457_/CLK (sky130_fd_sc_hd__dfrtp_2)
                         -0.11    9.64   library recovery time
                                  9.64   data required time
-----------------------------------------------------------------------------
                                  9.64   data required time
                                 -2.84   data arrival time
-----------------------------------------------------------------------------
                                  6.80   slack (MET)


Startpoint: rst_n (input port clocked by clk)
Endpoint: _459_ (recovery check against rising-edge clock clk)
Path Group: asynchronous
Path Type: max

Fanout     Cap    Slew   Delay    Time   Description
-----------------------------------------------------------------------------
                  0.15    0.00    0.00   clock clk (rise edge)
                          0.00    0.00   clock network delay (ideal)
                          2.00    2.00 ^ input external delay
                  1.16    0.84    2.84 ^ rst_n (in)
    59    0.26                           rst_n (net)
                  1.16    0.00    2.84 ^ _459_/RESET_B (sky130_fd_sc_hd__dfrtp_2)
                                  2.84   data arrival time

                  0.15   10.00   10.00   clock clk (rise edge)
                          0.00   10.00   clock network delay (ideal)
                         -0.25    9.75   clock uncertainty
                          0.00    9.75   clock reconvergence pessimism
                                  9.75 ^ _459_/CLK (sky130_fd_sc_hd__dfrtp_2)
                         -0.11    9.64   library recovery time
                                  9.64   data required time
-----------------------------------------------------------------------------
                                  9.64   data required time
                                 -2.84   data arrival time
-----------------------------------------------------------------------------
                                  6.80   slack (MET)


Startpoint: rst_n (input port clocked by clk)
Endpoint: _438_ (recovery check against rising-edge clock clk)
Path Group: asynchronous
Path Type: max

Fanout     Cap    Slew   Delay    Time   Description
-----------------------------------------------------------------------------
                  0.15    0.00    0.00   clock clk (rise edge)
                          0.00    0.00   clock network delay (ideal)
                          2.00    2.00 ^ input external delay
                  1.16    0.84    2.84 ^ rst_n (in)
    59    0.26                           rst_n (net)
                  1.16    0.00    2.84 ^ _438_/RESET_B (sky130_fd_sc_hd__dfrtp_2)
                                  2.84   data arrival time

                  0.15   10.00   10.00   clock clk (rise edge)
                          0.00   10.00   clock network delay (ideal)
                         -0.25    9.75   clock uncertainty
                          0.00    9.75   clock reconvergence pessimism
                                  9.75 ^ _438_/CLK (sky130_fd_sc_hd__dfrtp_2)
                         -0.11    9.64   library recovery time
                                  9.64   data required time
-----------------------------------------------------------------------------
                                  9.64   data required time
                                 -2.84   data arrival time
-----------------------------------------------------------------------------
                                  6.80   slack (MET)


Startpoint: rst_n (input port clocked by clk)
Endpoint: _439_ (recovery check against rising-edge clock clk)
Path Group: asynchronous
Path Type: max

Fanout     Cap    Slew   Delay    Time   Description
-----------------------------------------------------------------------------
                  0.15    0.00    0.00   clock clk (rise edge)
                          0.00    0.00   clock network delay (ideal)
                          2.00    2.00 ^ input external delay
                  1.16    0.84    2.84 ^ rst_n (in)
    59    0.26                           rst_n (net)
                  1.16    0.00    2.84 ^ _439_/RESET_B (sky130_fd_sc_hd__dfrtp_2)
                                  2.84   data arrival time

                  0.15   10.00   10.00   clock clk (rise edge)
                          0.00   10.00   clock network delay (ideal)
                         -0.25    9.75   clock uncertainty
                          0.00    9.75   clock reconvergence pessimism
                                  9.75 ^ _439_/CLK (sky130_fd_sc_hd__dfrtp_2)
                         -0.11    9.64   library recovery time
                                  9.64   data required time
-----------------------------------------------------------------------------
                                  9.64   data required time
                                 -2.84   data arrival time
-----------------------------------------------------------------------------
                                  6.80   slack (MET)


Startpoint: rst_n (input port clocked by clk)
Endpoint: _460_ (recovery check against rising-edge clock clk)
Path Group: asynchronous
Path Type: max

Fanout     Cap    Slew   Delay    Time   Description
-----------------------------------------------------------------------------
                  0.15    0.00    0.00   clock clk (rise edge)
                          0.00    0.00   clock network delay (ideal)
                          2.00    2.00 ^ input external delay
                  1.16    0.84    2.84 ^ rst_n (in)
    59    0.26                           rst_n (net)
                  1.16    0.00    2.84 ^ _460_/RESET_B (sky130_fd_sc_hd__dfrtp_2)
                                  2.84   data arrival time

                  0.15   10.00   10.00   clock clk (rise edge)
                          0.00   10.00   clock network delay (ideal)
                         -0.25    9.75   clock uncertainty
                          0.00    9.75   clock reconvergence pessimism
                                  9.75 ^ _460_/CLK (sky130_fd_sc_hd__dfrtp_2)
                         -0.11    9.64   library recovery time
                                  9.64   data required time
-----------------------------------------------------------------------------
                                  9.64   data required time
                                 -2.84   data arrival time
-----------------------------------------------------------------------------
                                  6.80   slack (MET)


Startpoint: rst_n (input port clocked by clk)
Endpoint: _462_ (recovery check against rising-edge clock clk)
Path Group: asynchronous
Path Type: max

Fanout     Cap    Slew   Delay    Time   Description
-----------------------------------------------------------------------------
                  0.15    0.00    0.00   clock clk (rise edge)
                          0.00    0.00   clock network delay (ideal)
                          2.00    2.00 ^ input external delay
                  1.16    0.84    2.84 ^ rst_n (in)
    59    0.26                           rst_n (net)
                  1.16    0.00    2.84 ^ _462_/RESET_B (sky130_fd_sc_hd__dfrtp_2)
                                  2.84   data arrival time

                  0.15   10.00   10.00   clock clk (rise edge)
                          0.00   10.00   clock network delay (ideal)
                         -0.25    9.75   clock uncertainty
                          0.00    9.75   clock reconvergence pessimism
                                  9.75 ^ _462_/CLK (sky130_fd_sc_hd__dfrtp_2)
                         -0.11    9.64   library recovery time
                                  9.64   data required time
-----------------------------------------------------------------------------
                                  9.64   data required time
                                 -2.84   data arrival time
-----------------------------------------------------------------------------
                                  6.80   slack (MET)


Startpoint: rst_n (input port clocked by clk)
Endpoint: _446_ (recovery check against rising-edge clock clk)
Path Group: asynchronous
Path Type: max

Fanout     Cap    Slew   Delay    Time   Description
-----------------------------------------------------------------------------
                  0.15    0.00    0.00   clock clk (rise edge)
                          0.00    0.00   clock network delay (ideal)
                          2.00    2.00 ^ input external delay
                  1.16    0.84    2.84 ^ rst_n (in)
    59    0.26                           rst_n (net)
                  1.16    0.00    2.84 ^ _446_/RESET_B (sky130_fd_sc_hd__dfrtp_2)
                                  2.84   data arrival time

                  0.15   10.00   10.00   clock clk (rise edge)
                          0.00   10.00   clock network delay (ideal)
                         -0.25    9.75   clock uncertainty
                          0.00    9.75   clock reconvergence pessimism
                                  9.75 ^ _446_/CLK (sky130_fd_sc_hd__dfrtp_2)
                         -0.11    9.64   library recovery time
                                  9.64   data required time
-----------------------------------------------------------------------------
                                  9.64   data required time
                                 -2.84   data arrival time
-----------------------------------------------------------------------------
                                  6.80   slack (MET)


Startpoint: rst_n (input port clocked by clk)
Endpoint: _444_ (recovery check against rising-edge clock clk)
Path Group: asynchronous
Path Type: max

Fanout     Cap    Slew   Delay    Time   Description
-----------------------------------------------------------------------------
                  0.15    0.00    0.00   clock clk (rise edge)
                          0.00    0.00   clock network delay (ideal)
                          2.00    2.00 ^ input external delay
                  1.16    0.84    2.84 ^ rst_n (in)
    59    0.26                           rst_n (net)
                  1.16    0.00    2.84 ^ _444_/RESET_B (sky130_fd_sc_hd__dfrtp_2)
                                  2.84   data arrival time

                  0.15   10.00   10.00   clock clk (rise edge)
                          0.00   10.00   clock network delay (ideal)
                         -0.25    9.75   clock uncertainty
                          0.00    9.75   clock reconvergence pessimism
                                  9.75 ^ _444_/CLK (sky130_fd_sc_hd__dfrtp_2)
                         -0.11    9.64   library recovery time
                                  9.64   data required time
-----------------------------------------------------------------------------
                                  9.64   data required time
                                 -2.84   data arrival time
-----------------------------------------------------------------------------
                                  6.80   slack (MET)


Startpoint: rst_n (input port clocked by clk)
Endpoint: _443_ (recovery check against rising-edge clock clk)
Path Group: asynchronous
Path Type: max

Fanout     Cap    Slew   Delay    Time   Description
-----------------------------------------------------------------------------
                  0.15    0.00    0.00   clock clk (rise edge)
                          0.00    0.00   clock network delay (ideal)
                          2.00    2.00 ^ input external delay
                  1.16    0.84    2.84 ^ rst_n (in)
    59    0.26                           rst_n (net)
                  1.16    0.00    2.84 ^ _443_/RESET_B (sky130_fd_sc_hd__dfrtp_2)
                                  2.84   data arrival time

                  0.15   10.00   10.00   clock clk (rise edge)
                          0.00   10.00   clock network delay (ideal)
                         -0.25    9.75   clock uncertainty
                          0.00    9.75   clock reconvergence pessimism
                                  9.75 ^ _443_/CLK (sky130_fd_sc_hd__dfrtp_2)
                         -0.11    9.64   library recovery time
                                  9.64   data required time
-----------------------------------------------------------------------------
                                  9.64   data required time
                                 -2.84   data arrival time
-----------------------------------------------------------------------------
                                  6.80   slack (MET)


Startpoint: rst_n (input port clocked by clk)
Endpoint: _417_ (recovery check against rising-edge clock clk)
Path Group: asynchronous
Path Type: max

Fanout     Cap    Slew   Delay    Time   Description
-----------------------------------------------------------------------------
                  0.15    0.00    0.00   clock clk (rise edge)
                          0.00    0.00   clock network delay (ideal)
                          2.00    2.00 ^ input external delay
                  1.16    0.84    2.84 ^ rst_n (in)
    59    0.26                           rst_n (net)
                  1.16    0.00    2.84 ^ _417_/RESET_B (sky130_fd_sc_hd__dfrtp_2)
                                  2.84   data arrival time

                  0.15   10.00   10.00   clock clk (rise edge)
                          0.00   10.00   clock network delay (ideal)
                         -0.25    9.75   clock uncertainty
                          0.00    9.75   clock reconvergence pessimism
                                  9.75 ^ _417_/CLK (sky130_fd_sc_hd__dfrtp_2)
                         -0.11    9.64   library recovery time
                                  9.64   data required time
-----------------------------------------------------------------------------
                                  9.64   data required time
                                 -2.84   data arrival time
-----------------------------------------------------------------------------
                                  6.80   slack (MET)


Startpoint: rst_n (input port clocked by clk)
Endpoint: _458_ (recovery check against rising-edge clock clk)
Path Group: asynchronous
Path Type: max

Fanout     Cap    Slew   Delay    Time   Description
-----------------------------------------------------------------------------
                  0.15    0.00    0.00   clock clk (rise edge)
                          0.00    0.00   clock network delay (ideal)
                          2.00    2.00 ^ input external delay
                  1.16    0.84    2.84 ^ rst_n (in)
    59    0.26                           rst_n (net)
                  1.16    0.00    2.84 ^ _458_/RESET_B (sky130_fd_sc_hd__dfrtp_2)
                                  2.84   data arrival time

                  0.15   10.00   10.00   clock clk (rise edge)
                          0.00   10.00   clock network delay (ideal)
                         -0.25    9.75   clock uncertainty
                          0.00    9.75   clock reconvergence pessimism
                                  9.75 ^ _458_/CLK (sky130_fd_sc_hd__dfrtp_2)
                         -0.11    9.64   library recovery time
                                  9.64   data required time
-----------------------------------------------------------------------------
                                  9.64   data required time
                                 -2.84   data arrival time
-----------------------------------------------------------------------------
                                  6.80   slack (MET)


Startpoint: rst_n (input port clocked by clk)
Endpoint: _440_ (recovery check against rising-edge clock clk)
Path Group: asynchronous
Path Type: max

Fanout     Cap    Slew   Delay    Time   Description
-----------------------------------------------------------------------------
                  0.15    0.00    0.00   clock clk (rise edge)
                          0.00    0.00   clock network delay (ideal)
                          2.00    2.00 ^ input external delay
                  1.16    0.84    2.84 ^ rst_n (in)
    59    0.26                           rst_n (net)
                  1.16    0.00    2.84 ^ _440_/RESET_B (sky130_fd_sc_hd__dfrtp_2)
                                  2.84   data arrival time

                  0.15   10.00   10.00   clock clk (rise edge)
                          0.00   10.00   clock network delay (ideal)
                         -0.25    9.75   clock uncertainty
                          0.00    9.75   clock reconvergence pessimism
                                  9.75 ^ _440_/CLK (sky130_fd_sc_hd__dfrtp_2)
                         -0.11    9.64   library recovery time
                                  9.64   data required time
-----------------------------------------------------------------------------
                                  9.64   data required time
                                 -2.84   data arrival time
-----------------------------------------------------------------------------
                                  6.80   slack (MET)


Startpoint: rst_n (input port clocked by clk)
Endpoint: _418_ (recovery check against rising-edge clock clk)
Path Group: asynchronous
Path Type: max

Fanout     Cap    Slew   Delay    Time   Description
-----------------------------------------------------------------------------
                  0.15    0.00    0.00   clock clk (rise edge)
                          0.00    0.00   clock network delay (ideal)
                          2.00    2.00 ^ input external delay
                  1.16    0.84    2.84 ^ rst_n (in)
    59    0.26                           rst_n (net)
                  1.16    0.00    2.84 ^ _418_/RESET_B (sky130_fd_sc_hd__dfrtp_2)
                                  2.84   data arrival time

                  0.15   10.00   10.00   clock clk (rise edge)
                          0.00   10.00   clock network delay (ideal)
                         -0.25    9.75   clock uncertainty
                          0.00    9.75   clock reconvergence pessimism
                                  9.75 ^ _418_/CLK (sky130_fd_sc_hd__dfrtp_2)
                         -0.11    9.64   library recovery time
                                  9.64   data required time
-----------------------------------------------------------------------------
                                  9.64   data required time
                                 -2.84   data arrival time
-----------------------------------------------------------------------------
                                  6.80   slack (MET)


Startpoint: rst_n (input port clocked by clk)
Endpoint: _442_ (recovery check against rising-edge clock clk)
Path Group: asynchronous
Path Type: max

Fanout     Cap    Slew   Delay    Time   Description
-----------------------------------------------------------------------------
                  0.15    0.00    0.00   clock clk (rise edge)
                          0.00    0.00   clock network delay (ideal)
                          2.00    2.00 ^ input external delay
                  1.16    0.84    2.84 ^ rst_n (in)
    59    0.26                           rst_n (net)
                  1.16    0.00    2.84 ^ _442_/RESET_B (sky130_fd_sc_hd__dfrtp_2)
                                  2.84   data arrival time

                  0.15   10.00   10.00   clock clk (rise edge)
                          0.00   10.00   clock network delay (ideal)
                         -0.25    9.75   clock uncertainty
                          0.00    9.75   clock reconvergence pessimism
                                  9.75 ^ _442_/CLK (sky130_fd_sc_hd__dfrtp_2)
                         -0.11    9.64   library recovery time
                                  9.64   data required time
-----------------------------------------------------------------------------
                                  9.64   data required time
                                 -2.84   data arrival time
-----------------------------------------------------------------------------
                                  6.80   slack (MET)


Startpoint: rst_n (input port clocked by clk)
Endpoint: _419_ (recovery check against rising-edge clock clk)
Path Group: asynchronous
Path Type: max

Fanout     Cap    Slew   Delay    Time   Description
-----------------------------------------------------------------------------
                  0.15    0.00    0.00   clock clk (rise edge)
                          0.00    0.00   clock network delay (ideal)
                          2.00    2.00 ^ input external delay
                  1.16    0.84    2.84 ^ rst_n (in)
    59    0.26                           rst_n (net)
                  1.16    0.00    2.84 ^ _419_/RESET_B (sky130_fd_sc_hd__dfrtp_2)
                                  2.84   data arrival time

                  0.15   10.00   10.00   clock clk (rise edge)
                          0.00   10.00   clock network delay (ideal)
                         -0.25    9.75   clock uncertainty
                          0.00    9.75   clock reconvergence pessimism
                                  9.75 ^ _419_/CLK (sky130_fd_sc_hd__dfrtp_2)
                         -0.11    9.64   library recovery time
                                  9.64   data required time
-----------------------------------------------------------------------------
                                  9.64   data required time
                                 -2.84   data arrival time
-----------------------------------------------------------------------------
                                  6.80   slack (MET)


Startpoint: rst_n (input port clocked by clk)
Endpoint: _441_ (recovery check against rising-edge clock clk)
Path Group: asynchronous
Path Type: max

Fanout     Cap    Slew   Delay    Time   Description
-----------------------------------------------------------------------------
                  0.15    0.00    0.00   clock clk (rise edge)
                          0.00    0.00   clock network delay (ideal)
                          2.00    2.00 ^ input external delay
                  1.16    0.84    2.84 ^ rst_n (in)
    59    0.26                           rst_n (net)
                  1.16    0.00    2.84 ^ _441_/RESET_B (sky130_fd_sc_hd__dfrtp_2)
                                  2.84   data arrival time

                  0.15   10.00   10.00   clock clk (rise edge)
                          0.00   10.00   clock network delay (ideal)
                         -0.25    9.75   clock uncertainty
                          0.00    9.75   clock reconvergence pessimism
                                  9.75 ^ _441_/CLK (sky130_fd_sc_hd__dfrtp_2)
                         -0.11    9.64   library recovery time
                                  9.64   data required time
-----------------------------------------------------------------------------
                                  9.64   data required time
                                 -2.84   data arrival time
-----------------------------------------------------------------------------
                                  6.80   slack (MET)


Startpoint: rst_n (input port clocked by clk)
Endpoint: _420_ (recovery check against rising-edge clock clk)
Path Group: asynchronous
Path Type: max

Fanout     Cap    Slew   Delay    Time   Description
-----------------------------------------------------------------------------
                  0.15    0.00    0.00   clock clk (rise edge)
                          0.00    0.00   clock network delay (ideal)
                          2.00    2.00 ^ input external delay
                  1.16    0.84    2.84 ^ rst_n (in)
    59    0.26                           rst_n (net)
                  1.16    0.00    2.84 ^ _420_/RESET_B (sky130_fd_sc_hd__dfrtp_2)
                                  2.84   data arrival time

                  0.15   10.00   10.00   clock clk (rise edge)
                          0.00   10.00   clock network delay (ideal)
                         -0.25    9.75   clock uncertainty
                          0.00    9.75   clock reconvergence pessimism
                                  9.75 ^ _420_/CLK (sky130_fd_sc_hd__dfrtp_2)
                         -0.11    9.64   library recovery time
                                  9.64   data required time
-----------------------------------------------------------------------------
                                  9.64   data required time
                                 -2.84   data arrival time
-----------------------------------------------------------------------------
                                  6.80   slack (MET)


Startpoint: rst_n (input port clocked by clk)
Endpoint: _416_ (recovery check against rising-edge clock clk)
Path Group: asynchronous
Path Type: max

Fanout     Cap    Slew   Delay    Time   Description
-----------------------------------------------------------------------------
                  0.15    0.00    0.00   clock clk (rise edge)
                          0.00    0.00   clock network delay (ideal)
                          2.00    2.00 ^ input external delay
                  1.16    0.84    2.84 ^ rst_n (in)
    59    0.26                           rst_n (net)
                  1.16    0.00    2.84 ^ _416_/RESET_B (sky130_fd_sc_hd__dfrtp_2)
                                  2.84   data arrival time

                  0.15   10.00   10.00   clock clk (rise edge)
                          0.00   10.00   clock network delay (ideal)
                         -0.25    9.75   clock uncertainty
                          0.00    9.75   clock reconvergence pessimism
                                  9.75 ^ _416_/CLK (sky130_fd_sc_hd__dfrtp_2)
                         -0.11    9.64   library recovery time
                                  9.64   data required time
-----------------------------------------------------------------------------
                                  9.64   data required time
                                 -2.84   data arrival time
-----------------------------------------------------------------------------
                                  6.80   slack (MET)


Startpoint: rst_n (input port clocked by clk)
Endpoint: _455_ (recovery check against rising-edge clock clk)
Path Group: asynchronous
Path Type: max

Fanout     Cap    Slew   Delay    Time   Description
-----------------------------------------------------------------------------
                  0.15    0.00    0.00   clock clk (rise edge)
                          0.00    0.00   clock network delay (ideal)
                          2.00    2.00 ^ input external delay
                  1.16    0.84    2.84 ^ rst_n (in)
    59    0.26                           rst_n (net)
                  1.16    0.00    2.84 ^ _455_/RESET_B (sky130_fd_sc_hd__dfrtp_2)
                                  2.84   data arrival time

                  0.15   10.00   10.00   clock clk (rise edge)
                          0.00   10.00   clock network delay (ideal)
                         -0.25    9.75   clock uncertainty
                          0.00    9.75   clock reconvergence pessimism
                                  9.75 ^ _455_/CLK (sky130_fd_sc_hd__dfrtp_2)
                         -0.11    9.64   library recovery time
                                  9.64   data required time
-----------------------------------------------------------------------------
                                  9.64   data required time
                                 -2.84   data arrival time
-----------------------------------------------------------------------------
                                  6.80   slack (MET)


Startpoint: rst_n (input port clocked by clk)
Endpoint: _456_ (recovery check against rising-edge clock clk)
Path Group: asynchronous
Path Type: max

Fanout     Cap    Slew   Delay    Time   Description
-----------------------------------------------------------------------------
                  0.15    0.00    0.00   clock clk (rise edge)
                          0.00    0.00   clock network delay (ideal)
                          2.00    2.00 ^ input external delay
                  1.16    0.84    2.84 ^ rst_n (in)
    59    0.26                           rst_n (net)
                  1.16    0.00    2.84 ^ _456_/RESET_B (sky130_fd_sc_hd__dfrtp_2)
                                  2.84   data arrival time

                  0.15   10.00   10.00   clock clk (rise edge)
                          0.00   10.00   clock network delay (ideal)
                         -0.25    9.75   clock uncertainty
                          0.00    9.75   clock reconvergence pessimism
                                  9.75 ^ _456_/CLK (sky130_fd_sc_hd__dfrtp_2)
                         -0.11    9.64   library recovery time
                                  9.64   data required time
-----------------------------------------------------------------------------
                                  9.64   data required time
                                 -2.84   data arrival time
-----------------------------------------------------------------------------
                                  6.80   slack (MET)


Startpoint: rst_n (input port clocked by clk)
Endpoint: _437_ (recovery check against rising-edge clock clk)
Path Group: asynchronous
Path Type: max

Fanout     Cap    Slew   Delay    Time   Description
-----------------------------------------------------------------------------
                  0.15    0.00    0.00   clock clk (rise edge)
                          0.00    0.00   clock network delay (ideal)
                          2.00    2.00 ^ input external delay
                  1.16    0.84    2.84 ^ rst_n (in)
    59    0.26                           rst_n (net)
                  1.16    0.00    2.84 ^ _437_/RESET_B (sky130_fd_sc_hd__dfrtp_2)
                                  2.84   data arrival time

                  0.15   10.00   10.00   clock clk (rise edge)
                          0.00   10.00   clock network delay (ideal)
                         -0.25    9.75   clock uncertainty
                          0.00    9.75   clock reconvergence pessimism
                                  9.75 ^ _437_/CLK (sky130_fd_sc_hd__dfrtp_2)
                         -0.11    9.64   library recovery time
                                  9.64   data required time
-----------------------------------------------------------------------------
                                  9.64   data required time
                                 -2.84   data arrival time
-----------------------------------------------------------------------------
                                  6.80   slack (MET)


Startpoint: rst_n (input port clocked by clk)
Endpoint: _426_ (recovery check against rising-edge clock clk)
Path Group: asynchronous
Path Type: max

Fanout     Cap    Slew   Delay    Time   Description
-----------------------------------------------------------------------------
                  0.15    0.00    0.00   clock clk (rise edge)
                          0.00    0.00   clock network delay (ideal)
                          2.00    2.00 ^ input external delay
                  1.16    0.84    2.84 ^ rst_n (in)
    59    0.26                           rst_n (net)
                  1.16    0.00    2.84 ^ _426_/RESET_B (sky130_fd_sc_hd__dfrtp_2)
                                  2.84   data arrival time

                  0.15   10.00   10.00   clock clk (rise edge)
                          0.00   10.00   clock network delay (ideal)
                         -0.25    9.75   clock uncertainty
                          0.00    9.75   clock reconvergence pessimism
                                  9.75 ^ _426_/CLK (sky130_fd_sc_hd__dfrtp_2)
                         -0.11    9.64   library recovery time
                                  9.64   data required time
-----------------------------------------------------------------------------
                                  9.64   data required time
                                 -2.84   data arrival time
-----------------------------------------------------------------------------
                                  6.81   slack (MET)


Startpoint: rst_n (input port clocked by clk)
Endpoint: _427_ (recovery check against rising-edge clock clk)
Path Group: asynchronous
Path Type: max

Fanout     Cap    Slew   Delay    Time   Description
-----------------------------------------------------------------------------
                  0.15    0.00    0.00   clock clk (rise edge)
                          0.00    0.00   clock network delay (ideal)
                          2.00    2.00 ^ input external delay
                  1.16    0.84    2.84 ^ rst_n (in)
    59    0.26                           rst_n (net)
                  1.16    0.00    2.84 ^ _427_/RESET_B (sky130_fd_sc_hd__dfrtp_2)
                                  2.84   data arrival time

                  0.15   10.00   10.00   clock clk (rise edge)
                          0.00   10.00   clock network delay (ideal)
                         -0.25    9.75   clock uncertainty
                          0.00    9.75   clock reconvergence pessimism
                                  9.75 ^ _427_/CLK (sky130_fd_sc_hd__dfrtp_2)
                         -0.11    9.64   library recovery time
                                  9.64   data required time
-----------------------------------------------------------------------------
                                  9.64   data required time
                                 -2.84   data arrival time
-----------------------------------------------------------------------------
                                  6.81   slack (MET)


Startpoint: rst_n (input port clocked by clk)
Endpoint: _421_ (recovery check against rising-edge clock clk)
Path Group: asynchronous
Path Type: max

Fanout     Cap    Slew   Delay    Time   Description
-----------------------------------------------------------------------------
                  0.15    0.00    0.00   clock clk (rise edge)
                          0.00    0.00   clock network delay (ideal)
                          2.00    2.00 ^ input external delay
                  1.16    0.84    2.84 ^ rst_n (in)
    59    0.26                           rst_n (net)
                  1.16    0.00    2.84 ^ _421_/RESET_B (sky130_fd_sc_hd__dfrtp_2)
                                  2.84   data arrival time

                  0.15   10.00   10.00   clock clk (rise edge)
                          0.00   10.00   clock network delay (ideal)
                         -0.25    9.75   clock uncertainty
                          0.00    9.75   clock reconvergence pessimism
                                  9.75 ^ _421_/CLK (sky130_fd_sc_hd__dfrtp_2)
                         -0.11    9.64   library recovery time
                                  9.64   data required time
-----------------------------------------------------------------------------
                                  9.64   data required time
                                 -2.84   data arrival time
-----------------------------------------------------------------------------
                                  6.81   slack (MET)


Startpoint: rst_n (input port clocked by clk)
Endpoint: _423_ (recovery check against rising-edge clock clk)
Path Group: asynchronous
Path Type: max

Fanout     Cap    Slew   Delay    Time   Description
-----------------------------------------------------------------------------
                  0.15    0.00    0.00   clock clk (rise edge)
                          0.00    0.00   clock network delay (ideal)
                          2.00    2.00 ^ input external delay
                  1.16    0.84    2.84 ^ rst_n (in)
    59    0.26                           rst_n (net)
                  1.16    0.00    2.84 ^ _423_/RESET_B (sky130_fd_sc_hd__dfrtp_2)
                                  2.84   data arrival time

                  0.15   10.00   10.00   clock clk (rise edge)
                          0.00   10.00   clock network delay (ideal)
                         -0.25    9.75   clock uncertainty
                          0.00    9.75   clock reconvergence pessimism
                                  9.75 ^ _423_/CLK (sky130_fd_sc_hd__dfrtp_2)
                         -0.11    9.64   library recovery time
                                  9.64   data required time
-----------------------------------------------------------------------------
                                  9.64   data required time
                                 -2.84   data arrival time
-----------------------------------------------------------------------------
                                  6.81   slack (MET)


Startpoint: rst_n (input port clocked by clk)
Endpoint: _424_ (recovery check against rising-edge clock clk)
Path Group: asynchronous
Path Type: max

Fanout     Cap    Slew   Delay    Time   Description
-----------------------------------------------------------------------------
                  0.15    0.00    0.00   clock clk (rise edge)
                          0.00    0.00   clock network delay (ideal)
                          2.00    2.00 ^ input external delay
                  1.16    0.84    2.84 ^ rst_n (in)
    59    0.26                           rst_n (net)
                  1.16    0.00    2.84 ^ _424_/RESET_B (sky130_fd_sc_hd__dfrtp_2)
                                  2.84   data arrival time

                  0.15   10.00   10.00   clock clk (rise edge)
                          0.00   10.00   clock network delay (ideal)
                         -0.25    9.75   clock uncertainty
                          0.00    9.75   clock reconvergence pessimism
                                  9.75 ^ _424_/CLK (sky130_fd_sc_hd__dfrtp_2)
                         -0.11    9.64   library recovery time
                                  9.64   data required time
-----------------------------------------------------------------------------
                                  9.64   data required time
                                 -2.84   data arrival time
-----------------------------------------------------------------------------
                                  6.81   slack (MET)


Startpoint: rst_n (input port clocked by clk)
Endpoint: _425_ (recovery check against rising-edge clock clk)
Path Group: asynchronous
Path Type: max

Fanout     Cap    Slew   Delay    Time   Description
-----------------------------------------------------------------------------
                  0.15    0.00    0.00   clock clk (rise edge)
                          0.00    0.00   clock network delay (ideal)
                          2.00    2.00 ^ input external delay
                  1.16    0.84    2.84 ^ rst_n (in)
    59    0.26                           rst_n (net)
                  1.16    0.00    2.84 ^ _425_/RESET_B (sky130_fd_sc_hd__dfrtp_2)
                                  2.84   data arrival time

                  0.15   10.00   10.00   clock clk (rise edge)
                          0.00   10.00   clock network delay (ideal)
                         -0.25    9.75   clock uncertainty
                          0.00    9.75   clock reconvergence pessimism
                                  9.75 ^ _425_/CLK (sky130_fd_sc_hd__dfrtp_2)
                         -0.11    9.64   library recovery time
                                  9.64   data required time
-----------------------------------------------------------------------------
                                  9.64   data required time
                                 -2.84   data arrival time
-----------------------------------------------------------------------------
                                  6.81   slack (MET)


Startpoint: rst_n (input port clocked by clk)
Endpoint: _412_ (recovery check against rising-edge clock clk)
Path Group: asynchronous
Path Type: max

Fanout     Cap    Slew   Delay    Time   Description
-----------------------------------------------------------------------------
                  0.15    0.00    0.00   clock clk (rise edge)
                          0.00    0.00   clock network delay (ideal)
                          2.00    2.00 ^ input external delay
                  1.16    0.84    2.84 ^ rst_n (in)
    59    0.26                           rst_n (net)
                  1.16    0.00    2.84 ^ _412_/RESET_B (sky130_fd_sc_hd__dfrtp_2)
                                  2.84   data arrival time

                  0.15   10.00   10.00   clock clk (rise edge)
                          0.00   10.00   clock network delay (ideal)
                         -0.25    9.75   clock uncertainty
                          0.00    9.75   clock reconvergence pessimism
                                  9.75 ^ _412_/CLK (sky130_fd_sc_hd__dfrtp_2)
                         -0.11    9.64   library recovery time
                                  9.64   data required time
-----------------------------------------------------------------------------
                                  9.64   data required time
                                 -2.84   data arrival time
-----------------------------------------------------------------------------
                                  6.81   slack (MET)


Startpoint: rst_n (input port clocked by clk)
Endpoint: _422_ (recovery check against rising-edge clock clk)
Path Group: asynchronous
Path Type: max

Fanout     Cap    Slew   Delay    Time   Description
-----------------------------------------------------------------------------
                  0.15    0.00    0.00   clock clk (rise edge)
                          0.00    0.00   clock network delay (ideal)
                          2.00    2.00 ^ input external delay
                  1.16    0.84    2.84 ^ rst_n (in)
    59    0.26                           rst_n (net)
                  1.16    0.00    2.84 ^ _422_/RESET_B (sky130_fd_sc_hd__dfrtp_2)
                                  2.84   data arrival time

                  0.15   10.00   10.00   clock clk (rise edge)
                          0.00   10.00   clock network delay (ideal)
                         -0.25    9.75   clock uncertainty
                          0.00    9.75   clock reconvergence pessimism
                                  9.75 ^ _422_/CLK (sky130_fd_sc_hd__dfrtp_2)
                         -0.11    9.64   library recovery time
                                  9.64   data required time
-----------------------------------------------------------------------------
                                  9.64   data required time
                                 -2.84   data arrival time
-----------------------------------------------------------------------------
                                  6.81   slack (MET)


Startpoint: rst_n (input port clocked by clk)
Endpoint: _415_ (recovery check against rising-edge clock clk)
Path Group: asynchronous
Path Type: max

Fanout     Cap    Slew   Delay    Time   Description
-----------------------------------------------------------------------------
                  0.15    0.00    0.00   clock clk (rise edge)
                          0.00    0.00   clock network delay (ideal)
                          2.00    2.00 ^ input external delay
                  1.16    0.84    2.84 ^ rst_n (in)
    59    0.26                           rst_n (net)
                  1.16    0.00    2.84 ^ _415_/RESET_B (sky130_fd_sc_hd__dfrtp_2)
                                  2.84   data arrival time

                  0.15   10.00   10.00   clock clk (rise edge)
                          0.00   10.00   clock network delay (ideal)
                         -0.25    9.75   clock uncertainty
                          0.00    9.75   clock reconvergence pessimism
                                  9.75 ^ _415_/CLK (sky130_fd_sc_hd__dfrtp_2)
                         -0.11    9.64   library recovery time
                                  9.64   data required time
-----------------------------------------------------------------------------
                                  9.64   data required time
                                 -2.84   data arrival time
-----------------------------------------------------------------------------
                                  6.81   slack (MET)


Startpoint: rst_n (input port clocked by clk)
Endpoint: _433_ (recovery check against rising-edge clock clk)
Path Group: asynchronous
Path Type: max

Fanout     Cap    Slew   Delay    Time   Description
-----------------------------------------------------------------------------
                  0.15    0.00    0.00   clock clk (rise edge)
                          0.00    0.00   clock network delay (ideal)
                          2.00    2.00 ^ input external delay
                  1.16    0.84    2.84 ^ rst_n (in)
    59    0.26                           rst_n (net)
                  1.16    0.00    2.84 ^ _433_/RESET_B (sky130_fd_sc_hd__dfrtp_2)
                                  2.84   data arrival time

                  0.15   10.00   10.00   clock clk (rise edge)
                          0.00   10.00   clock network delay (ideal)
                         -0.25    9.75   clock uncertainty
                          0.00    9.75   clock reconvergence pessimism
                                  9.75 ^ _433_/CLK (sky130_fd_sc_hd__dfrtp_2)
                         -0.11    9.64   library recovery time
                                  9.64   data required time
-----------------------------------------------------------------------------
                                  9.64   data required time
                                 -2.84   data arrival time
-----------------------------------------------------------------------------
                                  6.81   slack (MET)


Startpoint: rst_n (input port clocked by clk)
Endpoint: _436_ (recovery check against rising-edge clock clk)
Path Group: asynchronous
Path Type: max

Fanout     Cap    Slew   Delay    Time   Description
-----------------------------------------------------------------------------
                  0.15    0.00    0.00   clock clk (rise edge)
                          0.00    0.00   clock network delay (ideal)
                          2.00    2.00 ^ input external delay
                  1.16    0.84    2.84 ^ rst_n (in)
    59    0.26                           rst_n (net)
                  1.16    0.00    2.84 ^ _436_/RESET_B (sky130_fd_sc_hd__dfrtp_2)
                                  2.84   data arrival time

                  0.15   10.00   10.00   clock clk (rise edge)
                          0.00   10.00   clock network delay (ideal)
                         -0.25    9.75   clock uncertainty
                          0.00    9.75   clock reconvergence pessimism
                                  9.75 ^ _436_/CLK (sky130_fd_sc_hd__dfrtp_2)
                         -0.11    9.64   library recovery time
                                  9.64   data required time
-----------------------------------------------------------------------------
                                  9.64   data required time
                                 -2.84   data arrival time
-----------------------------------------------------------------------------
                                  6.81   slack (MET)


Startpoint: rst_n (input port clocked by clk)
Endpoint: _434_ (recovery check against rising-edge clock clk)
Path Group: asynchronous
Path Type: max

Fanout     Cap    Slew   Delay    Time   Description
-----------------------------------------------------------------------------
                  0.15    0.00    0.00   clock clk (rise edge)
                          0.00    0.00   clock network delay (ideal)
                          2.00    2.00 ^ input external delay
                  1.16    0.84    2.84 ^ rst_n (in)
    59    0.26                           rst_n (net)
                  1.16    0.00    2.84 ^ _434_/RESET_B (sky130_fd_sc_hd__dfrtp_2)
                                  2.84   data arrival time

                  0.15   10.00   10.00   clock clk (rise edge)
                          0.00   10.00   clock network delay (ideal)
                         -0.25    9.75   clock uncertainty
                          0.00    9.75   clock reconvergence pessimism
                                  9.75 ^ _434_/CLK (sky130_fd_sc_hd__dfrtp_2)
                         -0.11    9.64   library recovery time
                                  9.64   data required time
-----------------------------------------------------------------------------
                                  9.64   data required time
                                 -2.84   data arrival time
-----------------------------------------------------------------------------
                                  6.81   slack (MET)


Startpoint: rst_n (input port clocked by clk)
Endpoint: _413_ (recovery check against rising-edge clock clk)
Path Group: asynchronous
Path Type: max

Fanout     Cap    Slew   Delay    Time   Description
-----------------------------------------------------------------------------
                  0.15    0.00    0.00   clock clk (rise edge)
                          0.00    0.00   clock network delay (ideal)
                          2.00    2.00 ^ input external delay
                  1.16    0.84    2.84 ^ rst_n (in)
    59    0.26                           rst_n (net)
                  1.16    0.00    2.84 ^ _413_/RESET_B (sky130_fd_sc_hd__dfrtp_2)
                                  2.84   data arrival time

                  0.15   10.00   10.00   clock clk (rise edge)
                          0.00   10.00   clock network delay (ideal)
                         -0.25    9.75   clock uncertainty
                          0.00    9.75   clock reconvergence pessimism
                                  9.75 ^ _413_/CLK (sky130_fd_sc_hd__dfrtp_2)
                         -0.11    9.64   library recovery time
                                  9.64   data required time
-----------------------------------------------------------------------------
                                  9.64   data required time
                                 -2.84   data arrival time
-----------------------------------------------------------------------------
                                  6.81   slack (MET)


Startpoint: rst_n (input port clocked by clk)
Endpoint: _409_ (recovery check against rising-edge clock clk)
Path Group: asynchronous
Path Type: max

Fanout     Cap    Slew   Delay    Time   Description
-----------------------------------------------------------------------------
                  0.15    0.00    0.00   clock clk (rise edge)
                          0.00    0.00   clock network delay (ideal)
                          2.00    2.00 ^ input external delay
                  1.16    0.84    2.84 ^ rst_n (in)
    59    0.26                           rst_n (net)
                  1.16    0.00    2.84 ^ _409_/RESET_B (sky130_fd_sc_hd__dfrtp_2)
                                  2.84   data arrival time

                  0.15   10.00   10.00   clock clk (rise edge)
                          0.00   10.00   clock network delay (ideal)
                         -0.25    9.75   clock uncertainty
                          0.00    9.75   clock reconvergence pessimism
                                  9.75 ^ _409_/CLK (sky130_fd_sc_hd__dfrtp_2)
                         -0.11    9.64   library recovery time
                                  9.64   data required time
-----------------------------------------------------------------------------
                                  9.64   data required time
                                 -2.84   data arrival time
-----------------------------------------------------------------------------
                                  6.81   slack (MET)


Startpoint: rst_n (input port clocked by clk)
Endpoint: _454_ (recovery check against rising-edge clock clk)
Path Group: asynchronous
Path Type: max

Fanout     Cap    Slew   Delay    Time   Description
-----------------------------------------------------------------------------
                  0.15    0.00    0.00   clock clk (rise edge)
                          0.00    0.00   clock network delay (ideal)
                          2.00    2.00 ^ input external delay
                  1.16    0.84    2.84 ^ rst_n (in)
    59    0.26                           rst_n (net)
                  1.16    0.00    2.84 ^ _454_/RESET_B (sky130_fd_sc_hd__dfrtp_2)
                                  2.84   data arrival time

                  0.15   10.00   10.00   clock clk (rise edge)
                          0.00   10.00   clock network delay (ideal)
                         -0.25    9.75   clock uncertainty
                          0.00    9.75   clock reconvergence pessimism
                                  9.75 ^ _454_/CLK (sky130_fd_sc_hd__dfrtp_2)
                         -0.11    9.64   library recovery time
                                  9.64   data required time
-----------------------------------------------------------------------------
                                  9.64   data required time
                                 -2.84   data arrival time
-----------------------------------------------------------------------------
                                  6.81   slack (MET)


Startpoint: rst_n (input port clocked by clk)
Endpoint: _428_ (recovery check against rising-edge clock clk)
Path Group: asynchronous
Path Type: max

Fanout     Cap    Slew   Delay    Time   Description
-----------------------------------------------------------------------------
                  0.15    0.00    0.00   clock clk (rise edge)
                          0.00    0.00   clock network delay (ideal)
                          2.00    2.00 ^ input external delay
                  1.16    0.84    2.84 ^ rst_n (in)
    59    0.26                           rst_n (net)
                  1.16    0.00    2.84 ^ _428_/RESET_B (sky130_fd_sc_hd__dfrtp_2)
                                  2.84   data arrival time

                  0.15   10.00   10.00   clock clk (rise edge)
                          0.00   10.00   clock network delay (ideal)
                         -0.25    9.75   clock uncertainty
                          0.00    9.75   clock reconvergence pessimism
                                  9.75 ^ _428_/CLK (sky130_fd_sc_hd__dfrtp_2)
                         -0.11    9.64   library recovery time
                                  9.64   data required time
-----------------------------------------------------------------------------
                                  9.64   data required time
                                 -2.84   data arrival time
-----------------------------------------------------------------------------
                                  6.81   slack (MET)


Startpoint: rst_n (input port clocked by clk)
Endpoint: _411_ (recovery check against rising-edge clock clk)
Path Group: asynchronous
Path Type: max

Fanout     Cap    Slew   Delay    Time   Description
-----------------------------------------------------------------------------
                  0.15    0.00    0.00   clock clk (rise edge)
                          0.00    0.00   clock network delay (ideal)
                          2.00    2.00 ^ input external delay
                  1.16    0.83    2.83 ^ rst_n (in)
    59    0.26                           rst_n (net)
                  1.16    0.00    2.83 ^ _411_/RESET_B (sky130_fd_sc_hd__dfrtp_2)
                                  2.83   data arrival time

                  0.15   10.00   10.00   clock clk (rise edge)
                          0.00   10.00   clock network delay (ideal)
                         -0.25    9.75   clock uncertainty
                          0.00    9.75   clock reconvergence pessimism
                                  9.75 ^ _411_/CLK (sky130_fd_sc_hd__dfrtp_2)
                         -0.11    9.64   library recovery time
                                  9.64   data required time
-----------------------------------------------------------------------------
                                  9.64   data required time
                                 -2.83   data arrival time
-----------------------------------------------------------------------------
                                  6.81   slack (MET)


Startpoint: rst_n (input port clocked by clk)
Endpoint: _410_ (recovery check against rising-edge clock clk)
Path Group: asynchronous
Path Type: max

Fanout     Cap    Slew   Delay    Time   Description
-----------------------------------------------------------------------------
                  0.15    0.00    0.00   clock clk (rise edge)
                          0.00    0.00   clock network delay (ideal)
                          2.00    2.00 ^ input external delay
                  1.16    0.83    2.83 ^ rst_n (in)
    59    0.26                           rst_n (net)
                  1.16    0.00    2.83 ^ _410_/RESET_B (sky130_fd_sc_hd__dfrtp_2)
                                  2.83   data arrival time

                  0.15   10.00   10.00   clock clk (rise edge)
                          0.00   10.00   clock network delay (ideal)
                         -0.25    9.75   clock uncertainty
                          0.00    9.75   clock reconvergence pessimism
                                  9.75 ^ _410_/CLK (sky130_fd_sc_hd__dfrtp_2)
                         -0.11    9.64   library recovery time
                                  9.64   data required time
-----------------------------------------------------------------------------
                                  9.64   data required time
                                 -2.83   data arrival time
-----------------------------------------------------------------------------
                                  6.81   slack (MET)


Startpoint: rst_n (input port clocked by clk)
Endpoint: _431_ (recovery check against rising-edge clock clk)
Path Group: asynchronous
Path Type: max

Fanout     Cap    Slew   Delay    Time   Description
-----------------------------------------------------------------------------
                  0.15    0.00    0.00   clock clk (rise edge)
                          0.00    0.00   clock network delay (ideal)
                          2.00    2.00 ^ input external delay
                  1.16    0.83    2.83 ^ rst_n (in)
    59    0.26                           rst_n (net)
                  1.16    0.00    2.83 ^ _431_/RESET_B (sky130_fd_sc_hd__dfrtp_2)
                                  2.83   data arrival time

                  0.15   10.00   10.00   clock clk (rise edge)
                          0.00   10.00   clock network delay (ideal)
                         -0.25    9.75   clock uncertainty
                          0.00    9.75   clock reconvergence pessimism
                                  9.75 ^ _431_/CLK (sky130_fd_sc_hd__dfrtp_2)
                         -0.11    9.64   library recovery time
                                  9.64   data required time
-----------------------------------------------------------------------------
                                  9.64   data required time
                                 -2.83   data arrival time
-----------------------------------------------------------------------------
                                  6.81   slack (MET)


Startpoint: rst_n (input port clocked by clk)
Endpoint: _432_ (recovery check against rising-edge clock clk)
Path Group: asynchronous
Path Type: max

Fanout     Cap    Slew   Delay    Time   Description
-----------------------------------------------------------------------------
                  0.15    0.00    0.00   clock clk (rise edge)
                          0.00    0.00   clock network delay (ideal)
                          2.00    2.00 ^ input external delay
                  1.16    0.83    2.83 ^ rst_n (in)
    59    0.26                           rst_n (net)
                  1.16    0.00    2.83 ^ _432_/RESET_B (sky130_fd_sc_hd__dfrtp_2)
                                  2.83   data arrival time

                  0.15   10.00   10.00   clock clk (rise edge)
                          0.00   10.00   clock network delay (ideal)
                         -0.25    9.75   clock uncertainty
                          0.00    9.75   clock reconvergence pessimism
                                  9.75 ^ _432_/CLK (sky130_fd_sc_hd__dfrtp_2)
                         -0.11    9.64   library recovery time
                                  9.64   data required time
-----------------------------------------------------------------------------
                                  9.64   data required time
                                 -2.83   data arrival time
-----------------------------------------------------------------------------
                                  6.81   slack (MET)


Startpoint: rst_n (input port clocked by clk)
Endpoint: _414_ (recovery check against rising-edge clock clk)
Path Group: asynchronous
Path Type: max

Fanout     Cap    Slew   Delay    Time   Description
-----------------------------------------------------------------------------
                  0.15    0.00    0.00   clock clk (rise edge)
                          0.00    0.00   clock network delay (ideal)
                          2.00    2.00 ^ input external delay
                  1.16    0.83    2.83 ^ rst_n (in)
    59    0.26                           rst_n (net)
                  1.16    0.00    2.83 ^ _414_/RESET_B (sky130_fd_sc_hd__dfrtp_2)
                                  2.83   data arrival time

                  0.15   10.00   10.00   clock clk (rise edge)
                          0.00   10.00   clock network delay (ideal)
                         -0.25    9.75   clock uncertainty
                          0.00    9.75   clock reconvergence pessimism
                                  9.75 ^ _414_/CLK (sky130_fd_sc_hd__dfrtp_2)
                         -0.11    9.64   library recovery time
                                  9.64   data required time
-----------------------------------------------------------------------------
                                  9.64   data required time
                                 -2.83   data arrival time
-----------------------------------------------------------------------------
                                  6.81   slack (MET)


Startpoint: rst_n (input port clocked by clk)
Endpoint: _430_ (recovery check against rising-edge clock clk)
Path Group: asynchronous
Path Type: max

Fanout     Cap    Slew   Delay    Time   Description
-----------------------------------------------------------------------------
                  0.15    0.00    0.00   clock clk (rise edge)
                          0.00    0.00   clock network delay (ideal)
                          2.00    2.00 ^ input external delay
                  1.16    0.83    2.83 ^ rst_n (in)
    59    0.26                           rst_n (net)
                  1.16    0.00    2.83 ^ _430_/RESET_B (sky130_fd_sc_hd__dfrtp_2)
                                  2.83   data arrival time

                  0.15   10.00   10.00   clock clk (rise edge)
                          0.00   10.00   clock network delay (ideal)
                         -0.25    9.75   clock uncertainty
                          0.00    9.75   clock reconvergence pessimism
                                  9.75 ^ _430_/CLK (sky130_fd_sc_hd__dfrtp_2)
                         -0.11    9.64   library recovery time
                                  9.64   data required time
-----------------------------------------------------------------------------
                                  9.64   data required time
                                 -2.83   data arrival time
-----------------------------------------------------------------------------
                                  6.81   slack (MET)


Startpoint: rst_n (input port clocked by clk)
Endpoint: _435_ (recovery check against rising-edge clock clk)
Path Group: asynchronous
Path Type: max

Fanout     Cap    Slew   Delay    Time   Description
-----------------------------------------------------------------------------
                  0.15    0.00    0.00   clock clk (rise edge)
                          0.00    0.00   clock network delay (ideal)
                          2.00    2.00 ^ input external delay
                  1.16    0.83    2.83 ^ rst_n (in)
    59    0.26                           rst_n (net)
                  1.16    0.00    2.83 ^ _435_/RESET_B (sky130_fd_sc_hd__dfrtp_2)
                                  2.83   data arrival time

                  0.15   10.00   10.00   clock clk (rise edge)
                          0.00   10.00   clock network delay (ideal)
                         -0.25    9.75   clock uncertainty
                          0.00    9.75   clock reconvergence pessimism
                                  9.75 ^ _435_/CLK (sky130_fd_sc_hd__dfrtp_2)
                         -0.11    9.64   library recovery time
                                  9.64   data required time
-----------------------------------------------------------------------------
                                  9.64   data required time
                                 -2.83   data arrival time
-----------------------------------------------------------------------------
                                  6.81   slack (MET)


Startpoint: data_valid (input port clocked by clk)
Endpoint: _458_ (rising edge-triggered flip-flop clocked by clk)
Path Group: clk
Path Type: max

Fanout     Cap    Slew   Delay    Time   Description
-----------------------------------------------------------------------------
                  0.15    0.00    0.00   clock clk (rise edge)
                          0.00    0.00   clock network delay (ideal)
                          2.00    2.00 v input external delay
                  0.02    0.01    2.01 v data_valid (in)
     2    0.01                           data_valid (net)
                  0.02    0.00    2.01 v _242_/B (sky130_fd_sc_hd__nand2_2)
                  0.23    0.20    2.21 ^ _242_/Y (sky130_fd_sc_hd__nand2_2)
    10    0.04                           _088_ (net)
                  0.23    0.00    2.21 ^ _394_/S (sky130_fd_sc_hd__mux2_2)
                  0.05    0.38    2.59 v _394_/X (sky130_fd_sc_hd__mux2_2)
     1    0.00                           _196_ (net)
                  0.05    0.00    2.59 v _395_/A (sky130_fd_sc_hd__buf_1)
                  0.02    0.09    2.68 v _395_/X (sky130_fd_sc_hd__buf_1)
     1    0.00                           _051_ (net)
                  0.02    0.00    2.68 v _458_/D (sky130_fd_sc_hd__dfrtp_2)
                                  2.68   data arrival time

                  0.15   10.00   10.00   clock clk (rise edge)
                          0.00   10.00   clock network delay (ideal)
                         -0.25    9.75   clock uncertainty
                          0.00    9.75   clock reconvergence pessimism
                                  9.75 ^ _458_/CLK (sky130_fd_sc_hd__dfrtp_2)
                         -0.08    9.67   library setup time
                                  9.67   data required time
-----------------------------------------------------------------------------
                                  9.67   data required time
                                 -2.68   data arrival time
-----------------------------------------------------------------------------
                                  6.99   slack (MET)


Startpoint: data_valid (input port clocked by clk)
Endpoint: _459_ (rising edge-triggered flip-flop clocked by clk)
Path Group: clk
Path Type: max

Fanout     Cap    Slew   Delay    Time   Description
-----------------------------------------------------------------------------
                  0.15    0.00    0.00   clock clk (rise edge)
                          0.00    0.00   clock network delay (ideal)
                          2.00    2.00 v input external delay
                  0.02    0.01    2.01 v data_valid (in)
     2    0.01                           data_valid (net)
                  0.02    0.00    2.01 v _242_/B (sky130_fd_sc_hd__nand2_2)
                  0.23    0.20    2.21 ^ _242_/Y (sky130_fd_sc_hd__nand2_2)
    10    0.04                           _088_ (net)
                  0.23    0.00    2.21 ^ _396_/S (sky130_fd_sc_hd__mux2_2)
                  0.05    0.38    2.59 v _396_/X (sky130_fd_sc_hd__mux2_2)
     1    0.00                           _197_ (net)
                  0.05    0.00    2.59 v _397_/A (sky130_fd_sc_hd__buf_1)
                  0.02    0.09    2.68 v _397_/X (sky130_fd_sc_hd__buf_1)
     1    0.00                           _052_ (net)
                  0.02    0.00    2.68 v _459_/D (sky130_fd_sc_hd__dfrtp_2)
                                  2.68   data arrival time

                  0.15   10.00   10.00   clock clk (rise edge)
                          0.00   10.00   clock network delay (ideal)
                         -0.25    9.75   clock uncertainty
                          0.00    9.75   clock reconvergence pessimism
                                  9.75 ^ _459_/CLK (sky130_fd_sc_hd__dfrtp_2)
                         -0.08    9.67   library setup time
                                  9.67   data required time
-----------------------------------------------------------------------------
                                  9.67   data required time
                                 -2.68   data arrival time
-----------------------------------------------------------------------------
                                  6.99   slack (MET)


Startpoint: data_valid (input port clocked by clk)
Endpoint: _463_ (rising edge-triggered flip-flop clocked by clk)
Path Group: clk
Path Type: max

Fanout     Cap    Slew   Delay    Time   Description
-----------------------------------------------------------------------------
                  0.15    0.00    0.00   clock clk (rise edge)
                          0.00    0.00   clock network delay (ideal)
                          2.00    2.00 v input external delay
                  0.02    0.01    2.01 v data_valid (in)
     2    0.01                           data_valid (net)
                  0.02    0.00    2.01 v _242_/B (sky130_fd_sc_hd__nand2_2)
                  0.23    0.20    2.21 ^ _242_/Y (sky130_fd_sc_hd__nand2_2)
    10    0.04                           _088_ (net)
                  0.23    0.00    2.21 ^ _404_/S (sky130_fd_sc_hd__mux2_2)
                  0.05    0.38    2.59 v _404_/X (sky130_fd_sc_hd__mux2_2)
     1    0.00                           _201_ (net)
                  0.05    0.00    2.59 v _405_/A (sky130_fd_sc_hd__buf_1)
                  0.02    0.09    2.67 v _405_/X (sky130_fd_sc_hd__buf_1)
     1    0.00                           _056_ (net)
                  0.02    0.00    2.67 v _463_/D (sky130_fd_sc_hd__dfrtp_2)
                                  2.67   data arrival time

                  0.15   10.00   10.00   clock clk (rise edge)
                          0.00   10.00   clock network delay (ideal)
                         -0.25    9.75   clock uncertainty
                          0.00    9.75   clock reconvergence pessimism
                                  9.75 ^ _463_/CLK (sky130_fd_sc_hd__dfrtp_2)
                         -0.08    9.67   library setup time
                                  9.67   data required time
-----------------------------------------------------------------------------
                                  9.67   data required time
                                 -2.67   data arrival time
-----------------------------------------------------------------------------
                                  6.99   slack (MET)


Startpoint: data_valid (input port clocked by clk)
Endpoint: _464_ (rising edge-triggered flip-flop clocked by clk)
Path Group: clk
Path Type: max

Fanout     Cap    Slew   Delay    Time   Description
-----------------------------------------------------------------------------
                  0.15    0.00    0.00   clock clk (rise edge)
                          0.00    0.00   clock network delay (ideal)
                          2.00    2.00 v input external delay
                  0.02    0.01    2.01 v data_valid (in)
     2    0.01                           data_valid (net)
                  0.02    0.00    2.01 v _242_/B (sky130_fd_sc_hd__nand2_2)
                  0.23    0.20    2.21 ^ _242_/Y (sky130_fd_sc_hd__nand2_2)
    10    0.04                           _088_ (net)
                  0.23    0.00    2.21 ^ _406_/S (sky130_fd_sc_hd__mux2_2)
                  0.05    0.38    2.59 v _406_/X (sky130_fd_sc_hd__mux2_2)
     1    0.00                           _202_ (net)
                  0.05    0.00    2.59 v _407_/A (sky130_fd_sc_hd__buf_1)
                  0.02    0.09    2.67 v _407_/X (sky130_fd_sc_hd__buf_1)
     1    0.00                           _057_ (net)
                  0.02    0.00    2.67 v _464_/D (sky130_fd_sc_hd__dfrtp_2)
                                  2.67   data arrival time

                  0.15   10.00   10.00   clock clk (rise edge)
                          0.00   10.00   clock network delay (ideal)
                         -0.25    9.75   clock uncertainty
                          0.00    9.75   clock reconvergence pessimism
                                  9.75 ^ _464_/CLK (sky130_fd_sc_hd__dfrtp_2)
                         -0.08    9.67   library setup time
                                  9.67   data required time
-----------------------------------------------------------------------------
                                  9.67   data required time
                                 -2.67   data arrival time
-----------------------------------------------------------------------------
                                  6.99   slack (MET)


Startpoint: data_valid (input port clocked by clk)
Endpoint: _460_ (rising edge-triggered flip-flop clocked by clk)
Path Group: clk
Path Type: max

Fanout     Cap    Slew   Delay    Time   Description
-----------------------------------------------------------------------------
                  0.15    0.00    0.00   clock clk (rise edge)
                          0.00    0.00   clock network delay (ideal)
                          2.00    2.00 v input external delay
                  0.02    0.01    2.01 v data_valid (in)
     2    0.01                           data_valid (net)
                  0.02    0.00    2.01 v _242_/B (sky130_fd_sc_hd__nand2_2)
                  0.23    0.20    2.21 ^ _242_/Y (sky130_fd_sc_hd__nand2_2)
    10    0.04                           _088_ (net)
                  0.23    0.00    2.21 ^ _398_/S (sky130_fd_sc_hd__mux2_2)
                  0.05    0.38    2.59 v _398_/X (sky130_fd_sc_hd__mux2_2)
     1    0.00                           _198_ (net)
                  0.05    0.00    2.59 v _399_/A (sky130_fd_sc_hd__buf_1)
                  0.02    0.09    2.67 v _399_/X (sky130_fd_sc_hd__buf_1)
     1    0.00                           _053_ (net)
                  0.02    0.00    2.67 v _460_/D (sky130_fd_sc_hd__dfrtp_2)
                                  2.67   data arrival time

                  0.15   10.00   10.00   clock clk (rise edge)
                          0.00   10.00   clock network delay (ideal)
                         -0.25    9.75   clock uncertainty
                          0.00    9.75   clock reconvergence pessimism
                                  9.75 ^ _460_/CLK (sky130_fd_sc_hd__dfrtp_2)
                         -0.08    9.67   library setup time
                                  9.67   data required time
-----------------------------------------------------------------------------
                                  9.67   data required time
                                 -2.67   data arrival time
-----------------------------------------------------------------------------
                                  6.99   slack (MET)


Startpoint: data_valid (input port clocked by clk)
Endpoint: _462_ (rising edge-triggered flip-flop clocked by clk)
Path Group: clk
Path Type: max

Fanout     Cap    Slew   Delay    Time   Description
-----------------------------------------------------------------------------
                  0.15    0.00    0.00   clock clk (rise edge)
                          0.00    0.00   clock network delay (ideal)
                          2.00    2.00 v input external delay
                  0.02    0.01    2.01 v data_valid (in)
     2    0.01                           data_valid (net)
                  0.02    0.00    2.01 v _242_/B (sky130_fd_sc_hd__nand2_2)
                  0.23    0.20    2.21 ^ _242_/Y (sky130_fd_sc_hd__nand2_2)
    10    0.04                           _088_ (net)
                  0.23    0.00    2.21 ^ _402_/S (sky130_fd_sc_hd__mux2_2)
                  0.05    0.38    2.59 v _402_/X (sky130_fd_sc_hd__mux2_2)
     1    0.00                           _200_ (net)
                  0.05    0.00    2.59 v _403_/A (sky130_fd_sc_hd__buf_1)
                  0.02    0.09    2.67 v _403_/X (sky130_fd_sc_hd__buf_1)
     1    0.00                           _055_ (net)
                  0.02    0.00    2.67 v _462_/D (sky130_fd_sc_hd__dfrtp_2)
                                  2.67   data arrival time

                  0.15   10.00   10.00   clock clk (rise edge)
                          0.00   10.00   clock network delay (ideal)
                         -0.25    9.75   clock uncertainty
                          0.00    9.75   clock reconvergence pessimism
                                  9.75 ^ _462_/CLK (sky130_fd_sc_hd__dfrtp_2)
                         -0.08    9.67   library setup time
                                  9.67   data required time
-----------------------------------------------------------------------------
                                  9.67   data required time
                                 -2.67   data arrival time
-----------------------------------------------------------------------------
                                  6.99   slack (MET)


Startpoint: data_valid (input port clocked by clk)
Endpoint: _457_ (rising edge-triggered flip-flop clocked by clk)
Path Group: clk
Path Type: max

Fanout     Cap    Slew   Delay    Time   Description
-----------------------------------------------------------------------------
                  0.15    0.00    0.00   clock clk (rise edge)
                          0.00    0.00   clock network delay (ideal)
                          2.00    2.00 v input external delay
                  0.02    0.01    2.01 v data_valid (in)
     2    0.01                           data_valid (net)
                  0.02    0.00    2.01 v _242_/B (sky130_fd_sc_hd__nand2_2)
                  0.23    0.20    2.21 ^ _242_/Y (sky130_fd_sc_hd__nand2_2)
    10    0.04                           _088_ (net)
                  0.23    0.00    2.21 ^ _392_/S (sky130_fd_sc_hd__mux2_2)
                  0.05    0.38    2.59 v _392_/X (sky130_fd_sc_hd__mux2_2)
     1    0.00                           _195_ (net)
                  0.05    0.00    2.59 v _393_/A (sky130_fd_sc_hd__buf_1)
                  0.02    0.09    2.67 v _393_/X (sky130_fd_sc_hd__buf_1)
     1    0.00                           _050_ (net)
                  0.02    0.00    2.67 v _457_/D (sky130_fd_sc_hd__dfrtp_2)
                                  2.67   data arrival time

                  0.15   10.00   10.00   clock clk (rise edge)
                          0.00   10.00   clock network delay (ideal)
                         -0.25    9.75   clock uncertainty
                          0.00    9.75   clock reconvergence pessimism
                                  9.75 ^ _457_/CLK (sky130_fd_sc_hd__dfrtp_2)
                         -0.08    9.67   library setup time
                                  9.67   data required time
-----------------------------------------------------------------------------
                                  9.67   data required time
                                 -2.67   data arrival time
-----------------------------------------------------------------------------
                                  6.99   slack (MET)


Startpoint: data_valid (input port clocked by clk)
Endpoint: _461_ (rising edge-triggered flip-flop clocked by clk)
Path Group: clk
Path Type: max

Fanout     Cap    Slew   Delay    Time   Description
-----------------------------------------------------------------------------
                  0.15    0.00    0.00   clock clk (rise edge)
                          0.00    0.00   clock network delay (ideal)
                          2.00    2.00 v input external delay
                  0.02    0.01    2.01 v data_valid (in)
     2    0.01                           data_valid (net)
                  0.02    0.00    2.01 v _242_/B (sky130_fd_sc_hd__nand2_2)
                  0.23    0.20    2.21 ^ _242_/Y (sky130_fd_sc_hd__nand2_2)
    10    0.04                           _088_ (net)
                  0.23    0.00    2.21 ^ _400_/S (sky130_fd_sc_hd__mux2_2)
                  0.05    0.37    2.59 v _400_/X (sky130_fd_sc_hd__mux2_2)
     1    0.00                           _199_ (net)
                  0.05    0.00    2.59 v _401_/A (sky130_fd_sc_hd__buf_1)
                  0.02    0.09    2.67 v _401_/X (sky130_fd_sc_hd__buf_1)
     1    0.00                           _054_ (net)
                  0.02    0.00    2.67 v _461_/D (sky130_fd_sc_hd__dfrtp_2)
                                  2.67   data arrival time

                  0.15   10.00   10.00   clock clk (rise edge)
                          0.00   10.00   clock network delay (ideal)
                         -0.25    9.75   clock uncertainty
                          0.00    9.75   clock reconvergence pessimism
                                  9.75 ^ _461_/CLK (sky130_fd_sc_hd__dfrtp_2)
                         -0.08    9.67   library setup time
                                  9.67   data required time
-----------------------------------------------------------------------------
                                  9.67   data required time
                                 -2.67   data arrival time
-----------------------------------------------------------------------------
                                  7.00   slack (MET)


Startpoint: _423_ (rising edge-triggered flip-flop clocked by clk)
Endpoint: _431_ (rising edge-triggered flip-flop clocked by clk)
Path Group: clk
Path Type: max

Fanout     Cap    Slew   Delay    Time   Description
-----------------------------------------------------------------------------
                  0.15    0.00    0.00   clock clk (rise edge)
                          0.00    0.00   clock network delay (ideal)
                  0.15    0.00    0.00 ^ _423_/CLK (sky130_fd_sc_hd__dfrtp_2)
                  0.10    0.52    0.52 v _423_/Q (sky130_fd_sc_hd__dfrtp_2)
     9    0.03                           rx_baud_cnt[6] (net)
                  0.10    0.00    0.52 v _206_/B (sky130_fd_sc_hd__or4bb_2)
                  0.11    0.68    1.20 v _206_/X (sky130_fd_sc_hd__or4bb_2)
     3    0.01                           _060_ (net)
                  0.11    0.00    1.20 v _340_/A3 (sky130_fd_sc_hd__o31a_2)
                  0.10    0.39    1.59 v _340_/X (sky130_fd_sc_hd__o31a_2)
    10    0.02                           _158_ (net)
                  0.10    0.00    1.59 v _357_/C (sky130_fd_sc_hd__or4_2)
                  0.11    0.66    2.25 v _357_/X (sky130_fd_sc_hd__or4_2)
     1    0.00                           _171_ (net)
                  0.11    0.00    2.25 v _358_/S (sky130_fd_sc_hd__mux2_2)
                  0.05    0.30    2.55 v _358_/X (sky130_fd_sc_hd__mux2_2)
     1    0.00                           _172_ (net)
                  0.05    0.00    2.55 v _359_/A (sky130_fd_sc_hd__buf_1)
                  0.02    0.09    2.64 v _359_/X (sky130_fd_sc_hd__buf_1)
     1    0.00                           _039_ (net)
                  0.02    0.00    2.64 v _431_/D (sky130_fd_sc_hd__dfrtp_2)
                                  2.64   data arrival time

                  0.15   10.00   10.00   clock clk (rise edge)
                          0.00   10.00   clock network delay (ideal)
                         -0.25    9.75   clock uncertainty
                          0.00    9.75   clock reconvergence pessimism
                                  9.75 ^ _431_/CLK (sky130_fd_sc_hd__dfrtp_2)
                         -0.08    9.67   library setup time
                                  9.67   data required time
-----------------------------------------------------------------------------
                                  9.67   data required time
                                 -2.64   data arrival time
-----------------------------------------------------------------------------
                                  7.03   slack (MET)


Startpoint: _423_ (rising edge-triggered flip-flop clocked by clk)
Endpoint: _436_ (rising edge-triggered flip-flop clocked by clk)
Path Group: clk
Path Type: max

Fanout     Cap    Slew   Delay    Time   Description
-----------------------------------------------------------------------------
                  0.15    0.00    0.00   clock clk (rise edge)
                          0.00    0.00   clock network delay (ideal)
                  0.15    0.00    0.00 ^ _423_/CLK (sky130_fd_sc_hd__dfrtp_2)
                  0.10    0.52    0.52 v _423_/Q (sky130_fd_sc_hd__dfrtp_2)
     9    0.03                           rx_baud_cnt[6] (net)
                  0.10    0.00    0.52 v _206_/B (sky130_fd_sc_hd__or4bb_2)
                  0.11    0.68    1.20 v _206_/X (sky130_fd_sc_hd__or4bb_2)
     3    0.01                           _060_ (net)
                  0.11    0.00    1.20 v _340_/A3 (sky130_fd_sc_hd__o31a_2)
                  0.10    0.39    1.59 v _340_/X (sky130_fd_sc_hd__o31a_2)
    10    0.02                           _158_ (net)
                  0.10    0.00    1.59 v _373_/C (sky130_fd_sc_hd__or4_2)
                  0.11    0.66    2.25 v _373_/X (sky130_fd_sc_hd__or4_2)
     1    0.00                           _182_ (net)
                  0.11    0.00    2.25 v _374_/S (sky130_fd_sc_hd__mux2_2)
                  0.05    0.30    2.55 v _374_/X (sky130_fd_sc_hd__mux2_2)
     1    0.00                           _183_ (net)
                  0.05    0.00    2.55 v _375_/A (sky130_fd_sc_hd__buf_1)
                  0.02    0.09    2.64 v _375_/X (sky130_fd_sc_hd__buf_1)
     1    0.00                           _044_ (net)
                  0.02    0.00    2.64 v _436_/D (sky130_fd_sc_hd__dfrtp_2)
                                  2.64   data arrival time

                  0.15   10.00   10.00   clock clk (rise edge)
                          0.00   10.00   clock network delay (ideal)
                         -0.25    9.75   clock uncertainty
                          0.00    9.75   clock reconvergence pessimism
                                  9.75 ^ _436_/CLK (sky130_fd_sc_hd__dfrtp_2)
                         -0.08    9.67   library setup time
                                  9.67   data required time
-----------------------------------------------------------------------------
                                  9.67   data required time
                                 -2.64   data arrival time
-----------------------------------------------------------------------------
                                  7.03   slack (MET)


Startpoint: _423_ (rising edge-triggered flip-flop clocked by clk)
Endpoint: _432_ (rising edge-triggered flip-flop clocked by clk)
Path Group: clk
Path Type: max

Fanout     Cap    Slew   Delay    Time   Description
-----------------------------------------------------------------------------
                  0.15    0.00    0.00   clock clk (rise edge)
                          0.00    0.00   clock network delay (ideal)
                  0.15    0.00    0.00 ^ _423_/CLK (sky130_fd_sc_hd__dfrtp_2)
                  0.10    0.52    0.52 v _423_/Q (sky130_fd_sc_hd__dfrtp_2)
     9    0.03                           rx_baud_cnt[6] (net)
                  0.10    0.00    0.52 v _206_/B (sky130_fd_sc_hd__or4bb_2)
                  0.11    0.68    1.20 v _206_/X (sky130_fd_sc_hd__or4bb_2)
     3    0.01                           _060_ (net)
                  0.11    0.00    1.20 v _340_/A3 (sky130_fd_sc_hd__o31a_2)
                  0.10    0.39    1.59 v _340_/X (sky130_fd_sc_hd__o31a_2)
    10    0.02                           _158_ (net)
                  0.10    0.00    1.59 v _361_/C (sky130_fd_sc_hd__or4_2)
                  0.11    0.66    2.25 v _361_/X (sky130_fd_sc_hd__or4_2)
     1    0.00                           _174_ (net)
                  0.11    0.00    2.25 v _362_/S (sky130_fd_sc_hd__mux2_2)
                  0.05    0.30    2.55 v _362_/X (sky130_fd_sc_hd__mux2_2)
     1    0.00                           _175_ (net)
                  0.05    0.00    2.55 v _363_/A (sky130_fd_sc_hd__buf_1)
                  0.02    0.09    2.64 v _363_/X (sky130_fd_sc_hd__buf_1)
     1    0.00                           _040_ (net)
                  0.02    0.00    2.64 v _432_/D (sky130_fd_sc_hd__dfrtp_2)
                                  2.64   data arrival time

                  0.15   10.00   10.00   clock clk (rise edge)
                          0.00   10.00   clock network delay (ideal)
                         -0.25    9.75   clock uncertainty
                          0.00    9.75   clock reconvergence pessimism
                                  9.75 ^ _432_/CLK (sky130_fd_sc_hd__dfrtp_2)
                         -0.08    9.67   library setup time
                                  9.67   data required time
-----------------------------------------------------------------------------
                                  9.67   data required time
                                 -2.64   data arrival time
-----------------------------------------------------------------------------
                                  7.03   slack (MET)


Startpoint: _423_ (rising edge-triggered flip-flop clocked by clk)
Endpoint: _434_ (rising edge-triggered flip-flop clocked by clk)
Path Group: clk
Path Type: max

Fanout     Cap    Slew   Delay    Time   Description
-----------------------------------------------------------------------------
                  0.15    0.00    0.00   clock clk (rise edge)
                          0.00    0.00   clock network delay (ideal)
                  0.15    0.00    0.00 ^ _423_/CLK (sky130_fd_sc_hd__dfrtp_2)
                  0.10    0.52    0.52 v _423_/Q (sky130_fd_sc_hd__dfrtp_2)
     9    0.03                           rx_baud_cnt[6] (net)
                  0.10    0.00    0.52 v _206_/B (sky130_fd_sc_hd__or4bb_2)
                  0.11    0.68    1.20 v _206_/X (sky130_fd_sc_hd__or4bb_2)
     3    0.01                           _060_ (net)
                  0.11    0.00    1.20 v _340_/A3 (sky130_fd_sc_hd__o31a_2)
                  0.10    0.39    1.59 v _340_/X (sky130_fd_sc_hd__o31a_2)
    10    0.02                           _158_ (net)
                  0.10    0.00    1.59 v _367_/C (sky130_fd_sc_hd__or4_2)
                  0.10    0.66    2.25 v _367_/X (sky130_fd_sc_hd__or4_2)
     1    0.00                           _178_ (net)
                  0.10    0.00    2.25 v _368_/S (sky130_fd_sc_hd__mux2_2)
                  0.05    0.30    2.54 v _368_/X (sky130_fd_sc_hd__mux2_2)
     1    0.00                           _179_ (net)
                  0.05    0.00    2.54 v _369_/A (sky130_fd_sc_hd__buf_1)
                  0.02    0.09    2.63 v _369_/X (sky130_fd_sc_hd__buf_1)
     1    0.00                           _042_ (net)
                  0.02    0.00    2.63 v _434_/D (sky130_fd_sc_hd__dfrtp_2)
                                  2.63   data arrival time

                  0.15   10.00   10.00   clock clk (rise edge)
                          0.00   10.00   clock network delay (ideal)
                         -0.25    9.75   clock uncertainty
                          0.00    9.75   clock reconvergence pessimism
                                  9.75 ^ _434_/CLK (sky130_fd_sc_hd__dfrtp_2)
                         -0.08    9.67   library setup time
                                  9.67   data required time
-----------------------------------------------------------------------------
                                  9.67   data required time
                                 -2.63   data arrival time
-----------------------------------------------------------------------------
                                  7.04   slack (MET)


Startpoint: rst_n (input port clocked by clk)
Endpoint: _465_ (recovery check against rising-edge clock clk)
Path Group: asynchronous
Path Type: max

Fanout     Cap    Slew   Delay    Time   Description
-----------------------------------------------------------------------------
                  0.15    0.00    0.00   clock clk (rise edge)
                          0.00    0.00   clock network delay (ideal)
                          2.00    2.00 ^ input external delay
                  1.16    0.84    2.84 ^ rst_n (in)
    59    0.26                           rst_n (net)
                  1.16    0.00    2.84 ^ _465_/SET_B (sky130_fd_sc_hd__dfstp_2)
                                  2.84   data arrival time

                  0.15   10.00   10.00   clock clk (rise edge)
                          0.00   10.00   clock network delay (ideal)
                         -0.25    9.75   clock uncertainty
                          0.00    9.75   clock reconvergence pessimism
                                  9.75 ^ _465_/CLK (sky130_fd_sc_hd__dfstp_2)
                          0.13    9.88   library recovery time
                                  9.88   data required time
-----------------------------------------------------------------------------
                                  9.88   data required time
                                 -2.84   data arrival time
-----------------------------------------------------------------------------
                                  7.04   slack (MET)


Startpoint: rst_n (input port clocked by clk)
Endpoint: _429_ (recovery check against rising-edge clock clk)
Path Group: asynchronous
Path Type: max

Fanout     Cap    Slew   Delay    Time   Description
-----------------------------------------------------------------------------
                  0.15    0.00    0.00   clock clk (rise edge)
                          0.00    0.00   clock network delay (ideal)
                          2.00    2.00 ^ input external delay
                  1.16    0.84    2.84 ^ rst_n (in)
    59    0.26                           rst_n (net)
                  1.16    0.00    2.84 ^ _429_/SET_B (sky130_fd_sc_hd__dfstp_2)
                                  2.84   data arrival time

                  0.15   10.00   10.00   clock clk (rise edge)
                          0.00   10.00   clock network delay (ideal)
                         -0.25    9.75   clock uncertainty
                          0.00    9.75   clock reconvergence pessimism
                                  9.75 ^ _429_/CLK (sky130_fd_sc_hd__dfstp_2)
                          0.13    9.88   library recovery time
                                  9.88   data required time
-----------------------------------------------------------------------------
                                  9.88   data required time
                                 -2.84   data arrival time
-----------------------------------------------------------------------------
                                  7.04   slack (MET)


Startpoint: _423_ (rising edge-triggered flip-flop clocked by clk)
Endpoint: _430_ (rising edge-triggered flip-flop clocked by clk)
Path Group: clk
Path Type: max

Fanout     Cap    Slew   Delay    Time   Description
-----------------------------------------------------------------------------
                  0.15    0.00    0.00   clock clk (rise edge)
                          0.00    0.00   clock network delay (ideal)
                  0.15    0.00    0.00 ^ _423_/CLK (sky130_fd_sc_hd__dfrtp_2)
                  0.10    0.52    0.52 v _423_/Q (sky130_fd_sc_hd__dfrtp_2)
     9    0.03                           rx_baud_cnt[6] (net)
                  0.10    0.00    0.52 v _206_/B (sky130_fd_sc_hd__or4bb_2)
                  0.11    0.68    1.20 v _206_/X (sky130_fd_sc_hd__or4bb_2)
     3    0.01                           _060_ (net)
                  0.11    0.00    1.20 v _340_/A3 (sky130_fd_sc_hd__o31a_2)
                  0.10    0.39    1.59 v _340_/X (sky130_fd_sc_hd__o31a_2)
    10    0.02                           _158_ (net)
                  0.10    0.00    1.59 v _353_/C (sky130_fd_sc_hd__or4_2)
                  0.10    0.65    2.24 v _353_/X (sky130_fd_sc_hd__or4_2)
     1    0.00                           _168_ (net)
                  0.10    0.00    2.24 v _354_/S (sky130_fd_sc_hd__mux2_2)
                  0.05    0.30    2.54 v _354_/X (sky130_fd_sc_hd__mux2_2)
     1    0.00                           _169_ (net)
                  0.05    0.00    2.54 v _355_/A (sky130_fd_sc_hd__buf_1)
                  0.02    0.09    2.63 v _355_/X (sky130_fd_sc_hd__buf_1)
     1    0.00                           _038_ (net)
                  0.02    0.00    2.63 v _430_/D (sky130_fd_sc_hd__dfrtp_2)
                                  2.63   data arrival time

                  0.15   10.00   10.00   clock clk (rise edge)
                          0.00   10.00   clock network delay (ideal)
                         -0.25    9.75   clock uncertainty
                          0.00    9.75   clock reconvergence pessimism
                                  9.75 ^ _430_/CLK (sky130_fd_sc_hd__dfrtp_2)
                         -0.08    9.67   library setup time
                                  9.67   data required time
-----------------------------------------------------------------------------
                                  9.67   data required time
                                 -2.63   data arrival time
-----------------------------------------------------------------------------
                                  7.04   slack (MET)


Startpoint: _423_ (rising edge-triggered flip-flop clocked by clk)
Endpoint: _435_ (rising edge-triggered flip-flop clocked by clk)
Path Group: clk
Path Type: max

Fanout     Cap    Slew   Delay    Time   Description
-----------------------------------------------------------------------------
                  0.15    0.00    0.00   clock clk (rise edge)
                          0.00    0.00   clock network delay (ideal)
                  0.15    0.00    0.00 ^ _423_/CLK (sky130_fd_sc_hd__dfrtp_2)
                  0.10    0.52    0.52 v _423_/Q (sky130_fd_sc_hd__dfrtp_2)
     9    0.03                           rx_baud_cnt[6] (net)
                  0.10    0.00    0.52 v _206_/B (sky130_fd_sc_hd__or4bb_2)
                  0.11    0.68    1.20 v _206_/X (sky130_fd_sc_hd__or4bb_2)
     3    0.01                           _060_ (net)
                  0.11    0.00    1.20 v _340_/A3 (sky130_fd_sc_hd__o31a_2)
                  0.10    0.39    1.59 v _340_/X (sky130_fd_sc_hd__o31a_2)
    10    0.02                           _158_ (net)
                  0.10    0.00    1.59 v _370_/C (sky130_fd_sc_hd__or4_2)
                  0.10    0.65    2.24 v _370_/X (sky130_fd_sc_hd__or4_2)
     1    0.00                           _180_ (net)
                  0.10    0.00    2.24 v _371_/S (sky130_fd_sc_hd__mux2_2)
                  0.05    0.30    2.54 v _371_/X (sky130_fd_sc_hd__mux2_2)
     1    0.00                           _181_ (net)
                  0.05    0.00    2.54 v _372_/A (sky130_fd_sc_hd__buf_1)
                  0.02    0.09    2.63 v _372_/X (sky130_fd_sc_hd__buf_1)
     1    0.00                           _043_ (net)
                  0.02    0.00    2.63 v _435_/D (sky130_fd_sc_hd__dfrtp_2)
                                  2.63   data arrival time

                  0.15   10.00   10.00   clock clk (rise edge)
                          0.00   10.00   clock network delay (ideal)
                         -0.25    9.75   clock uncertainty
                          0.00    9.75   clock reconvergence pessimism
                                  9.75 ^ _435_/CLK (sky130_fd_sc_hd__dfrtp_2)
                         -0.08    9.67   library setup time
                                  9.67   data required time
-----------------------------------------------------------------------------
                                  9.67   data required time
                                 -2.63   data arrival time
-----------------------------------------------------------------------------
                                  7.04   slack (MET)


Startpoint: rst_n (input port clocked by clk)
Endpoint: _453_ (recovery check against rising-edge clock clk)
Path Group: asynchronous
Path Type: max

Fanout     Cap    Slew   Delay    Time   Description
-----------------------------------------------------------------------------
                  0.15    0.00    0.00   clock clk (rise edge)
                          0.00    0.00   clock network delay (ideal)
                          2.00    2.00 ^ input external delay
                  1.16    0.84    2.84 ^ rst_n (in)
    59    0.26                           rst_n (net)
                  1.16    0.00    2.84 ^ _453_/SET_B (sky130_fd_sc_hd__dfstp_2)
                                  2.84   data arrival time

                  0.15   10.00   10.00   clock clk (rise edge)
                          0.00   10.00   clock network delay (ideal)
                         -0.25    9.75   clock uncertainty
                          0.00    9.75   clock reconvergence pessimism
                                  9.75 ^ _453_/CLK (sky130_fd_sc_hd__dfstp_2)
                          0.13    9.88   library recovery time
                                  9.88   data required time
-----------------------------------------------------------------------------
                                  9.88   data required time
                                 -2.84   data arrival time
-----------------------------------------------------------------------------
                                  7.04   slack (MET)


Startpoint: _429_ (rising edge-triggered flip-flop clocked by clk)
Endpoint: tx_out (output port clocked by clk)
Path Group: clk
Path Type: max

Fanout     Cap    Slew   Delay    Time   Description
-----------------------------------------------------------------------------
                  0.15    0.00    0.00   clock clk (rise edge)
                          0.00    0.00   clock network delay (ideal)
                  0.15    0.00    0.00 ^ _429_/CLK (sky130_fd_sc_hd__dfstp_2)
                  0.17    0.69    0.69 ^ _429_/Q (sky130_fd_sc_hd__dfstp_2)
     1    0.03                           tx_out (net)
                  0.17    0.00    0.69 ^ tx_out (out)
                                  0.69   data arrival time

                  0.15   10.00   10.00   clock clk (rise edge)
                          0.00   10.00   clock network delay (ideal)
                         -0.25    9.75   clock uncertainty
                          0.00    9.75   clock reconvergence pessimism
                         -2.00    7.75   output external delay
                                  7.75   data required time
-----------------------------------------------------------------------------
                                  7.75   data required time
                                 -0.69   data arrival time
-----------------------------------------------------------------------------
                                  7.06   slack (MET)


Startpoint: _423_ (rising edge-triggered flip-flop clocked by clk)
Endpoint: _433_ (rising edge-triggered flip-flop clocked by clk)
Path Group: clk
Path Type: max

Fanout     Cap    Slew   Delay    Time   Description
-----------------------------------------------------------------------------
                  0.15    0.00    0.00   clock clk (rise edge)
                          0.00    0.00   clock network delay (ideal)
                  0.15    0.00    0.00 ^ _423_/CLK (sky130_fd_sc_hd__dfrtp_2)
                  0.10    0.52    0.52 v _423_/Q (sky130_fd_sc_hd__dfrtp_2)
     9    0.03                           rx_baud_cnt[6] (net)
                  0.10    0.00    0.52 v _206_/B (sky130_fd_sc_hd__or4bb_2)
                  0.11    0.68    1.20 v _206_/X (sky130_fd_sc_hd__or4bb_2)
     3    0.01                           _060_ (net)
                  0.11    0.00    1.20 v _340_/A3 (sky130_fd_sc_hd__o31a_2)
                  0.10    0.39    1.59 v _340_/X (sky130_fd_sc_hd__o31a_2)
    10    0.02                           _158_ (net)
                  0.10    0.00    1.59 v _364_/D (sky130_fd_sc_hd__or4_2)
                  0.11    0.59    2.18 v _364_/X (sky130_fd_sc_hd__or4_2)
     1    0.00                           _176_ (net)
                  0.11    0.00    2.18 v _365_/S (sky130_fd_sc_hd__mux2_2)
                  0.05    0.30    2.48 v _365_/X (sky130_fd_sc_hd__mux2_2)
     1    0.00                           _177_ (net)
                  0.05    0.00    2.48 v _366_/A (sky130_fd_sc_hd__buf_1)
                  0.02    0.09    2.57 v _366_/X (sky130_fd_sc_hd__buf_1)
     1    0.00                           _041_ (net)
                  0.02    0.00    2.57 v _433_/D (sky130_fd_sc_hd__dfrtp_2)
                                  2.57   data arrival time

                  0.15   10.00   10.00   clock clk (rise edge)
                          0.00   10.00   clock network delay (ideal)
                         -0.25    9.75   clock uncertainty
                          0.00    9.75   clock reconvergence pessimism
                                  9.75 ^ _433_/CLK (sky130_fd_sc_hd__dfrtp_2)
                         -0.08    9.67   library setup time
                                  9.67   data required time
-----------------------------------------------------------------------------
                                  9.67   data required time
                                 -2.57   data arrival time
-----------------------------------------------------------------------------
                                  7.10   slack (MET)


Startpoint: _423_ (rising edge-triggered flip-flop clocked by clk)
Endpoint: _437_ (rising edge-triggered flip-flop clocked by clk)
Path Group: clk
Path Type: max

Fanout     Cap    Slew   Delay    Time   Description
-----------------------------------------------------------------------------
                  0.15    0.00    0.00   clock clk (rise edge)
                          0.00    0.00   clock network delay (ideal)
                  0.15    0.00    0.00 ^ _423_/CLK (sky130_fd_sc_hd__dfrtp_2)
                  0.10    0.52    0.52 v _423_/Q (sky130_fd_sc_hd__dfrtp_2)
     9    0.03                           rx_baud_cnt[6] (net)
                  0.10    0.00    0.52 v _206_/B (sky130_fd_sc_hd__or4bb_2)
                  0.11    0.68    1.20 v _206_/X (sky130_fd_sc_hd__or4bb_2)
     3    0.01                           _060_ (net)
                  0.11    0.00    1.20 v _340_/A3 (sky130_fd_sc_hd__o31a_2)
                  0.10    0.39    1.59 v _340_/X (sky130_fd_sc_hd__o31a_2)
    10    0.02                           _158_ (net)
                  0.10    0.00    1.59 v _376_/D (sky130_fd_sc_hd__or4_2)
                  0.10    0.58    2.17 v _376_/X (sky130_fd_sc_hd__or4_2)
     1    0.00                           _184_ (net)
                  0.10    0.00    2.17 v _377_/S (sky130_fd_sc_hd__mux2_2)
                  0.05    0.30    2.47 v _377_/X (sky130_fd_sc_hd__mux2_2)
     1    0.00                           _185_ (net)
                  0.05    0.00    2.47 v _378_/A (sky130_fd_sc_hd__buf_1)
                  0.02    0.09    2.56 v _378_/X (sky130_fd_sc_hd__buf_1)
     1    0.00                           _045_ (net)
                  0.02    0.00    2.56 v _437_/D (sky130_fd_sc_hd__dfrtp_2)
                                  2.56   data arrival time

                  0.15   10.00   10.00   clock clk (rise edge)
                          0.00   10.00   clock network delay (ideal)
                         -0.25    9.75   clock uncertainty
                          0.00    9.75   clock reconvergence pessimism
                                  9.75 ^ _437_/CLK (sky130_fd_sc_hd__dfrtp_2)
                         -0.08    9.67   library setup time
                                  9.67   data required time
-----------------------------------------------------------------------------
                                  9.67   data required time
                                 -2.56   data arrival time
-----------------------------------------------------------------------------
                                  7.11   slack (MET)


Startpoint: data_valid (input port clocked by clk)
Endpoint: _447_ (rising edge-triggered flip-flop clocked by clk)
Path Group: clk
Path Type: max

Fanout     Cap    Slew   Delay    Time   Description
-----------------------------------------------------------------------------
                  0.15    0.00    0.00   clock clk (rise edge)
                          0.00    0.00   clock network delay (ideal)
                          2.00    2.00 v input external delay
                  0.02    0.01    2.01 v data_valid (in)
     2    0.01                           data_valid (net)
                  0.02    0.00    2.01 v _222_/A (sky130_fd_sc_hd__or2b_2)
                  0.06    0.30    2.32 v _222_/X (sky130_fd_sc_hd__or2b_2)
     2    0.01                           _074_ (net)
                  0.06    0.00    2.32 v _380_/A1 (sky130_fd_sc_hd__a21boi_2)
                  0.09    0.12    2.43 ^ _380_/Y (sky130_fd_sc_hd__a21boi_2)
     1    0.00                           _187_ (net)
                  0.09    0.00    2.43 ^ _381_/B1 (sky130_fd_sc_hd__o22a_2)
                  0.03    0.14    2.58 ^ _381_/X (sky130_fd_sc_hd__o22a_2)
     1    0.00                           _046_ (net)
                  0.03    0.00    2.58 ^ _447_/D (sky130_fd_sc_hd__dfrtp_2)
                                  2.58   data arrival time

                  0.15   10.00   10.00   clock clk (rise edge)
                          0.00   10.00   clock network delay (ideal)
                         -0.25    9.75   clock uncertainty
                          0.00    9.75   clock reconvergence pessimism
                                  9.75 ^ _447_/CLK (sky130_fd_sc_hd__dfrtp_2)
                         -0.04    9.71   library setup time
                                  9.71   data required time
-----------------------------------------------------------------------------
                                  9.71   data required time
                                 -2.58   data arrival time
-----------------------------------------------------------------------------
                                  7.13   slack (MET)


Startpoint: _447_ (rising edge-triggered flip-flop clocked by clk)
Endpoint: tx_busy (output port clocked by clk)
Path Group: clk
Path Type: max

Fanout     Cap    Slew   Delay    Time   Description
-----------------------------------------------------------------------------
                  0.15    0.00    0.00   clock clk (rise edge)
                          0.00    0.00   clock network delay (ideal)
                  0.15    0.00    0.00 ^ _447_/CLK (sky130_fd_sc_hd__dfrtp_2)
                  0.13    0.55    0.55 v _447_/Q (sky130_fd_sc_hd__dfrtp_2)
     3    0.04                           tx_busy (net)
                  0.13    0.00    0.55 v tx_busy (out)
                                  0.55   data arrival time

                  0.15   10.00   10.00   clock clk (rise edge)
                          0.00   10.00   clock network delay (ideal)
                         -0.25    9.75   clock uncertainty
                          0.00    9.75   clock reconvergence pessimism
                         -2.00    7.75   output external delay
                                  7.75   data required time
-----------------------------------------------------------------------------
                                  7.75   data required time
                                 -0.55   data arrival time
-----------------------------------------------------------------------------
                                  7.20   slack (MET)


Startpoint: data_valid (input port clocked by clk)
Endpoint: _465_ (rising edge-triggered flip-flop clocked by clk)
Path Group: clk
Path Type: max

Fanout     Cap    Slew   Delay    Time   Description
-----------------------------------------------------------------------------
                  0.15    0.00    0.00   clock clk (rise edge)
                          0.00    0.00   clock network delay (ideal)
                          2.00    2.00 v input external delay
                  0.02    0.01    2.01 v data_valid (in)
     2    0.01                           data_valid (net)
                  0.02    0.00    2.01 v _222_/A (sky130_fd_sc_hd__or2b_2)
                  0.06    0.30    2.32 v _222_/X (sky130_fd_sc_hd__or2b_2)
     2    0.01                           _074_ (net)
                  0.06    0.00    2.32 v _223_/B1_N (sky130_fd_sc_hd__a21bo_2)
                  0.04    0.20    2.51 ^ _223_/X (sky130_fd_sc_hd__a21bo_2)
     1    0.00                           _014_ (net)
                  0.04    0.00    2.51 ^ _465_/D (sky130_fd_sc_hd__dfstp_2)
                                  2.51   data arrival time

                  0.15   10.00   10.00   clock clk (rise edge)
                          0.00   10.00   clock network delay (ideal)
                         -0.25    9.75   clock uncertainty
                          0.00    9.75   clock reconvergence pessimism
                                  9.75 ^ _465_/CLK (sky130_fd_sc_hd__dfstp_2)
                         -0.04    9.71   library setup time
                                  9.71   data required time
-----------------------------------------------------------------------------
                                  9.71   data required time
                                 -2.51   data arrival time
-----------------------------------------------------------------------------
                                  7.20   slack (MET)


Startpoint: _416_ (rising edge-triggered flip-flop clocked by clk)
Endpoint: data_out[7] (output port clocked by clk)
Path Group: clk
Path Type: max

Fanout     Cap    Slew   Delay    Time   Description
-----------------------------------------------------------------------------
                  0.15    0.00    0.00   clock clk (rise edge)
                          0.00    0.00   clock network delay (ideal)
                  0.15    0.00    0.00 ^ _416_/CLK (sky130_fd_sc_hd__dfrtp_2)
                  0.12    0.54    0.54 v _416_/Q (sky130_fd_sc_hd__dfrtp_2)
     2    0.04                           data_out[7] (net)
                  0.12    0.00    0.55 v data_out[7] (out)
                                  0.55   data arrival time

                  0.15   10.00   10.00   clock clk (rise edge)
                          0.00   10.00   clock network delay (ideal)
                         -0.25    9.75   clock uncertainty
                          0.00    9.75   clock reconvergence pessimism
                         -2.00    7.75   output external delay
                                  7.75   data required time
-----------------------------------------------------------------------------
                                  7.75   data required time
                                 -0.55   data arrival time
-----------------------------------------------------------------------------
                                  7.20   slack (MET)


Startpoint: _415_ (rising edge-triggered flip-flop clocked by clk)
Endpoint: data_out[6] (output port clocked by clk)
Path Group: clk
Path Type: max

Fanout     Cap    Slew   Delay    Time   Description
-----------------------------------------------------------------------------
                  0.15    0.00    0.00   clock clk (rise edge)
                          0.00    0.00   clock network delay (ideal)
                  0.15    0.00    0.00 ^ _415_/CLK (sky130_fd_sc_hd__dfrtp_2)
                  0.12    0.54    0.54 v _415_/Q (sky130_fd_sc_hd__dfrtp_2)
     2    0.04                           data_out[6] (net)
                  0.12    0.00    0.54 v data_out[6] (out)
                                  0.54   data arrival time

                  0.15   10.00   10.00   clock clk (rise edge)
                          0.00   10.00   clock network delay (ideal)
                         -0.25    9.75   clock uncertainty
                          0.00    9.75   clock reconvergence pessimism
                         -2.00    7.75   output external delay
                                  7.75   data required time
-----------------------------------------------------------------------------
                                  7.75   data required time
                                 -0.54   data arrival time
-----------------------------------------------------------------------------
                                  7.21   slack (MET)


Startpoint: _413_ (rising edge-triggered flip-flop clocked by clk)
Endpoint: data_out[4] (output port clocked by clk)
Path Group: clk
Path Type: max

Fanout     Cap    Slew   Delay    Time   Description
-----------------------------------------------------------------------------
                  0.15    0.00    0.00   clock clk (rise edge)
                          0.00    0.00   clock network delay (ideal)
                  0.15    0.00    0.00 ^ _413_/CLK (sky130_fd_sc_hd__dfrtp_2)
                  0.12    0.54    0.54 v _413_/Q (sky130_fd_sc_hd__dfrtp_2)
     2    0.04                           data_out[4] (net)
                  0.12    0.00    0.54 v data_out[4] (out)
                                  0.54   data arrival time

                  0.15   10.00   10.00   clock clk (rise edge)
                          0.00   10.00   clock network delay (ideal)
                         -0.25    9.75   clock uncertainty
                          0.00    9.75   clock reconvergence pessimism
                         -2.00    7.75   output external delay
                                  7.75   data required time
-----------------------------------------------------------------------------
                                  7.75   data required time
                                 -0.54   data arrival time
-----------------------------------------------------------------------------
                                  7.21   slack (MET)


Startpoint: _410_ (rising edge-triggered flip-flop clocked by clk)
Endpoint: data_out[1] (output port clocked by clk)
Path Group: clk
Path Type: max

Fanout     Cap    Slew   Delay    Time   Description
-----------------------------------------------------------------------------
                  0.15    0.00    0.00   clock clk (rise edge)
                          0.00    0.00   clock network delay (ideal)
                  0.15    0.00    0.00 ^ _410_/CLK (sky130_fd_sc_hd__dfrtp_2)
                  0.11    0.54    0.54 v _410_/Q (sky130_fd_sc_hd__dfrtp_2)
     2    0.04                           data_out[1] (net)
                  0.11    0.00    0.54 v data_out[1] (out)
                                  0.54   data arrival time

                  0.15   10.00   10.00   clock clk (rise edge)
                          0.00   10.00   clock network delay (ideal)
                         -0.25    9.75   clock uncertainty
                          0.00    9.75   clock reconvergence pessimism
                         -2.00    7.75   output external delay
                                  7.75   data required time
-----------------------------------------------------------------------------
                                  7.75   data required time
                                 -0.54   data arrival time
-----------------------------------------------------------------------------
                                  7.21   slack (MET)


Startpoint: _411_ (rising edge-triggered flip-flop clocked by clk)
Endpoint: data_out[2] (output port clocked by clk)
Path Group: clk
Path Type: max

Fanout     Cap    Slew   Delay    Time   Description
-----------------------------------------------------------------------------
                  0.15    0.00    0.00   clock clk (rise edge)
                          0.00    0.00   clock network delay (ideal)
                  0.15    0.00    0.00 ^ _411_/CLK (sky130_fd_sc_hd__dfrtp_2)
                  0.12    0.54    0.54 v _411_/Q (sky130_fd_sc_hd__dfrtp_2)
     2    0.04                           data_out[2] (net)
                  0.12    0.00    0.54 v data_out[2] (out)
                                  0.54   data arrival time

                  0.15   10.00   10.00   clock clk (rise edge)
                          0.00   10.00   clock network delay (ideal)
                         -0.25    9.75   clock uncertainty
                          0.00    9.75   clock reconvergence pessimism
                         -2.00    7.75   output external delay
                                  7.75   data required time
-----------------------------------------------------------------------------
                                  7.75   data required time
                                 -0.54   data arrival time
-----------------------------------------------------------------------------
                                  7.21   slack (MET)


Startpoint: _409_ (rising edge-triggered flip-flop clocked by clk)
Endpoint: data_out[0] (output port clocked by clk)
Path Group: clk
Path Type: max

Fanout     Cap    Slew   Delay    Time   Description
-----------------------------------------------------------------------------
                  0.15    0.00    0.00   clock clk (rise edge)
                          0.00    0.00   clock network delay (ideal)
                  0.15    0.00    0.00 ^ _409_/CLK (sky130_fd_sc_hd__dfrtp_2)
                  0.12    0.54    0.54 v _409_/Q (sky130_fd_sc_hd__dfrtp_2)
     2    0.04                           data_out[0] (net)
                  0.12    0.00    0.54 v data_out[0] (out)
                                  0.54   data arrival time

                  0.15   10.00   10.00   clock clk (rise edge)
                          0.00   10.00   clock network delay (ideal)
                         -0.25    9.75   clock uncertainty
                          0.00    9.75   clock reconvergence pessimism
                         -2.00    7.75   output external delay
                                  7.75   data required time
-----------------------------------------------------------------------------
                                  7.75   data required time
                                 -0.54   data arrival time
-----------------------------------------------------------------------------
                                  7.21   slack (MET)


Startpoint: _412_ (rising edge-triggered flip-flop clocked by clk)
Endpoint: data_out[3] (output port clocked by clk)
Path Group: clk
Path Type: max

Fanout     Cap    Slew   Delay    Time   Description
-----------------------------------------------------------------------------
                  0.15    0.00    0.00   clock clk (rise edge)
                          0.00    0.00   clock network delay (ideal)
                  0.15    0.00    0.00 ^ _412_/CLK (sky130_fd_sc_hd__dfrtp_2)
                  0.12    0.54    0.54 v _412_/Q (sky130_fd_sc_hd__dfrtp_2)
     2    0.04                           data_out[3] (net)
                  0.12    0.00    0.54 v data_out[3] (out)
                                  0.54   data arrival time

                  0.15   10.00   10.00   clock clk (rise edge)
                          0.00   10.00   clock network delay (ideal)
                         -0.25    9.75   clock uncertainty
                          0.00    9.75   clock reconvergence pessimism
                         -2.00    7.75   output external delay
                                  7.75   data required time
-----------------------------------------------------------------------------
                                  7.75   data required time
                                 -0.54   data arrival time
-----------------------------------------------------------------------------
                                  7.21   slack (MET)


Startpoint: _414_ (rising edge-triggered flip-flop clocked by clk)
Endpoint: data_out[5] (output port clocked by clk)
Path Group: clk
Path Type: max

Fanout     Cap    Slew   Delay    Time   Description
-----------------------------------------------------------------------------
                  0.15    0.00    0.00   clock clk (rise edge)
                          0.00    0.00   clock network delay (ideal)
                  0.15    0.00    0.00 ^ _414_/CLK (sky130_fd_sc_hd__dfrtp_2)
                  0.12    0.54    0.54 v _414_/Q (sky130_fd_sc_hd__dfrtp_2)
     2    0.04                           data_out[5] (net)
                  0.12    0.00    0.54 v data_out[5] (out)
                                  0.54   data arrival time

                  0.15   10.00   10.00   clock clk (rise edge)
                          0.00   10.00   clock network delay (ideal)
                         -0.25    9.75   clock uncertainty
                          0.00    9.75   clock reconvergence pessimism
                         -2.00    7.75   output external delay
                                  7.75   data required time
-----------------------------------------------------------------------------
                                  7.75   data required time
                                 -0.54   data arrival time
-----------------------------------------------------------------------------
                                  7.21   slack (MET)


Startpoint: _408_ (rising edge-triggered flip-flop clocked by clk)
Endpoint: data_ready (output port clocked by clk)
Path Group: clk
Path Type: max

Fanout     Cap    Slew   Delay    Time   Description
-----------------------------------------------------------------------------
                  0.15    0.00    0.00   clock clk (rise edge)
                          0.00    0.00   clock network delay (ideal)
                  0.15    0.00    0.00 ^ _408_/CLK (sky130_fd_sc_hd__dfrtp_2)
                  0.11    0.53    0.53 v _408_/Q (sky130_fd_sc_hd__dfrtp_2)
     1    0.03                           data_ready (net)
                  0.11    0.00    0.53 v data_ready (out)
                                  0.53   data arrival time

                  0.15   10.00   10.00   clock clk (rise edge)
                          0.00   10.00   clock network delay (ideal)
                         -0.25    9.75   clock uncertainty
                          0.00    9.75   clock reconvergence pessimism
                         -2.00    7.75   output external delay
                                  7.75   data required time
-----------------------------------------------------------------------------
                                  7.75   data required time
                                 -0.53   data arrival time
-----------------------------------------------------------------------------
                                  7.22   slack (MET)


Startpoint: data_valid (input port clocked by clk)
Endpoint: _467_ (rising edge-triggered flip-flop clocked by clk)
Path Group: clk
Path Type: max

Fanout     Cap    Slew   Delay    Time   Description
-----------------------------------------------------------------------------
                  0.15    0.00    0.00   clock clk (rise edge)
                          0.00    0.00   clock network delay (ideal)
                          2.00    2.00 v input external delay
                  0.02    0.01    2.01 v data_valid (in)
     2    0.01                           data_valid (net)
                  0.02    0.00    2.01 v _242_/B (sky130_fd_sc_hd__nand2_2)
                  0.23    0.20    2.21 ^ _242_/Y (sky130_fd_sc_hd__nand2_2)
    10    0.04                           _088_ (net)
                  0.23    0.00    2.21 ^ _243_/B1 (sky130_fd_sc_hd__o21ai_2)
                  0.06    0.08    2.29 v _243_/Y (sky130_fd_sc_hd__o21ai_2)
     1    0.00                           _016_ (net)
                  0.06    0.00    2.29 v _467_/D (sky130_fd_sc_hd__dfrtp_2)
                                  2.29   data arrival time

                  0.15   10.00   10.00   clock clk (rise edge)
                          0.00   10.00   clock network delay (ideal)
                         -0.25    9.75   clock uncertainty
                          0.00    9.75   clock reconvergence pessimism
                                  9.75 ^ _467_/CLK (sky130_fd_sc_hd__dfrtp_2)
                         -0.10    9.65   library setup time
                                  9.65   data required time
-----------------------------------------------------------------------------
                                  9.65   data required time
                                 -2.29   data arrival time
-----------------------------------------------------------------------------
                                  7.36   slack (MET)


Startpoint: _423_ (rising edge-triggered flip-flop clocked by clk)
Endpoint: _412_ (rising edge-triggered flip-flop clocked by clk)
Path Group: clk
Path Type: max

Fanout     Cap    Slew   Delay    Time   Description
-----------------------------------------------------------------------------
                  0.15    0.00    0.00   clock clk (rise edge)
                          0.00    0.00   clock network delay (ideal)
                  0.15    0.00    0.00 ^ _423_/CLK (sky130_fd_sc_hd__dfrtp_2)
                  0.10    0.52    0.52 v _423_/Q (sky130_fd_sc_hd__dfrtp_2)
     9    0.03                           rx_baud_cnt[6] (net)
                  0.10    0.00    0.52 v _206_/B (sky130_fd_sc_hd__or4bb_2)
                  0.11    0.68    1.20 v _206_/X (sky130_fd_sc_hd__or4bb_2)
     3    0.01                           _060_ (net)
                  0.11    0.00    1.20 v _207_/C (sky130_fd_sc_hd__nor3_2)
                  0.37    0.33    1.54 ^ _207_/Y (sky130_fd_sc_hd__nor3_2)
     5    0.02                           _061_ (net)
                  0.37    0.00    1.54 ^ _239_/C (sky130_fd_sc_hd__nand3_2)
                  0.26    0.30    1.84 v _239_/Y (sky130_fd_sc_hd__nand3_2)
     9    0.04                           _086_ (net)
                  0.26    0.00    1.84 v _287_/S (sky130_fd_sc_hd__mux2_2)
                  0.05    0.36    2.20 v _287_/X (sky130_fd_sc_hd__mux2_2)
     1    0.00                           _119_ (net)
                  0.05    0.00    2.20 v _288_/A (sky130_fd_sc_hd__buf_1)
                  0.02    0.09    2.28 v _288_/X (sky130_fd_sc_hd__buf_1)
     1    0.00                           _021_ (net)
                  0.02    0.00    2.28 v _412_/D (sky130_fd_sc_hd__dfrtp_2)
                                  2.28   data arrival time

                  0.15   10.00   10.00   clock clk (rise edge)
                          0.00   10.00   clock network delay (ideal)
                         -0.25    9.75   clock uncertainty
                          0.00    9.75   clock reconvergence pessimism
                                  9.75 ^ _412_/CLK (sky130_fd_sc_hd__dfrtp_2)
                         -0.08    9.67   library setup time
                                  9.67   data required time
-----------------------------------------------------------------------------
                                  9.67   data required time
                                 -2.28   data arrival time
-----------------------------------------------------------------------------
                                  7.38   slack (MET)


Startpoint: _423_ (rising edge-triggered flip-flop clocked by clk)
Endpoint: _410_ (rising edge-triggered flip-flop clocked by clk)
Path Group: clk
Path Type: max

Fanout     Cap    Slew   Delay    Time   Description
-----------------------------------------------------------------------------
                  0.15    0.00    0.00   clock clk (rise edge)
                          0.00    0.00   clock network delay (ideal)
                  0.15    0.00    0.00 ^ _423_/CLK (sky130_fd_sc_hd__dfrtp_2)
                  0.10    0.52    0.52 v _423_/Q (sky130_fd_sc_hd__dfrtp_2)
     9    0.03                           rx_baud_cnt[6] (net)
                  0.10    0.00    0.52 v _206_/B (sky130_fd_sc_hd__or4bb_2)
                  0.11    0.68    1.20 v _206_/X (sky130_fd_sc_hd__or4bb_2)
     3    0.01                           _060_ (net)
                  0.11    0.00    1.20 v _207_/C (sky130_fd_sc_hd__nor3_2)
                  0.37    0.33    1.54 ^ _207_/Y (sky130_fd_sc_hd__nor3_2)
     5    0.02                           _061_ (net)
                  0.37    0.00    1.54 ^ _239_/C (sky130_fd_sc_hd__nand3_2)
                  0.26    0.30    1.84 v _239_/Y (sky130_fd_sc_hd__nand3_2)
     9    0.04                           _086_ (net)
                  0.26    0.00    1.84 v _283_/S (sky130_fd_sc_hd__mux2_2)
                  0.05    0.36    2.20 v _283_/X (sky130_fd_sc_hd__mux2_2)
     1    0.00                           _117_ (net)
                  0.05    0.00    2.20 v _284_/A (sky130_fd_sc_hd__buf_1)
                  0.02    0.09    2.28 v _284_/X (sky130_fd_sc_hd__buf_1)
     1    0.00                           _019_ (net)
                  0.02    0.00    2.28 v _410_/D (sky130_fd_sc_hd__dfrtp_2)
                                  2.28   data arrival time

                  0.15   10.00   10.00   clock clk (rise edge)
                          0.00   10.00   clock network delay (ideal)
                         -0.25    9.75   clock uncertainty
                          0.00    9.75   clock reconvergence pessimism
                                  9.75 ^ _410_/CLK (sky130_fd_sc_hd__dfrtp_2)
                         -0.08    9.67   library setup time
                                  9.67   data required time
-----------------------------------------------------------------------------
                                  9.67   data required time
                                 -2.28   data arrival time
-----------------------------------------------------------------------------
                                  7.38   slack (MET)


Startpoint: _423_ (rising edge-triggered flip-flop clocked by clk)
Endpoint: _411_ (rising edge-triggered flip-flop clocked by clk)
Path Group: clk
Path Type: max

Fanout     Cap    Slew   Delay    Time   Description
-----------------------------------------------------------------------------
                  0.15    0.00    0.00   clock clk (rise edge)
                          0.00    0.00   clock network delay (ideal)
                  0.15    0.00    0.00 ^ _423_/CLK (sky130_fd_sc_hd__dfrtp_2)
                  0.10    0.52    0.52 v _423_/Q (sky130_fd_sc_hd__dfrtp_2)
     9    0.03                           rx_baud_cnt[6] (net)
                  0.10    0.00    0.52 v _206_/B (sky130_fd_sc_hd__or4bb_2)
                  0.11    0.68    1.20 v _206_/X (sky130_fd_sc_hd__or4bb_2)
     3    0.01                           _060_ (net)
                  0.11    0.00    1.20 v _207_/C (sky130_fd_sc_hd__nor3_2)
                  0.37    0.33    1.54 ^ _207_/Y (sky130_fd_sc_hd__nor3_2)
     5    0.02                           _061_ (net)
                  0.37    0.00    1.54 ^ _239_/C (sky130_fd_sc_hd__nand3_2)
                  0.26    0.30    1.84 v _239_/Y (sky130_fd_sc_hd__nand3_2)
     9    0.04                           _086_ (net)
                  0.26    0.00    1.84 v _285_/S (sky130_fd_sc_hd__mux2_2)
                  0.05    0.36    2.20 v _285_/X (sky130_fd_sc_hd__mux2_2)
     1    0.00                           _118_ (net)
                  0.05    0.00    2.20 v _286_/A (sky130_fd_sc_hd__buf_1)
                  0.02    0.09    2.28 v _286_/X (sky130_fd_sc_hd__buf_1)
     1    0.00                           _020_ (net)
                  0.02    0.00    2.28 v _411_/D (sky130_fd_sc_hd__dfrtp_2)
                                  2.28   data arrival time

                  0.15   10.00   10.00   clock clk (rise edge)
                          0.00   10.00   clock network delay (ideal)
                         -0.25    9.75   clock uncertainty
                          0.00    9.75   clock reconvergence pessimism
                                  9.75 ^ _411_/CLK (sky130_fd_sc_hd__dfrtp_2)
                         -0.08    9.67   library setup time
                                  9.67   data required time
-----------------------------------------------------------------------------
                                  9.67   data required time
                                 -2.28   data arrival time
-----------------------------------------------------------------------------
                                  7.38   slack (MET)


Startpoint: _423_ (rising edge-triggered flip-flop clocked by clk)
Endpoint: _414_ (rising edge-triggered flip-flop clocked by clk)
Path Group: clk
Path Type: max

Fanout     Cap    Slew   Delay    Time   Description
-----------------------------------------------------------------------------
                  0.15    0.00    0.00   clock clk (rise edge)
                          0.00    0.00   clock network delay (ideal)
                  0.15    0.00    0.00 ^ _423_/CLK (sky130_fd_sc_hd__dfrtp_2)
                  0.10    0.52    0.52 v _423_/Q (sky130_fd_sc_hd__dfrtp_2)
     9    0.03                           rx_baud_cnt[6] (net)
                  0.10    0.00    0.52 v _206_/B (sky130_fd_sc_hd__or4bb_2)
                  0.11    0.68    1.20 v _206_/X (sky130_fd_sc_hd__or4bb_2)
     3    0.01                           _060_ (net)
                  0.11    0.00    1.20 v _207_/C (sky130_fd_sc_hd__nor3_2)
                  0.37    0.33    1.54 ^ _207_/Y (sky130_fd_sc_hd__nor3_2)
     5    0.02                           _061_ (net)
                  0.37    0.00    1.54 ^ _239_/C (sky130_fd_sc_hd__nand3_2)
                  0.26    0.30    1.84 v _239_/Y (sky130_fd_sc_hd__nand3_2)
     9    0.04                           _086_ (net)
                  0.26    0.00    1.84 v _291_/S (sky130_fd_sc_hd__mux2_2)
                  0.05    0.36    2.20 v _291_/X (sky130_fd_sc_hd__mux2_2)
     1    0.00                           _121_ (net)
                  0.05    0.00    2.20 v _292_/A (sky130_fd_sc_hd__buf_1)
                  0.02    0.09    2.28 v _292_/X (sky130_fd_sc_hd__buf_1)
     1    0.00                           _023_ (net)
                  0.02    0.00    2.28 v _414_/D (sky130_fd_sc_hd__dfrtp_2)
                                  2.28   data arrival time

                  0.15   10.00   10.00   clock clk (rise edge)
                          0.00   10.00   clock network delay (ideal)
                         -0.25    9.75   clock uncertainty
                          0.00    9.75   clock reconvergence pessimism
                                  9.75 ^ _414_/CLK (sky130_fd_sc_hd__dfrtp_2)
                         -0.08    9.67   library setup time
                                  9.67   data required time
-----------------------------------------------------------------------------
                                  9.67   data required time
                                 -2.28   data arrival time
-----------------------------------------------------------------------------
                                  7.38   slack (MET)


Startpoint: _423_ (rising edge-triggered flip-flop clocked by clk)
Endpoint: _415_ (rising edge-triggered flip-flop clocked by clk)
Path Group: clk
Path Type: max

Fanout     Cap    Slew   Delay    Time   Description
-----------------------------------------------------------------------------
                  0.15    0.00    0.00   clock clk (rise edge)
                          0.00    0.00   clock network delay (ideal)
                  0.15    0.00    0.00 ^ _423_/CLK (sky130_fd_sc_hd__dfrtp_2)
                  0.10    0.52    0.52 v _423_/Q (sky130_fd_sc_hd__dfrtp_2)
     9    0.03                           rx_baud_cnt[6] (net)
                  0.10    0.00    0.52 v _206_/B (sky130_fd_sc_hd__or4bb_2)
                  0.11    0.68    1.20 v _206_/X (sky130_fd_sc_hd__or4bb_2)
     3    0.01                           _060_ (net)
                  0.11    0.00    1.20 v _207_/C (sky130_fd_sc_hd__nor3_2)
                  0.37    0.33    1.54 ^ _207_/Y (sky130_fd_sc_hd__nor3_2)
     5    0.02                           _061_ (net)
                  0.37    0.00    1.54 ^ _239_/C (sky130_fd_sc_hd__nand3_2)
                  0.26    0.30    1.84 v _239_/Y (sky130_fd_sc_hd__nand3_2)
     9    0.04                           _086_ (net)
                  0.26    0.00    1.84 v _293_/S (sky130_fd_sc_hd__mux2_2)
                  0.05    0.36    2.19 v _293_/X (sky130_fd_sc_hd__mux2_2)
     1    0.00                           _122_ (net)
                  0.05    0.00    2.19 v _294_/A (sky130_fd_sc_hd__buf_1)
                  0.02    0.09    2.28 v _294_/X (sky130_fd_sc_hd__buf_1)
     1    0.00                           _024_ (net)
                  0.02    0.00    2.28 v _415_/D (sky130_fd_sc_hd__dfrtp_2)
                                  2.28   data arrival time

                  0.15   10.00   10.00   clock clk (rise edge)
                          0.00   10.00   clock network delay (ideal)
                         -0.25    9.75   clock uncertainty
                          0.00    9.75   clock reconvergence pessimism
                                  9.75 ^ _415_/CLK (sky130_fd_sc_hd__dfrtp_2)
                         -0.08    9.67   library setup time
                                  9.67   data required time
-----------------------------------------------------------------------------
                                  9.67   data required time
                                 -2.28   data arrival time
-----------------------------------------------------------------------------
                                  7.39   slack (MET)


Startpoint: _423_ (rising edge-triggered flip-flop clocked by clk)
Endpoint: _413_ (rising edge-triggered flip-flop clocked by clk)
Path Group: clk
Path Type: max

Fanout     Cap    Slew   Delay    Time   Description
-----------------------------------------------------------------------------
                  0.15    0.00    0.00   clock clk (rise edge)
                          0.00    0.00   clock network delay (ideal)
                  0.15    0.00    0.00 ^ _423_/CLK (sky130_fd_sc_hd__dfrtp_2)
                  0.10    0.52    0.52 v _423_/Q (sky130_fd_sc_hd__dfrtp_2)
     9    0.03                           rx_baud_cnt[6] (net)
                  0.10    0.00    0.52 v _206_/B (sky130_fd_sc_hd__or4bb_2)
                  0.11    0.68    1.20 v _206_/X (sky130_fd_sc_hd__or4bb_2)
     3    0.01                           _060_ (net)
                  0.11    0.00    1.20 v _207_/C (sky130_fd_sc_hd__nor3_2)
                  0.37    0.33    1.54 ^ _207_/Y (sky130_fd_sc_hd__nor3_2)
     5    0.02                           _061_ (net)
                  0.37    0.00    1.54 ^ _239_/C (sky130_fd_sc_hd__nand3_2)
                  0.26    0.30    1.84 v _239_/Y (sky130_fd_sc_hd__nand3_2)
     9    0.04                           _086_ (net)
                  0.26    0.00    1.84 v _289_/S (sky130_fd_sc_hd__mux2_2)
                  0.05    0.36    2.19 v _289_/X (sky130_fd_sc_hd__mux2_2)
     1    0.00                           _120_ (net)
                  0.05    0.00    2.19 v _290_/A (sky130_fd_sc_hd__buf_1)
                  0.02    0.09    2.28 v _290_/X (sky130_fd_sc_hd__buf_1)
     1    0.00                           _022_ (net)
                  0.02    0.00    2.28 v _413_/D (sky130_fd_sc_hd__dfrtp_2)
                                  2.28   data arrival time

                  0.15   10.00   10.00   clock clk (rise edge)
                          0.00   10.00   clock network delay (ideal)
                         -0.25    9.75   clock uncertainty
                          0.00    9.75   clock reconvergence pessimism
                                  9.75 ^ _413_/CLK (sky130_fd_sc_hd__dfrtp_2)
                         -0.08    9.67   library setup time
                                  9.67   data required time
-----------------------------------------------------------------------------
                                  9.67   data required time
                                 -2.28   data arrival time
-----------------------------------------------------------------------------
                                  7.39   slack (MET)


Startpoint: _423_ (rising edge-triggered flip-flop clocked by clk)
Endpoint: _416_ (rising edge-triggered flip-flop clocked by clk)
Path Group: clk
Path Type: max

Fanout     Cap    Slew   Delay    Time   Description
-----------------------------------------------------------------------------
                  0.15    0.00    0.00   clock clk (rise edge)
                          0.00    0.00   clock network delay (ideal)
                  0.15    0.00    0.00 ^ _423_/CLK (sky130_fd_sc_hd__dfrtp_2)
                  0.10    0.52    0.52 v _423_/Q (sky130_fd_sc_hd__dfrtp_2)
     9    0.03                           rx_baud_cnt[6] (net)
                  0.10    0.00    0.52 v _206_/B (sky130_fd_sc_hd__or4bb_2)
                  0.11    0.68    1.20 v _206_/X (sky130_fd_sc_hd__or4bb_2)
     3    0.01                           _060_ (net)
                  0.11    0.00    1.20 v _207_/C (sky130_fd_sc_hd__nor3_2)
                  0.37    0.33    1.54 ^ _207_/Y (sky130_fd_sc_hd__nor3_2)
     5    0.02                           _061_ (net)
                  0.37    0.00    1.54 ^ _239_/C (sky130_fd_sc_hd__nand3_2)
                  0.26    0.30    1.84 v _239_/Y (sky130_fd_sc_hd__nand3_2)
     9    0.04                           _086_ (net)
                  0.26    0.00    1.84 v _295_/S (sky130_fd_sc_hd__mux2_2)
                  0.05    0.36    2.19 v _295_/X (sky130_fd_sc_hd__mux2_2)
     1    0.00                           _123_ (net)
                  0.05    0.00    2.19 v _296_/A (sky130_fd_sc_hd__buf_1)
                  0.02    0.09    2.28 v _296_/X (sky130_fd_sc_hd__buf_1)
     1    0.00                           _025_ (net)
                  0.02    0.00    2.28 v _416_/D (sky130_fd_sc_hd__dfrtp_2)
                                  2.28   data arrival time

                  0.15   10.00   10.00   clock clk (rise edge)
                          0.00   10.00   clock network delay (ideal)
                         -0.25    9.75   clock uncertainty
                          0.00    9.75   clock reconvergence pessimism
                                  9.75 ^ _416_/CLK (sky130_fd_sc_hd__dfrtp_2)
                         -0.08    9.67   library setup time
                                  9.67   data required time
-----------------------------------------------------------------------------
                                  9.67   data required time
                                 -2.28   data arrival time
-----------------------------------------------------------------------------
                                  7.39   slack (MET)


Startpoint: _423_ (rising edge-triggered flip-flop clocked by clk)
Endpoint: _409_ (rising edge-triggered flip-flop clocked by clk)
Path Group: clk
Path Type: max

Fanout     Cap    Slew   Delay    Time   Description
-----------------------------------------------------------------------------
                  0.15    0.00    0.00   clock clk (rise edge)
                          0.00    0.00   clock network delay (ideal)
                  0.15    0.00    0.00 ^ _423_/CLK (sky130_fd_sc_hd__dfrtp_2)
                  0.10    0.52    0.52 v _423_/Q (sky130_fd_sc_hd__dfrtp_2)
     9    0.03                           rx_baud_cnt[6] (net)
                  0.10    0.00    0.52 v _206_/B (sky130_fd_sc_hd__or4bb_2)
                  0.11    0.68    1.20 v _206_/X (sky130_fd_sc_hd__or4bb_2)
     3    0.01                           _060_ (net)
                  0.11    0.00    1.20 v _207_/C (sky130_fd_sc_hd__nor3_2)
                  0.37    0.33    1.54 ^ _207_/Y (sky130_fd_sc_hd__nor3_2)
     5    0.02                           _061_ (net)
                  0.37    0.00    1.54 ^ _239_/C (sky130_fd_sc_hd__nand3_2)
                  0.26    0.30    1.84 v _239_/Y (sky130_fd_sc_hd__nand3_2)
     9    0.04                           _086_ (net)
                  0.26    0.00    1.84 v _281_/S (sky130_fd_sc_hd__mux2_2)
                  0.05    0.36    2.19 v _281_/X (sky130_fd_sc_hd__mux2_2)
     1    0.00                           _116_ (net)
                  0.05    0.00    2.19 v _282_/A (sky130_fd_sc_hd__buf_1)
                  0.02    0.09    2.28 v _282_/X (sky130_fd_sc_hd__buf_1)
     1    0.00                           _018_ (net)
                  0.02    0.00    2.28 v _409_/D (sky130_fd_sc_hd__dfrtp_2)
                                  2.28   data arrival time

                  0.15   10.00   10.00   clock clk (rise edge)
                          0.00   10.00   clock network delay (ideal)
                         -0.25    9.75   clock uncertainty
                          0.00    9.75   clock reconvergence pessimism
                                  9.75 ^ _409_/CLK (sky130_fd_sc_hd__dfrtp_2)
                         -0.08    9.67   library setup time
                                  9.67   data required time
-----------------------------------------------------------------------------
                                  9.67   data required time
                                 -2.28   data arrival time
-----------------------------------------------------------------------------
                                  7.39   slack (MET)


Startpoint: _418_ (rising edge-triggered flip-flop clocked by clk)
Endpoint: _417_ (rising edge-triggered flip-flop clocked by clk)
Path Group: clk
Path Type: max

Fanout     Cap    Slew   Delay    Time   Description
-----------------------------------------------------------------------------
                  0.15    0.00    0.00   clock clk (rise edge)
                          0.00    0.00   clock network delay (ideal)
                  0.15    0.00    0.00 ^ _418_/CLK (sky130_fd_sc_hd__dfrtp_2)
                  0.08    0.49    0.49 v _418_/Q (sky130_fd_sc_hd__dfrtp_2)
     6    0.02                           rx_baud_cnt[1] (net)
                  0.08    0.00    0.49 v _204_/A (sky130_fd_sc_hd__or3b_2)
                  0.12    0.56    1.06 v _204_/X (sky130_fd_sc_hd__or3b_2)
     6    0.02                           _058_ (net)
                  0.12    0.00    1.06 v _211_/B (sky130_fd_sc_hd__or4_2)
                  0.14    0.76    1.81 v _211_/X (sky130_fd_sc_hd__or4_2)
     3    0.01                           _065_ (net)
                  0.14    0.00    1.81 v _300_/A1 (sky130_fd_sc_hd__a21oi_2)
                  0.15    0.21    2.02 ^ _300_/Y (sky130_fd_sc_hd__a21oi_2)
     3    0.01                           _127_ (net)
                  0.15    0.00    2.02 ^ _301_/A1 (sky130_fd_sc_hd__mux2_2)
                  0.05    0.17    2.20 ^ _301_/X (sky130_fd_sc_hd__mux2_2)
     1    0.00                           _128_ (net)
                  0.05    0.00    2.20 ^ _302_/A (sky130_fd_sc_hd__buf_1)
                  0.04    0.08    2.28 ^ _302_/X (sky130_fd_sc_hd__buf_1)
     1    0.00                           _026_ (net)
                  0.04    0.00    2.28 ^ _417_/D (sky130_fd_sc_hd__dfrtp_2)
                                  2.28   data arrival time

                  0.15   10.00   10.00   clock clk (rise edge)
                          0.00   10.00   clock network delay (ideal)
                         -0.25    9.75   clock uncertainty
                          0.00    9.75   clock reconvergence pessimism
                                  9.75 ^ _417_/CLK (sky130_fd_sc_hd__dfrtp_2)
                         -0.05    9.70   library setup time
                                  9.70   data required time
-----------------------------------------------------------------------------
                                  9.70   data required time
                                 -2.28   data arrival time
-----------------------------------------------------------------------------
                                  7.43   slack (MET)


Startpoint: _423_ (rising edge-triggered flip-flop clocked by clk)
Endpoint: _424_ (rising edge-triggered flip-flop clocked by clk)
Path Group: clk
Path Type: max

Fanout     Cap    Slew   Delay    Time   Description
-----------------------------------------------------------------------------
                  0.15    0.00    0.00   clock clk (rise edge)
                          0.00    0.00   clock network delay (ideal)
                  0.15    0.00    0.00 ^ _423_/CLK (sky130_fd_sc_hd__dfrtp_2)
                  0.10    0.52    0.52 v _423_/Q (sky130_fd_sc_hd__dfrtp_2)
     9    0.03                           rx_baud_cnt[6] (net)
                  0.10    0.00    0.52 v _206_/B (sky130_fd_sc_hd__or4bb_2)
                  0.11    0.68    1.20 v _206_/X (sky130_fd_sc_hd__or4bb_2)
     3    0.01                           _060_ (net)
                  0.11    0.00    1.20 v _234_/C (sky130_fd_sc_hd__or3_2)
                  0.11    0.51    1.71 v _234_/X (sky130_fd_sc_hd__or3_2)
     4    0.01                           _082_ (net)
                  0.11    0.00    1.71 v _305_/A1 (sky130_fd_sc_hd__a21o_2)
                  0.05    0.24    1.96 v _305_/X (sky130_fd_sc_hd__a21o_2)
     3    0.01                           _131_ (net)
                  0.05    0.00    1.96 v _335_/A1 (sky130_fd_sc_hd__a32o_2)
                  0.04    0.25    2.20 v _335_/X (sky130_fd_sc_hd__a32o_2)
     1    0.00                           _033_ (net)
                  0.04    0.00    2.20 v _424_/D (sky130_fd_sc_hd__dfrtp_2)
                                  2.20   data arrival time

                  0.15   10.00   10.00   clock clk (rise edge)
                          0.00   10.00   clock network delay (ideal)
                         -0.25    9.75   clock uncertainty
                          0.00    9.75   clock reconvergence pessimism
                                  9.75 ^ _424_/CLK (sky130_fd_sc_hd__dfrtp_2)
                         -0.09    9.66   library setup time
                                  9.66   data required time
-----------------------------------------------------------------------------
                                  9.66   data required time
                                 -2.20   data arrival time
-----------------------------------------------------------------------------
                                  7.46   slack (MET)


Startpoint: _423_ (rising edge-triggered flip-flop clocked by clk)
Endpoint: _421_ (rising edge-triggered flip-flop clocked by clk)
Path Group: clk
Path Type: max

Fanout     Cap    Slew   Delay    Time   Description
-----------------------------------------------------------------------------
                  0.15    0.00    0.00   clock clk (rise edge)
                          0.00    0.00   clock network delay (ideal)
                  0.15    0.00    0.00 ^ _423_/CLK (sky130_fd_sc_hd__dfrtp_2)
                  0.10    0.52    0.52 v _423_/Q (sky130_fd_sc_hd__dfrtp_2)
     9    0.03                           rx_baud_cnt[6] (net)
                  0.10    0.00    0.52 v _206_/B (sky130_fd_sc_hd__or4bb_2)
                  0.11    0.68    1.20 v _206_/X (sky130_fd_sc_hd__or4bb_2)
     3    0.01                           _060_ (net)
                  0.11    0.00    1.20 v _234_/C (sky130_fd_sc_hd__or3_2)
                  0.11    0.51    1.71 v _234_/X (sky130_fd_sc_hd__or3_2)
     4    0.01                           _082_ (net)
                  0.11    0.00    1.71 v _305_/A1 (sky130_fd_sc_hd__a21o_2)
                  0.05    0.24    1.96 v _305_/X (sky130_fd_sc_hd__a21o_2)
     3    0.01                           _131_ (net)
                  0.05    0.00    1.96 v _320_/A1 (sky130_fd_sc_hd__a32o_2)
                  0.04    0.24    2.20 v _320_/X (sky130_fd_sc_hd__a32o_2)
     1    0.00                           _030_ (net)
                  0.04    0.00    2.20 v _421_/D (sky130_fd_sc_hd__dfrtp_2)
                                  2.20   data arrival time

                  0.15   10.00   10.00   clock clk (rise edge)
                          0.00   10.00   clock network delay (ideal)
                         -0.25    9.75   clock uncertainty
                          0.00    9.75   clock reconvergence pessimism
                                  9.75 ^ _421_/CLK (sky130_fd_sc_hd__dfrtp_2)
                         -0.09    9.66   library setup time
                                  9.66   data required time
-----------------------------------------------------------------------------
                                  9.66   data required time
                                 -2.20   data arrival time
-----------------------------------------------------------------------------
                                  7.46   slack (MET)


Startpoint: _423_ (rising edge-triggered flip-flop clocked by clk)
Endpoint: _427_ (rising edge-triggered flip-flop clocked by clk)
Path Group: clk
Path Type: max

Fanout     Cap    Slew   Delay    Time   Description
-----------------------------------------------------------------------------
                  0.15    0.00    0.00   clock clk (rise edge)
                          0.00    0.00   clock network delay (ideal)
                  0.15    0.00    0.00 ^ _423_/CLK (sky130_fd_sc_hd__dfrtp_2)
                  0.10    0.52    0.52 v _423_/Q (sky130_fd_sc_hd__dfrtp_2)
     9    0.03                           rx_baud_cnt[6] (net)
                  0.10    0.00    0.52 v _206_/B (sky130_fd_sc_hd__or4bb_2)
                  0.11    0.68    1.20 v _206_/X (sky130_fd_sc_hd__or4bb_2)
     3    0.01                           _060_ (net)
                  0.11    0.00    1.20 v _340_/A3 (sky130_fd_sc_hd__o31a_2)
                  0.10    0.39    1.59 v _340_/X (sky130_fd_sc_hd__o31a_2)
    10    0.02                           _158_ (net)
                  0.10    0.00    1.59 v _342_/A (sky130_fd_sc_hd__nor2_2)
                  0.12    0.17    1.76 ^ _342_/Y (sky130_fd_sc_hd__nor2_2)
     2    0.01                           _160_ (net)
                  0.12    0.00    1.76 ^ _347_/S (sky130_fd_sc_hd__mux2_2)
                  0.05    0.36    2.11 v _347_/X (sky130_fd_sc_hd__mux2_2)
     1    0.00                           _164_ (net)
                  0.05    0.00    2.11 v _348_/A (sky130_fd_sc_hd__buf_1)
                  0.02    0.09    2.20 v _348_/X (sky130_fd_sc_hd__buf_1)
     1    0.00                           _036_ (net)
                  0.02    0.00    2.20 v _427_/D (sky130_fd_sc_hd__dfrtp_2)
                                  2.20   data arrival time

                  0.15   10.00   10.00   clock clk (rise edge)
                          0.00   10.00   clock network delay (ideal)
                         -0.25    9.75   clock uncertainty
                          0.00    9.75   clock reconvergence pessimism
                                  9.75 ^ _427_/CLK (sky130_fd_sc_hd__dfrtp_2)
                         -0.08    9.67   library setup time
                                  9.67   data required time
-----------------------------------------------------------------------------
                                  9.67   data required time
                                 -2.20   data arrival time
-----------------------------------------------------------------------------
                                  7.47   slack (MET)


Startpoint: _423_ (rising edge-triggered flip-flop clocked by clk)
Endpoint: _422_ (rising edge-triggered flip-flop clocked by clk)
Path Group: clk
Path Type: max

Fanout     Cap    Slew   Delay    Time   Description
-----------------------------------------------------------------------------
                  0.15    0.00    0.00   clock clk (rise edge)
                          0.00    0.00   clock network delay (ideal)
                  0.15    0.00    0.00 ^ _423_/CLK (sky130_fd_sc_hd__dfrtp_2)
                  0.10    0.52    0.52 v _423_/Q (sky130_fd_sc_hd__dfrtp_2)
     9    0.03                           rx_baud_cnt[6] (net)
                  0.10    0.00    0.52 v _206_/B (sky130_fd_sc_hd__or4bb_2)
                  0.11    0.68    1.20 v _206_/X (sky130_fd_sc_hd__or4bb_2)
     3    0.01                           _060_ (net)
                  0.11    0.00    1.20 v _234_/C (sky130_fd_sc_hd__or3_2)
                  0.11    0.51    1.71 v _234_/X (sky130_fd_sc_hd__or3_2)
     4    0.01                           _082_ (net)
                  0.11    0.00    1.71 v _322_/A1 (sky130_fd_sc_hd__a21o_2)
                  0.04    0.23    1.94 v _322_/X (sky130_fd_sc_hd__a21o_2)
     2    0.01                           _144_ (net)
                  0.04    0.00    1.94 v _328_/A2 (sky130_fd_sc_hd__o211a_2)
                  0.04    0.24    2.18 v _328_/X (sky130_fd_sc_hd__o211a_2)
     1    0.00                           _031_ (net)
                  0.04    0.00    2.18 v _422_/D (sky130_fd_sc_hd__dfrtp_2)
                                  2.18   data arrival time

                  0.15   10.00   10.00   clock clk (rise edge)
                          0.00   10.00   clock network delay (ideal)
                         -0.25    9.75   clock uncertainty
                          0.00    9.75   clock reconvergence pessimism
                                  9.75 ^ _422_/CLK (sky130_fd_sc_hd__dfrtp_2)
                         -0.09    9.66   library setup time
                                  9.66   data required time
-----------------------------------------------------------------------------
                                  9.66   data required time
                                 -2.18   data arrival time
-----------------------------------------------------------------------------
                                  7.48   slack (MET)


Startpoint: _423_ (rising edge-triggered flip-flop clocked by clk)
Endpoint: _418_ (rising edge-triggered flip-flop clocked by clk)
Path Group: clk
Path Type: max

Fanout     Cap    Slew   Delay    Time   Description
-----------------------------------------------------------------------------
                  0.15    0.00    0.00   clock clk (rise edge)
                          0.00    0.00   clock network delay (ideal)
                  0.15    0.00    0.00 ^ _423_/CLK (sky130_fd_sc_hd__dfrtp_2)
                  0.10    0.52    0.52 v _423_/Q (sky130_fd_sc_hd__dfrtp_2)
     9    0.03                           rx_baud_cnt[6] (net)
                  0.10    0.00    0.52 v _206_/B (sky130_fd_sc_hd__or4bb_2)
                  0.11    0.68    1.20 v _206_/X (sky130_fd_sc_hd__or4bb_2)
     3    0.01                           _060_ (net)
                  0.11    0.00    1.20 v _234_/C (sky130_fd_sc_hd__or3_2)
                  0.11    0.51    1.71 v _234_/X (sky130_fd_sc_hd__or3_2)
     4    0.01                           _082_ (net)
                  0.11    0.00    1.71 v _305_/A1 (sky130_fd_sc_hd__a21o_2)
                  0.05    0.24    1.96 v _305_/X (sky130_fd_sc_hd__a21o_2)
     3    0.01                           _131_ (net)
                  0.05    0.00    1.96 v _307_/B1 (sky130_fd_sc_hd__a32o_2)
                  0.04    0.22    2.18 v _307_/X (sky130_fd_sc_hd__a32o_2)
     1    0.00                           _027_ (net)
                  0.04    0.00    2.18 v _418_/D (sky130_fd_sc_hd__dfrtp_2)
                                  2.18   data arrival time

                  0.15   10.00   10.00   clock clk (rise edge)
                          0.00   10.00   clock network delay (ideal)
                         -0.25    9.75   clock uncertainty
                          0.00    9.75   clock reconvergence pessimism
                                  9.75 ^ _418_/CLK (sky130_fd_sc_hd__dfrtp_2)
                         -0.09    9.66   library setup time
                                  9.66   data required time
-----------------------------------------------------------------------------
                                  9.66   data required time
                                 -2.18   data arrival time
-----------------------------------------------------------------------------
                                  7.48   slack (MET)


Startpoint: _423_ (rising edge-triggered flip-flop clocked by clk)
Endpoint: _425_ (rising edge-triggered flip-flop clocked by clk)
Path Group: clk
Path Type: max

Fanout     Cap    Slew   Delay    Time   Description
-----------------------------------------------------------------------------
                  0.15    0.00    0.00   clock clk (rise edge)
                          0.00    0.00   clock network delay (ideal)
                  0.15    0.00    0.00 ^ _423_/CLK (sky130_fd_sc_hd__dfrtp_2)
                  0.10    0.52    0.52 v _423_/Q (sky130_fd_sc_hd__dfrtp_2)
     9    0.03                           rx_baud_cnt[6] (net)
                  0.10    0.00    0.52 v _206_/B (sky130_fd_sc_hd__or4bb_2)
                  0.11    0.68    1.20 v _206_/X (sky130_fd_sc_hd__or4bb_2)
     3    0.01                           _060_ (net)
                  0.11    0.00    1.20 v _234_/C (sky130_fd_sc_hd__or3_2)
                  0.11    0.51    1.71 v _234_/X (sky130_fd_sc_hd__or3_2)
     4    0.01                           _082_ (net)
                  0.11    0.00    1.71 v _322_/A1 (sky130_fd_sc_hd__a21o_2)
                  0.04    0.23    1.94 v _322_/X (sky130_fd_sc_hd__a21o_2)
     2    0.01                           _144_ (net)
                  0.04    0.00    1.94 v _339_/A1 (sky130_fd_sc_hd__a31o_2)
                  0.04    0.20    2.14 v _339_/X (sky130_fd_sc_hd__a31o_2)
     1    0.00                           _034_ (net)
                  0.04    0.00    2.14 v _425_/D (sky130_fd_sc_hd__dfrtp_2)
                                  2.14   data arrival time

                  0.15   10.00   10.00   clock clk (rise edge)
                          0.00   10.00   clock network delay (ideal)
                         -0.25    9.75   clock uncertainty
                          0.00    9.75   clock reconvergence pessimism
                                  9.75 ^ _425_/CLK (sky130_fd_sc_hd__dfrtp_2)
                         -0.09    9.66   library setup time
                                  9.66   data required time
-----------------------------------------------------------------------------
                                  9.66   data required time
                                 -2.14   data arrival time
-----------------------------------------------------------------------------
                                  7.52   slack (MET)


Startpoint: _418_ (rising edge-triggered flip-flop clocked by clk)
Endpoint: _453_ (rising edge-triggered flip-flop clocked by clk)
Path Group: clk
Path Type: max

Fanout     Cap    Slew   Delay    Time   Description
-----------------------------------------------------------------------------
                  0.15    0.00    0.00   clock clk (rise edge)
                          0.00    0.00   clock network delay (ideal)
                  0.15    0.00    0.00 ^ _418_/CLK (sky130_fd_sc_hd__dfrtp_2)
                  0.08    0.49    0.49 v _418_/Q (sky130_fd_sc_hd__dfrtp_2)
     6    0.02                           rx_baud_cnt[1] (net)
                  0.08    0.00    0.49 v _204_/A (sky130_fd_sc_hd__or3b_2)
                  0.12    0.56    1.06 v _204_/X (sky130_fd_sc_hd__or3b_2)
     6    0.02                           _058_ (net)
                  0.12    0.00    1.06 v _211_/B (sky130_fd_sc_hd__or4_2)
                  0.14    0.76    1.81 v _211_/X (sky130_fd_sc_hd__or4_2)
     3    0.01                           _065_ (net)
                  0.14    0.00    1.81 v _212_/B_N (sky130_fd_sc_hd__or2b_2)
                  0.03    0.20    2.01 ^ _212_/X (sky130_fd_sc_hd__or2b_2)
     1    0.00                           _066_ (net)
                  0.03    0.00    2.01 ^ _214_/B1 (sky130_fd_sc_hd__a22o_2)
                  0.04    0.11    2.13 ^ _214_/X (sky130_fd_sc_hd__a22o_2)
     1    0.00                           _010_ (net)
                  0.04    0.00    2.13 ^ _453_/D (sky130_fd_sc_hd__dfstp_2)
                                  2.13   data arrival time

                  0.15   10.00   10.00   clock clk (rise edge)
                          0.00   10.00   clock network delay (ideal)
                         -0.25    9.75   clock uncertainty
                          0.00    9.75   clock reconvergence pessimism
                                  9.75 ^ _453_/CLK (sky130_fd_sc_hd__dfstp_2)
                         -0.04    9.71   library setup time
                                  9.71   data required time
-----------------------------------------------------------------------------
                                  9.71   data required time
                                 -2.13   data arrival time
-----------------------------------------------------------------------------
                                  7.58   slack (MET)


Startpoint: _454_ (rising edge-triggered flip-flop clocked by clk)
Endpoint: _423_ (rising edge-triggered flip-flop clocked by clk)
Path Group: clk
Path Type: max

Fanout     Cap    Slew   Delay    Time   Description
-----------------------------------------------------------------------------
                  0.15    0.00    0.00   clock clk (rise edge)
                          0.00    0.00   clock network delay (ideal)
                  0.15    0.00    0.00 ^ _454_/CLK (sky130_fd_sc_hd__dfrtp_2)
                  0.10    0.51    0.51 v _454_/Q (sky130_fd_sc_hd__dfrtp_2)
     9    0.03                           rx_state[1] (net)
                  0.10    0.00    0.51 v _297_/B (sky130_fd_sc_hd__or3_2)
                  0.07    0.47    0.99 v _297_/X (sky130_fd_sc_hd__or3_2)
     1    0.00                           _124_ (net)
                  0.07    0.00    0.99 v _298_/A (sky130_fd_sc_hd__buf_1)
                  0.20    0.25    1.23 v _298_/X (sky130_fd_sc_hd__buf_1)
     9    0.03                           _125_ (net)
                  0.20    0.00    1.23 v _299_/A2 (sky130_fd_sc_hd__o21ba_2)
                  0.04    0.28    1.51 v _299_/X (sky130_fd_sc_hd__o21ba_2)
     2    0.01                           _126_ (net)
                  0.04    0.00    1.51 v _314_/A (sky130_fd_sc_hd__or2_2)
                  0.07    0.32    1.84 v _314_/X (sky130_fd_sc_hd__or2_2)
     2    0.01                           _138_ (net)
                  0.07    0.00    1.84 v _332_/A2_N (sky130_fd_sc_hd__a2bb2o_2)
                  0.04    0.24    2.07 ^ _332_/X (sky130_fd_sc_hd__a2bb2o_2)
     1    0.00                           _032_ (net)
                  0.04    0.00    2.07 ^ _423_/D (sky130_fd_sc_hd__dfrtp_2)
                                  2.07   data arrival time

                  0.15   10.00   10.00   clock clk (rise edge)
                          0.00   10.00   clock network delay (ideal)
                         -0.25    9.75   clock uncertainty
                          0.00    9.75   clock reconvergence pessimism
                                  9.75 ^ _423_/CLK (sky130_fd_sc_hd__dfrtp_2)
                         -0.05    9.70   library setup time
                                  9.70   data required time
-----------------------------------------------------------------------------
                                  9.70   data required time
                                 -2.07   data arrival time
-----------------------------------------------------------------------------
                                  7.63   slack (MET)


Startpoint: _423_ (rising edge-triggered flip-flop clocked by clk)
Endpoint: _428_ (rising edge-triggered flip-flop clocked by clk)
Path Group: clk
Path Type: max

Fanout     Cap    Slew   Delay    Time   Description
-----------------------------------------------------------------------------
                  0.15    0.00    0.00   clock clk (rise edge)
                          0.00    0.00   clock network delay (ideal)
                  0.15    0.00    0.00 ^ _423_/CLK (sky130_fd_sc_hd__dfrtp_2)
                  0.10    0.52    0.52 v _423_/Q (sky130_fd_sc_hd__dfrtp_2)
     9    0.03                           rx_baud_cnt[6] (net)
                  0.10    0.00    0.52 v _206_/B (sky130_fd_sc_hd__or4bb_2)
                  0.11    0.68    1.20 v _206_/X (sky130_fd_sc_hd__or4bb_2)
     3    0.01                           _060_ (net)
                  0.11    0.00    1.20 v _340_/A3 (sky130_fd_sc_hd__o31a_2)
                  0.10    0.39    1.59 v _340_/X (sky130_fd_sc_hd__o31a_2)
    10    0.02                           _158_ (net)
                  0.10    0.00    1.59 v _350_/A2 (sky130_fd_sc_hd__o31a_2)
                  0.06    0.36    1.95 v _350_/X (sky130_fd_sc_hd__o31a_2)
     1    0.00                           _166_ (net)
                  0.06    0.00    1.95 v _351_/B1 (sky130_fd_sc_hd__a21oi_2)
                  0.08    0.10    2.05 ^ _351_/Y (sky130_fd_sc_hd__a21oi_2)
     1    0.00                           _037_ (net)
                  0.08    0.00    2.05 ^ _428_/D (sky130_fd_sc_hd__dfrtp_2)
                                  2.05   data arrival time

                  0.15   10.00   10.00   clock clk (rise edge)
                          0.00   10.00   clock network delay (ideal)
                         -0.25    9.75   clock uncertainty
                          0.00    9.75   clock reconvergence pessimism
                                  9.75 ^ _428_/CLK (sky130_fd_sc_hd__dfrtp_2)
                         -0.06    9.69   library setup time
                                  9.69   data required time
-----------------------------------------------------------------------------
                                  9.69   data required time
                                 -2.05   data arrival time
-----------------------------------------------------------------------------
                                  7.64   slack (MET)


Startpoint: _423_ (rising edge-triggered flip-flop clocked by clk)
Endpoint: _456_ (rising edge-triggered flip-flop clocked by clk)
Path Group: clk
Path Type: max

Fanout     Cap    Slew   Delay    Time   Description
-----------------------------------------------------------------------------
                  0.15    0.00    0.00   clock clk (rise edge)
                          0.00    0.00   clock network delay (ideal)
                  0.15    0.00    0.00 ^ _423_/CLK (sky130_fd_sc_hd__dfrtp_2)
                  0.10    0.52    0.52 v _423_/Q (sky130_fd_sc_hd__dfrtp_2)
     9    0.03                           rx_baud_cnt[6] (net)
                  0.10    0.00    0.52 v _206_/B (sky130_fd_sc_hd__or4bb_2)
                  0.11    0.68    1.20 v _206_/X (sky130_fd_sc_hd__or4bb_2)
     3    0.01                           _060_ (net)
                  0.11    0.00    1.20 v _234_/C (sky130_fd_sc_hd__or3_2)
                  0.11    0.51    1.71 v _234_/X (sky130_fd_sc_hd__or3_2)
     4    0.01                           _082_ (net)
                  0.11    0.00    1.71 v _238_/A2 (sky130_fd_sc_hd__a22o_2)
                  0.04    0.29    2.00 v _238_/X (sky130_fd_sc_hd__a22o_2)
     1    0.00                           _013_ (net)
                  0.04    0.00    2.00 v _456_/D (sky130_fd_sc_hd__dfrtp_2)
                                  2.00   data arrival time

                  0.15   10.00   10.00   clock clk (rise edge)
                          0.00   10.00   clock network delay (ideal)
                         -0.25    9.75   clock uncertainty
                          0.00    9.75   clock reconvergence pessimism
                                  9.75 ^ _456_/CLK (sky130_fd_sc_hd__dfrtp_2)
                         -0.09    9.66   library setup time
                                  9.66   data required time
-----------------------------------------------------------------------------
                                  9.66   data required time
                                 -2.00   data arrival time
-----------------------------------------------------------------------------
                                  7.66   slack (MET)


Startpoint: _454_ (rising edge-triggered flip-flop clocked by clk)
Endpoint: _420_ (rising edge-triggered flip-flop clocked by clk)
Path Group: clk
Path Type: max

Fanout     Cap    Slew   Delay    Time   Description
-----------------------------------------------------------------------------
                  0.15    0.00    0.00   clock clk (rise edge)
                          0.00    0.00   clock network delay (ideal)
                  0.15    0.00    0.00 ^ _454_/CLK (sky130_fd_sc_hd__dfrtp_2)
                  0.10    0.51    0.51 v _454_/Q (sky130_fd_sc_hd__dfrtp_2)
     9    0.03                           rx_state[1] (net)
                  0.10    0.00    0.51 v _297_/B (sky130_fd_sc_hd__or3_2)
                  0.07    0.47    0.99 v _297_/X (sky130_fd_sc_hd__or3_2)
     1    0.00                           _124_ (net)
                  0.07    0.00    0.99 v _298_/A (sky130_fd_sc_hd__buf_1)
                  0.20    0.25    1.23 v _298_/X (sky130_fd_sc_hd__buf_1)
     9    0.03                           _125_ (net)
                  0.20    0.00    1.23 v _299_/A2 (sky130_fd_sc_hd__o21ba_2)
                  0.04    0.28    1.51 v _299_/X (sky130_fd_sc_hd__o21ba_2)
     2    0.01                           _126_ (net)
                  0.04    0.00    1.51 v _314_/A (sky130_fd_sc_hd__or2_2)
                  0.07    0.32    1.84 v _314_/X (sky130_fd_sc_hd__or2_2)
     2    0.01                           _138_ (net)
                  0.07    0.00    1.84 v _316_/A3 (sky130_fd_sc_hd__a31oi_2)
                  0.11    0.18    2.01 ^ _316_/Y (sky130_fd_sc_hd__a31oi_2)
     1    0.00                           _029_ (net)
                  0.11    0.00    2.01 ^ _420_/D (sky130_fd_sc_hd__dfrtp_2)
                                  2.01   data arrival time

                  0.15   10.00   10.00   clock clk (rise edge)
                          0.00   10.00   clock network delay (ideal)
                         -0.25    9.75   clock uncertainty
                          0.00    9.75   clock reconvergence pessimism
                                  9.75 ^ _420_/CLK (sky130_fd_sc_hd__dfrtp_2)
                         -0.06    9.69   library setup time
                                  9.69   data required time
-----------------------------------------------------------------------------
                                  9.69   data required time
                                 -2.01   data arrival time
-----------------------------------------------------------------------------
                                  7.67   slack (MET)


Startpoint: rx_in (input port clocked by clk)
Endpoint: _451_ (rising edge-triggered flip-flop clocked by clk)
Path Group: clk
Path Type: max

Fanout     Cap    Slew   Delay    Time   Description
-----------------------------------------------------------------------------
                  0.15    0.00    0.00   clock clk (rise edge)
                          0.00    0.00   clock network delay (ideal)
                          2.00    2.00 v input external delay
                  0.01    0.00    2.00 v rx_in (in)
     1    0.00                           rx_in (net)
                  0.01    0.00    2.00 v _451_/D (sky130_fd_sc_hd__dfxtp_2)
                                  2.00   data arrival time

                  0.15   10.00   10.00   clock clk (rise edge)
                          0.00   10.00   clock network delay (ideal)
                         -0.25    9.75   clock uncertainty
                          0.00    9.75   clock reconvergence pessimism
                                  9.75 ^ _451_/CLK (sky130_fd_sc_hd__dfxtp_2)
                         -0.07    9.68   library setup time
                                  9.68   data required time
-----------------------------------------------------------------------------
                                  9.68   data required time
                                 -2.00   data arrival time
-----------------------------------------------------------------------------
                                  7.67   slack (MET)


Startpoint: _423_ (rising edge-triggered flip-flop clocked by clk)
Endpoint: _408_ (rising edge-triggered flip-flop clocked by clk)
Path Group: clk
Path Type: max

Fanout     Cap    Slew   Delay    Time   Description
-----------------------------------------------------------------------------
                  0.15    0.00    0.00   clock clk (rise edge)
                          0.00    0.00   clock network delay (ideal)
                  0.15    0.00    0.00 ^ _423_/CLK (sky130_fd_sc_hd__dfrtp_2)
                  0.10    0.52    0.52 v _423_/Q (sky130_fd_sc_hd__dfrtp_2)
     9    0.03                           rx_baud_cnt[6] (net)
                  0.10    0.00    0.52 v _206_/B (sky130_fd_sc_hd__or4bb_2)
                  0.11    0.68    1.20 v _206_/X (sky130_fd_sc_hd__or4bb_2)
     3    0.01                           _060_ (net)
                  0.11    0.00    1.20 v _207_/C (sky130_fd_sc_hd__nor3_2)
                  0.37    0.33    1.54 ^ _207_/Y (sky130_fd_sc_hd__nor3_2)
     5    0.02                           _061_ (net)
                  0.37    0.00    1.54 ^ _239_/C (sky130_fd_sc_hd__nand3_2)
                  0.26    0.30    1.84 v _239_/Y (sky130_fd_sc_hd__nand3_2)
     9    0.04                           _086_ (net)
                  0.26    0.00    1.84 v _240_/A (sky130_fd_sc_hd__inv_2)
                  0.07    0.12    1.96 ^ _240_/Y (sky130_fd_sc_hd__inv_2)
     1    0.01                           _000_ (net)
                  0.07    0.00    1.96 ^ _408_/D (sky130_fd_sc_hd__dfrtp_2)
                                  1.96   data arrival time

                  0.15   10.00   10.00   clock clk (rise edge)
                          0.00   10.00   clock network delay (ideal)
                         -0.25    9.75   clock uncertainty
                          0.00    9.75   clock reconvergence pessimism
                                  9.75 ^ _408_/CLK (sky130_fd_sc_hd__dfrtp_2)
                         -0.05    9.70   library setup time
                                  9.70   data required time
-----------------------------------------------------------------------------
                                  9.70   data required time
                                 -1.96   data arrival time
-----------------------------------------------------------------------------
                                  7.74   slack (MET)


Startpoint: _418_ (rising edge-triggered flip-flop clocked by clk)
Endpoint: _454_ (rising edge-triggered flip-flop clocked by clk)
Path Group: clk
Path Type: max

Fanout     Cap    Slew   Delay    Time   Description
-----------------------------------------------------------------------------
                  0.15    0.00    0.00   clock clk (rise edge)
                          0.00    0.00   clock network delay (ideal)
                  0.15    0.00    0.00 ^ _418_/CLK (sky130_fd_sc_hd__dfrtp_2)
                  0.08    0.49    0.49 v _418_/Q (sky130_fd_sc_hd__dfrtp_2)
     6    0.02                           rx_baud_cnt[1] (net)
                  0.08    0.00    0.49 v _204_/A (sky130_fd_sc_hd__or3b_2)
                  0.12    0.56    1.06 v _204_/X (sky130_fd_sc_hd__or3b_2)
     6    0.02                           _058_ (net)
                  0.12    0.00    1.06 v _211_/B (sky130_fd_sc_hd__or4_2)
                  0.14    0.76    1.81 v _211_/X (sky130_fd_sc_hd__or4_2)
     3    0.01                           _065_ (net)
                  0.14    0.00    1.81 v _217_/A2 (sky130_fd_sc_hd__o21ai_2)
                  0.09    0.14    1.95 ^ _217_/Y (sky130_fd_sc_hd__o21ai_2)
     1    0.00                           _011_ (net)
                  0.09    0.00    1.95 ^ _454_/D (sky130_fd_sc_hd__dfrtp_2)
                                  1.95   data arrival time

                  0.15   10.00   10.00   clock clk (rise edge)
                          0.00   10.00   clock network delay (ideal)
                         -0.25    9.75   clock uncertainty
                          0.00    9.75   clock reconvergence pessimism
                                  9.75 ^ _454_/CLK (sky130_fd_sc_hd__dfrtp_2)
                         -0.06    9.69   library setup time
                                  9.69   data required time
-----------------------------------------------------------------------------
                                  9.69   data required time
                                 -1.95   data arrival time
-----------------------------------------------------------------------------
                                  7.74   slack (MET)


Startpoint: _422_ (rising edge-triggered flip-flop clocked by clk)
Endpoint: _455_ (rising edge-triggered flip-flop clocked by clk)
Path Group: clk
Path Type: max

Fanout     Cap    Slew   Delay    Time   Description
-----------------------------------------------------------------------------
                  0.15    0.00    0.00   clock clk (rise edge)
                          0.00    0.00   clock network delay (ideal)
                  0.15    0.00    0.00 ^ _422_/CLK (sky130_fd_sc_hd__dfrtp_2)
                  0.06    0.48    0.48 v _422_/Q (sky130_fd_sc_hd__dfrtp_2)
     5    0.01                           rx_baud_cnt[5] (net)
                  0.06    0.00    0.48 v _210_/A (sky130_fd_sc_hd__or4bb_2)
                  0.11    0.69    1.16 v _210_/X (sky130_fd_sc_hd__or4bb_2)
     3    0.01                           _064_ (net)
                  0.11    0.00    1.16 v _227_/A3 (sky130_fd_sc_hd__o31a_2)
                  0.07    0.35    1.52 v _227_/X (sky130_fd_sc_hd__o31a_2)
     4    0.01                           _077_ (net)
                  0.07    0.00    1.52 v _229_/A (sky130_fd_sc_hd__or2b_2)
                  0.05    0.30    1.82 v _229_/X (sky130_fd_sc_hd__or2b_2)
     1    0.00                           _079_ (net)
                  0.05    0.00    1.82 v _230_/A (sky130_fd_sc_hd__buf_1)
                  0.02    0.09    1.91 v _230_/X (sky130_fd_sc_hd__buf_1)
     1    0.00                           _012_ (net)
                  0.02    0.00    1.91 v _455_/D (sky130_fd_sc_hd__dfrtp_2)
                                  1.91   data arrival time

                  0.15   10.00   10.00   clock clk (rise edge)
                          0.00   10.00   clock network delay (ideal)
                         -0.25    9.75   clock uncertainty
                          0.00    9.75   clock reconvergence pessimism
                                  9.75 ^ _455_/CLK (sky130_fd_sc_hd__dfrtp_2)
                         -0.08    9.67   library setup time
                                  9.67   data required time
-----------------------------------------------------------------------------
                                  9.67   data required time
                                 -1.91   data arrival time
-----------------------------------------------------------------------------
                                  7.76   slack (MET)


Startpoint: _423_ (rising edge-triggered flip-flop clocked by clk)
Endpoint: _426_ (rising edge-triggered flip-flop clocked by clk)
Path Group: clk
Path Type: max

Fanout     Cap    Slew   Delay    Time   Description
-----------------------------------------------------------------------------
                  0.15    0.00    0.00   clock clk (rise edge)
                          0.00    0.00   clock network delay (ideal)
                  0.15    0.00    0.00 ^ _423_/CLK (sky130_fd_sc_hd__dfrtp_2)
                  0.10    0.52    0.52 v _423_/Q (sky130_fd_sc_hd__dfrtp_2)
     9    0.03                           rx_baud_cnt[6] (net)
                  0.10    0.00    0.52 v _206_/B (sky130_fd_sc_hd__or4bb_2)
                  0.11    0.68    1.20 v _206_/X (sky130_fd_sc_hd__or4bb_2)
     3    0.01                           _060_ (net)
                  0.11    0.00    1.20 v _340_/A3 (sky130_fd_sc_hd__o31a_2)
                  0.10    0.39    1.59 v _340_/X (sky130_fd_sc_hd__o31a_2)
    10    0.02                           _158_ (net)
                  0.10    0.00    1.59 v _342_/A (sky130_fd_sc_hd__nor2_2)
                  0.12    0.17    1.76 ^ _342_/Y (sky130_fd_sc_hd__nor2_2)
     2    0.01                           _160_ (net)
                  0.12    0.00    1.76 ^ _344_/A2 (sky130_fd_sc_hd__a21oi_2)
                  0.04    0.07    1.82 v _344_/Y (sky130_fd_sc_hd__a21oi_2)
     1    0.00                           _035_ (net)
                  0.04    0.00    1.82 v _426_/D (sky130_fd_sc_hd__dfrtp_2)
                                  1.82   data arrival time

                  0.15   10.00   10.00   clock clk (rise edge)
                          0.00   10.00   clock network delay (ideal)
                         -0.25    9.75   clock uncertainty
                          0.00    9.75   clock reconvergence pessimism
                                  9.75 ^ _426_/CLK (sky130_fd_sc_hd__dfrtp_2)
                         -0.09    9.66   library setup time
                                  9.66   data required time
-----------------------------------------------------------------------------
                                  9.66   data required time
                                 -1.82   data arrival time
-----------------------------------------------------------------------------
                                  7.84   slack (MET)


Startpoint: _439_ (rising edge-triggered flip-flop clocked by clk)
Endpoint: _443_ (rising edge-triggered flip-flop clocked by clk)
Path Group: clk
Path Type: max

Fanout     Cap    Slew   Delay    Time   Description
-----------------------------------------------------------------------------
                  0.15    0.00    0.00   clock clk (rise edge)
                          0.00    0.00   clock network delay (ideal)
                  0.15    0.00    0.00 ^ _439_/CLK (sky130_fd_sc_hd__dfrtp_2)
                  0.07    0.49    0.49 v _439_/Q (sky130_fd_sc_hd__dfrtp_2)
     6    0.02                           tx_baud_cnt[1] (net)
                  0.07    0.00    0.49 v _219_/A_N (sky130_fd_sc_hd__and4bb_2)
                  0.07    0.33    0.81 ^ _219_/X (sky130_fd_sc_hd__and4bb_2)
     3    0.01                           _071_ (net)
                  0.07    0.00    0.81 ^ _220_/C (sky130_fd_sc_hd__and3_2)
                  0.04    0.18    0.99 ^ _220_/X (sky130_fd_sc_hd__and3_2)
     1    0.00                           _072_ (net)
                  0.04    0.00    0.99 ^ _221_/A (sky130_fd_sc_hd__buf_1)
                  0.44    0.38    1.37 ^ _221_/X (sky130_fd_sc_hd__buf_1)
     9    0.04                           _073_ (net)
                  0.44    0.00    1.37 ^ _251_/A (sky130_fd_sc_hd__nor2_2)
                  0.09    0.11    1.48 v _251_/Y (sky130_fd_sc_hd__nor2_2)
     4    0.01                           _094_ (net)
                  0.09    0.00    1.48 v _270_/B (sky130_fd_sc_hd__and3b_2)
                  0.04    0.22    1.70 v _270_/X (sky130_fd_sc_hd__and3b_2)
     1    0.00                           _109_ (net)
                  0.04    0.00    1.70 v _271_/A (sky130_fd_sc_hd__buf_1)
                  0.02    0.08    1.78 v _271_/X (sky130_fd_sc_hd__buf_1)
     1    0.00                           _006_ (net)
                  0.02    0.00    1.78 v _443_/D (sky130_fd_sc_hd__dfrtp_2)
                                  1.78   data arrival time

                  0.15   10.00   10.00   clock clk (rise edge)
                          0.00   10.00   clock network delay (ideal)
                         -0.25    9.75   clock uncertainty
                          0.00    9.75   clock reconvergence pessimism
                                  9.75 ^ _443_/CLK (sky130_fd_sc_hd__dfrtp_2)
                         -0.08    9.67   library setup time
                                  9.67   data required time
-----------------------------------------------------------------------------
                                  9.67   data required time
                                 -1.78   data arrival time
-----------------------------------------------------------------------------
                                  7.89   slack (MET)


Startpoint: _439_ (rising edge-triggered flip-flop clocked by clk)
Endpoint: _442_ (rising edge-triggered flip-flop clocked by clk)
Path Group: clk
Path Type: max

Fanout     Cap    Slew   Delay    Time   Description
-----------------------------------------------------------------------------
                  0.15    0.00    0.00   clock clk (rise edge)
                          0.00    0.00   clock network delay (ideal)
                  0.15    0.00    0.00 ^ _439_/CLK (sky130_fd_sc_hd__dfrtp_2)
                  0.07    0.49    0.49 v _439_/Q (sky130_fd_sc_hd__dfrtp_2)
     6    0.02                           tx_baud_cnt[1] (net)
                  0.07    0.00    0.49 v _219_/A_N (sky130_fd_sc_hd__and4bb_2)
                  0.07    0.33    0.81 ^ _219_/X (sky130_fd_sc_hd__and4bb_2)
     3    0.01                           _071_ (net)
                  0.07    0.00    0.81 ^ _220_/C (sky130_fd_sc_hd__and3_2)
                  0.04    0.18    0.99 ^ _220_/X (sky130_fd_sc_hd__and3_2)
     1    0.00                           _072_ (net)
                  0.04    0.00    0.99 ^ _221_/A (sky130_fd_sc_hd__buf_1)
                  0.44    0.38    1.37 ^ _221_/X (sky130_fd_sc_hd__buf_1)
     9    0.04                           _073_ (net)
                  0.44    0.00    1.37 ^ _251_/A (sky130_fd_sc_hd__nor2_2)
                  0.09    0.11    1.48 v _251_/Y (sky130_fd_sc_hd__nor2_2)
     4    0.01                           _094_ (net)
                  0.09    0.00    1.48 v _266_/A (sky130_fd_sc_hd__and3_2)
                  0.04    0.19    1.67 v _266_/X (sky130_fd_sc_hd__and3_2)
     1    0.00                           _106_ (net)
                  0.04    0.00    1.67 v _267_/A (sky130_fd_sc_hd__buf_1)
                  0.02    0.08    1.76 v _267_/X (sky130_fd_sc_hd__buf_1)
     1    0.00                           _005_ (net)
                  0.02    0.00    1.76 v _442_/D (sky130_fd_sc_hd__dfrtp_2)
                                  1.76   data arrival time

                  0.15   10.00   10.00   clock clk (rise edge)
                          0.00   10.00   clock network delay (ideal)
                         -0.25    9.75   clock uncertainty
                          0.00    9.75   clock reconvergence pessimism
                                  9.75 ^ _442_/CLK (sky130_fd_sc_hd__dfrtp_2)
                         -0.08    9.67   library setup time
                                  9.67   data required time
-----------------------------------------------------------------------------
                                  9.67   data required time
                                 -1.76   data arrival time
-----------------------------------------------------------------------------
                                  7.91   slack (MET)


Startpoint: _439_ (rising edge-triggered flip-flop clocked by clk)
Endpoint: _439_ (rising edge-triggered flip-flop clocked by clk)
Path Group: clk
Path Type: max

Fanout     Cap    Slew   Delay    Time   Description
-----------------------------------------------------------------------------
                  0.15    0.00    0.00   clock clk (rise edge)
                          0.00    0.00   clock network delay (ideal)
                  0.15    0.00    0.00 ^ _439_/CLK (sky130_fd_sc_hd__dfrtp_2)
                  0.07    0.49    0.49 v _439_/Q (sky130_fd_sc_hd__dfrtp_2)
     6    0.02                           tx_baud_cnt[1] (net)
                  0.07    0.00    0.49 v _219_/A_N (sky130_fd_sc_hd__and4bb_2)
                  0.07    0.33    0.81 ^ _219_/X (sky130_fd_sc_hd__and4bb_2)
     3    0.01                           _071_ (net)
                  0.07    0.00    0.81 ^ _220_/C (sky130_fd_sc_hd__and3_2)
                  0.04    0.18    0.99 ^ _220_/X (sky130_fd_sc_hd__and3_2)
     1    0.00                           _072_ (net)
                  0.04    0.00    0.99 ^ _221_/A (sky130_fd_sc_hd__buf_1)
                  0.44    0.38    1.37 ^ _221_/X (sky130_fd_sc_hd__buf_1)
     9    0.04                           _073_ (net)
                  0.44    0.00    1.37 ^ _251_/A (sky130_fd_sc_hd__nor2_2)
                  0.09    0.11    1.48 v _251_/Y (sky130_fd_sc_hd__nor2_2)
     4    0.01                           _094_ (net)
                  0.09    0.00    1.48 v _254_/A (sky130_fd_sc_hd__and3_2)
                  0.04    0.19    1.67 v _254_/X (sky130_fd_sc_hd__and3_2)
     1    0.00                           _097_ (net)
                  0.04    0.00    1.67 v _255_/A (sky130_fd_sc_hd__buf_1)
                  0.02    0.08    1.76 v _255_/X (sky130_fd_sc_hd__buf_1)
     1    0.00                           _002_ (net)
                  0.02    0.00    1.76 v _439_/D (sky130_fd_sc_hd__dfrtp_2)
                                  1.76   data arrival time

                  0.15   10.00   10.00   clock clk (rise edge)
                          0.00   10.00   clock network delay (ideal)
                         -0.25    9.75   clock uncertainty
                          0.00    9.75   clock reconvergence pessimism
                                  9.75 ^ _439_/CLK (sky130_fd_sc_hd__dfrtp_2)
                         -0.08    9.67   library setup time
                                  9.67   data required time
-----------------------------------------------------------------------------
                                  9.67   data required time
                                 -1.76   data arrival time
-----------------------------------------------------------------------------
                                  7.91   slack (MET)


Startpoint: _439_ (rising edge-triggered flip-flop clocked by clk)
Endpoint: _446_ (rising edge-triggered flip-flop clocked by clk)
Path Group: clk
Path Type: max

Fanout     Cap    Slew   Delay    Time   Description
-----------------------------------------------------------------------------
                  0.15    0.00    0.00   clock clk (rise edge)
                          0.00    0.00   clock network delay (ideal)
                  0.15    0.00    0.00 ^ _439_/CLK (sky130_fd_sc_hd__dfrtp_2)
                  0.07    0.49    0.49 v _439_/Q (sky130_fd_sc_hd__dfrtp_2)
     6    0.02                           tx_baud_cnt[1] (net)
                  0.07    0.00    0.49 v _219_/A_N (sky130_fd_sc_hd__and4bb_2)
                  0.07    0.33    0.81 ^ _219_/X (sky130_fd_sc_hd__and4bb_2)
     3    0.01                           _071_ (net)
                  0.07    0.00    0.81 ^ _220_/C (sky130_fd_sc_hd__and3_2)
                  0.04    0.18    0.99 ^ _220_/X (sky130_fd_sc_hd__and3_2)
     1    0.00                           _072_ (net)
                  0.04    0.00    0.99 ^ _221_/A (sky130_fd_sc_hd__buf_1)
                  0.44    0.38    1.37 ^ _221_/X (sky130_fd_sc_hd__buf_1)
     9    0.04                           _073_ (net)
                  0.44    0.00    1.37 ^ _251_/A (sky130_fd_sc_hd__nor2_2)
                  0.09    0.11    1.48 v _251_/Y (sky130_fd_sc_hd__nor2_2)
     4    0.01                           _094_ (net)
                  0.09    0.00    1.48 v _279_/A (sky130_fd_sc_hd__and3_2)
                  0.04    0.19    1.67 v _279_/X (sky130_fd_sc_hd__and3_2)
     1    0.00                           _115_ (net)
                  0.04    0.00    1.67 v _280_/A (sky130_fd_sc_hd__buf_1)
                  0.02    0.08    1.76 v _280_/X (sky130_fd_sc_hd__buf_1)
     1    0.00                           _009_ (net)
                  0.02    0.00    1.76 v _446_/D (sky130_fd_sc_hd__dfrtp_2)
                                  1.76   data arrival time

                  0.15   10.00   10.00   clock clk (rise edge)
                          0.00   10.00   clock network delay (ideal)
                         -0.25    9.75   clock uncertainty
                          0.00    9.75   clock reconvergence pessimism
                                  9.75 ^ _446_/CLK (sky130_fd_sc_hd__dfrtp_2)
                         -0.08    9.67   library setup time
                                  9.67   data required time
-----------------------------------------------------------------------------
                                  9.67   data required time
                                 -1.76   data arrival time
-----------------------------------------------------------------------------
                                  7.91   slack (MET)


Startpoint: _439_ (rising edge-triggered flip-flop clocked by clk)
Endpoint: _468_ (rising edge-triggered flip-flop clocked by clk)
Path Group: clk
Path Type: max

Fanout     Cap    Slew   Delay    Time   Description
-----------------------------------------------------------------------------
                  0.15    0.00    0.00   clock clk (rise edge)
                          0.00    0.00   clock network delay (ideal)
                  0.15    0.00    0.00 ^ _439_/CLK (sky130_fd_sc_hd__dfrtp_2)
                  0.07    0.49    0.49 v _439_/Q (sky130_fd_sc_hd__dfrtp_2)
     6    0.02                           tx_baud_cnt[1] (net)
                  0.07    0.00    0.49 v _219_/A_N (sky130_fd_sc_hd__and4bb_2)
                  0.07    0.33    0.81 ^ _219_/X (sky130_fd_sc_hd__and4bb_2)
     3    0.01                           _071_ (net)
                  0.07    0.00    0.81 ^ _220_/C (sky130_fd_sc_hd__and3_2)
                  0.04    0.18    0.99 ^ _220_/X (sky130_fd_sc_hd__and3_2)
     1    0.00                           _072_ (net)
                  0.04    0.00    0.99 ^ _221_/A (sky130_fd_sc_hd__buf_1)
                  0.44    0.38    1.37 ^ _221_/X (sky130_fd_sc_hd__buf_1)
     9    0.04                           _073_ (net)
                  0.44    0.00    1.37 ^ _232_/B (sky130_fd_sc_hd__and3_2)
                  0.07    0.30    1.66 ^ _232_/X (sky130_fd_sc_hd__and3_2)
     2    0.01                           _081_ (net)
                  0.07    0.00    1.66 ^ _233_/B1_N (sky130_fd_sc_hd__o21bai_2)
                  0.10    0.11    1.77 ^ _233_/Y (sky130_fd_sc_hd__o21bai_2)
     1    0.00                           _017_ (net)
                  0.10    0.00    1.77 ^ _468_/D (sky130_fd_sc_hd__dfrtp_2)
                                  1.77   data arrival time

                  0.15   10.00   10.00   clock clk (rise edge)
                          0.00   10.00   clock network delay (ideal)
                         -0.25    9.75   clock uncertainty
                          0.00    9.75   clock reconvergence pessimism
                                  9.75 ^ _468_/CLK (sky130_fd_sc_hd__dfrtp_2)
                         -0.06    9.69   library setup time
                                  9.69   data required time
-----------------------------------------------------------------------------
                                  9.69   data required time
                                 -1.77   data arrival time
-----------------------------------------------------------------------------
                                  7.92   slack (MET)


Startpoint: _448_ (rising edge-triggered flip-flop clocked by clk)
Endpoint: _429_ (rising edge-triggered flip-flop clocked by clk)
Path Group: clk
Path Type: max

Fanout     Cap    Slew   Delay    Time   Description
-----------------------------------------------------------------------------
                  0.15    0.00    0.00   clock clk (rise edge)
                          0.00    0.00   clock network delay (ideal)
                  0.15    0.00    0.00 ^ _448_/CLK (sky130_fd_sc_hd__dfrtp_2)
                  0.15    0.49    0.49 ^ _448_/Q (sky130_fd_sc_hd__dfrtp_2)
     7    0.03                           tx_bit_cnt[0] (net)
                  0.15    0.00    0.49 ^ _246_/S0 (sky130_fd_sc_hd__mux4_2)
                  0.08    0.53    1.02 v _246_/X (sky130_fd_sc_hd__mux4_2)
     1    0.00                           _091_ (net)
                  0.08    0.00    1.02 v _247_/A (sky130_fd_sc_hd__or2b_2)
                  0.05    0.31    1.33 v _247_/X (sky130_fd_sc_hd__or2b_2)
     1    0.00                           _092_ (net)
                  0.05    0.00    1.33 v _248_/A3 (sky130_fd_sc_hd__a311o_2)
                  0.06    0.42    1.74 v _248_/X (sky130_fd_sc_hd__a311o_2)
     1    0.01                           _203_ (net)
                  0.06    0.00    1.74 v _429_/D (sky130_fd_sc_hd__dfstp_2)
                                  1.74   data arrival time

                  0.15   10.00   10.00   clock clk (rise edge)
                          0.00   10.00   clock network delay (ideal)
                         -0.25    9.75   clock uncertainty
                          0.00    9.75   clock reconvergence pessimism
                                  9.75 ^ _429_/CLK (sky130_fd_sc_hd__dfstp_2)
                         -0.05    9.70   library setup time
                                  9.70   data required time
-----------------------------------------------------------------------------
                                  9.70   data required time
                                 -1.74   data arrival time
-----------------------------------------------------------------------------
                                  7.95   slack (MET)


Startpoint: _439_ (rising edge-triggered flip-flop clocked by clk)
Endpoint: _450_ (rising edge-triggered flip-flop clocked by clk)
Path Group: clk
Path Type: max

Fanout     Cap    Slew   Delay    Time   Description
-----------------------------------------------------------------------------
                  0.15    0.00    0.00   clock clk (rise edge)
                          0.00    0.00   clock network delay (ideal)
                  0.15    0.00    0.00 ^ _439_/CLK (sky130_fd_sc_hd__dfrtp_2)
                  0.07    0.49    0.49 v _439_/Q (sky130_fd_sc_hd__dfrtp_2)
     6    0.02                           tx_baud_cnt[1] (net)
                  0.07    0.00    0.49 v _219_/A_N (sky130_fd_sc_hd__and4bb_2)
                  0.07    0.33    0.81 ^ _219_/X (sky130_fd_sc_hd__and4bb_2)
     3    0.01                           _071_ (net)
                  0.07    0.00    0.81 ^ _220_/C (sky130_fd_sc_hd__and3_2)
                  0.04    0.18    0.99 ^ _220_/X (sky130_fd_sc_hd__and3_2)
     1    0.00                           _072_ (net)
                  0.04    0.00    0.99 ^ _221_/A (sky130_fd_sc_hd__buf_1)
                  0.44    0.38    1.37 ^ _221_/X (sky130_fd_sc_hd__buf_1)
     9    0.04                           _073_ (net)
                  0.44    0.00    1.37 ^ _232_/B (sky130_fd_sc_hd__and3_2)
                  0.07    0.30    1.66 ^ _232_/X (sky130_fd_sc_hd__and3_2)
     2    0.01                           _081_ (net)
                  0.07    0.00    1.66 ^ _391_/A (sky130_fd_sc_hd__nor3b_2)
                  0.03    0.04    1.71 v _391_/Y (sky130_fd_sc_hd__nor3b_2)
     1    0.00                           _049_ (net)
                  0.03    0.00    1.71 v _450_/D (sky130_fd_sc_hd__dfrtp_2)
                                  1.71   data arrival time

                  0.15   10.00   10.00   clock clk (rise edge)
                          0.00   10.00   clock network delay (ideal)
                         -0.25    9.75   clock uncertainty
                          0.00    9.75   clock reconvergence pessimism
                                  9.75 ^ _450_/CLK (sky130_fd_sc_hd__dfrtp_2)
                         -0.09    9.66   library setup time
                                  9.66   data required time
-----------------------------------------------------------------------------
                                  9.66   data required time
                                 -1.71   data arrival time
-----------------------------------------------------------------------------
                                  7.96   slack (MET)


Startpoint: _439_ (rising edge-triggered flip-flop clocked by clk)
Endpoint: _445_ (rising edge-triggered flip-flop clocked by clk)
Path Group: clk
Path Type: max

Fanout     Cap    Slew   Delay    Time   Description
-----------------------------------------------------------------------------
                  0.15    0.00    0.00   clock clk (rise edge)
                          0.00    0.00   clock network delay (ideal)
                  0.15    0.00    0.00 ^ _439_/CLK (sky130_fd_sc_hd__dfrtp_2)
                  0.07    0.49    0.49 v _439_/Q (sky130_fd_sc_hd__dfrtp_2)
     6    0.02                           tx_baud_cnt[1] (net)
                  0.07    0.00    0.49 v _219_/A_N (sky130_fd_sc_hd__and4bb_2)
                  0.07    0.33    0.81 ^ _219_/X (sky130_fd_sc_hd__and4bb_2)
     3    0.01                           _071_ (net)
                  0.07    0.00    0.81 ^ _220_/C (sky130_fd_sc_hd__and3_2)
                  0.04    0.18    0.99 ^ _220_/X (sky130_fd_sc_hd__and3_2)
     1    0.00                           _072_ (net)
                  0.04    0.00    0.99 ^ _221_/A (sky130_fd_sc_hd__buf_1)
                  0.44    0.38    1.37 ^ _221_/X (sky130_fd_sc_hd__buf_1)
     9    0.04                           _073_ (net)
                  0.44    0.00    1.37 ^ _275_/C1 (sky130_fd_sc_hd__a211o_2)
                  0.03    0.17    1.53 ^ _275_/X (sky130_fd_sc_hd__a211o_2)
     1    0.00                           _112_ (net)
                  0.03    0.00    1.53 ^ _276_/B1_N (sky130_fd_sc_hd__o21ba_2)
                  0.03    0.15    1.68 v _276_/X (sky130_fd_sc_hd__o21ba_2)
     1    0.00                           _008_ (net)
                  0.03    0.00    1.68 v _445_/D (sky130_fd_sc_hd__dfrtp_2)
                                  1.68   data arrival time

                  0.15   10.00   10.00   clock clk (rise edge)
                          0.00   10.00   clock network delay (ideal)
                         -0.25    9.75   clock uncertainty
                          0.00    9.75   clock reconvergence pessimism
                                  9.75 ^ _445_/CLK (sky130_fd_sc_hd__dfrtp_2)
                         -0.09    9.66   library setup time
                                  9.66   data required time
-----------------------------------------------------------------------------
                                  9.66   data required time
                                 -1.68   data arrival time
-----------------------------------------------------------------------------
                                  7.98   slack (MET)


Startpoint: _454_ (rising edge-triggered flip-flop clocked by clk)
Endpoint: _419_ (rising edge-triggered flip-flop clocked by clk)
Path Group: clk
Path Type: max

Fanout     Cap    Slew   Delay    Time   Description
-----------------------------------------------------------------------------
                  0.15    0.00    0.00   clock clk (rise edge)
                          0.00    0.00   clock network delay (ideal)
                  0.15    0.00    0.00 ^ _454_/CLK (sky130_fd_sc_hd__dfrtp_2)
                  0.10    0.51    0.51 v _454_/Q (sky130_fd_sc_hd__dfrtp_2)
     9    0.03                           rx_state[1] (net)
                  0.10    0.00    0.51 v _297_/B (sky130_fd_sc_hd__or3_2)
                  0.07    0.47    0.99 v _297_/X (sky130_fd_sc_hd__or3_2)
     1    0.00                           _124_ (net)
                  0.07    0.00    0.99 v _298_/A (sky130_fd_sc_hd__buf_1)
                  0.20    0.25    1.23 v _298_/X (sky130_fd_sc_hd__buf_1)
     9    0.03                           _125_ (net)
                  0.20    0.00    1.23 v _310_/A3 (sky130_fd_sc_hd__a31o_2)
                  0.04    0.31    1.55 v _310_/X (sky130_fd_sc_hd__a31o_2)
     1    0.00                           _135_ (net)
                  0.04    0.00    1.55 v _311_/C1 (sky130_fd_sc_hd__o211a_2)
                  0.04    0.11    1.66 v _311_/X (sky130_fd_sc_hd__o211a_2)
     1    0.00                           _028_ (net)
                  0.04    0.00    1.66 v _419_/D (sky130_fd_sc_hd__dfrtp_2)
                                  1.66   data arrival time

                  0.15   10.00   10.00   clock clk (rise edge)
                          0.00   10.00   clock network delay (ideal)
                         -0.25    9.75   clock uncertainty
                          0.00    9.75   clock reconvergence pessimism
                                  9.75 ^ _419_/CLK (sky130_fd_sc_hd__dfrtp_2)
                         -0.09    9.66   library setup time
                                  9.66   data required time
-----------------------------------------------------------------------------
                                  9.66   data required time
                                 -1.66   data arrival time
-----------------------------------------------------------------------------
                                  8.01   slack (MET)


Startpoint: _439_ (rising edge-triggered flip-flop clocked by clk)
Endpoint: _466_ (rising edge-triggered flip-flop clocked by clk)
Path Group: clk
Path Type: max

Fanout     Cap    Slew   Delay    Time   Description
-----------------------------------------------------------------------------
                  0.15    0.00    0.00   clock clk (rise edge)
                          0.00    0.00   clock network delay (ideal)
                  0.15    0.00    0.00 ^ _439_/CLK (sky130_fd_sc_hd__dfrtp_2)
                  0.07    0.49    0.49 v _439_/Q (sky130_fd_sc_hd__dfrtp_2)
     6    0.02                           tx_baud_cnt[1] (net)
                  0.07    0.00    0.49 v _219_/A_N (sky130_fd_sc_hd__and4bb_2)
                  0.07    0.33    0.81 ^ _219_/X (sky130_fd_sc_hd__and4bb_2)
     3    0.01                           _071_ (net)
                  0.07    0.00    0.81 ^ _220_/C (sky130_fd_sc_hd__and3_2)
                  0.04    0.18    0.99 ^ _220_/X (sky130_fd_sc_hd__and3_2)
     1    0.00                           _072_ (net)
                  0.04    0.00    0.99 ^ _221_/A (sky130_fd_sc_hd__buf_1)
                  0.44    0.38    1.37 ^ _221_/X (sky130_fd_sc_hd__buf_1)
     9    0.04                           _073_ (net)
                  0.44    0.00    1.37 ^ _225_/A (sky130_fd_sc_hd__nand2_2)
                  0.08    0.07    1.43 v _225_/Y (sky130_fd_sc_hd__nand2_2)
     1    0.00                           _076_ (net)
                  0.08    0.00    1.43 v _226_/B1 (sky130_fd_sc_hd__a22o_2)
                  0.04    0.22    1.65 v _226_/X (sky130_fd_sc_hd__a22o_2)
     1    0.00                           _015_ (net)
                  0.04    0.00    1.65 v _466_/D (sky130_fd_sc_hd__dfrtp_2)
                                  1.65   data arrival time

                  0.15   10.00   10.00   clock clk (rise edge)
                          0.00   10.00   clock network delay (ideal)
                         -0.25    9.75   clock uncertainty
                          0.00    9.75   clock reconvergence pessimism
                                  9.75 ^ _466_/CLK (sky130_fd_sc_hd__dfrtp_2)
                         -0.09    9.66   library setup time
                                  9.66   data required time
-----------------------------------------------------------------------------
                                  9.66   data required time
                                 -1.65   data arrival time
-----------------------------------------------------------------------------
                                  8.01   slack (MET)


Startpoint: _442_ (rising edge-triggered flip-flop clocked by clk)
Endpoint: _449_ (rising edge-triggered flip-flop clocked by clk)
Path Group: clk
Path Type: max

Fanout     Cap    Slew   Delay    Time   Description
-----------------------------------------------------------------------------
                  0.15    0.00    0.00   clock clk (rise edge)
                          0.00    0.00   clock network delay (ideal)
                  0.15    0.00    0.00 ^ _442_/CLK (sky130_fd_sc_hd__dfrtp_2)
                  0.07    0.48    0.48 v _442_/Q (sky130_fd_sc_hd__dfrtp_2)
     6    0.01                           tx_baud_cnt[4] (net)
                  0.07    0.00    0.48 v _218_/D (sky130_fd_sc_hd__and4bb_2)
                  0.05    0.26    0.74 v _218_/X (sky130_fd_sc_hd__and4bb_2)
     3    0.01                           _070_ (net)
                  0.05    0.00    0.74 v _382_/C (sky130_fd_sc_hd__and4_2)
                  0.05    0.24    0.98 v _382_/X (sky130_fd_sc_hd__and4_2)
     2    0.01                           _188_ (net)
                  0.05    0.00    0.98 v _388_/A3 (sky130_fd_sc_hd__a31o_2)
                  0.04    0.26    1.24 v _388_/X (sky130_fd_sc_hd__a31o_2)
     1    0.00                           _193_ (net)
                  0.04    0.00    1.24 v _389_/B1 (sky130_fd_sc_hd__a21oi_2)
                  0.08    0.09    1.33 ^ _389_/Y (sky130_fd_sc_hd__a21oi_2)
     1    0.00                           _048_ (net)
                  0.08    0.00    1.33 ^ _449_/D (sky130_fd_sc_hd__dfrtp_2)
                                  1.33   data arrival time

                  0.15   10.00   10.00   clock clk (rise edge)
                          0.00   10.00   clock network delay (ideal)
                         -0.25    9.75   clock uncertainty
                          0.00    9.75   clock reconvergence pessimism
                                  9.75 ^ _449_/CLK (sky130_fd_sc_hd__dfrtp_2)
                         -0.05    9.70   library setup time
                                  9.70   data required time
-----------------------------------------------------------------------------
                                  9.70   data required time
                                 -1.33   data arrival time
-----------------------------------------------------------------------------
                                  8.36   slack (MET)


Startpoint: _438_ (rising edge-triggered flip-flop clocked by clk)
Endpoint: _444_ (rising edge-triggered flip-flop clocked by clk)
Path Group: clk
Path Type: max

Fanout     Cap    Slew   Delay    Time   Description
-----------------------------------------------------------------------------
                  0.15    0.00    0.00   clock clk (rise edge)
                          0.00    0.00   clock network delay (ideal)
                  0.15    0.00    0.00 ^ _438_/CLK (sky130_fd_sc_hd__dfrtp_2)
                  0.14    0.48    0.48 ^ _438_/Q (sky130_fd_sc_hd__dfrtp_2)
     9    0.03                           tx_baud_cnt[0] (net)
                  0.14    0.00    0.48 ^ _261_/B (sky130_fd_sc_hd__and4_2)
                  0.11    0.30    0.79 ^ _261_/X (sky130_fd_sc_hd__and4_2)
     6    0.02                           _102_ (net)
                  0.11    0.00    0.79 ^ _272_/D (sky130_fd_sc_hd__and4_2)
                  0.13    0.32    1.11 ^ _272_/X (sky130_fd_sc_hd__and4_2)
     5    0.02                           _110_ (net)
                  0.13    0.00    1.11 ^ _273_/B (sky130_fd_sc_hd__nor2_2)
                  0.07    0.04    1.15 v _273_/Y (sky130_fd_sc_hd__nor2_2)
     1    0.00                           _111_ (net)
                  0.07    0.00    1.15 v _274_/B1 (sky130_fd_sc_hd__o21a_2)
                  0.03    0.12    1.27 v _274_/X (sky130_fd_sc_hd__o21a_2)
     1    0.00                           _007_ (net)
                  0.03    0.00    1.27 v _444_/D (sky130_fd_sc_hd__dfrtp_2)
                                  1.27   data arrival time

                  0.15   10.00   10.00   clock clk (rise edge)
                          0.00   10.00   clock network delay (ideal)
                         -0.25    9.75   clock uncertainty
                          0.00    9.75   clock reconvergence pessimism
                                  9.75 ^ _444_/CLK (sky130_fd_sc_hd__dfrtp_2)
                         -0.09    9.66   library setup time
                                  9.66   data required time
-----------------------------------------------------------------------------
                                  9.66   data required time
                                 -1.27   data arrival time
-----------------------------------------------------------------------------
                                  8.39   slack (MET)


Startpoint: _466_ (rising edge-triggered flip-flop clocked by clk)
Endpoint: _440_ (rising edge-triggered flip-flop clocked by clk)
Path Group: clk
Path Type: max

Fanout     Cap    Slew   Delay    Time   Description
-----------------------------------------------------------------------------
                  0.15    0.00    0.00   clock clk (rise edge)
                          0.00    0.00   clock network delay (ideal)
                  0.15    0.00    0.00 ^ _466_/CLK (sky130_fd_sc_hd__dfrtp_2)
                  0.07    0.49    0.49 v _466_/Q (sky130_fd_sc_hd__dfrtp_2)
     7    0.02                           tx_state[1] (net)
                  0.07    0.00    0.49 v _249_/A (sky130_fd_sc_hd__nor3_2)
                  0.42    0.42    0.91 ^ _249_/Y (sky130_fd_sc_hd__nor3_2)
     6    0.02                           _093_ (net)
                  0.42    0.00    0.91 ^ _258_/A_N (sky130_fd_sc_hd__and3b_2)
                  0.04    0.27    1.18 v _258_/X (sky130_fd_sc_hd__and3b_2)
     1    0.00                           _100_ (net)
                  0.04    0.00    1.18 v _259_/A (sky130_fd_sc_hd__buf_1)
                  0.02    0.08    1.27 v _259_/X (sky130_fd_sc_hd__buf_1)
     1    0.00                           _003_ (net)
                  0.02    0.00    1.27 v _440_/D (sky130_fd_sc_hd__dfrtp_2)
                                  1.27   data arrival time

                  0.15   10.00   10.00   clock clk (rise edge)
                          0.00   10.00   clock network delay (ideal)
                         -0.25    9.75   clock uncertainty
                          0.00    9.75   clock reconvergence pessimism
                                  9.75 ^ _440_/CLK (sky130_fd_sc_hd__dfrtp_2)
                         -0.08    9.67   library setup time
                                  9.67   data required time
-----------------------------------------------------------------------------
                                  9.67   data required time
                                 -1.27   data arrival time
-----------------------------------------------------------------------------
                                  8.40   slack (MET)


Startpoint: _439_ (rising edge-triggered flip-flop clocked by clk)
Endpoint: _448_ (rising edge-triggered flip-flop clocked by clk)
Path Group: clk
Path Type: max

Fanout     Cap    Slew   Delay    Time   Description
-----------------------------------------------------------------------------
                  0.15    0.00    0.00   clock clk (rise edge)
                          0.00    0.00   clock network delay (ideal)
                  0.15    0.00    0.00 ^ _439_/CLK (sky130_fd_sc_hd__dfrtp_2)
                  0.07    0.49    0.49 v _439_/Q (sky130_fd_sc_hd__dfrtp_2)
     6    0.02                           tx_baud_cnt[1] (net)
                  0.07    0.00    0.49 v _219_/A_N (sky130_fd_sc_hd__and4bb_2)
                  0.07    0.33    0.81 ^ _219_/X (sky130_fd_sc_hd__and4bb_2)
     3    0.01                           _071_ (net)
                  0.07    0.00    0.81 ^ _384_/A4 (sky130_fd_sc_hd__a41o_2)
                  0.06    0.23    1.04 ^ _384_/X (sky130_fd_sc_hd__a41o_2)
     2    0.01                           _190_ (net)
                  0.06    0.00    1.04 ^ _385_/B (sky130_fd_sc_hd__nand2_2)
                  0.06    0.06    1.10 v _385_/Y (sky130_fd_sc_hd__nand2_2)
     2    0.01                           _191_ (net)
                  0.06    0.00    1.10 v _386_/B1 (sky130_fd_sc_hd__o21a_2)
                  0.03    0.12    1.22 v _386_/X (sky130_fd_sc_hd__o21a_2)
     1    0.00                           _047_ (net)
                  0.03    0.00    1.22 v _448_/D (sky130_fd_sc_hd__dfrtp_2)
                                  1.22   data arrival time

                  0.15   10.00   10.00   clock clk (rise edge)
                          0.00   10.00   clock network delay (ideal)
                         -0.25    9.75   clock uncertainty
                          0.00    9.75   clock reconvergence pessimism
                                  9.75 ^ _448_/CLK (sky130_fd_sc_hd__dfrtp_2)
                         -0.09    9.66   library setup time
                                  9.66   data required time
-----------------------------------------------------------------------------
                                  9.66   data required time
                                 -1.22   data arrival time
-----------------------------------------------------------------------------
                                  8.44   slack (MET)


Startpoint: _466_ (rising edge-triggered flip-flop clocked by clk)
Endpoint: _441_ (rising edge-triggered flip-flop clocked by clk)
Path Group: clk
Path Type: max

Fanout     Cap    Slew   Delay    Time   Description
-----------------------------------------------------------------------------
                  0.15    0.00    0.00   clock clk (rise edge)
                          0.00    0.00   clock network delay (ideal)
                  0.15    0.00    0.00 ^ _466_/CLK (sky130_fd_sc_hd__dfrtp_2)
                  0.07    0.49    0.49 v _466_/Q (sky130_fd_sc_hd__dfrtp_2)
     7    0.02                           tx_state[1] (net)
                  0.07    0.00    0.49 v _249_/A (sky130_fd_sc_hd__nor3_2)
                  0.42    0.42    0.91 ^ _249_/Y (sky130_fd_sc_hd__nor3_2)
     6    0.02                           _093_ (net)
                  0.42    0.00    0.91 ^ _262_/A (sky130_fd_sc_hd__or2_2)
                  0.05    0.21    1.12 ^ _262_/X (sky130_fd_sc_hd__or2_2)
     1    0.01                           _103_ (net)
                  0.05    0.00    1.12 ^ _263_/B1 (sky130_fd_sc_hd__a21oi_2)
                  0.03    0.03    1.15 v _263_/Y (sky130_fd_sc_hd__a21oi_2)
     1    0.00                           _004_ (net)
                  0.03    0.00    1.15 v _441_/D (sky130_fd_sc_hd__dfrtp_2)
                                  1.15   data arrival time

                  0.15   10.00   10.00   clock clk (rise edge)
                          0.00   10.00   clock network delay (ideal)
                         -0.25    9.75   clock uncertainty
                          0.00    9.75   clock reconvergence pessimism
                                  9.75 ^ _441_/CLK (sky130_fd_sc_hd__dfrtp_2)
                         -0.08    9.67   library setup time
                                  9.67   data required time
-----------------------------------------------------------------------------
                                  9.67   data required time
                                 -1.15   data arrival time
-----------------------------------------------------------------------------
                                  8.51   slack (MET)


Startpoint: _466_ (rising edge-triggered flip-flop clocked by clk)
Endpoint: _438_ (rising edge-triggered flip-flop clocked by clk)
Path Group: clk
Path Type: max

Fanout     Cap    Slew   Delay    Time   Description
-----------------------------------------------------------------------------
                  0.15    0.00    0.00   clock clk (rise edge)
                          0.00    0.00   clock network delay (ideal)
                  0.15    0.00    0.00 ^ _466_/CLK (sky130_fd_sc_hd__dfrtp_2)
                  0.07    0.49    0.49 v _466_/Q (sky130_fd_sc_hd__dfrtp_2)
     7    0.02                           tx_state[1] (net)
                  0.07    0.00    0.49 v _249_/A (sky130_fd_sc_hd__nor3_2)
                  0.42    0.42    0.91 ^ _249_/Y (sky130_fd_sc_hd__nor3_2)
     6    0.02                           _093_ (net)
                  0.42    0.00    0.91 ^ _250_/B (sky130_fd_sc_hd__nor2_2)
                  0.06    0.05    0.96 v _250_/Y (sky130_fd_sc_hd__nor2_2)
     1    0.00                           _001_ (net)
                  0.06    0.00    0.96 v _438_/D (sky130_fd_sc_hd__dfrtp_2)
                                  0.96   data arrival time

                  0.15   10.00   10.00   clock clk (rise edge)
                          0.00   10.00   clock network delay (ideal)
                         -0.25    9.75   clock uncertainty
                          0.00    9.75   clock reconvergence pessimism
                                  9.75 ^ _438_/CLK (sky130_fd_sc_hd__dfrtp_2)
                         -0.10    9.65   library setup time
                                  9.65   data required time
-----------------------------------------------------------------------------
                                  9.65   data required time
                                 -0.96   data arrival time
-----------------------------------------------------------------------------
                                  8.69   slack (MET)


Startpoint: _451_ (rising edge-triggered flip-flop clocked by clk)
Endpoint: _452_ (rising edge-triggered flip-flop clocked by clk)
Path Group: clk
Path Type: max

Fanout     Cap    Slew   Delay    Time   Description
-----------------------------------------------------------------------------
                  0.15    0.00    0.00   clock clk (rise edge)
                          0.00    0.00   clock network delay (ideal)
                  0.15    0.00    0.00 ^ _451_/CLK (sky130_fd_sc_hd__dfxtp_2)
                  0.02    0.35    0.35 v _451_/Q (sky130_fd_sc_hd__dfxtp_2)
     1    0.00                           rx_sync1 (net)
                  0.02    0.00    0.35 v _452_/D (sky130_fd_sc_hd__dfxtp_2)
                                  0.35   data arrival time

                  0.15   10.00   10.00   clock clk (rise edge)
                          0.00   10.00   clock network delay (ideal)
                         -0.25    9.75   clock uncertainty
                          0.00    9.75   clock reconvergence pessimism
                                  9.75 ^ _452_/CLK (sky130_fd_sc_hd__dfxtp_2)
                         -0.08    9.67   library setup time
                                  9.67   data required time
-----------------------------------------------------------------------------
                                  9.67   data required time
                                 -0.35   data arrival time
-----------------------------------------------------------------------------
                                  9.32   slack (MET)



