
===========================================================================
report_checks -path_delay max (Setup)
============================================================================
======================= Typical Corner ===================================

Startpoint: clk (clock source 'clk')
Endpoint: pclk (output port clocked by clk)
Path Group: clk
Path Type: max

Fanout     Cap    Slew   Delay    Time   Description
-----------------------------------------------------------------------------
                  0.15    5.00    5.00   clock clk (fall edge)
                  0.25    0.20    5.20 v clk (in)
    68    0.12                           clk (net)
                  0.25    0.00    5.20 v _456_/A (sky130_fd_sc_hd__buf_2)
                  0.03    0.21    5.41 v _456_/X (sky130_fd_sc_hd__buf_2)
     1    0.00                           net166 (net)
                  0.03    0.00    5.41 v output166/A (sky130_fd_sc_hd__buf_1)
                  0.19    0.22    5.63 v output166/X (sky130_fd_sc_hd__buf_1)
     1    0.03                           pclk (net)
                  0.19    0.00    5.63 v pclk (out)
                                  5.63   data arrival time

                  0.15   10.00   10.00   clock clk (rise edge)
                          0.00   10.00   clock network delay (ideal)
                         -0.25    9.75   clock uncertainty
                          0.00    9.75   clock reconvergence pessimism
                         -2.00    7.75   output external delay
                                  7.75   data required time
-----------------------------------------------------------------------------
                                  7.75   data required time
                                 -5.63   data arrival time
-----------------------------------------------------------------------------
                                  2.12   slack (MET)


Startpoint: pready (input port clocked by clk)
Endpoint: m_rdata[1] (output port clocked by clk)
Path Group: clk
Path Type: max

Fanout     Cap    Slew   Delay    Time   Description
-----------------------------------------------------------------------------
                  0.15    0.00    0.00   clock clk (rise edge)
                          0.00    0.00   clock network delay (ideal)
                          2.00    2.00 ^ input external delay
                  0.02    0.01    2.01 ^ pready (in)
     1    0.00                           pready (net)
                  0.02    0.00    2.01 ^ input99/A (sky130_fd_sc_hd__buf_1)
                  0.14    0.15    2.16 ^ input99/X (sky130_fd_sc_hd__buf_1)
     2    0.01                           net99 (net)
                  0.14    0.00    2.16 ^ _181_/C (sky130_fd_sc_hd__and3b_2)
                  0.15    0.30    2.46 ^ _181_/X (sky130_fd_sc_hd__and3b_2)
     6    0.03                           _069_ (net)
                  0.15    0.00    2.46 ^ _182_/A (sky130_fd_sc_hd__buf_4)
                  0.17    0.25    2.71 ^ _182_/X (sky130_fd_sc_hd__buf_4)
    10    0.06                           net133 (net)
                  0.17    0.00    2.72 ^ _185_/B (sky130_fd_sc_hd__and2_1)
                  0.04    0.15    2.86 ^ _185_/X (sky130_fd_sc_hd__and2_1)
     1    0.00                           _071_ (net)
                  0.04    0.00    2.86 ^ _186_/A (sky130_fd_sc_hd__dlymetal6s2s_1)
                  0.19    0.20    3.06 ^ _186_/X (sky130_fd_sc_hd__dlymetal6s2s_1)
     1    0.02                           net112 (net)
                  0.19    0.00    3.07 ^ output112/A (sky130_fd_sc_hd__buf_2)
                  0.17    0.26    3.32 ^ output112/X (sky130_fd_sc_hd__buf_2)
     1    0.03                           m_rdata[1] (net)
                  0.17    0.00    3.32 ^ m_rdata[1] (out)
                                  3.32   data arrival time

                  0.15   10.00   10.00   clock clk (rise edge)
                          0.00   10.00   clock network delay (ideal)
                         -0.25    9.75   clock uncertainty
                          0.00    9.75   clock reconvergence pessimism
                         -2.00    7.75   output external delay
                                  7.75   data required time
-----------------------------------------------------------------------------
                                  7.75   data required time
                                 -3.32   data arrival time
-----------------------------------------------------------------------------
                                  4.43   slack (MET)


Startpoint: pready (input port clocked by clk)
Endpoint: m_rdata[5] (output port clocked by clk)
Path Group: clk
Path Type: max

Fanout     Cap    Slew   Delay    Time   Description
-----------------------------------------------------------------------------
                  0.15    0.00    0.00   clock clk (rise edge)
                          0.00    0.00   clock network delay (ideal)
                          2.00    2.00 ^ input external delay
                  0.02    0.01    2.01 ^ pready (in)
     1    0.00                           pready (net)
                  0.02    0.00    2.01 ^ input99/A (sky130_fd_sc_hd__buf_1)
                  0.14    0.15    2.16 ^ input99/X (sky130_fd_sc_hd__buf_1)
     2    0.01                           net99 (net)
                  0.14    0.00    2.16 ^ _181_/C (sky130_fd_sc_hd__and3b_2)
                  0.15    0.30    2.46 ^ _181_/X (sky130_fd_sc_hd__and3b_2)
     6    0.03                           _069_ (net)
                  0.15    0.00    2.46 ^ _182_/A (sky130_fd_sc_hd__buf_4)
                  0.17    0.25    2.71 ^ _182_/X (sky130_fd_sc_hd__buf_4)
    10    0.06                           net133 (net)
                  0.17    0.00    2.72 ^ _193_/B (sky130_fd_sc_hd__and2_1)
                  0.05    0.15    2.87 ^ _193_/X (sky130_fd_sc_hd__and2_1)
     1    0.00                           _075_ (net)
                  0.05    0.00    2.87 ^ _194_/A (sky130_fd_sc_hd__dlymetal6s2s_1)
                  0.18    0.19    3.06 ^ _194_/X (sky130_fd_sc_hd__dlymetal6s2s_1)
     1    0.02                           net128 (net)
                  0.18    0.00    3.06 ^ output128/A (sky130_fd_sc_hd__clkbuf_4)
                  0.11    0.24    3.30 ^ output128/X (sky130_fd_sc_hd__clkbuf_4)
     1    0.03                           m_rdata[5] (net)
                  0.11    0.00    3.31 ^ m_rdata[5] (out)
                                  3.31   data arrival time

                  0.15   10.00   10.00   clock clk (rise edge)
                          0.00   10.00   clock network delay (ideal)
                         -0.25    9.75   clock uncertainty
                          0.00    9.75   clock reconvergence pessimism
                         -2.00    7.75   output external delay
                                  7.75   data required time
-----------------------------------------------------------------------------
                                  7.75   data required time
                                 -3.31   data arrival time
-----------------------------------------------------------------------------
                                  4.44   slack (MET)


Startpoint: pready (input port clocked by clk)
Endpoint: m_rdata[4] (output port clocked by clk)
Path Group: clk
Path Type: max

Fanout     Cap    Slew   Delay    Time   Description
-----------------------------------------------------------------------------
                  0.15    0.00    0.00   clock clk (rise edge)
                          0.00    0.00   clock network delay (ideal)
                          2.00    2.00 ^ input external delay
                  0.02    0.01    2.01 ^ pready (in)
     1    0.00                           pready (net)
                  0.02    0.00    2.01 ^ input99/A (sky130_fd_sc_hd__buf_1)
                  0.14    0.15    2.16 ^ input99/X (sky130_fd_sc_hd__buf_1)
     2    0.01                           net99 (net)
                  0.14    0.00    2.16 ^ _181_/C (sky130_fd_sc_hd__and3b_2)
                  0.15    0.30    2.46 ^ _181_/X (sky130_fd_sc_hd__and3b_2)
     6    0.03                           _069_ (net)
                  0.15    0.00    2.46 ^ _182_/A (sky130_fd_sc_hd__buf_4)
                  0.17    0.25    2.71 ^ _182_/X (sky130_fd_sc_hd__buf_4)
    10    0.06                           net133 (net)
                  0.17    0.00    2.72 ^ _191_/B (sky130_fd_sc_hd__and2_1)
                  0.05    0.15    2.87 ^ _191_/X (sky130_fd_sc_hd__and2_1)
     1    0.00                           _074_ (net)
                  0.05    0.00    2.87 ^ _192_/A (sky130_fd_sc_hd__clkbuf_2)
                  0.13    0.17    3.04 ^ _192_/X (sky130_fd_sc_hd__clkbuf_2)
     1    0.02                           net127 (net)
                  0.13    0.00    3.05 ^ output127/A (sky130_fd_sc_hd__buf_2)
                  0.17    0.24    3.28 ^ output127/X (sky130_fd_sc_hd__buf_2)
     1    0.03                           m_rdata[4] (net)
                  0.17    0.00    3.28 ^ m_rdata[4] (out)
                                  3.28   data arrival time

                  0.15   10.00   10.00   clock clk (rise edge)
                          0.00   10.00   clock network delay (ideal)
                         -0.25    9.75   clock uncertainty
                          0.00    9.75   clock reconvergence pessimism
                         -2.00    7.75   output external delay
                                  7.75   data required time
-----------------------------------------------------------------------------
                                  7.75   data required time
                                 -3.28   data arrival time
-----------------------------------------------------------------------------
                                  4.47   slack (MET)


Startpoint: pready (input port clocked by clk)
Endpoint: m_rdata[0] (output port clocked by clk)
Path Group: clk
Path Type: max

Fanout     Cap    Slew   Delay    Time   Description
-----------------------------------------------------------------------------
                  0.15    0.00    0.00   clock clk (rise edge)
                          0.00    0.00   clock network delay (ideal)
                          2.00    2.00 ^ input external delay
                  0.02    0.01    2.01 ^ pready (in)
     1    0.00                           pready (net)
                  0.02    0.00    2.01 ^ input99/A (sky130_fd_sc_hd__buf_1)
                  0.14    0.15    2.16 ^ input99/X (sky130_fd_sc_hd__buf_1)
     2    0.01                           net99 (net)
                  0.14    0.00    2.16 ^ _181_/C (sky130_fd_sc_hd__and3b_2)
                  0.15    0.30    2.46 ^ _181_/X (sky130_fd_sc_hd__and3b_2)
     6    0.03                           _069_ (net)
                  0.15    0.00    2.46 ^ _182_/A (sky130_fd_sc_hd__buf_4)
                  0.17    0.25    2.71 ^ _182_/X (sky130_fd_sc_hd__buf_4)
    10    0.06                           net133 (net)
                  0.17    0.00    2.72 ^ _183_/B (sky130_fd_sc_hd__and2_1)
                  0.05    0.15    2.87 ^ _183_/X (sky130_fd_sc_hd__and2_1)
     1    0.00                           _070_ (net)
                  0.05    0.00    2.87 ^ _184_/A (sky130_fd_sc_hd__buf_1)
                  0.16    0.17    3.04 ^ _184_/X (sky130_fd_sc_hd__buf_1)
     1    0.01                           net101 (net)
                  0.16    0.00    3.04 ^ output101/A (sky130_fd_sc_hd__clkbuf_4)
                  0.11    0.24    3.28 ^ output101/X (sky130_fd_sc_hd__clkbuf_4)
     1    0.03                           m_rdata[0] (net)
                  0.11    0.00    3.28 ^ m_rdata[0] (out)
                                  3.28   data arrival time

                  0.15   10.00   10.00   clock clk (rise edge)
                          0.00   10.00   clock network delay (ideal)
                         -0.25    9.75   clock uncertainty
                          0.00    9.75   clock reconvergence pessimism
                         -2.00    7.75   output external delay
                                  7.75   data required time
-----------------------------------------------------------------------------
                                  7.75   data required time
                                 -3.28   data arrival time
-----------------------------------------------------------------------------
                                  4.47   slack (MET)


Startpoint: pready (input port clocked by clk)
Endpoint: m_rdata[14] (output port clocked by clk)
Path Group: clk
Path Type: max

Fanout     Cap    Slew   Delay    Time   Description
-----------------------------------------------------------------------------
                  0.15    0.00    0.00   clock clk (rise edge)
                          0.00    0.00   clock network delay (ideal)
                          2.00    2.00 ^ input external delay
                  0.02    0.01    2.01 ^ pready (in)
     1    0.00                           pready (net)
                  0.02    0.00    2.01 ^ input99/A (sky130_fd_sc_hd__buf_1)
                  0.14    0.15    2.16 ^ input99/X (sky130_fd_sc_hd__buf_1)
     2    0.01                           net99 (net)
                  0.14    0.00    2.16 ^ _181_/C (sky130_fd_sc_hd__and3b_2)
                  0.15    0.30    2.46 ^ _181_/X (sky130_fd_sc_hd__and3b_2)
     6    0.03                           _069_ (net)
                  0.15    0.00    2.46 ^ _201_/A (sky130_fd_sc_hd__buf_4)
                  0.15    0.24    2.70 ^ _201_/X (sky130_fd_sc_hd__buf_4)
    10    0.05                           _079_ (net)
                  0.15    0.00    2.70 ^ _212_/B (sky130_fd_sc_hd__and2_1)
                  0.05    0.15    2.85 ^ _212_/X (sky130_fd_sc_hd__and2_1)
     1    0.00                           _085_ (net)
                  0.05    0.00    2.85 ^ _213_/A (sky130_fd_sc_hd__buf_1)
                  0.17    0.18    3.03 ^ _213_/X (sky130_fd_sc_hd__buf_1)
     1    0.01                           net106 (net)
                  0.17    0.00    3.03 ^ output106/A (sky130_fd_sc_hd__clkbuf_4)
                  0.11    0.24    3.27 ^ output106/X (sky130_fd_sc_hd__clkbuf_4)
     1    0.03                           m_rdata[14] (net)
                  0.11    0.00    3.27 ^ m_rdata[14] (out)
                                  3.27   data arrival time

                  0.15   10.00   10.00   clock clk (rise edge)
                          0.00   10.00   clock network delay (ideal)
                         -0.25    9.75   clock uncertainty
                          0.00    9.75   clock reconvergence pessimism
                         -2.00    7.75   output external delay
                                  7.75   data required time
-----------------------------------------------------------------------------
                                  7.75   data required time
                                 -3.27   data arrival time
-----------------------------------------------------------------------------
                                  4.48   slack (MET)


Startpoint: pready (input port clocked by clk)
Endpoint: m_rdata[22] (output port clocked by clk)
Path Group: clk
Path Type: max

Fanout     Cap    Slew   Delay    Time   Description
-----------------------------------------------------------------------------
                  0.15    0.00    0.00   clock clk (rise edge)
                          0.00    0.00   clock network delay (ideal)
                          2.00    2.00 ^ input external delay
                  0.02    0.01    2.01 ^ pready (in)
     1    0.00                           pready (net)
                  0.02    0.00    2.01 ^ input99/A (sky130_fd_sc_hd__buf_1)
                  0.14    0.15    2.16 ^ input99/X (sky130_fd_sc_hd__buf_1)
     2    0.01                           net99 (net)
                  0.14    0.00    2.16 ^ _181_/C (sky130_fd_sc_hd__and3b_2)
                  0.15    0.30    2.46 ^ _181_/X (sky130_fd_sc_hd__and3b_2)
     6    0.03                           _069_ (net)
                  0.15    0.00    2.46 ^ _222_/A (sky130_fd_sc_hd__clkbuf_8)
                  0.12    0.23    2.70 ^ _222_/X (sky130_fd_sc_hd__clkbuf_8)
    10    0.06                           _090_ (net)
                  0.12    0.00    2.70 ^ _229_/B (sky130_fd_sc_hd__and2_1)
                  0.05    0.14    2.84 ^ _229_/X (sky130_fd_sc_hd__and2_1)
     1    0.00                           _094_ (net)
                  0.05    0.00    2.84 ^ _230_/A (sky130_fd_sc_hd__buf_1)
                  0.18    0.18    3.03 ^ _230_/X (sky130_fd_sc_hd__buf_1)
     1    0.01                           net115 (net)
                  0.18    0.00    3.03 ^ output115/A (sky130_fd_sc_hd__clkbuf_4)
                  0.11    0.25    3.27 ^ output115/X (sky130_fd_sc_hd__clkbuf_4)
     1    0.03                           m_rdata[22] (net)
                  0.11    0.00    3.27 ^ m_rdata[22] (out)
                                  3.27   data arrival time

                  0.15   10.00   10.00   clock clk (rise edge)
                          0.00   10.00   clock network delay (ideal)
                         -0.25    9.75   clock uncertainty
                          0.00    9.75   clock reconvergence pessimism
                         -2.00    7.75   output external delay
                                  7.75   data required time
-----------------------------------------------------------------------------
                                  7.75   data required time
                                 -3.27   data arrival time
-----------------------------------------------------------------------------
                                  4.48   slack (MET)


Startpoint: pready (input port clocked by clk)
Endpoint: m_rdata[8] (output port clocked by clk)
Path Group: clk
Path Type: max

Fanout     Cap    Slew   Delay    Time   Description
-----------------------------------------------------------------------------
                  0.15    0.00    0.00   clock clk (rise edge)
                          0.00    0.00   clock network delay (ideal)
                          2.00    2.00 ^ input external delay
                  0.02    0.01    2.01 ^ pready (in)
     1    0.00                           pready (net)
                  0.02    0.00    2.01 ^ input99/A (sky130_fd_sc_hd__buf_1)
                  0.14    0.15    2.16 ^ input99/X (sky130_fd_sc_hd__buf_1)
     2    0.01                           net99 (net)
                  0.14    0.00    2.16 ^ _181_/C (sky130_fd_sc_hd__and3b_2)
                  0.15    0.30    2.46 ^ _181_/X (sky130_fd_sc_hd__and3b_2)
     6    0.03                           _069_ (net)
                  0.15    0.00    2.46 ^ _182_/A (sky130_fd_sc_hd__buf_4)
                  0.17    0.25    2.71 ^ _182_/X (sky130_fd_sc_hd__buf_4)
    10    0.06                           net133 (net)
                  0.17    0.00    2.72 ^ _199_/B (sky130_fd_sc_hd__and2_1)
                  0.05    0.15    2.87 ^ _199_/X (sky130_fd_sc_hd__and2_1)
     1    0.00                           _078_ (net)
                  0.05    0.00    2.87 ^ _200_/A (sky130_fd_sc_hd__clkbuf_2)
                  0.13    0.17    3.04 ^ _200_/X (sky130_fd_sc_hd__clkbuf_2)
     1    0.02                           net131 (net)
                  0.13    0.00    3.04 ^ output131/A (sky130_fd_sc_hd__clkbuf_4)
                  0.11    0.23    3.27 ^ output131/X (sky130_fd_sc_hd__clkbuf_4)
     1    0.03                           m_rdata[8] (net)
                  0.11    0.00    3.27 ^ m_rdata[8] (out)
                                  3.27   data arrival time

                  0.15   10.00   10.00   clock clk (rise edge)
                          0.00   10.00   clock network delay (ideal)
                         -0.25    9.75   clock uncertainty
                          0.00    9.75   clock reconvergence pessimism
                         -2.00    7.75   output external delay
                                  7.75   data required time
-----------------------------------------------------------------------------
                                  7.75   data required time
                                 -3.27   data arrival time
-----------------------------------------------------------------------------
                                  4.48   slack (MET)


Startpoint: pready (input port clocked by clk)
Endpoint: m_rdata[17] (output port clocked by clk)
Path Group: clk
Path Type: max

Fanout     Cap    Slew   Delay    Time   Description
-----------------------------------------------------------------------------
                  0.15    0.00    0.00   clock clk (rise edge)
                          0.00    0.00   clock network delay (ideal)
                          2.00    2.00 ^ input external delay
                  0.02    0.01    2.01 ^ pready (in)
     1    0.00                           pready (net)
                  0.02    0.00    2.01 ^ input99/A (sky130_fd_sc_hd__buf_1)
                  0.14    0.15    2.16 ^ input99/X (sky130_fd_sc_hd__buf_1)
     2    0.01                           net99 (net)
                  0.14    0.00    2.16 ^ _181_/C (sky130_fd_sc_hd__and3b_2)
                  0.15    0.30    2.46 ^ _181_/X (sky130_fd_sc_hd__and3b_2)
     6    0.03                           _069_ (net)
                  0.15    0.00    2.46 ^ _201_/A (sky130_fd_sc_hd__buf_4)
                  0.15    0.24    2.70 ^ _201_/X (sky130_fd_sc_hd__buf_4)
    10    0.05                           _079_ (net)
                  0.15    0.00    2.71 ^ _218_/B (sky130_fd_sc_hd__and2_1)
                  0.05    0.15    2.85 ^ _218_/X (sky130_fd_sc_hd__and2_1)
     1    0.00                           _088_ (net)
                  0.05    0.00    2.85 ^ _219_/A (sky130_fd_sc_hd__buf_1)
                  0.16    0.17    3.02 ^ _219_/X (sky130_fd_sc_hd__buf_1)
     1    0.01                           net109 (net)
                  0.16    0.00    3.02 ^ output109/A (sky130_fd_sc_hd__buf_2)
                  0.17    0.25    3.27 ^ output109/X (sky130_fd_sc_hd__buf_2)
     1    0.03                           m_rdata[17] (net)
                  0.17    0.00    3.27 ^ m_rdata[17] (out)
                                  3.27   data arrival time

                  0.15   10.00   10.00   clock clk (rise edge)
                          0.00   10.00   clock network delay (ideal)
                         -0.25    9.75   clock uncertainty
                          0.00    9.75   clock reconvergence pessimism
                         -2.00    7.75   output external delay
                                  7.75   data required time
-----------------------------------------------------------------------------
                                  7.75   data required time
                                 -3.27   data arrival time
-----------------------------------------------------------------------------
                                  4.48   slack (MET)


Startpoint: pready (input port clocked by clk)
Endpoint: m_rdata[11] (output port clocked by clk)
Path Group: clk
Path Type: max

Fanout     Cap    Slew   Delay    Time   Description
-----------------------------------------------------------------------------
                  0.15    0.00    0.00   clock clk (rise edge)
                          0.00    0.00   clock network delay (ideal)
                          2.00    2.00 ^ input external delay
                  0.02    0.01    2.01 ^ pready (in)
     1    0.00                           pready (net)
                  0.02    0.00    2.01 ^ input99/A (sky130_fd_sc_hd__buf_1)
                  0.14    0.15    2.16 ^ input99/X (sky130_fd_sc_hd__buf_1)
     2    0.01                           net99 (net)
                  0.14    0.00    2.16 ^ _181_/C (sky130_fd_sc_hd__and3b_2)
                  0.15    0.30    2.46 ^ _181_/X (sky130_fd_sc_hd__and3b_2)
     6    0.03                           _069_ (net)
                  0.15    0.00    2.46 ^ _201_/A (sky130_fd_sc_hd__buf_4)
                  0.15    0.24    2.70 ^ _201_/X (sky130_fd_sc_hd__buf_4)
    10    0.05                           _079_ (net)
                  0.15    0.01    2.71 ^ _206_/B (sky130_fd_sc_hd__and2_1)
                  0.05    0.15    2.86 ^ _206_/X (sky130_fd_sc_hd__and2_1)
     1    0.00                           _082_ (net)
                  0.05    0.00    2.86 ^ _207_/A (sky130_fd_sc_hd__buf_1)
                  0.15    0.16    3.02 ^ _207_/X (sky130_fd_sc_hd__buf_1)
     1    0.01                           net103 (net)
                  0.15    0.00    3.02 ^ output103/A (sky130_fd_sc_hd__buf_2)
                  0.17    0.24    3.27 ^ output103/X (sky130_fd_sc_hd__buf_2)
     1    0.03                           m_rdata[11] (net)
                  0.17    0.00    3.27 ^ m_rdata[11] (out)
                                  3.27   data arrival time

                  0.15   10.00   10.00   clock clk (rise edge)
                          0.00   10.00   clock network delay (ideal)
                         -0.25    9.75   clock uncertainty
                          0.00    9.75   clock reconvergence pessimism
                         -2.00    7.75   output external delay
                                  7.75   data required time
-----------------------------------------------------------------------------
                                  7.75   data required time
                                 -3.27   data arrival time
-----------------------------------------------------------------------------
                                  4.48   slack (MET)


Startpoint: pready (input port clocked by clk)
Endpoint: m_rdata[10] (output port clocked by clk)
Path Group: clk
Path Type: max

Fanout     Cap    Slew   Delay    Time   Description
-----------------------------------------------------------------------------
                  0.15    0.00    0.00   clock clk (rise edge)
                          0.00    0.00   clock network delay (ideal)
                          2.00    2.00 ^ input external delay
                  0.02    0.01    2.01 ^ pready (in)
     1    0.00                           pready (net)
                  0.02    0.00    2.01 ^ input99/A (sky130_fd_sc_hd__buf_1)
                  0.14    0.15    2.16 ^ input99/X (sky130_fd_sc_hd__buf_1)
     2    0.01                           net99 (net)
                  0.14    0.00    2.16 ^ _181_/C (sky130_fd_sc_hd__and3b_2)
                  0.15    0.30    2.46 ^ _181_/X (sky130_fd_sc_hd__and3b_2)
     6    0.03                           _069_ (net)
                  0.15    0.00    2.46 ^ _201_/A (sky130_fd_sc_hd__buf_4)
                  0.15    0.24    2.70 ^ _201_/X (sky130_fd_sc_hd__buf_4)
    10    0.05                           _079_ (net)
                  0.15    0.00    2.70 ^ _204_/B (sky130_fd_sc_hd__and2_1)
                  0.05    0.15    2.85 ^ _204_/X (sky130_fd_sc_hd__and2_1)
     1    0.00                           _081_ (net)
                  0.05    0.00    2.85 ^ _205_/A (sky130_fd_sc_hd__buf_1)
                  0.15    0.17    3.02 ^ _205_/X (sky130_fd_sc_hd__buf_1)
     1    0.01                           net102 (net)
                  0.15    0.00    3.02 ^ output102/A (sky130_fd_sc_hd__buf_2)
                  0.17    0.25    3.26 ^ output102/X (sky130_fd_sc_hd__buf_2)
     1    0.03                           m_rdata[10] (net)
                  0.17    0.00    3.26 ^ m_rdata[10] (out)
                                  3.26   data arrival time

                  0.15   10.00   10.00   clock clk (rise edge)
                          0.00   10.00   clock network delay (ideal)
                         -0.25    9.75   clock uncertainty
                          0.00    9.75   clock reconvergence pessimism
                         -2.00    7.75   output external delay
                                  7.75   data required time
-----------------------------------------------------------------------------
                                  7.75   data required time
                                 -3.26   data arrival time
-----------------------------------------------------------------------------
                                  4.49   slack (MET)


Startpoint: pready (input port clocked by clk)
Endpoint: m_rdata[12] (output port clocked by clk)
Path Group: clk
Path Type: max

Fanout     Cap    Slew   Delay    Time   Description
-----------------------------------------------------------------------------
                  0.15    0.00    0.00   clock clk (rise edge)
                          0.00    0.00   clock network delay (ideal)
                          2.00    2.00 ^ input external delay
                  0.02    0.01    2.01 ^ pready (in)
     1    0.00                           pready (net)
                  0.02    0.00    2.01 ^ input99/A (sky130_fd_sc_hd__buf_1)
                  0.14    0.15    2.16 ^ input99/X (sky130_fd_sc_hd__buf_1)
     2    0.01                           net99 (net)
                  0.14    0.00    2.16 ^ _181_/C (sky130_fd_sc_hd__and3b_2)
                  0.15    0.30    2.46 ^ _181_/X (sky130_fd_sc_hd__and3b_2)
     6    0.03                           _069_ (net)
                  0.15    0.00    2.46 ^ _201_/A (sky130_fd_sc_hd__buf_4)
                  0.15    0.24    2.70 ^ _201_/X (sky130_fd_sc_hd__buf_4)
    10    0.05                           _079_ (net)
                  0.15    0.00    2.71 ^ _208_/B (sky130_fd_sc_hd__and2_1)
                  0.05    0.15    2.86 ^ _208_/X (sky130_fd_sc_hd__and2_1)
     1    0.00                           _083_ (net)
                  0.05    0.00    2.86 ^ _209_/A (sky130_fd_sc_hd__buf_1)
                  0.16    0.17    3.03 ^ _209_/X (sky130_fd_sc_hd__buf_1)
     1    0.01                           net104 (net)
                  0.16    0.00    3.03 ^ output104/A (sky130_fd_sc_hd__clkbuf_4)
                  0.11    0.24    3.26 ^ output104/X (sky130_fd_sc_hd__clkbuf_4)
     1    0.03                           m_rdata[12] (net)
                  0.11    0.00    3.26 ^ m_rdata[12] (out)
                                  3.26   data arrival time

                  0.15   10.00   10.00   clock clk (rise edge)
                          0.00   10.00   clock network delay (ideal)
                         -0.25    9.75   clock uncertainty
                          0.00    9.75   clock reconvergence pessimism
                         -2.00    7.75   output external delay
                                  7.75   data required time
-----------------------------------------------------------------------------
                                  7.75   data required time
                                 -3.26   data arrival time
-----------------------------------------------------------------------------
                                  4.49   slack (MET)


Startpoint: pready (input port clocked by clk)
Endpoint: m_rdata[26] (output port clocked by clk)
Path Group: clk
Path Type: max

Fanout     Cap    Slew   Delay    Time   Description
-----------------------------------------------------------------------------
                  0.15    0.00    0.00   clock clk (rise edge)
                          0.00    0.00   clock network delay (ideal)
                          2.00    2.00 ^ input external delay
                  0.02    0.01    2.01 ^ pready (in)
     1    0.00                           pready (net)
                  0.02    0.00    2.01 ^ input99/A (sky130_fd_sc_hd__buf_1)
                  0.14    0.15    2.16 ^ input99/X (sky130_fd_sc_hd__buf_1)
     2    0.01                           net99 (net)
                  0.14    0.00    2.16 ^ _181_/C (sky130_fd_sc_hd__and3b_2)
                  0.15    0.30    2.46 ^ _181_/X (sky130_fd_sc_hd__and3b_2)
     6    0.03                           _069_ (net)
                  0.15    0.00    2.46 ^ _222_/A (sky130_fd_sc_hd__clkbuf_8)
                  0.12    0.23    2.70 ^ _222_/X (sky130_fd_sc_hd__clkbuf_8)
    10    0.06                           _090_ (net)
                  0.12    0.00    2.70 ^ _237_/B (sky130_fd_sc_hd__and2_1)
                  0.05    0.14    2.84 ^ _237_/X (sky130_fd_sc_hd__and2_1)
     1    0.00                           _098_ (net)
                  0.05    0.00    2.84 ^ _238_/A (sky130_fd_sc_hd__buf_1)
                  0.16    0.17    3.01 ^ _238_/X (sky130_fd_sc_hd__buf_1)
     1    0.01                           net119 (net)
                  0.16    0.00    3.01 ^ output119/A (sky130_fd_sc_hd__buf_2)
                  0.17    0.25    3.26 ^ output119/X (sky130_fd_sc_hd__buf_2)
     1    0.03                           m_rdata[26] (net)
                  0.17    0.00    3.26 ^ m_rdata[26] (out)
                                  3.26   data arrival time

                  0.15   10.00   10.00   clock clk (rise edge)
                          0.00   10.00   clock network delay (ideal)
                         -0.25    9.75   clock uncertainty
                          0.00    9.75   clock reconvergence pessimism
                         -2.00    7.75   output external delay
                                  7.75   data required time
-----------------------------------------------------------------------------
                                  7.75   data required time
                                 -3.26   data arrival time
-----------------------------------------------------------------------------
                                  4.49   slack (MET)


Startpoint: pready (input port clocked by clk)
Endpoint: m_rdata[16] (output port clocked by clk)
Path Group: clk
Path Type: max

Fanout     Cap    Slew   Delay    Time   Description
-----------------------------------------------------------------------------
                  0.15    0.00    0.00   clock clk (rise edge)
                          0.00    0.00   clock network delay (ideal)
                          2.00    2.00 ^ input external delay
                  0.02    0.01    2.01 ^ pready (in)
     1    0.00                           pready (net)
                  0.02    0.00    2.01 ^ input99/A (sky130_fd_sc_hd__buf_1)
                  0.14    0.15    2.16 ^ input99/X (sky130_fd_sc_hd__buf_1)
     2    0.01                           net99 (net)
                  0.14    0.00    2.16 ^ _181_/C (sky130_fd_sc_hd__and3b_2)
                  0.15    0.30    2.46 ^ _181_/X (sky130_fd_sc_hd__and3b_2)
     6    0.03                           _069_ (net)
                  0.15    0.00    2.46 ^ _201_/A (sky130_fd_sc_hd__buf_4)
                  0.15    0.24    2.70 ^ _201_/X (sky130_fd_sc_hd__buf_4)
    10    0.05                           _079_ (net)
                  0.15    0.00    2.70 ^ _216_/B (sky130_fd_sc_hd__and2_1)
                  0.05    0.15    2.85 ^ _216_/X (sky130_fd_sc_hd__and2_1)
     1    0.00                           _087_ (net)
                  0.05    0.00    2.85 ^ _217_/A (sky130_fd_sc_hd__buf_1)
                  0.15    0.16    3.01 ^ _217_/X (sky130_fd_sc_hd__buf_1)
     1    0.01                           net108 (net)
                  0.15    0.00    3.01 ^ output108/A (sky130_fd_sc_hd__buf_2)
                  0.17    0.25    3.26 ^ output108/X (sky130_fd_sc_hd__buf_2)
     1    0.03                           m_rdata[16] (net)
                  0.17    0.00    3.26 ^ m_rdata[16] (out)
                                  3.26   data arrival time

                  0.15   10.00   10.00   clock clk (rise edge)
                          0.00   10.00   clock network delay (ideal)
                         -0.25    9.75   clock uncertainty
                          0.00    9.75   clock reconvergence pessimism
                         -2.00    7.75   output external delay
                                  7.75   data required time
-----------------------------------------------------------------------------
                                  7.75   data required time
                                 -3.26   data arrival time
-----------------------------------------------------------------------------
                                  4.49   slack (MET)


Startpoint: pready (input port clocked by clk)
Endpoint: m_rdata[27] (output port clocked by clk)
Path Group: clk
Path Type: max

Fanout     Cap    Slew   Delay    Time   Description
-----------------------------------------------------------------------------
                  0.15    0.00    0.00   clock clk (rise edge)
                          0.00    0.00   clock network delay (ideal)
                          2.00    2.00 ^ input external delay
                  0.02    0.01    2.01 ^ pready (in)
     1    0.00                           pready (net)
                  0.02    0.00    2.01 ^ input99/A (sky130_fd_sc_hd__buf_1)
                  0.14    0.15    2.16 ^ input99/X (sky130_fd_sc_hd__buf_1)
     2    0.01                           net99 (net)
                  0.14    0.00    2.16 ^ _181_/C (sky130_fd_sc_hd__and3b_2)
                  0.15    0.30    2.46 ^ _181_/X (sky130_fd_sc_hd__and3b_2)
     6    0.03                           _069_ (net)
                  0.15    0.00    2.46 ^ _222_/A (sky130_fd_sc_hd__clkbuf_8)
                  0.12    0.23    2.70 ^ _222_/X (sky130_fd_sc_hd__clkbuf_8)
    10    0.06                           _090_ (net)
                  0.12    0.01    2.70 ^ _239_/B (sky130_fd_sc_hd__and2_1)
                  0.05    0.14    2.84 ^ _239_/X (sky130_fd_sc_hd__and2_1)
     1    0.00                           _099_ (net)
                  0.05    0.00    2.84 ^ _240_/A (sky130_fd_sc_hd__buf_1)
                  0.17    0.18    3.02 ^ _240_/X (sky130_fd_sc_hd__buf_1)
     1    0.01                           net120 (net)
                  0.17    0.00    3.02 ^ output120/A (sky130_fd_sc_hd__clkbuf_4)
                  0.11    0.24    3.26 ^ output120/X (sky130_fd_sc_hd__clkbuf_4)
     1    0.03                           m_rdata[27] (net)
                  0.11    0.00    3.26 ^ m_rdata[27] (out)
                                  3.26   data arrival time

                  0.15   10.00   10.00   clock clk (rise edge)
                          0.00   10.00   clock network delay (ideal)
                         -0.25    9.75   clock uncertainty
                          0.00    9.75   clock reconvergence pessimism
                         -2.00    7.75   output external delay
                                  7.75   data required time
-----------------------------------------------------------------------------
                                  7.75   data required time
                                 -3.26   data arrival time
-----------------------------------------------------------------------------
                                  4.49   slack (MET)


Startpoint: pready (input port clocked by clk)
Endpoint: m_rdata[15] (output port clocked by clk)
Path Group: clk
Path Type: max

Fanout     Cap    Slew   Delay    Time   Description
-----------------------------------------------------------------------------
                  0.15    0.00    0.00   clock clk (rise edge)
                          0.00    0.00   clock network delay (ideal)
                          2.00    2.00 ^ input external delay
                  0.02    0.01    2.01 ^ pready (in)
     1    0.00                           pready (net)
                  0.02    0.00    2.01 ^ input99/A (sky130_fd_sc_hd__buf_1)
                  0.14    0.15    2.16 ^ input99/X (sky130_fd_sc_hd__buf_1)
     2    0.01                           net99 (net)
                  0.14    0.00    2.16 ^ _181_/C (sky130_fd_sc_hd__and3b_2)
                  0.15    0.30    2.46 ^ _181_/X (sky130_fd_sc_hd__and3b_2)
     6    0.03                           _069_ (net)
                  0.15    0.00    2.46 ^ _201_/A (sky130_fd_sc_hd__buf_4)
                  0.15    0.24    2.70 ^ _201_/X (sky130_fd_sc_hd__buf_4)
    10    0.05                           _079_ (net)
                  0.15    0.00    2.70 ^ _214_/B (sky130_fd_sc_hd__and2_1)
                  0.05    0.15    2.86 ^ _214_/X (sky130_fd_sc_hd__and2_1)
     1    0.00                           _086_ (net)
                  0.05    0.00    2.86 ^ _215_/A (sky130_fd_sc_hd__clkbuf_2)
                  0.13    0.17    3.03 ^ _215_/X (sky130_fd_sc_hd__clkbuf_2)
     1    0.02                           net107 (net)
                  0.13    0.00    3.03 ^ output107/A (sky130_fd_sc_hd__clkbuf_4)
                  0.11    0.23    3.26 ^ output107/X (sky130_fd_sc_hd__clkbuf_4)
     1    0.03                           m_rdata[15] (net)
                  0.11    0.00    3.26 ^ m_rdata[15] (out)
                                  3.26   data arrival time

                  0.15   10.00   10.00   clock clk (rise edge)
                          0.00   10.00   clock network delay (ideal)
                         -0.25    9.75   clock uncertainty
                          0.00    9.75   clock reconvergence pessimism
                         -2.00    7.75   output external delay
                                  7.75   data required time
-----------------------------------------------------------------------------
                                  7.75   data required time
                                 -3.26   data arrival time
-----------------------------------------------------------------------------
                                  4.49   slack (MET)


Startpoint: pready (input port clocked by clk)
Endpoint: m_rdata[25] (output port clocked by clk)
Path Group: clk
Path Type: max

Fanout     Cap    Slew   Delay    Time   Description
-----------------------------------------------------------------------------
                  0.15    0.00    0.00   clock clk (rise edge)
                          0.00    0.00   clock network delay (ideal)
                          2.00    2.00 ^ input external delay
                  0.02    0.01    2.01 ^ pready (in)
     1    0.00                           pready (net)
                  0.02    0.00    2.01 ^ input99/A (sky130_fd_sc_hd__buf_1)
                  0.14    0.15    2.16 ^ input99/X (sky130_fd_sc_hd__buf_1)
     2    0.01                           net99 (net)
                  0.14    0.00    2.16 ^ _181_/C (sky130_fd_sc_hd__and3b_2)
                  0.15    0.30    2.46 ^ _181_/X (sky130_fd_sc_hd__and3b_2)
     6    0.03                           _069_ (net)
                  0.15    0.00    2.46 ^ _222_/A (sky130_fd_sc_hd__clkbuf_8)
                  0.12    0.23    2.70 ^ _222_/X (sky130_fd_sc_hd__clkbuf_8)
    10    0.06                           _090_ (net)
                  0.12    0.01    2.70 ^ _235_/B (sky130_fd_sc_hd__and2_1)
                  0.05    0.14    2.84 ^ _235_/X (sky130_fd_sc_hd__and2_1)
     1    0.00                           _097_ (net)
                  0.05    0.00    2.84 ^ _236_/A (sky130_fd_sc_hd__buf_1)
                  0.15    0.17    3.01 ^ _236_/X (sky130_fd_sc_hd__buf_1)
     1    0.01                           net118 (net)
                  0.15    0.00    3.01 ^ output118/A (sky130_fd_sc_hd__buf_2)
                  0.17    0.25    3.26 ^ output118/X (sky130_fd_sc_hd__buf_2)
     1    0.03                           m_rdata[25] (net)
                  0.17    0.00    3.26 ^ m_rdata[25] (out)
                                  3.26   data arrival time

                  0.15   10.00   10.00   clock clk (rise edge)
                          0.00   10.00   clock network delay (ideal)
                         -0.25    9.75   clock uncertainty
                          0.00    9.75   clock reconvergence pessimism
                         -2.00    7.75   output external delay
                                  7.75   data required time
-----------------------------------------------------------------------------
                                  7.75   data required time
                                 -3.26   data arrival time
-----------------------------------------------------------------------------
                                  4.49   slack (MET)


Startpoint: pready (input port clocked by clk)
Endpoint: m_rdata[18] (output port clocked by clk)
Path Group: clk
Path Type: max

Fanout     Cap    Slew   Delay    Time   Description
-----------------------------------------------------------------------------
                  0.15    0.00    0.00   clock clk (rise edge)
                          0.00    0.00   clock network delay (ideal)
                          2.00    2.00 ^ input external delay
                  0.02    0.01    2.01 ^ pready (in)
     1    0.00                           pready (net)
                  0.02    0.00    2.01 ^ input99/A (sky130_fd_sc_hd__buf_1)
                  0.14    0.15    2.16 ^ input99/X (sky130_fd_sc_hd__buf_1)
     2    0.01                           net99 (net)
                  0.14    0.00    2.16 ^ _181_/C (sky130_fd_sc_hd__and3b_2)
                  0.15    0.30    2.46 ^ _181_/X (sky130_fd_sc_hd__and3b_2)
     6    0.03                           _069_ (net)
                  0.15    0.00    2.46 ^ _201_/A (sky130_fd_sc_hd__buf_4)
                  0.15    0.24    2.70 ^ _201_/X (sky130_fd_sc_hd__buf_4)
    10    0.05                           _079_ (net)
                  0.15    0.00    2.71 ^ _220_/B (sky130_fd_sc_hd__and2_1)
                  0.05    0.15    2.85 ^ _220_/X (sky130_fd_sc_hd__and2_1)
     1    0.00                           _089_ (net)
                  0.05    0.00    2.85 ^ _221_/A (sky130_fd_sc_hd__buf_1)
                  0.14    0.16    3.01 ^ _221_/X (sky130_fd_sc_hd__buf_1)
     1    0.01                           net110 (net)
                  0.14    0.00    3.01 ^ output110/A (sky130_fd_sc_hd__buf_2)
                  0.17    0.24    3.25 ^ output110/X (sky130_fd_sc_hd__buf_2)
     1    0.03                           m_rdata[18] (net)
                  0.17    0.00    3.25 ^ m_rdata[18] (out)
                                  3.25   data arrival time

                  0.15   10.00   10.00   clock clk (rise edge)
                          0.00   10.00   clock network delay (ideal)
                         -0.25    9.75   clock uncertainty
                          0.00    9.75   clock reconvergence pessimism
                         -2.00    7.75   output external delay
                                  7.75   data required time
-----------------------------------------------------------------------------
                                  7.75   data required time
                                 -3.25   data arrival time
-----------------------------------------------------------------------------
                                  4.50   slack (MET)


Startpoint: pready (input port clocked by clk)
Endpoint: m_rdata[9] (output port clocked by clk)
Path Group: clk
Path Type: max

Fanout     Cap    Slew   Delay    Time   Description
-----------------------------------------------------------------------------
                  0.15    0.00    0.00   clock clk (rise edge)
                          0.00    0.00   clock network delay (ideal)
                          2.00    2.00 ^ input external delay
                  0.02    0.01    2.01 ^ pready (in)
     1    0.00                           pready (net)
                  0.02    0.00    2.01 ^ input99/A (sky130_fd_sc_hd__buf_1)
                  0.14    0.15    2.16 ^ input99/X (sky130_fd_sc_hd__buf_1)
     2    0.01                           net99 (net)
                  0.14    0.00    2.16 ^ _181_/C (sky130_fd_sc_hd__and3b_2)
                  0.15    0.30    2.46 ^ _181_/X (sky130_fd_sc_hd__and3b_2)
     6    0.03                           _069_ (net)
                  0.15    0.00    2.46 ^ _201_/A (sky130_fd_sc_hd__buf_4)
                  0.15    0.24    2.70 ^ _201_/X (sky130_fd_sc_hd__buf_4)
    10    0.05                           _079_ (net)
                  0.15    0.01    2.71 ^ _202_/B (sky130_fd_sc_hd__and2_1)
                  0.05    0.15    2.86 ^ _202_/X (sky130_fd_sc_hd__and2_1)
     1    0.00                           _080_ (net)
                  0.05    0.00    2.86 ^ _203_/A (sky130_fd_sc_hd__buf_1)
                  0.13    0.15    3.01 ^ _203_/X (sky130_fd_sc_hd__buf_1)
     1    0.01                           net132 (net)
                  0.13    0.00    3.01 ^ output132/A (sky130_fd_sc_hd__buf_2)
                  0.17    0.24    3.25 ^ output132/X (sky130_fd_sc_hd__buf_2)
     1    0.03                           m_rdata[9] (net)
                  0.17    0.00    3.25 ^ m_rdata[9] (out)
                                  3.25   data arrival time

                  0.15   10.00   10.00   clock clk (rise edge)
                          0.00   10.00   clock network delay (ideal)
                         -0.25    9.75   clock uncertainty
                          0.00    9.75   clock reconvergence pessimism
                         -2.00    7.75   output external delay
                                  7.75   data required time
-----------------------------------------------------------------------------
                                  7.75   data required time
                                 -3.25   data arrival time
-----------------------------------------------------------------------------
                                  4.50   slack (MET)


Startpoint: pready (input port clocked by clk)
Endpoint: m_rdata[7] (output port clocked by clk)
Path Group: clk
Path Type: max

Fanout     Cap    Slew   Delay    Time   Description
-----------------------------------------------------------------------------
                  0.15    0.00    0.00   clock clk (rise edge)
                          0.00    0.00   clock network delay (ideal)
                          2.00    2.00 ^ input external delay
                  0.02    0.01    2.01 ^ pready (in)
     1    0.00                           pready (net)
                  0.02    0.00    2.01 ^ input99/A (sky130_fd_sc_hd__buf_1)
                  0.14    0.15    2.16 ^ input99/X (sky130_fd_sc_hd__buf_1)
     2    0.01                           net99 (net)
                  0.14    0.00    2.16 ^ _181_/C (sky130_fd_sc_hd__and3b_2)
                  0.15    0.30    2.46 ^ _181_/X (sky130_fd_sc_hd__and3b_2)
     6    0.03                           _069_ (net)
                  0.15    0.00    2.46 ^ _182_/A (sky130_fd_sc_hd__buf_4)
                  0.17    0.25    2.71 ^ _182_/X (sky130_fd_sc_hd__buf_4)
    10    0.06                           net133 (net)
                  0.17    0.00    2.72 ^ _197_/B (sky130_fd_sc_hd__and2_1)
                  0.05    0.15    2.87 ^ _197_/X (sky130_fd_sc_hd__and2_1)
     1    0.00                           _077_ (net)
                  0.05    0.00    2.87 ^ _198_/A (sky130_fd_sc_hd__buf_1)
                  0.12    0.14    3.01 ^ _198_/X (sky130_fd_sc_hd__buf_1)
     1    0.01                           net130 (net)
                  0.12    0.00    3.01 ^ output130/A (sky130_fd_sc_hd__buf_2)
                  0.17    0.24    3.25 ^ output130/X (sky130_fd_sc_hd__buf_2)
     1    0.03                           m_rdata[7] (net)
                  0.17    0.00    3.25 ^ m_rdata[7] (out)
                                  3.25   data arrival time

                  0.15   10.00   10.00   clock clk (rise edge)
                          0.00   10.00   clock network delay (ideal)
                         -0.25    9.75   clock uncertainty
                          0.00    9.75   clock reconvergence pessimism
                         -2.00    7.75   output external delay
                                  7.75   data required time
-----------------------------------------------------------------------------
                                  7.75   data required time
                                 -3.25   data arrival time
-----------------------------------------------------------------------------
                                  4.50   slack (MET)


Startpoint: pready (input port clocked by clk)
Endpoint: m_rdata[24] (output port clocked by clk)
Path Group: clk
Path Type: max

Fanout     Cap    Slew   Delay    Time   Description
-----------------------------------------------------------------------------
                  0.15    0.00    0.00   clock clk (rise edge)
                          0.00    0.00   clock network delay (ideal)
                          2.00    2.00 ^ input external delay
                  0.02    0.01    2.01 ^ pready (in)
     1    0.00                           pready (net)
                  0.02    0.00    2.01 ^ input99/A (sky130_fd_sc_hd__buf_1)
                  0.14    0.15    2.16 ^ input99/X (sky130_fd_sc_hd__buf_1)
     2    0.01                           net99 (net)
                  0.14    0.00    2.16 ^ _181_/C (sky130_fd_sc_hd__and3b_2)
                  0.15    0.30    2.46 ^ _181_/X (sky130_fd_sc_hd__and3b_2)
     6    0.03                           _069_ (net)
                  0.15    0.00    2.46 ^ _222_/A (sky130_fd_sc_hd__clkbuf_8)
                  0.12    0.23    2.70 ^ _222_/X (sky130_fd_sc_hd__clkbuf_8)
    10    0.06                           _090_ (net)
                  0.12    0.00    2.70 ^ _233_/B (sky130_fd_sc_hd__and2_1)
                  0.05    0.14    2.84 ^ _233_/X (sky130_fd_sc_hd__and2_1)
     1    0.00                           _096_ (net)
                  0.05    0.00    2.84 ^ _234_/A (sky130_fd_sc_hd__clkbuf_2)
                  0.12    0.17    3.01 ^ _234_/X (sky130_fd_sc_hd__clkbuf_2)
     1    0.02                           net117 (net)
                  0.12    0.00    3.01 ^ output117/A (sky130_fd_sc_hd__buf_2)
                  0.17    0.24    3.25 ^ output117/X (sky130_fd_sc_hd__buf_2)
     1    0.03                           m_rdata[24] (net)
                  0.17    0.00    3.25 ^ m_rdata[24] (out)
                                  3.25   data arrival time

                  0.15   10.00   10.00   clock clk (rise edge)
                          0.00   10.00   clock network delay (ideal)
                         -0.25    9.75   clock uncertainty
                          0.00    9.75   clock reconvergence pessimism
                         -2.00    7.75   output external delay
                                  7.75   data required time
-----------------------------------------------------------------------------
                                  7.75   data required time
                                 -3.25   data arrival time
-----------------------------------------------------------------------------
                                  4.50   slack (MET)


Startpoint: pready (input port clocked by clk)
Endpoint: m_rdata[20] (output port clocked by clk)
Path Group: clk
Path Type: max

Fanout     Cap    Slew   Delay    Time   Description
-----------------------------------------------------------------------------
                  0.15    0.00    0.00   clock clk (rise edge)
                          0.00    0.00   clock network delay (ideal)
                          2.00    2.00 ^ input external delay
                  0.02    0.01    2.01 ^ pready (in)
     1    0.00                           pready (net)
                  0.02    0.00    2.01 ^ input99/A (sky130_fd_sc_hd__buf_1)
                  0.14    0.15    2.16 ^ input99/X (sky130_fd_sc_hd__buf_1)
     2    0.01                           net99 (net)
                  0.14    0.00    2.16 ^ _181_/C (sky130_fd_sc_hd__and3b_2)
                  0.15    0.30    2.46 ^ _181_/X (sky130_fd_sc_hd__and3b_2)
     6    0.03                           _069_ (net)
                  0.15    0.00    2.46 ^ _222_/A (sky130_fd_sc_hd__clkbuf_8)
                  0.12    0.23    2.70 ^ _222_/X (sky130_fd_sc_hd__clkbuf_8)
    10    0.06                           _090_ (net)
                  0.12    0.00    2.70 ^ _225_/B (sky130_fd_sc_hd__and2_1)
                  0.05    0.15    2.85 ^ _225_/X (sky130_fd_sc_hd__and2_1)
     1    0.00                           _092_ (net)
                  0.05    0.00    2.85 ^ _226_/A (sky130_fd_sc_hd__clkbuf_2)
                  0.11    0.16    3.01 ^ _226_/X (sky130_fd_sc_hd__clkbuf_2)
     1    0.02                           net113 (net)
                  0.11    0.00    3.01 ^ output113/A (sky130_fd_sc_hd__clkbuf_4)
                  0.11    0.22    3.23 ^ output113/X (sky130_fd_sc_hd__clkbuf_4)
     1    0.03                           m_rdata[20] (net)
                  0.11    0.00    3.23 ^ m_rdata[20] (out)
                                  3.23   data arrival time

                  0.15   10.00   10.00   clock clk (rise edge)
                          0.00   10.00   clock network delay (ideal)
                         -0.25    9.75   clock uncertainty
                          0.00    9.75   clock reconvergence pessimism
                         -2.00    7.75   output external delay
                                  7.75   data required time
-----------------------------------------------------------------------------
                                  7.75   data required time
                                 -3.23   data arrival time
-----------------------------------------------------------------------------
                                  4.52   slack (MET)


Startpoint: pready (input port clocked by clk)
Endpoint: m_rdata[6] (output port clocked by clk)
Path Group: clk
Path Type: max

Fanout     Cap    Slew   Delay    Time   Description
-----------------------------------------------------------------------------
                  0.15    0.00    0.00   clock clk (rise edge)
                          0.00    0.00   clock network delay (ideal)
                          2.00    2.00 ^ input external delay
                  0.02    0.01    2.01 ^ pready (in)
     1    0.00                           pready (net)
                  0.02    0.00    2.01 ^ input99/A (sky130_fd_sc_hd__buf_1)
                  0.14    0.15    2.16 ^ input99/X (sky130_fd_sc_hd__buf_1)
     2    0.01                           net99 (net)
                  0.14    0.00    2.16 ^ _181_/C (sky130_fd_sc_hd__and3b_2)
                  0.15    0.30    2.46 ^ _181_/X (sky130_fd_sc_hd__and3b_2)
     6    0.03                           _069_ (net)
                  0.15    0.00    2.46 ^ _182_/A (sky130_fd_sc_hd__buf_4)
                  0.17    0.25    2.71 ^ _182_/X (sky130_fd_sc_hd__buf_4)
    10    0.06                           net133 (net)
                  0.17    0.01    2.72 ^ _195_/B (sky130_fd_sc_hd__and2_1)
                  0.05    0.15    2.87 ^ _195_/X (sky130_fd_sc_hd__and2_1)
     1    0.00                           _076_ (net)
                  0.05    0.00    2.87 ^ _196_/A (sky130_fd_sc_hd__buf_1)
                  0.10    0.13    3.00 ^ _196_/X (sky130_fd_sc_hd__buf_1)
     1    0.01                           net129 (net)
                  0.10    0.00    3.00 ^ output129/A (sky130_fd_sc_hd__clkbuf_4)
                  0.11    0.22    3.22 ^ output129/X (sky130_fd_sc_hd__clkbuf_4)
     1    0.03                           m_rdata[6] (net)
                  0.11    0.00    3.22 ^ m_rdata[6] (out)
                                  3.22   data arrival time

                  0.15   10.00   10.00   clock clk (rise edge)
                          0.00   10.00   clock network delay (ideal)
                         -0.25    9.75   clock uncertainty
                          0.00    9.75   clock reconvergence pessimism
                         -2.00    7.75   output external delay
                                  7.75   data required time
-----------------------------------------------------------------------------
                                  7.75   data required time
                                 -3.22   data arrival time
-----------------------------------------------------------------------------
                                  4.53   slack (MET)


Startpoint: pready (input port clocked by clk)
Endpoint: m_rdata[19] (output port clocked by clk)
Path Group: clk
Path Type: max

Fanout     Cap    Slew   Delay    Time   Description
-----------------------------------------------------------------------------
                  0.15    0.00    0.00   clock clk (rise edge)
                          0.00    0.00   clock network delay (ideal)
                          2.00    2.00 ^ input external delay
                  0.02    0.01    2.01 ^ pready (in)
     1    0.00                           pready (net)
                  0.02    0.00    2.01 ^ input99/A (sky130_fd_sc_hd__buf_1)
                  0.14    0.15    2.16 ^ input99/X (sky130_fd_sc_hd__buf_1)
     2    0.01                           net99 (net)
                  0.14    0.00    2.16 ^ _181_/C (sky130_fd_sc_hd__and3b_2)
                  0.15    0.30    2.46 ^ _181_/X (sky130_fd_sc_hd__and3b_2)
     6    0.03                           _069_ (net)
                  0.15    0.00    2.46 ^ _222_/A (sky130_fd_sc_hd__clkbuf_8)
                  0.12    0.23    2.70 ^ _222_/X (sky130_fd_sc_hd__clkbuf_8)
    10    0.06                           _090_ (net)
                  0.12    0.01    2.70 ^ _223_/B (sky130_fd_sc_hd__and2_1)
                  0.05    0.14    2.84 ^ _223_/X (sky130_fd_sc_hd__and2_1)
     1    0.00                           _091_ (net)
                  0.05    0.00    2.84 ^ _224_/A (sky130_fd_sc_hd__buf_1)
                  0.11    0.14    2.98 ^ _224_/X (sky130_fd_sc_hd__buf_1)
     1    0.01                           net111 (net)
                  0.11    0.00    2.98 ^ output111/A (sky130_fd_sc_hd__buf_2)
                  0.17    0.23    3.21 ^ output111/X (sky130_fd_sc_hd__buf_2)
     1    0.03                           m_rdata[19] (net)
                  0.17    0.00    3.21 ^ m_rdata[19] (out)
                                  3.21   data arrival time

                  0.15   10.00   10.00   clock clk (rise edge)
                          0.00   10.00   clock network delay (ideal)
                         -0.25    9.75   clock uncertainty
                          0.00    9.75   clock reconvergence pessimism
                         -2.00    7.75   output external delay
                                  7.75   data required time
-----------------------------------------------------------------------------
                                  7.75   data required time
                                 -3.21   data arrival time
-----------------------------------------------------------------------------
                                  4.54   slack (MET)


Startpoint: pready (input port clocked by clk)
Endpoint: m_rdata[28] (output port clocked by clk)
Path Group: clk
Path Type: max

Fanout     Cap    Slew   Delay    Time   Description
-----------------------------------------------------------------------------
                  0.15    0.00    0.00   clock clk (rise edge)
                          0.00    0.00   clock network delay (ideal)
                          2.00    2.00 ^ input external delay
                  0.02    0.01    2.01 ^ pready (in)
     1    0.00                           pready (net)
                  0.02    0.00    2.01 ^ input99/A (sky130_fd_sc_hd__buf_1)
                  0.14    0.15    2.16 ^ input99/X (sky130_fd_sc_hd__buf_1)
     2    0.01                           net99 (net)
                  0.14    0.00    2.16 ^ _181_/C (sky130_fd_sc_hd__and3b_2)
                  0.15    0.30    2.46 ^ _181_/X (sky130_fd_sc_hd__and3b_2)
     6    0.03                           _069_ (net)
                  0.15    0.00    2.46 ^ _222_/A (sky130_fd_sc_hd__clkbuf_8)
                  0.12    0.23    2.70 ^ _222_/X (sky130_fd_sc_hd__clkbuf_8)
    10    0.06                           _090_ (net)
                  0.12    0.00    2.70 ^ _241_/B (sky130_fd_sc_hd__and2_1)
                  0.05    0.14    2.84 ^ _241_/X (sky130_fd_sc_hd__and2_1)
     1    0.00                           _100_ (net)
                  0.05    0.00    2.84 ^ _242_/A (sky130_fd_sc_hd__buf_1)
                  0.11    0.13    2.97 ^ _242_/X (sky130_fd_sc_hd__buf_1)
     1    0.01                           net121 (net)
                  0.11    0.00    2.97 ^ output121/A (sky130_fd_sc_hd__buf_2)
                  0.17    0.23    3.20 ^ output121/X (sky130_fd_sc_hd__buf_2)
     1    0.03                           m_rdata[28] (net)
                  0.17    0.00    3.20 ^ m_rdata[28] (out)
                                  3.20   data arrival time

                  0.15   10.00   10.00   clock clk (rise edge)
                          0.00   10.00   clock network delay (ideal)
                         -0.25    9.75   clock uncertainty
                          0.00    9.75   clock reconvergence pessimism
                         -2.00    7.75   output external delay
                                  7.75   data required time
-----------------------------------------------------------------------------
                                  7.75   data required time
                                 -3.20   data arrival time
-----------------------------------------------------------------------------
                                  4.55   slack (MET)


Startpoint: pready (input port clocked by clk)
Endpoint: m_rdata[3] (output port clocked by clk)
Path Group: clk
Path Type: max

Fanout     Cap    Slew   Delay    Time   Description
-----------------------------------------------------------------------------
                  0.15    0.00    0.00   clock clk (rise edge)
                          0.00    0.00   clock network delay (ideal)
                          2.00    2.00 ^ input external delay
                  0.02    0.01    2.01 ^ pready (in)
     1    0.00                           pready (net)
                  0.02    0.00    2.01 ^ input99/A (sky130_fd_sc_hd__buf_1)
                  0.14    0.15    2.16 ^ input99/X (sky130_fd_sc_hd__buf_1)
     2    0.01                           net99 (net)
                  0.14    0.00    2.16 ^ _181_/C (sky130_fd_sc_hd__and3b_2)
                  0.15    0.30    2.46 ^ _181_/X (sky130_fd_sc_hd__and3b_2)
     6    0.03                           _069_ (net)
                  0.15    0.00    2.46 ^ _182_/A (sky130_fd_sc_hd__buf_4)
                  0.17    0.25    2.71 ^ _182_/X (sky130_fd_sc_hd__buf_4)
    10    0.06                           net133 (net)
                  0.17    0.00    2.72 ^ _189_/B (sky130_fd_sc_hd__and2_1)
                  0.05    0.15    2.87 ^ _189_/X (sky130_fd_sc_hd__and2_1)
     1    0.00                           _073_ (net)
                  0.05    0.00    2.87 ^ _190_/A (sky130_fd_sc_hd__clkbuf_1)
                  0.06    0.09    2.96 ^ _190_/X (sky130_fd_sc_hd__clkbuf_1)
     1    0.00                           net126 (net)
                  0.06    0.00    2.97 ^ output126/A (sky130_fd_sc_hd__buf_2)
                  0.17    0.21    3.18 ^ output126/X (sky130_fd_sc_hd__buf_2)
     1    0.03                           m_rdata[3] (net)
                  0.17    0.00    3.18 ^ m_rdata[3] (out)
                                  3.18   data arrival time

                  0.15   10.00   10.00   clock clk (rise edge)
                          0.00   10.00   clock network delay (ideal)
                         -0.25    9.75   clock uncertainty
                          0.00    9.75   clock reconvergence pessimism
                         -2.00    7.75   output external delay
                                  7.75   data required time
-----------------------------------------------------------------------------
                                  7.75   data required time
                                 -3.18   data arrival time
-----------------------------------------------------------------------------
                                  4.57   slack (MET)


Startpoint: pready (input port clocked by clk)
Endpoint: m_rdata[2] (output port clocked by clk)
Path Group: clk
Path Type: max

Fanout     Cap    Slew   Delay    Time   Description
-----------------------------------------------------------------------------
                  0.15    0.00    0.00   clock clk (rise edge)
                          0.00    0.00   clock network delay (ideal)
                          2.00    2.00 ^ input external delay
                  0.02    0.01    2.01 ^ pready (in)
     1    0.00                           pready (net)
                  0.02    0.00    2.01 ^ input99/A (sky130_fd_sc_hd__buf_1)
                  0.14    0.15    2.16 ^ input99/X (sky130_fd_sc_hd__buf_1)
     2    0.01                           net99 (net)
                  0.14    0.00    2.16 ^ _181_/C (sky130_fd_sc_hd__and3b_2)
                  0.15    0.30    2.46 ^ _181_/X (sky130_fd_sc_hd__and3b_2)
     6    0.03                           _069_ (net)
                  0.15    0.00    2.46 ^ _182_/A (sky130_fd_sc_hd__buf_4)
                  0.17    0.25    2.71 ^ _182_/X (sky130_fd_sc_hd__buf_4)
    10    0.06                           net133 (net)
                  0.17    0.00    2.71 ^ _187_/B (sky130_fd_sc_hd__and2_1)
                  0.04    0.15    2.86 ^ _187_/X (sky130_fd_sc_hd__and2_1)
     1    0.00                           _072_ (net)
                  0.04    0.00    2.86 ^ _188_/A (sky130_fd_sc_hd__clkbuf_1)
                  0.06    0.09    2.96 ^ _188_/X (sky130_fd_sc_hd__clkbuf_1)
     1    0.00                           net123 (net)
                  0.06    0.00    2.96 ^ output123/A (sky130_fd_sc_hd__buf_2)
                  0.17    0.21    3.17 ^ output123/X (sky130_fd_sc_hd__buf_2)
     1    0.03                           m_rdata[2] (net)
                  0.17    0.00    3.17 ^ m_rdata[2] (out)
                                  3.17   data arrival time

                  0.15   10.00   10.00   clock clk (rise edge)
                          0.00   10.00   clock network delay (ideal)
                         -0.25    9.75   clock uncertainty
                          0.00    9.75   clock reconvergence pessimism
                         -2.00    7.75   output external delay
                                  7.75   data required time
-----------------------------------------------------------------------------
                                  7.75   data required time
                                 -3.17   data arrival time
-----------------------------------------------------------------------------
                                  4.58   slack (MET)


Startpoint: pready (input port clocked by clk)
Endpoint: m_rdata[13] (output port clocked by clk)
Path Group: clk
Path Type: max

Fanout     Cap    Slew   Delay    Time   Description
-----------------------------------------------------------------------------
                  0.15    0.00    0.00   clock clk (rise edge)
                          0.00    0.00   clock network delay (ideal)
                          2.00    2.00 ^ input external delay
                  0.02    0.01    2.01 ^ pready (in)
     1    0.00                           pready (net)
                  0.02    0.00    2.01 ^ input99/A (sky130_fd_sc_hd__buf_1)
                  0.14    0.15    2.16 ^ input99/X (sky130_fd_sc_hd__buf_1)
     2    0.01                           net99 (net)
                  0.14    0.00    2.16 ^ _181_/C (sky130_fd_sc_hd__and3b_2)
                  0.15    0.30    2.46 ^ _181_/X (sky130_fd_sc_hd__and3b_2)
     6    0.03                           _069_ (net)
                  0.15    0.00    2.46 ^ _201_/A (sky130_fd_sc_hd__buf_4)
                  0.15    0.24    2.70 ^ _201_/X (sky130_fd_sc_hd__buf_4)
    10    0.05                           _079_ (net)
                  0.15    0.00    2.71 ^ _210_/B (sky130_fd_sc_hd__and2_1)
                  0.05    0.15    2.85 ^ _210_/X (sky130_fd_sc_hd__and2_1)
     1    0.00                           _084_ (net)
                  0.05    0.00    2.85 ^ _211_/A (sky130_fd_sc_hd__clkbuf_1)
                  0.06    0.10    2.95 ^ _211_/X (sky130_fd_sc_hd__clkbuf_1)
     1    0.00                           net105 (net)
                  0.06    0.00    2.95 ^ output105/A (sky130_fd_sc_hd__buf_2)
                  0.17    0.21    3.17 ^ output105/X (sky130_fd_sc_hd__buf_2)
     1    0.03                           m_rdata[13] (net)
                  0.17    0.00    3.17 ^ m_rdata[13] (out)
                                  3.17   data arrival time

                  0.15   10.00   10.00   clock clk (rise edge)
                          0.00   10.00   clock network delay (ideal)
                         -0.25    9.75   clock uncertainty
                          0.00    9.75   clock reconvergence pessimism
                         -2.00    7.75   output external delay
                                  7.75   data required time
-----------------------------------------------------------------------------
                                  7.75   data required time
                                 -3.17   data arrival time
-----------------------------------------------------------------------------
                                  4.58   slack (MET)


Startpoint: pready (input port clocked by clk)
Endpoint: m_rdata[21] (output port clocked by clk)
Path Group: clk
Path Type: max

Fanout     Cap    Slew   Delay    Time   Description
-----------------------------------------------------------------------------
                  0.15    0.00    0.00   clock clk (rise edge)
                          0.00    0.00   clock network delay (ideal)
                          2.00    2.00 ^ input external delay
                  0.02    0.01    2.01 ^ pready (in)
     1    0.00                           pready (net)
                  0.02    0.00    2.01 ^ input99/A (sky130_fd_sc_hd__buf_1)
                  0.14    0.15    2.16 ^ input99/X (sky130_fd_sc_hd__buf_1)
     2    0.01                           net99 (net)
                  0.14    0.00    2.16 ^ _181_/C (sky130_fd_sc_hd__and3b_2)
                  0.15    0.30    2.46 ^ _181_/X (sky130_fd_sc_hd__and3b_2)
     6    0.03                           _069_ (net)
                  0.15    0.00    2.46 ^ _222_/A (sky130_fd_sc_hd__clkbuf_8)
                  0.12    0.23    2.70 ^ _222_/X (sky130_fd_sc_hd__clkbuf_8)
    10    0.06                           _090_ (net)
                  0.12    0.01    2.70 ^ _227_/B (sky130_fd_sc_hd__and2_1)
                  0.05    0.14    2.84 ^ _227_/X (sky130_fd_sc_hd__and2_1)
     1    0.00                           _093_ (net)
                  0.05    0.00    2.84 ^ _228_/A (sky130_fd_sc_hd__clkbuf_1)
                  0.05    0.09    2.93 ^ _228_/X (sky130_fd_sc_hd__clkbuf_1)
     1    0.00                           net114 (net)
                  0.05    0.00    2.93 ^ output114/A (sky130_fd_sc_hd__buf_2)
                  0.17    0.21    3.14 ^ output114/X (sky130_fd_sc_hd__buf_2)
     1    0.03                           m_rdata[21] (net)
                  0.17    0.00    3.14 ^ m_rdata[21] (out)
                                  3.14   data arrival time

                  0.15   10.00   10.00   clock clk (rise edge)
                          0.00   10.00   clock network delay (ideal)
                         -0.25    9.75   clock uncertainty
                          0.00    9.75   clock reconvergence pessimism
                         -2.00    7.75   output external delay
                                  7.75   data required time
-----------------------------------------------------------------------------
                                  7.75   data required time
                                 -3.14   data arrival time
-----------------------------------------------------------------------------
                                  4.61   slack (MET)


Startpoint: pready (input port clocked by clk)
Endpoint: m_rdata[23] (output port clocked by clk)
Path Group: clk
Path Type: max

Fanout     Cap    Slew   Delay    Time   Description
-----------------------------------------------------------------------------
                  0.15    0.00    0.00   clock clk (rise edge)
                          0.00    0.00   clock network delay (ideal)
                          2.00    2.00 ^ input external delay
                  0.02    0.01    2.01 ^ pready (in)
     1    0.00                           pready (net)
                  0.02    0.00    2.01 ^ input99/A (sky130_fd_sc_hd__buf_1)
                  0.14    0.15    2.16 ^ input99/X (sky130_fd_sc_hd__buf_1)
     2    0.01                           net99 (net)
                  0.14    0.00    2.16 ^ _181_/C (sky130_fd_sc_hd__and3b_2)
                  0.15    0.30    2.46 ^ _181_/X (sky130_fd_sc_hd__and3b_2)
     6    0.03                           _069_ (net)
                  0.15    0.00    2.46 ^ _222_/A (sky130_fd_sc_hd__clkbuf_8)
                  0.12    0.23    2.70 ^ _222_/X (sky130_fd_sc_hd__clkbuf_8)
    10    0.06                           _090_ (net)
                  0.12    0.01    2.70 ^ _231_/B (sky130_fd_sc_hd__and2_1)
                  0.04    0.14    2.84 ^ _231_/X (sky130_fd_sc_hd__and2_1)
     1    0.00                           _095_ (net)
                  0.04    0.00    2.84 ^ _232_/A (sky130_fd_sc_hd__clkbuf_1)
                  0.04    0.08    2.92 ^ _232_/X (sky130_fd_sc_hd__clkbuf_1)
     1    0.00                           net116 (net)
                  0.04    0.00    2.92 ^ output116/A (sky130_fd_sc_hd__clkbuf_4)
                  0.11    0.19    3.12 ^ output116/X (sky130_fd_sc_hd__clkbuf_4)
     1    0.03                           m_rdata[23] (net)
                  0.11    0.00    3.12 ^ m_rdata[23] (out)
                                  3.12   data arrival time

                  0.15   10.00   10.00   clock clk (rise edge)
                          0.00   10.00   clock network delay (ideal)
                         -0.25    9.75   clock uncertainty
                          0.00    9.75   clock reconvergence pessimism
                         -2.00    7.75   output external delay
                                  7.75   data required time
-----------------------------------------------------------------------------
                                  7.75   data required time
                                 -3.12   data arrival time
-----------------------------------------------------------------------------
                                  4.63   slack (MET)


Startpoint: pready (input port clocked by clk)
Endpoint: m_rdata[31] (output port clocked by clk)
Path Group: clk
Path Type: max

Fanout     Cap    Slew   Delay    Time   Description
-----------------------------------------------------------------------------
                  0.15    0.00    0.00   clock clk (rise edge)
                          0.00    0.00   clock network delay (ideal)
                          2.00    2.00 ^ input external delay
                  0.02    0.01    2.01 ^ pready (in)
     1    0.00                           pready (net)
                  0.02    0.00    2.01 ^ input99/A (sky130_fd_sc_hd__buf_1)
                  0.14    0.15    2.16 ^ input99/X (sky130_fd_sc_hd__buf_1)
     2    0.01                           net99 (net)
                  0.14    0.00    2.16 ^ _181_/C (sky130_fd_sc_hd__and3b_2)
                  0.15    0.30    2.46 ^ _181_/X (sky130_fd_sc_hd__and3b_2)
     6    0.03                           _069_ (net)
                  0.15    0.00    2.46 ^ _247_/B (sky130_fd_sc_hd__and2_1)
                  0.05    0.15    2.61 ^ _247_/X (sky130_fd_sc_hd__and2_1)
     1    0.00                           _103_ (net)
                  0.05    0.00    2.61 ^ _248_/A (sky130_fd_sc_hd__clkbuf_2)
                  0.11    0.16    2.77 ^ _248_/X (sky130_fd_sc_hd__clkbuf_2)
     1    0.02                           net125 (net)
                  0.11    0.00    2.77 ^ output125/A (sky130_fd_sc_hd__buf_2)
                  0.17    0.23    3.01 ^ output125/X (sky130_fd_sc_hd__buf_2)
     1    0.03                           m_rdata[31] (net)
                  0.17    0.00    3.01 ^ m_rdata[31] (out)
                                  3.01   data arrival time

                  0.15   10.00   10.00   clock clk (rise edge)
                          0.00   10.00   clock network delay (ideal)
                         -0.25    9.75   clock uncertainty
                          0.00    9.75   clock reconvergence pessimism
                         -2.00    7.75   output external delay
                                  7.75   data required time
-----------------------------------------------------------------------------
                                  7.75   data required time
                                 -3.01   data arrival time
-----------------------------------------------------------------------------
                                  4.74   slack (MET)


Startpoint: pready (input port clocked by clk)
Endpoint: m_rdata[29] (output port clocked by clk)
Path Group: clk
Path Type: max

Fanout     Cap    Slew   Delay    Time   Description
-----------------------------------------------------------------------------
                  0.15    0.00    0.00   clock clk (rise edge)
                          0.00    0.00   clock network delay (ideal)
                          2.00    2.00 ^ input external delay
                  0.02    0.01    2.01 ^ pready (in)
     1    0.00                           pready (net)
                  0.02    0.00    2.01 ^ input99/A (sky130_fd_sc_hd__buf_1)
                  0.14    0.15    2.16 ^ input99/X (sky130_fd_sc_hd__buf_1)
     2    0.01                           net99 (net)
                  0.14    0.00    2.16 ^ _181_/C (sky130_fd_sc_hd__and3b_2)
                  0.15    0.30    2.46 ^ _181_/X (sky130_fd_sc_hd__and3b_2)
     6    0.03                           _069_ (net)
                  0.15    0.00    2.46 ^ _243_/B (sky130_fd_sc_hd__and2_1)
                  0.05    0.15    2.62 ^ _243_/X (sky130_fd_sc_hd__and2_1)
     1    0.00                           _101_ (net)
                  0.05    0.00    2.62 ^ _244_/A (sky130_fd_sc_hd__clkbuf_2)
                  0.10    0.15    2.77 ^ _244_/X (sky130_fd_sc_hd__clkbuf_2)
     1    0.02                           net122 (net)
                  0.10    0.00    2.77 ^ output122/A (sky130_fd_sc_hd__buf_2)
                  0.17    0.23    3.00 ^ output122/X (sky130_fd_sc_hd__buf_2)
     1    0.03                           m_rdata[29] (net)
                  0.17    0.00    3.00 ^ m_rdata[29] (out)
                                  3.00   data arrival time

                  0.15   10.00   10.00   clock clk (rise edge)
                          0.00   10.00   clock network delay (ideal)
                         -0.25    9.75   clock uncertainty
                          0.00    9.75   clock reconvergence pessimism
                         -2.00    7.75   output external delay
                                  7.75   data required time
-----------------------------------------------------------------------------
                                  7.75   data required time
                                 -3.00   data arrival time
-----------------------------------------------------------------------------
                                  4.75   slack (MET)


Startpoint: pready (input port clocked by clk)
Endpoint: m_rdata[30] (output port clocked by clk)
Path Group: clk
Path Type: max

Fanout     Cap    Slew   Delay    Time   Description
-----------------------------------------------------------------------------
                  0.15    0.00    0.00   clock clk (rise edge)
                          0.00    0.00   clock network delay (ideal)
                          2.00    2.00 ^ input external delay
                  0.02    0.01    2.01 ^ pready (in)
     1    0.00                           pready (net)
                  0.02    0.00    2.01 ^ input99/A (sky130_fd_sc_hd__buf_1)
                  0.14    0.15    2.16 ^ input99/X (sky130_fd_sc_hd__buf_1)
     2    0.01                           net99 (net)
                  0.14    0.00    2.16 ^ _181_/C (sky130_fd_sc_hd__and3b_2)
                  0.15    0.30    2.46 ^ _181_/X (sky130_fd_sc_hd__and3b_2)
     6    0.03                           _069_ (net)
                  0.15    0.00    2.46 ^ _245_/B (sky130_fd_sc_hd__and2_1)
                  0.05    0.15    2.61 ^ _245_/X (sky130_fd_sc_hd__and2_1)
     1    0.00                           _102_ (net)
                  0.05    0.00    2.61 ^ _246_/A (sky130_fd_sc_hd__buf_1)
                  0.13    0.15    2.76 ^ _246_/X (sky130_fd_sc_hd__buf_1)
     1    0.01                           net124 (net)
                  0.13    0.00    2.76 ^ output124/A (sky130_fd_sc_hd__clkbuf_4)
                  0.11    0.23    2.99 ^ output124/X (sky130_fd_sc_hd__clkbuf_4)
     1    0.03                           m_rdata[30] (net)
                  0.11    0.00    2.99 ^ m_rdata[30] (out)
                                  2.99   data arrival time

                  0.15   10.00   10.00   clock clk (rise edge)
                          0.00   10.00   clock network delay (ideal)
                         -0.25    9.75   clock uncertainty
                          0.00    9.75   clock reconvergence pessimism
                         -2.00    7.75   output external delay
                                  7.75   data required time
-----------------------------------------------------------------------------
                                  7.75   data required time
                                 -2.99   data arrival time
-----------------------------------------------------------------------------
                                  4.76   slack (MET)


Startpoint: pready (input port clocked by clk)
Endpoint: m_ready (output port clocked by clk)
Path Group: clk
Path Type: max

Fanout     Cap    Slew   Delay    Time   Description
-----------------------------------------------------------------------------
                  0.15    0.00    0.00   clock clk (rise edge)
                          0.00    0.00   clock network delay (ideal)
                          2.00    2.00 ^ input external delay
                  0.02    0.01    2.01 ^ pready (in)
     1    0.00                           pready (net)
                  0.02    0.00    2.01 ^ input99/A (sky130_fd_sc_hd__buf_1)
                  0.14    0.15    2.16 ^ input99/X (sky130_fd_sc_hd__buf_1)
     2    0.01                           net99 (net)
                  0.14    0.00    2.16 ^ _181_/C (sky130_fd_sc_hd__and3b_2)
                  0.15    0.30    2.46 ^ _181_/X (sky130_fd_sc_hd__and3b_2)
     6    0.03                           _069_ (net)
                  0.15    0.00    2.46 ^ _182_/A (sky130_fd_sc_hd__buf_4)
                  0.17    0.25    2.71 ^ _182_/X (sky130_fd_sc_hd__buf_4)
    10    0.06                           net133 (net)
                  0.17    0.01    2.72 ^ output133/A (sky130_fd_sc_hd__clkbuf_4)
                  0.11    0.24    2.96 ^ output133/X (sky130_fd_sc_hd__clkbuf_4)
     1    0.03                           m_ready (net)
                  0.11    0.00    2.96 ^ m_ready (out)
                                  2.96   data arrival time

                  0.15   10.00   10.00   clock clk (rise edge)
                          0.00   10.00   clock network delay (ideal)
                         -0.25    9.75   clock uncertainty
                          0.00    9.75   clock reconvergence pessimism
                         -2.00    7.75   output external delay
                                  7.75   data required time
-----------------------------------------------------------------------------
                                  7.75   data required time
                                 -2.96   data arrival time
-----------------------------------------------------------------------------
                                  4.79   slack (MET)


Startpoint: rstn (input port clocked by clk)
Endpoint: presetn (output port clocked by clk)
Path Group: clk
Path Type: max

Fanout     Cap    Slew   Delay    Time   Description
-----------------------------------------------------------------------------
                  0.15    0.00    0.00   clock clk (rise edge)
                          0.00    0.00   clock network delay (ideal)
                          2.00    2.00 ^ input external delay
                  0.02    0.01    2.01 ^ rstn (in)
     1    0.00                           rstn (net)
                  0.02    0.00    2.01 ^ input100/A (sky130_fd_sc_hd__dlymetal6s2s_1)
                  0.19    0.19    2.20 ^ input100/X (sky130_fd_sc_hd__dlymetal6s2s_1)
     2    0.02                           net100 (net)
                  0.19    0.00    2.20 ^ fanout205/A (sky130_fd_sc_hd__buf_4)
                  0.17    0.26    2.46 ^ fanout205/X (sky130_fd_sc_hd__buf_4)
    10    0.06                           net205 (net)
                  0.17    0.01    2.47 ^ _457_/A (sky130_fd_sc_hd__clkbuf_1)
                  0.05    0.11    2.58 ^ _457_/X (sky130_fd_sc_hd__clkbuf_1)
     1    0.00                           net168 (net)
                  0.05    0.00    2.58 ^ output168/A (sky130_fd_sc_hd__clkbuf_4)
                  0.11    0.19    2.78 ^ output168/X (sky130_fd_sc_hd__clkbuf_4)
     1    0.03                           presetn (net)
                  0.11    0.00    2.78 ^ presetn (out)
                                  2.78   data arrival time

                  0.15   10.00   10.00   clock clk (rise edge)
                          0.00   10.00   clock network delay (ideal)
                         -0.25    9.75   clock uncertainty
                          0.00    9.75   clock reconvergence pessimism
                         -2.00    7.75   output external delay
                                  7.75   data required time
-----------------------------------------------------------------------------
                                  7.75   data required time
                                 -2.78   data arrival time
-----------------------------------------------------------------------------
                                  4.97   slack (MET)


Startpoint: m_req (input port clocked by clk)
Endpoint: _411_ (rising edge-triggered flip-flop clocked by clk)
Path Group: clk
Path Type: max

Fanout     Cap    Slew   Delay    Time   Description
-----------------------------------------------------------------------------
                  0.15    0.00    0.00   clock clk (rise edge)
                          0.00    0.00   clock network delay (ideal)
                          2.00    2.00 ^ input external delay
                  0.02    0.01    2.01 ^ m_req (in)
     1    0.00                           m_req (net)
                  0.02    0.00    2.01 ^ input33/A (sky130_fd_sc_hd__buf_1)
                  0.16    0.16    2.17 ^ input33/X (sky130_fd_sc_hd__buf_1)
     1    0.01                           net33 (net)
                  0.16    0.00    2.17 ^ _249_/C_N (sky130_fd_sc_hd__or3b_2)
                  0.12    0.55    2.72 v _249_/X (sky130_fd_sc_hd__or3b_2)
     3    0.02                           _104_ (net)
                  0.12    0.00    2.72 v _271_/A (sky130_fd_sc_hd__buf_8)
                  0.07    0.20    2.92 v _271_/X (sky130_fd_sc_hd__buf_8)
    10    0.09                           _115_ (net)
                  0.07    0.00    2.93 v _293_/A (sky130_fd_sc_hd__buf_4)
                  0.09    0.22    3.14 v _293_/X (sky130_fd_sc_hd__buf_4)
    10    0.06                           _127_ (net)
                  0.09    0.00    3.14 v _296_/S (sky130_fd_sc_hd__mux2_1)
                  0.06    0.34    3.48 v _296_/X (sky130_fd_sc_hd__mux2_1)
     1    0.00                           _129_ (net)
                  0.06    0.00    3.48 v _297_/A (sky130_fd_sc_hd__clkbuf_1)
                  0.03    0.10    3.58 v _297_/X (sky130_fd_sc_hd__clkbuf_1)
     1    0.00                           _022_ (net)
                  0.03    0.00    3.58 v _411_/D (sky130_fd_sc_hd__dfrtp_2)
                                  3.58   data arrival time

                  0.15   10.00   10.00   clock clk (rise edge)
                          0.00   10.00   clock network delay (ideal)
                         -0.25    9.75   clock uncertainty
                          0.00    9.75   clock reconvergence pessimism
                                  9.75 ^ _411_/CLK (sky130_fd_sc_hd__dfrtp_2)
                         -0.08    9.67   library setup time
                                  9.67   data required time
-----------------------------------------------------------------------------
                                  9.67   data required time
                                 -3.58   data arrival time
-----------------------------------------------------------------------------
                                  6.08   slack (MET)


Startpoint: m_req (input port clocked by clk)
Endpoint: _413_ (rising edge-triggered flip-flop clocked by clk)
Path Group: clk
Path Type: max

Fanout     Cap    Slew   Delay    Time   Description
-----------------------------------------------------------------------------
                  0.15    0.00    0.00   clock clk (rise edge)
                          0.00    0.00   clock network delay (ideal)
                          2.00    2.00 ^ input external delay
                  0.02    0.01    2.01 ^ m_req (in)
     1    0.00                           m_req (net)
                  0.02    0.00    2.01 ^ input33/A (sky130_fd_sc_hd__buf_1)
                  0.16    0.16    2.17 ^ input33/X (sky130_fd_sc_hd__buf_1)
     1    0.01                           net33 (net)
                  0.16    0.00    2.17 ^ _249_/C_N (sky130_fd_sc_hd__or3b_2)
                  0.12    0.55    2.72 v _249_/X (sky130_fd_sc_hd__or3b_2)
     3    0.02                           _104_ (net)
                  0.12    0.00    2.72 v _271_/A (sky130_fd_sc_hd__buf_8)
                  0.07    0.20    2.92 v _271_/X (sky130_fd_sc_hd__buf_8)
    10    0.09                           _115_ (net)
                  0.07    0.00    2.93 v _293_/A (sky130_fd_sc_hd__buf_4)
                  0.09    0.22    3.14 v _293_/X (sky130_fd_sc_hd__buf_4)
    10    0.06                           _127_ (net)
                  0.09    0.00    3.14 v _300_/S (sky130_fd_sc_hd__mux2_1)
                  0.06    0.33    3.47 v _300_/X (sky130_fd_sc_hd__mux2_1)
     1    0.00                           _131_ (net)
                  0.06    0.00    3.47 v _301_/A (sky130_fd_sc_hd__clkbuf_1)
                  0.03    0.10    3.58 v _301_/X (sky130_fd_sc_hd__clkbuf_1)
     1    0.00                           _024_ (net)
                  0.03    0.00    3.58 v _413_/D (sky130_fd_sc_hd__dfrtp_4)
                                  3.58   data arrival time

                  0.15   10.00   10.00   clock clk (rise edge)
                          0.00   10.00   clock network delay (ideal)
                         -0.25    9.75   clock uncertainty
                          0.00    9.75   clock reconvergence pessimism
                                  9.75 ^ _413_/CLK (sky130_fd_sc_hd__dfrtp_4)
                         -0.08    9.67   library setup time
                                  9.67   data required time
-----------------------------------------------------------------------------
                                  9.67   data required time
                                 -3.58   data arrival time
-----------------------------------------------------------------------------
                                  6.09   slack (MET)


Startpoint: m_req (input port clocked by clk)
Endpoint: _414_ (rising edge-triggered flip-flop clocked by clk)
Path Group: clk
Path Type: max

Fanout     Cap    Slew   Delay    Time   Description
-----------------------------------------------------------------------------
                  0.15    0.00    0.00   clock clk (rise edge)
                          0.00    0.00   clock network delay (ideal)
                          2.00    2.00 ^ input external delay
                  0.02    0.01    2.01 ^ m_req (in)
     1    0.00                           m_req (net)
                  0.02    0.00    2.01 ^ input33/A (sky130_fd_sc_hd__buf_1)
                  0.16    0.16    2.17 ^ input33/X (sky130_fd_sc_hd__buf_1)
     1    0.01                           net33 (net)
                  0.16    0.00    2.17 ^ _249_/C_N (sky130_fd_sc_hd__or3b_2)
                  0.12    0.55    2.72 v _249_/X (sky130_fd_sc_hd__or3b_2)
     3    0.02                           _104_ (net)
                  0.12    0.00    2.72 v _271_/A (sky130_fd_sc_hd__buf_8)
                  0.07    0.20    2.92 v _271_/X (sky130_fd_sc_hd__buf_8)
    10    0.09                           _115_ (net)
                  0.07    0.00    2.93 v _293_/A (sky130_fd_sc_hd__buf_4)
                  0.09    0.22    3.14 v _293_/X (sky130_fd_sc_hd__buf_4)
    10    0.06                           _127_ (net)
                  0.09    0.00    3.14 v _302_/S (sky130_fd_sc_hd__mux2_1)
                  0.06    0.34    3.48 v _302_/X (sky130_fd_sc_hd__mux2_1)
     1    0.00                           _132_ (net)
                  0.06    0.00    3.48 v _303_/A (sky130_fd_sc_hd__clkbuf_1)
                  0.03    0.10    3.58 v _303_/X (sky130_fd_sc_hd__clkbuf_1)
     1    0.00                           _025_ (net)
                  0.03    0.00    3.58 v _414_/D (sky130_fd_sc_hd__dfrtp_1)
                                  3.58   data arrival time

                  0.15   10.00   10.00   clock clk (rise edge)
                          0.00   10.00   clock network delay (ideal)
                         -0.25    9.75   clock uncertainty
                          0.00    9.75   clock reconvergence pessimism
                                  9.75 ^ _414_/CLK (sky130_fd_sc_hd__dfrtp_1)
                         -0.08    9.67   library setup time
                                  9.67   data required time
-----------------------------------------------------------------------------
                                  9.67   data required time
                                 -3.58   data arrival time
-----------------------------------------------------------------------------
                                  6.09   slack (MET)


Startpoint: m_req (input port clocked by clk)
Endpoint: _418_ (rising edge-triggered flip-flop clocked by clk)
Path Group: clk
Path Type: max

Fanout     Cap    Slew   Delay    Time   Description
-----------------------------------------------------------------------------
                  0.15    0.00    0.00   clock clk (rise edge)
                          0.00    0.00   clock network delay (ideal)
                          2.00    2.00 ^ input external delay
                  0.02    0.01    2.01 ^ m_req (in)
     1    0.00                           m_req (net)
                  0.02    0.00    2.01 ^ input33/A (sky130_fd_sc_hd__buf_1)
                  0.16    0.16    2.17 ^ input33/X (sky130_fd_sc_hd__buf_1)
     1    0.01                           net33 (net)
                  0.16    0.00    2.17 ^ _249_/C_N (sky130_fd_sc_hd__or3b_2)
                  0.12    0.55    2.72 v _249_/X (sky130_fd_sc_hd__or3b_2)
     3    0.02                           _104_ (net)
                  0.12    0.00    2.72 v _271_/A (sky130_fd_sc_hd__buf_8)
                  0.07    0.20    2.92 v _271_/X (sky130_fd_sc_hd__buf_8)
    10    0.09                           _115_ (net)
                  0.07    0.00    2.93 v _293_/A (sky130_fd_sc_hd__buf_4)
                  0.09    0.22    3.14 v _293_/X (sky130_fd_sc_hd__buf_4)
    10    0.06                           _127_ (net)
                  0.09    0.00    3.14 v _310_/S (sky130_fd_sc_hd__mux2_1)
                  0.06    0.34    3.48 v _310_/X (sky130_fd_sc_hd__mux2_1)
     1    0.00                           _136_ (net)
                  0.06    0.00    3.48 v _311_/A (sky130_fd_sc_hd__clkbuf_1)
                  0.03    0.10    3.58 v _311_/X (sky130_fd_sc_hd__clkbuf_1)
     1    0.00                           _029_ (net)
                  0.03    0.00    3.58 v _418_/D (sky130_fd_sc_hd__dfrtp_4)
                                  3.58   data arrival time

                  0.15   10.00   10.00   clock clk (rise edge)
                          0.00   10.00   clock network delay (ideal)
                         -0.25    9.75   clock uncertainty
                          0.00    9.75   clock reconvergence pessimism
                                  9.75 ^ _418_/CLK (sky130_fd_sc_hd__dfrtp_4)
                         -0.08    9.67   library setup time
                                  9.67   data required time
-----------------------------------------------------------------------------
                                  9.67   data required time
                                 -3.58   data arrival time
-----------------------------------------------------------------------------
                                  6.09   slack (MET)


Startpoint: m_req (input port clocked by clk)
Endpoint: _425_ (rising edge-triggered flip-flop clocked by clk)
Path Group: clk
Path Type: max

Fanout     Cap    Slew   Delay    Time   Description
-----------------------------------------------------------------------------
                  0.15    0.00    0.00   clock clk (rise edge)
                          0.00    0.00   clock network delay (ideal)
                          2.00    2.00 ^ input external delay
                  0.02    0.01    2.01 ^ m_req (in)
     1    0.00                           m_req (net)
                  0.02    0.00    2.01 ^ input33/A (sky130_fd_sc_hd__buf_1)
                  0.16    0.16    2.17 ^ input33/X (sky130_fd_sc_hd__buf_1)
     1    0.01                           net33 (net)
                  0.16    0.00    2.17 ^ _249_/C_N (sky130_fd_sc_hd__or3b_2)
                  0.12    0.55    2.72 v _249_/X (sky130_fd_sc_hd__or3b_2)
     3    0.02                           _104_ (net)
                  0.12    0.00    2.72 v _271_/A (sky130_fd_sc_hd__buf_8)
                  0.07    0.20    2.92 v _271_/X (sky130_fd_sc_hd__buf_8)
    10    0.09                           _115_ (net)
                  0.07    0.00    2.92 v _314_/A (sky130_fd_sc_hd__clkbuf_8)
                  0.09    0.21    3.13 v _314_/X (sky130_fd_sc_hd__clkbuf_8)
    10    0.07                           _138_ (net)
                  0.09    0.00    3.13 v _325_/S (sky130_fd_sc_hd__mux2_1)
                  0.06    0.34    3.47 v _325_/X (sky130_fd_sc_hd__mux2_1)
     1    0.00                           _144_ (net)
                  0.06    0.00    3.47 v _326_/A (sky130_fd_sc_hd__clkbuf_1)
                  0.03    0.10    3.57 v _326_/X (sky130_fd_sc_hd__clkbuf_1)
     1    0.00                           _036_ (net)
                  0.03    0.00    3.57 v _425_/D (sky130_fd_sc_hd__dfrtp_2)
                                  3.57   data arrival time

                  0.15   10.00   10.00   clock clk (rise edge)
                          0.00   10.00   clock network delay (ideal)
                         -0.25    9.75   clock uncertainty
                          0.00    9.75   clock reconvergence pessimism
                                  9.75 ^ _425_/CLK (sky130_fd_sc_hd__dfrtp_2)
                         -0.08    9.67   library setup time
                                  9.67   data required time
-----------------------------------------------------------------------------
                                  9.67   data required time
                                 -3.57   data arrival time
-----------------------------------------------------------------------------
                                  6.09   slack (MET)


Startpoint: m_req (input port clocked by clk)
Endpoint: _419_ (rising edge-triggered flip-flop clocked by clk)
Path Group: clk
Path Type: max

Fanout     Cap    Slew   Delay    Time   Description
-----------------------------------------------------------------------------
                  0.15    0.00    0.00   clock clk (rise edge)
                          0.00    0.00   clock network delay (ideal)
                          2.00    2.00 ^ input external delay
                  0.02    0.01    2.01 ^ m_req (in)
     1    0.00                           m_req (net)
                  0.02    0.00    2.01 ^ input33/A (sky130_fd_sc_hd__buf_1)
                  0.16    0.16    2.17 ^ input33/X (sky130_fd_sc_hd__buf_1)
     1    0.01                           net33 (net)
                  0.16    0.00    2.17 ^ _249_/C_N (sky130_fd_sc_hd__or3b_2)
                  0.12    0.55    2.72 v _249_/X (sky130_fd_sc_hd__or3b_2)
     3    0.02                           _104_ (net)
                  0.12    0.00    2.72 v _271_/A (sky130_fd_sc_hd__buf_8)
                  0.07    0.20    2.92 v _271_/X (sky130_fd_sc_hd__buf_8)
    10    0.09                           _115_ (net)
                  0.07    0.00    2.93 v _293_/A (sky130_fd_sc_hd__buf_4)
                  0.09    0.22    3.14 v _293_/X (sky130_fd_sc_hd__buf_4)
    10    0.06                           _127_ (net)
                  0.09    0.00    3.14 v _312_/S (sky130_fd_sc_hd__mux2_1)
                  0.05    0.33    3.48 v _312_/X (sky130_fd_sc_hd__mux2_1)
     1    0.00                           _137_ (net)
                  0.05    0.00    3.48 v _313_/A (sky130_fd_sc_hd__clkbuf_1)
                  0.02    0.09    3.57 v _313_/X (sky130_fd_sc_hd__clkbuf_1)
     1    0.00                           _030_ (net)
                  0.02    0.00    3.57 v _419_/D (sky130_fd_sc_hd__dfrtp_2)
                                  3.57   data arrival time

                  0.15   10.00   10.00   clock clk (rise edge)
                          0.00   10.00   clock network delay (ideal)
                         -0.25    9.75   clock uncertainty
                          0.00    9.75   clock reconvergence pessimism
                                  9.75 ^ _419_/CLK (sky130_fd_sc_hd__dfrtp_2)
                         -0.08    9.67   library setup time
                                  9.67   data required time
-----------------------------------------------------------------------------
                                  9.67   data required time
                                 -3.57   data arrival time
-----------------------------------------------------------------------------
                                  6.10   slack (MET)


Startpoint: m_req (input port clocked by clk)
Endpoint: _410_ (rising edge-triggered flip-flop clocked by clk)
Path Group: clk
Path Type: max

Fanout     Cap    Slew   Delay    Time   Description
-----------------------------------------------------------------------------
                  0.15    0.00    0.00   clock clk (rise edge)
                          0.00    0.00   clock network delay (ideal)
                          2.00    2.00 ^ input external delay
                  0.02    0.01    2.01 ^ m_req (in)
     1    0.00                           m_req (net)
                  0.02    0.00    2.01 ^ input33/A (sky130_fd_sc_hd__buf_1)
                  0.16    0.16    2.17 ^ input33/X (sky130_fd_sc_hd__buf_1)
     1    0.01                           net33 (net)
                  0.16    0.00    2.17 ^ _249_/C_N (sky130_fd_sc_hd__or3b_2)
                  0.12    0.55    2.72 v _249_/X (sky130_fd_sc_hd__or3b_2)
     3    0.02                           _104_ (net)
                  0.12    0.00    2.72 v _271_/A (sky130_fd_sc_hd__buf_8)
                  0.07    0.20    2.92 v _271_/X (sky130_fd_sc_hd__buf_8)
    10    0.09                           _115_ (net)
                  0.07    0.00    2.93 v _293_/A (sky130_fd_sc_hd__buf_4)
                  0.09    0.22    3.14 v _293_/X (sky130_fd_sc_hd__buf_4)
    10    0.06                           _127_ (net)
                  0.09    0.00    3.14 v _294_/S (sky130_fd_sc_hd__mux2_1)
                  0.05    0.33    3.48 v _294_/X (sky130_fd_sc_hd__mux2_1)
     1    0.00                           _128_ (net)
                  0.05    0.00    3.48 v _295_/A (sky130_fd_sc_hd__clkbuf_1)
                  0.02    0.09    3.57 v _295_/X (sky130_fd_sc_hd__clkbuf_1)
     1    0.00                           _021_ (net)
                  0.02    0.00    3.57 v _410_/D (sky130_fd_sc_hd__dfrtp_4)
                                  3.57   data arrival time

                  0.15   10.00   10.00   clock clk (rise edge)
                          0.00   10.00   clock network delay (ideal)
                         -0.25    9.75   clock uncertainty
                          0.00    9.75   clock reconvergence pessimism
                                  9.75 ^ _410_/CLK (sky130_fd_sc_hd__dfrtp_4)
                         -0.08    9.67   library setup time
                                  9.67   data required time
-----------------------------------------------------------------------------
                                  9.67   data required time
                                 -3.57   data arrival time
-----------------------------------------------------------------------------
                                  6.10   slack (MET)


Startpoint: m_req (input port clocked by clk)
Endpoint: _415_ (rising edge-triggered flip-flop clocked by clk)
Path Group: clk
Path Type: max

Fanout     Cap    Slew   Delay    Time   Description
-----------------------------------------------------------------------------
                  0.15    0.00    0.00   clock clk (rise edge)
                          0.00    0.00   clock network delay (ideal)
                          2.00    2.00 ^ input external delay
                  0.02    0.01    2.01 ^ m_req (in)
     1    0.00                           m_req (net)
                  0.02    0.00    2.01 ^ input33/A (sky130_fd_sc_hd__buf_1)
                  0.16    0.16    2.17 ^ input33/X (sky130_fd_sc_hd__buf_1)
     1    0.01                           net33 (net)
                  0.16    0.00    2.17 ^ _249_/C_N (sky130_fd_sc_hd__or3b_2)
                  0.12    0.55    2.72 v _249_/X (sky130_fd_sc_hd__or3b_2)
     3    0.02                           _104_ (net)
                  0.12    0.00    2.72 v _271_/A (sky130_fd_sc_hd__buf_8)
                  0.07    0.20    2.92 v _271_/X (sky130_fd_sc_hd__buf_8)
    10    0.09                           _115_ (net)
                  0.07    0.00    2.93 v _293_/A (sky130_fd_sc_hd__buf_4)
                  0.09    0.22    3.14 v _293_/X (sky130_fd_sc_hd__buf_4)
    10    0.06                           _127_ (net)
                  0.09    0.00    3.14 v _304_/S (sky130_fd_sc_hd__mux2_1)
                  0.05    0.33    3.47 v _304_/X (sky130_fd_sc_hd__mux2_1)
     1    0.00                           _133_ (net)
                  0.05    0.00    3.47 v _305_/A (sky130_fd_sc_hd__clkbuf_1)
                  0.02    0.09    3.57 v _305_/X (sky130_fd_sc_hd__clkbuf_1)
     1    0.00                           _026_ (net)
                  0.02    0.00    3.57 v _415_/D (sky130_fd_sc_hd__dfrtp_2)
                                  3.57   data arrival time

                  0.15   10.00   10.00   clock clk (rise edge)
                          0.00   10.00   clock network delay (ideal)
                         -0.25    9.75   clock uncertainty
                          0.00    9.75   clock reconvergence pessimism
                                  9.75 ^ _415_/CLK (sky130_fd_sc_hd__dfrtp_2)
                         -0.08    9.67   library setup time
                                  9.67   data required time
-----------------------------------------------------------------------------
                                  9.67   data required time
                                 -3.57   data arrival time
-----------------------------------------------------------------------------
                                  6.10   slack (MET)


Startpoint: m_req (input port clocked by clk)
Endpoint: _421_ (rising edge-triggered flip-flop clocked by clk)
Path Group: clk
Path Type: max

Fanout     Cap    Slew   Delay    Time   Description
-----------------------------------------------------------------------------
                  0.15    0.00    0.00   clock clk (rise edge)
                          0.00    0.00   clock network delay (ideal)
                          2.00    2.00 ^ input external delay
                  0.02    0.01    2.01 ^ m_req (in)
     1    0.00                           m_req (net)
                  0.02    0.00    2.01 ^ input33/A (sky130_fd_sc_hd__buf_1)
                  0.16    0.16    2.17 ^ input33/X (sky130_fd_sc_hd__buf_1)
     1    0.01                           net33 (net)
                  0.16    0.00    2.17 ^ _249_/C_N (sky130_fd_sc_hd__or3b_2)
                  0.12    0.55    2.72 v _249_/X (sky130_fd_sc_hd__or3b_2)
     3    0.02                           _104_ (net)
                  0.12    0.00    2.72 v _271_/A (sky130_fd_sc_hd__buf_8)
                  0.07    0.20    2.92 v _271_/X (sky130_fd_sc_hd__buf_8)
    10    0.09                           _115_ (net)
                  0.07    0.00    2.92 v _314_/A (sky130_fd_sc_hd__clkbuf_8)
                  0.09    0.21    3.13 v _314_/X (sky130_fd_sc_hd__clkbuf_8)
    10    0.07                           _138_ (net)
                  0.09    0.00    3.13 v _317_/S (sky130_fd_sc_hd__mux2_1)
                  0.06    0.34    3.47 v _317_/X (sky130_fd_sc_hd__mux2_1)
     1    0.00                           _140_ (net)
                  0.06    0.00    3.47 v _318_/A (sky130_fd_sc_hd__clkbuf_1)
                  0.03    0.10    3.57 v _318_/X (sky130_fd_sc_hd__clkbuf_1)
     1    0.00                           _032_ (net)
                  0.03    0.00    3.57 v _421_/D (sky130_fd_sc_hd__dfrtp_1)
                                  3.57   data arrival time

                  0.15   10.00   10.00   clock clk (rise edge)
                          0.00   10.00   clock network delay (ideal)
                         -0.25    9.75   clock uncertainty
                          0.00    9.75   clock reconvergence pessimism
                                  9.75 ^ _421_/CLK (sky130_fd_sc_hd__dfrtp_1)
                         -0.08    9.67   library setup time
                                  9.67   data required time
-----------------------------------------------------------------------------
                                  9.67   data required time
                                 -3.57   data arrival time
-----------------------------------------------------------------------------
                                  6.10   slack (MET)


Startpoint: m_req (input port clocked by clk)
Endpoint: _405_ (rising edge-triggered flip-flop clocked by clk)
Path Group: clk
Path Type: max

Fanout     Cap    Slew   Delay    Time   Description
-----------------------------------------------------------------------------
                  0.15    0.00    0.00   clock clk (rise edge)
                          0.00    0.00   clock network delay (ideal)
                          2.00    2.00 ^ input external delay
                  0.02    0.01    2.01 ^ m_req (in)
     1    0.00                           m_req (net)
                  0.02    0.00    2.01 ^ input33/A (sky130_fd_sc_hd__buf_1)
                  0.16    0.16    2.17 ^ input33/X (sky130_fd_sc_hd__buf_1)
     1    0.01                           net33 (net)
                  0.16    0.00    2.17 ^ _249_/C_N (sky130_fd_sc_hd__or3b_2)
                  0.12    0.55    2.72 v _249_/X (sky130_fd_sc_hd__or3b_2)
     3    0.02                           _104_ (net)
                  0.12    0.00    2.72 v _271_/A (sky130_fd_sc_hd__buf_8)
                  0.07    0.20    2.92 v _271_/X (sky130_fd_sc_hd__buf_8)
    10    0.09                           _115_ (net)
                  0.07    0.00    2.92 v _272_/A (sky130_fd_sc_hd__buf_4)
                  0.08    0.22    3.14 v _272_/X (sky130_fd_sc_hd__buf_4)
    10    0.06                           _116_ (net)
                  0.08    0.00    3.14 v _283_/S (sky130_fd_sc_hd__mux2_1)
                  0.05    0.33    3.47 v _283_/X (sky130_fd_sc_hd__mux2_1)
     1    0.00                           _122_ (net)
                  0.05    0.00    3.47 v _284_/A (sky130_fd_sc_hd__clkbuf_1)
                  0.02    0.09    3.56 v _284_/X (sky130_fd_sc_hd__clkbuf_1)
     1    0.00                           _016_ (net)
                  0.02    0.00    3.56 v _405_/D (sky130_fd_sc_hd__dfrtp_2)
                                  3.56   data arrival time

                  0.15   10.00   10.00   clock clk (rise edge)
                          0.00   10.00   clock network delay (ideal)
                         -0.25    9.75   clock uncertainty
                          0.00    9.75   clock reconvergence pessimism
                                  9.75 ^ _405_/CLK (sky130_fd_sc_hd__dfrtp_2)
                         -0.08    9.67   library setup time
                                  9.67   data required time
-----------------------------------------------------------------------------
                                  9.67   data required time
                                 -3.56   data arrival time
-----------------------------------------------------------------------------
                                  6.10   slack (MET)


Startpoint: m_req (input port clocked by clk)
Endpoint: _417_ (rising edge-triggered flip-flop clocked by clk)
Path Group: clk
Path Type: max

Fanout     Cap    Slew   Delay    Time   Description
-----------------------------------------------------------------------------
                  0.15    0.00    0.00   clock clk (rise edge)
                          0.00    0.00   clock network delay (ideal)
                          2.00    2.00 ^ input external delay
                  0.02    0.01    2.01 ^ m_req (in)
     1    0.00                           m_req (net)
                  0.02    0.00    2.01 ^ input33/A (sky130_fd_sc_hd__buf_1)
                  0.16    0.16    2.17 ^ input33/X (sky130_fd_sc_hd__buf_1)
     1    0.01                           net33 (net)
                  0.16    0.00    2.17 ^ _249_/C_N (sky130_fd_sc_hd__or3b_2)
                  0.12    0.55    2.72 v _249_/X (sky130_fd_sc_hd__or3b_2)
     3    0.02                           _104_ (net)
                  0.12    0.00    2.72 v _271_/A (sky130_fd_sc_hd__buf_8)
                  0.07    0.20    2.92 v _271_/X (sky130_fd_sc_hd__buf_8)
    10    0.09                           _115_ (net)
                  0.07    0.00    2.93 v _293_/A (sky130_fd_sc_hd__buf_4)
                  0.09    0.22    3.14 v _293_/X (sky130_fd_sc_hd__buf_4)
    10    0.06                           _127_ (net)
                  0.09    0.00    3.14 v _308_/S (sky130_fd_sc_hd__mux2_1)
                  0.05    0.33    3.47 v _308_/X (sky130_fd_sc_hd__mux2_1)
     1    0.00                           _135_ (net)
                  0.05    0.00    3.47 v _309_/A (sky130_fd_sc_hd__clkbuf_1)
                  0.02    0.09    3.56 v _309_/X (sky130_fd_sc_hd__clkbuf_1)
     1    0.00                           _028_ (net)
                  0.02    0.00    3.56 v _417_/D (sky130_fd_sc_hd__dfrtp_1)
                                  3.56   data arrival time

                  0.15   10.00   10.00   clock clk (rise edge)
                          0.00   10.00   clock network delay (ideal)
                         -0.25    9.75   clock uncertainty
                          0.00    9.75   clock reconvergence pessimism
                                  9.75 ^ _417_/CLK (sky130_fd_sc_hd__dfrtp_1)
                         -0.08    9.67   library setup time
                                  9.67   data required time
-----------------------------------------------------------------------------
                                  9.67   data required time
                                 -3.56   data arrival time
-----------------------------------------------------------------------------
                                  6.11   slack (MET)


Startpoint: m_req (input port clocked by clk)
Endpoint: _412_ (rising edge-triggered flip-flop clocked by clk)
Path Group: clk
Path Type: max

Fanout     Cap    Slew   Delay    Time   Description
-----------------------------------------------------------------------------
                  0.15    0.00    0.00   clock clk (rise edge)
                          0.00    0.00   clock network delay (ideal)
                          2.00    2.00 ^ input external delay
                  0.02    0.01    2.01 ^ m_req (in)
     1    0.00                           m_req (net)
                  0.02    0.00    2.01 ^ input33/A (sky130_fd_sc_hd__buf_1)
                  0.16    0.16    2.17 ^ input33/X (sky130_fd_sc_hd__buf_1)
     1    0.01                           net33 (net)
                  0.16    0.00    2.17 ^ _249_/C_N (sky130_fd_sc_hd__or3b_2)
                  0.12    0.55    2.72 v _249_/X (sky130_fd_sc_hd__or3b_2)
     3    0.02                           _104_ (net)
                  0.12    0.00    2.72 v _271_/A (sky130_fd_sc_hd__buf_8)
                  0.07    0.20    2.92 v _271_/X (sky130_fd_sc_hd__buf_8)
    10    0.09                           _115_ (net)
                  0.07    0.00    2.93 v _293_/A (sky130_fd_sc_hd__buf_4)
                  0.09    0.22    3.14 v _293_/X (sky130_fd_sc_hd__buf_4)
    10    0.06                           _127_ (net)
                  0.09    0.00    3.14 v _298_/S (sky130_fd_sc_hd__mux2_1)
                  0.05    0.33    3.47 v _298_/X (sky130_fd_sc_hd__mux2_1)
     1    0.00                           _130_ (net)
                  0.05    0.00    3.47 v _299_/A (sky130_fd_sc_hd__clkbuf_1)
                  0.02    0.09    3.56 v _299_/X (sky130_fd_sc_hd__clkbuf_1)
     1    0.00                           _023_ (net)
                  0.02    0.00    3.56 v _412_/D (sky130_fd_sc_hd__dfrtp_1)
                                  3.56   data arrival time

                  0.15   10.00   10.00   clock clk (rise edge)
                          0.00   10.00   clock network delay (ideal)
                         -0.25    9.75   clock uncertainty
                          0.00    9.75   clock reconvergence pessimism
                                  9.75 ^ _412_/CLK (sky130_fd_sc_hd__dfrtp_1)
                         -0.08    9.67   library setup time
                                  9.67   data required time
-----------------------------------------------------------------------------
                                  9.67   data required time
                                 -3.56   data arrival time
-----------------------------------------------------------------------------
                                  6.11   slack (MET)


Startpoint: m_req (input port clocked by clk)
Endpoint: _408_ (rising edge-triggered flip-flop clocked by clk)
Path Group: clk
Path Type: max

Fanout     Cap    Slew   Delay    Time   Description
-----------------------------------------------------------------------------
                  0.15    0.00    0.00   clock clk (rise edge)
                          0.00    0.00   clock network delay (ideal)
                          2.00    2.00 ^ input external delay
                  0.02    0.01    2.01 ^ m_req (in)
     1    0.00                           m_req (net)
                  0.02    0.00    2.01 ^ input33/A (sky130_fd_sc_hd__buf_1)
                  0.16    0.16    2.17 ^ input33/X (sky130_fd_sc_hd__buf_1)
     1    0.01                           net33 (net)
                  0.16    0.00    2.17 ^ _249_/C_N (sky130_fd_sc_hd__or3b_2)
                  0.12    0.55    2.72 v _249_/X (sky130_fd_sc_hd__or3b_2)
     3    0.02                           _104_ (net)
                  0.12    0.00    2.72 v _271_/A (sky130_fd_sc_hd__buf_8)
                  0.07    0.20    2.92 v _271_/X (sky130_fd_sc_hd__buf_8)
    10    0.09                           _115_ (net)
                  0.07    0.00    2.92 v _272_/A (sky130_fd_sc_hd__buf_4)
                  0.08    0.22    3.14 v _272_/X (sky130_fd_sc_hd__buf_4)
    10    0.06                           _116_ (net)
                  0.08    0.00    3.14 v _289_/S (sky130_fd_sc_hd__mux2_1)
                  0.05    0.33    3.47 v _289_/X (sky130_fd_sc_hd__mux2_1)
     1    0.00                           _125_ (net)
                  0.05    0.00    3.47 v _290_/A (sky130_fd_sc_hd__clkbuf_1)
                  0.02    0.09    3.56 v _290_/X (sky130_fd_sc_hd__clkbuf_1)
     1    0.00                           _019_ (net)
                  0.02    0.00    3.56 v _408_/D (sky130_fd_sc_hd__dfrtp_4)
                                  3.56   data arrival time

                  0.15   10.00   10.00   clock clk (rise edge)
                          0.00   10.00   clock network delay (ideal)
                         -0.25    9.75   clock uncertainty
                          0.00    9.75   clock reconvergence pessimism
                                  9.75 ^ _408_/CLK (sky130_fd_sc_hd__dfrtp_4)
                         -0.08    9.67   library setup time
                                  9.67   data required time
-----------------------------------------------------------------------------
                                  9.67   data required time
                                 -3.56   data arrival time
-----------------------------------------------------------------------------
                                  6.11   slack (MET)


Startpoint: m_req (input port clocked by clk)
Endpoint: _407_ (rising edge-triggered flip-flop clocked by clk)
Path Group: clk
Path Type: max

Fanout     Cap    Slew   Delay    Time   Description
-----------------------------------------------------------------------------
                  0.15    0.00    0.00   clock clk (rise edge)
                          0.00    0.00   clock network delay (ideal)
                          2.00    2.00 ^ input external delay
                  0.02    0.01    2.01 ^ m_req (in)
     1    0.00                           m_req (net)
                  0.02    0.00    2.01 ^ input33/A (sky130_fd_sc_hd__buf_1)
                  0.16    0.16    2.17 ^ input33/X (sky130_fd_sc_hd__buf_1)
     1    0.01                           net33 (net)
                  0.16    0.00    2.17 ^ _249_/C_N (sky130_fd_sc_hd__or3b_2)
                  0.12    0.55    2.72 v _249_/X (sky130_fd_sc_hd__or3b_2)
     3    0.02                           _104_ (net)
                  0.12    0.00    2.72 v _271_/A (sky130_fd_sc_hd__buf_8)
                  0.07    0.20    2.92 v _271_/X (sky130_fd_sc_hd__buf_8)
    10    0.09                           _115_ (net)
                  0.07    0.00    2.92 v _272_/A (sky130_fd_sc_hd__buf_4)
                  0.08    0.22    3.14 v _272_/X (sky130_fd_sc_hd__buf_4)
    10    0.06                           _116_ (net)
                  0.08    0.00    3.14 v _287_/S (sky130_fd_sc_hd__mux2_1)
                  0.05    0.33    3.47 v _287_/X (sky130_fd_sc_hd__mux2_1)
     1    0.00                           _124_ (net)
                  0.05    0.00    3.47 v _288_/A (sky130_fd_sc_hd__clkbuf_1)
                  0.02    0.09    3.56 v _288_/X (sky130_fd_sc_hd__clkbuf_1)
     1    0.00                           _018_ (net)
                  0.02    0.00    3.56 v _407_/D (sky130_fd_sc_hd__dfrtp_1)
                                  3.56   data arrival time

                  0.15   10.00   10.00   clock clk (rise edge)
                          0.00   10.00   clock network delay (ideal)
                         -0.25    9.75   clock uncertainty
                          0.00    9.75   clock reconvergence pessimism
                                  9.75 ^ _407_/CLK (sky130_fd_sc_hd__dfrtp_1)
                         -0.08    9.67   library setup time
                                  9.67   data required time
-----------------------------------------------------------------------------
                                  9.67   data required time
                                 -3.56   data arrival time
-----------------------------------------------------------------------------
                                  6.11   slack (MET)


Startpoint: m_req (input port clocked by clk)
Endpoint: _404_ (rising edge-triggered flip-flop clocked by clk)
Path Group: clk
Path Type: max

Fanout     Cap    Slew   Delay    Time   Description
-----------------------------------------------------------------------------
                  0.15    0.00    0.00   clock clk (rise edge)
                          0.00    0.00   clock network delay (ideal)
                          2.00    2.00 ^ input external delay
                  0.02    0.01    2.01 ^ m_req (in)
     1    0.00                           m_req (net)
                  0.02    0.00    2.01 ^ input33/A (sky130_fd_sc_hd__buf_1)
                  0.16    0.16    2.17 ^ input33/X (sky130_fd_sc_hd__buf_1)
     1    0.01                           net33 (net)
                  0.16    0.00    2.17 ^ _249_/C_N (sky130_fd_sc_hd__or3b_2)
                  0.12    0.55    2.72 v _249_/X (sky130_fd_sc_hd__or3b_2)
     3    0.02                           _104_ (net)
                  0.12    0.00    2.72 v _271_/A (sky130_fd_sc_hd__buf_8)
                  0.07    0.20    2.92 v _271_/X (sky130_fd_sc_hd__buf_8)
    10    0.09                           _115_ (net)
                  0.07    0.00    2.92 v _272_/A (sky130_fd_sc_hd__buf_4)
                  0.08    0.22    3.14 v _272_/X (sky130_fd_sc_hd__buf_4)
    10    0.06                           _116_ (net)
                  0.08    0.00    3.14 v _281_/S (sky130_fd_sc_hd__mux2_1)
                  0.05    0.33    3.47 v _281_/X (sky130_fd_sc_hd__mux2_1)
     1    0.00                           _121_ (net)
                  0.05    0.00    3.47 v _282_/A (sky130_fd_sc_hd__clkbuf_1)
                  0.02    0.09    3.56 v _282_/X (sky130_fd_sc_hd__clkbuf_1)
     1    0.00                           _015_ (net)
                  0.02    0.00    3.56 v _404_/D (sky130_fd_sc_hd__dfrtp_4)
                                  3.56   data arrival time

                  0.15   10.00   10.00   clock clk (rise edge)
                          0.00   10.00   clock network delay (ideal)
                         -0.25    9.75   clock uncertainty
                          0.00    9.75   clock reconvergence pessimism
                                  9.75 ^ _404_/CLK (sky130_fd_sc_hd__dfrtp_4)
                         -0.08    9.67   library setup time
                                  9.67   data required time
-----------------------------------------------------------------------------
                                  9.67   data required time
                                 -3.56   data arrival time
-----------------------------------------------------------------------------
                                  6.11   slack (MET)


Startpoint: m_req (input port clocked by clk)
Endpoint: _416_ (rising edge-triggered flip-flop clocked by clk)
Path Group: clk
Path Type: max

Fanout     Cap    Slew   Delay    Time   Description
-----------------------------------------------------------------------------
                  0.15    0.00    0.00   clock clk (rise edge)
                          0.00    0.00   clock network delay (ideal)
                          2.00    2.00 ^ input external delay
                  0.02    0.01    2.01 ^ m_req (in)
     1    0.00                           m_req (net)
                  0.02    0.00    2.01 ^ input33/A (sky130_fd_sc_hd__buf_1)
                  0.16    0.16    2.17 ^ input33/X (sky130_fd_sc_hd__buf_1)
     1    0.01                           net33 (net)
                  0.16    0.00    2.17 ^ _249_/C_N (sky130_fd_sc_hd__or3b_2)
                  0.12    0.55    2.72 v _249_/X (sky130_fd_sc_hd__or3b_2)
     3    0.02                           _104_ (net)
                  0.12    0.00    2.72 v _271_/A (sky130_fd_sc_hd__buf_8)
                  0.07    0.20    2.92 v _271_/X (sky130_fd_sc_hd__buf_8)
    10    0.09                           _115_ (net)
                  0.07    0.00    2.93 v _293_/A (sky130_fd_sc_hd__buf_4)
                  0.09    0.22    3.14 v _293_/X (sky130_fd_sc_hd__buf_4)
    10    0.06                           _127_ (net)
                  0.09    0.00    3.14 v _306_/S (sky130_fd_sc_hd__mux2_1)
                  0.05    0.33    3.47 v _306_/X (sky130_fd_sc_hd__mux2_1)
     1    0.00                           _134_ (net)
                  0.05    0.00    3.47 v _307_/A (sky130_fd_sc_hd__clkbuf_1)
                  0.02    0.09    3.56 v _307_/X (sky130_fd_sc_hd__clkbuf_1)
     1    0.00                           _027_ (net)
                  0.02    0.00    3.56 v _416_/D (sky130_fd_sc_hd__dfrtp_1)
                                  3.56   data arrival time

                  0.15   10.00   10.00   clock clk (rise edge)
                          0.00   10.00   clock network delay (ideal)
                         -0.25    9.75   clock uncertainty
                          0.00    9.75   clock reconvergence pessimism
                                  9.75 ^ _416_/CLK (sky130_fd_sc_hd__dfrtp_1)
                         -0.08    9.67   library setup time
                                  9.67   data required time
-----------------------------------------------------------------------------
                                  9.67   data required time
                                 -3.56   data arrival time
-----------------------------------------------------------------------------
                                  6.11   slack (MET)


Startpoint: m_req (input port clocked by clk)
Endpoint: _406_ (rising edge-triggered flip-flop clocked by clk)
Path Group: clk
Path Type: max

Fanout     Cap    Slew   Delay    Time   Description
-----------------------------------------------------------------------------
                  0.15    0.00    0.00   clock clk (rise edge)
                          0.00    0.00   clock network delay (ideal)
                          2.00    2.00 ^ input external delay
                  0.02    0.01    2.01 ^ m_req (in)
     1    0.00                           m_req (net)
                  0.02    0.00    2.01 ^ input33/A (sky130_fd_sc_hd__buf_1)
                  0.16    0.16    2.17 ^ input33/X (sky130_fd_sc_hd__buf_1)
     1    0.01                           net33 (net)
                  0.16    0.00    2.17 ^ _249_/C_N (sky130_fd_sc_hd__or3b_2)
                  0.12    0.55    2.72 v _249_/X (sky130_fd_sc_hd__or3b_2)
     3    0.02                           _104_ (net)
                  0.12    0.00    2.72 v _271_/A (sky130_fd_sc_hd__buf_8)
                  0.07    0.20    2.92 v _271_/X (sky130_fd_sc_hd__buf_8)
    10    0.09                           _115_ (net)
                  0.07    0.00    2.92 v _272_/A (sky130_fd_sc_hd__buf_4)
                  0.08    0.22    3.14 v _272_/X (sky130_fd_sc_hd__buf_4)
    10    0.06                           _116_ (net)
                  0.08    0.00    3.14 v _285_/S (sky130_fd_sc_hd__mux2_1)
                  0.06    0.33    3.47 v _285_/X (sky130_fd_sc_hd__mux2_1)
     1    0.00                           _123_ (net)
                  0.06    0.00    3.47 v _286_/A (sky130_fd_sc_hd__clkbuf_1)
                  0.02    0.09    3.56 v _286_/X (sky130_fd_sc_hd__clkbuf_1)
     1    0.00                           _017_ (net)
                  0.02    0.00    3.56 v _406_/D (sky130_fd_sc_hd__dfrtp_1)
                                  3.56   data arrival time

                  0.15   10.00   10.00   clock clk (rise edge)
                          0.00   10.00   clock network delay (ideal)
                         -0.25    9.75   clock uncertainty
                          0.00    9.75   clock reconvergence pessimism
                                  9.75 ^ _406_/CLK (sky130_fd_sc_hd__dfrtp_1)
                         -0.08    9.67   library setup time
                                  9.67   data required time
-----------------------------------------------------------------------------
                                  9.67   data required time
                                 -3.56   data arrival time
-----------------------------------------------------------------------------
                                  6.11   slack (MET)


Startpoint: m_req (input port clocked by clk)
Endpoint: _427_ (rising edge-triggered flip-flop clocked by clk)
Path Group: clk
Path Type: max

Fanout     Cap    Slew   Delay    Time   Description
-----------------------------------------------------------------------------
                  0.15    0.00    0.00   clock clk (rise edge)
                          0.00    0.00   clock network delay (ideal)
                          2.00    2.00 ^ input external delay
                  0.02    0.01    2.01 ^ m_req (in)
     1    0.00                           m_req (net)
                  0.02    0.00    2.01 ^ input33/A (sky130_fd_sc_hd__buf_1)
                  0.16    0.16    2.17 ^ input33/X (sky130_fd_sc_hd__buf_1)
     1    0.01                           net33 (net)
                  0.16    0.00    2.17 ^ _249_/C_N (sky130_fd_sc_hd__or3b_2)
                  0.12    0.55    2.72 v _249_/X (sky130_fd_sc_hd__or3b_2)
     3    0.02                           _104_ (net)
                  0.12    0.00    2.72 v _271_/A (sky130_fd_sc_hd__buf_8)
                  0.07    0.20    2.92 v _271_/X (sky130_fd_sc_hd__buf_8)
    10    0.09                           _115_ (net)
                  0.07    0.00    2.92 v _314_/A (sky130_fd_sc_hd__clkbuf_8)
                  0.09    0.21    3.13 v _314_/X (sky130_fd_sc_hd__clkbuf_8)
    10    0.07                           _138_ (net)
                  0.09    0.00    3.13 v _329_/S (sky130_fd_sc_hd__mux2_1)
                  0.06    0.33    3.47 v _329_/X (sky130_fd_sc_hd__mux2_1)
     1    0.00                           _146_ (net)
                  0.06    0.00    3.47 v _330_/A (sky130_fd_sc_hd__clkbuf_1)
                  0.02    0.09    3.56 v _330_/X (sky130_fd_sc_hd__clkbuf_1)
     1    0.00                           _038_ (net)
                  0.02    0.00    3.56 v _427_/D (sky130_fd_sc_hd__dfrtp_1)
                                  3.56   data arrival time

                  0.15   10.00   10.00   clock clk (rise edge)
                          0.00   10.00   clock network delay (ideal)
                         -0.25    9.75   clock uncertainty
                          0.00    9.75   clock reconvergence pessimism
                                  9.75 ^ _427_/CLK (sky130_fd_sc_hd__dfrtp_1)
                         -0.08    9.67   library setup time
                                  9.67   data required time
-----------------------------------------------------------------------------
                                  9.67   data required time
                                 -3.56   data arrival time
-----------------------------------------------------------------------------
                                  6.11   slack (MET)


Startpoint: m_req (input port clocked by clk)
Endpoint: _426_ (rising edge-triggered flip-flop clocked by clk)
Path Group: clk
Path Type: max

Fanout     Cap    Slew   Delay    Time   Description
-----------------------------------------------------------------------------
                  0.15    0.00    0.00   clock clk (rise edge)
                          0.00    0.00   clock network delay (ideal)
                          2.00    2.00 ^ input external delay
                  0.02    0.01    2.01 ^ m_req (in)
     1    0.00                           m_req (net)
                  0.02    0.00    2.01 ^ input33/A (sky130_fd_sc_hd__buf_1)
                  0.16    0.16    2.17 ^ input33/X (sky130_fd_sc_hd__buf_1)
     1    0.01                           net33 (net)
                  0.16    0.00    2.17 ^ _249_/C_N (sky130_fd_sc_hd__or3b_2)
                  0.12    0.55    2.72 v _249_/X (sky130_fd_sc_hd__or3b_2)
     3    0.02                           _104_ (net)
                  0.12    0.00    2.72 v _271_/A (sky130_fd_sc_hd__buf_8)
                  0.07    0.20    2.92 v _271_/X (sky130_fd_sc_hd__buf_8)
    10    0.09                           _115_ (net)
                  0.07    0.00    2.92 v _314_/A (sky130_fd_sc_hd__clkbuf_8)
                  0.09    0.21    3.13 v _314_/X (sky130_fd_sc_hd__clkbuf_8)
    10    0.07                           _138_ (net)
                  0.09    0.00    3.13 v _327_/S (sky130_fd_sc_hd__mux2_1)
                  0.05    0.33    3.47 v _327_/X (sky130_fd_sc_hd__mux2_1)
     1    0.00                           _145_ (net)
                  0.05    0.00    3.47 v _328_/A (sky130_fd_sc_hd__clkbuf_1)
                  0.02    0.09    3.56 v _328_/X (sky130_fd_sc_hd__clkbuf_1)
     1    0.00                           _037_ (net)
                  0.02    0.00    3.56 v _426_/D (sky130_fd_sc_hd__dfrtp_1)
                                  3.56   data arrival time

                  0.15   10.00   10.00   clock clk (rise edge)
                          0.00   10.00   clock network delay (ideal)
                         -0.25    9.75   clock uncertainty
                          0.00    9.75   clock reconvergence pessimism
                                  9.75 ^ _426_/CLK (sky130_fd_sc_hd__dfrtp_1)
                         -0.08    9.67   library setup time
                                  9.67   data required time
-----------------------------------------------------------------------------
                                  9.67   data required time
                                 -3.56   data arrival time
-----------------------------------------------------------------------------
                                  6.11   slack (MET)


Startpoint: m_req (input port clocked by clk)
Endpoint: _409_ (rising edge-triggered flip-flop clocked by clk)
Path Group: clk
Path Type: max

Fanout     Cap    Slew   Delay    Time   Description
-----------------------------------------------------------------------------
                  0.15    0.00    0.00   clock clk (rise edge)
                          0.00    0.00   clock network delay (ideal)
                          2.00    2.00 ^ input external delay
                  0.02    0.01    2.01 ^ m_req (in)
     1    0.00                           m_req (net)
                  0.02    0.00    2.01 ^ input33/A (sky130_fd_sc_hd__buf_1)
                  0.16    0.16    2.17 ^ input33/X (sky130_fd_sc_hd__buf_1)
     1    0.01                           net33 (net)
                  0.16    0.00    2.17 ^ _249_/C_N (sky130_fd_sc_hd__or3b_2)
                  0.12    0.55    2.72 v _249_/X (sky130_fd_sc_hd__or3b_2)
     3    0.02                           _104_ (net)
                  0.12    0.00    2.72 v _271_/A (sky130_fd_sc_hd__buf_8)
                  0.07    0.20    2.92 v _271_/X (sky130_fd_sc_hd__buf_8)
    10    0.09                           _115_ (net)
                  0.07    0.00    2.92 v _272_/A (sky130_fd_sc_hd__buf_4)
                  0.08    0.22    3.14 v _272_/X (sky130_fd_sc_hd__buf_4)
    10    0.06                           _116_ (net)
                  0.08    0.00    3.14 v _291_/S (sky130_fd_sc_hd__mux2_1)
                  0.05    0.33    3.47 v _291_/X (sky130_fd_sc_hd__mux2_1)
     1    0.00                           _126_ (net)
                  0.05    0.00    3.47 v _292_/A (sky130_fd_sc_hd__clkbuf_1)
                  0.02    0.09    3.56 v _292_/X (sky130_fd_sc_hd__clkbuf_1)
     1    0.00                           _020_ (net)
                  0.02    0.00    3.56 v _409_/D (sky130_fd_sc_hd__dfrtp_2)
                                  3.56   data arrival time

                  0.15   10.00   10.00   clock clk (rise edge)
                          0.00   10.00   clock network delay (ideal)
                         -0.25    9.75   clock uncertainty
                          0.00    9.75   clock reconvergence pessimism
                                  9.75 ^ _409_/CLK (sky130_fd_sc_hd__dfrtp_2)
                         -0.08    9.67   library setup time
                                  9.67   data required time
-----------------------------------------------------------------------------
                                  9.67   data required time
                                 -3.56   data arrival time
-----------------------------------------------------------------------------
                                  6.11   slack (MET)


Startpoint: m_req (input port clocked by clk)
Endpoint: _402_ (rising edge-triggered flip-flop clocked by clk)
Path Group: clk
Path Type: max

Fanout     Cap    Slew   Delay    Time   Description
-----------------------------------------------------------------------------
                  0.15    0.00    0.00   clock clk (rise edge)
                          0.00    0.00   clock network delay (ideal)
                          2.00    2.00 ^ input external delay
                  0.02    0.01    2.01 ^ m_req (in)
     1    0.00                           m_req (net)
                  0.02    0.00    2.01 ^ input33/A (sky130_fd_sc_hd__buf_1)
                  0.16    0.16    2.17 ^ input33/X (sky130_fd_sc_hd__buf_1)
     1    0.01                           net33 (net)
                  0.16    0.00    2.17 ^ _249_/C_N (sky130_fd_sc_hd__or3b_2)
                  0.12    0.55    2.72 v _249_/X (sky130_fd_sc_hd__or3b_2)
     3    0.02                           _104_ (net)
                  0.12    0.00    2.72 v _271_/A (sky130_fd_sc_hd__buf_8)
                  0.07    0.20    2.92 v _271_/X (sky130_fd_sc_hd__buf_8)
    10    0.09                           _115_ (net)
                  0.07    0.00    2.92 v _272_/A (sky130_fd_sc_hd__buf_4)
                  0.08    0.22    3.14 v _272_/X (sky130_fd_sc_hd__buf_4)
    10    0.06                           _116_ (net)
                  0.08    0.00    3.14 v _277_/S (sky130_fd_sc_hd__mux2_1)
                  0.05    0.33    3.47 v _277_/X (sky130_fd_sc_hd__mux2_1)
     1    0.00                           _119_ (net)
                  0.05    0.00    3.47 v _278_/A (sky130_fd_sc_hd__clkbuf_1)
                  0.02    0.09    3.56 v _278_/X (sky130_fd_sc_hd__clkbuf_1)
     1    0.00                           _013_ (net)
                  0.02    0.00    3.56 v _402_/D (sky130_fd_sc_hd__dfrtp_1)
                                  3.56   data arrival time

                  0.15   10.00   10.00   clock clk (rise edge)
                          0.00   10.00   clock network delay (ideal)
                         -0.25    9.75   clock uncertainty
                          0.00    9.75   clock reconvergence pessimism
                                  9.75 ^ _402_/CLK (sky130_fd_sc_hd__dfrtp_1)
                         -0.08    9.67   library setup time
                                  9.67   data required time
-----------------------------------------------------------------------------
                                  9.67   data required time
                                 -3.56   data arrival time
-----------------------------------------------------------------------------
                                  6.11   slack (MET)


Startpoint: m_req (input port clocked by clk)
Endpoint: _401_ (rising edge-triggered flip-flop clocked by clk)
Path Group: clk
Path Type: max

Fanout     Cap    Slew   Delay    Time   Description
-----------------------------------------------------------------------------
                  0.15    0.00    0.00   clock clk (rise edge)
                          0.00    0.00   clock network delay (ideal)
                          2.00    2.00 ^ input external delay
                  0.02    0.01    2.01 ^ m_req (in)
     1    0.00                           m_req (net)
                  0.02    0.00    2.01 ^ input33/A (sky130_fd_sc_hd__buf_1)
                  0.16    0.16    2.17 ^ input33/X (sky130_fd_sc_hd__buf_1)
     1    0.01                           net33 (net)
                  0.16    0.00    2.17 ^ _249_/C_N (sky130_fd_sc_hd__or3b_2)
                  0.12    0.55    2.72 v _249_/X (sky130_fd_sc_hd__or3b_2)
     3    0.02                           _104_ (net)
                  0.12    0.00    2.72 v _271_/A (sky130_fd_sc_hd__buf_8)
                  0.07    0.20    2.92 v _271_/X (sky130_fd_sc_hd__buf_8)
    10    0.09                           _115_ (net)
                  0.07    0.00    2.92 v _272_/A (sky130_fd_sc_hd__buf_4)
                  0.08    0.22    3.14 v _272_/X (sky130_fd_sc_hd__buf_4)
    10    0.06                           _116_ (net)
                  0.08    0.00    3.14 v _275_/S (sky130_fd_sc_hd__mux2_1)
                  0.05    0.33    3.47 v _275_/X (sky130_fd_sc_hd__mux2_1)
     1    0.00                           _118_ (net)
                  0.05    0.00    3.47 v _276_/A (sky130_fd_sc_hd__clkbuf_1)
                  0.03    0.09    3.56 v _276_/X (sky130_fd_sc_hd__clkbuf_1)
     1    0.00                           _012_ (net)
                  0.03    0.00    3.56 v _401_/D (sky130_fd_sc_hd__dfrtp_2)
                                  3.56   data arrival time

                  0.15   10.00   10.00   clock clk (rise edge)
                          0.00   10.00   clock network delay (ideal)
                         -0.25    9.75   clock uncertainty
                          0.00    9.75   clock reconvergence pessimism
                                  9.75 ^ _401_/CLK (sky130_fd_sc_hd__dfrtp_2)
                         -0.08    9.67   library setup time
                                  9.67   data required time
-----------------------------------------------------------------------------
                                  9.67   data required time
                                 -3.56   data arrival time
-----------------------------------------------------------------------------
                                  6.11   slack (MET)


Startpoint: m_req (input port clocked by clk)
Endpoint: _424_ (rising edge-triggered flip-flop clocked by clk)
Path Group: clk
Path Type: max

Fanout     Cap    Slew   Delay    Time   Description
-----------------------------------------------------------------------------
                  0.15    0.00    0.00   clock clk (rise edge)
                          0.00    0.00   clock network delay (ideal)
                          2.00    2.00 ^ input external delay
                  0.02    0.01    2.01 ^ m_req (in)
     1    0.00                           m_req (net)
                  0.02    0.00    2.01 ^ input33/A (sky130_fd_sc_hd__buf_1)
                  0.16    0.16    2.17 ^ input33/X (sky130_fd_sc_hd__buf_1)
     1    0.01                           net33 (net)
                  0.16    0.00    2.17 ^ _249_/C_N (sky130_fd_sc_hd__or3b_2)
                  0.12    0.55    2.72 v _249_/X (sky130_fd_sc_hd__or3b_2)
     3    0.02                           _104_ (net)
                  0.12    0.00    2.72 v _271_/A (sky130_fd_sc_hd__buf_8)
                  0.07    0.20    2.92 v _271_/X (sky130_fd_sc_hd__buf_8)
    10    0.09                           _115_ (net)
                  0.07    0.00    2.92 v _314_/A (sky130_fd_sc_hd__clkbuf_8)
                  0.09    0.21    3.13 v _314_/X (sky130_fd_sc_hd__clkbuf_8)
    10    0.07                           _138_ (net)
                  0.09    0.00    3.13 v _323_/S (sky130_fd_sc_hd__mux2_1)
                  0.05    0.33    3.46 v _323_/X (sky130_fd_sc_hd__mux2_1)
     1    0.00                           _143_ (net)
                  0.05    0.00    3.46 v _324_/A (sky130_fd_sc_hd__clkbuf_1)
                  0.03    0.10    3.56 v _324_/X (sky130_fd_sc_hd__clkbuf_1)
     1    0.00                           _035_ (net)
                  0.03    0.00    3.56 v _424_/D (sky130_fd_sc_hd__dfrtp_4)
                                  3.56   data arrival time

                  0.15   10.00   10.00   clock clk (rise edge)
                          0.00   10.00   clock network delay (ideal)
                         -0.25    9.75   clock uncertainty
                          0.00    9.75   clock reconvergence pessimism
                                  9.75 ^ _424_/CLK (sky130_fd_sc_hd__dfrtp_4)
                         -0.08    9.67   library setup time
                                  9.67   data required time
-----------------------------------------------------------------------------
                                  9.67   data required time
                                 -3.56   data arrival time
-----------------------------------------------------------------------------
                                  6.11   slack (MET)


Startpoint: m_req (input port clocked by clk)
Endpoint: _403_ (rising edge-triggered flip-flop clocked by clk)
Path Group: clk
Path Type: max

Fanout     Cap    Slew   Delay    Time   Description
-----------------------------------------------------------------------------
                  0.15    0.00    0.00   clock clk (rise edge)
                          0.00    0.00   clock network delay (ideal)
                          2.00    2.00 ^ input external delay
                  0.02    0.01    2.01 ^ m_req (in)
     1    0.00                           m_req (net)
                  0.02    0.00    2.01 ^ input33/A (sky130_fd_sc_hd__buf_1)
                  0.16    0.16    2.17 ^ input33/X (sky130_fd_sc_hd__buf_1)
     1    0.01                           net33 (net)
                  0.16    0.00    2.17 ^ _249_/C_N (sky130_fd_sc_hd__or3b_2)
                  0.12    0.55    2.72 v _249_/X (sky130_fd_sc_hd__or3b_2)
     3    0.02                           _104_ (net)
                  0.12    0.00    2.72 v _271_/A (sky130_fd_sc_hd__buf_8)
                  0.07    0.20    2.92 v _271_/X (sky130_fd_sc_hd__buf_8)
    10    0.09                           _115_ (net)
                  0.07    0.00    2.92 v _272_/A (sky130_fd_sc_hd__buf_4)
                  0.08    0.22    3.14 v _272_/X (sky130_fd_sc_hd__buf_4)
    10    0.06                           _116_ (net)
                  0.08    0.00    3.14 v _279_/S (sky130_fd_sc_hd__mux2_1)
                  0.05    0.33    3.47 v _279_/X (sky130_fd_sc_hd__mux2_1)
     1    0.00                           _120_ (net)
                  0.05    0.00    3.47 v _280_/A (sky130_fd_sc_hd__clkbuf_1)
                  0.02    0.09    3.56 v _280_/X (sky130_fd_sc_hd__clkbuf_1)
     1    0.00                           _014_ (net)
                  0.02    0.00    3.56 v _403_/D (sky130_fd_sc_hd__dfrtp_2)
                                  3.56   data arrival time

                  0.15   10.00   10.00   clock clk (rise edge)
                          0.00   10.00   clock network delay (ideal)
                         -0.25    9.75   clock uncertainty
                          0.00    9.75   clock reconvergence pessimism
                                  9.75 ^ _403_/CLK (sky130_fd_sc_hd__dfrtp_2)
                         -0.08    9.67   library setup time
                                  9.67   data required time
-----------------------------------------------------------------------------
                                  9.67   data required time
                                 -3.56   data arrival time
-----------------------------------------------------------------------------
                                  6.11   slack (MET)


Startpoint: m_req (input port clocked by clk)
Endpoint: _400_ (rising edge-triggered flip-flop clocked by clk)
Path Group: clk
Path Type: max

Fanout     Cap    Slew   Delay    Time   Description
-----------------------------------------------------------------------------
                  0.15    0.00    0.00   clock clk (rise edge)
                          0.00    0.00   clock network delay (ideal)
                          2.00    2.00 ^ input external delay
                  0.02    0.01    2.01 ^ m_req (in)
     1    0.00                           m_req (net)
                  0.02    0.00    2.01 ^ input33/A (sky130_fd_sc_hd__buf_1)
                  0.16    0.16    2.17 ^ input33/X (sky130_fd_sc_hd__buf_1)
     1    0.01                           net33 (net)
                  0.16    0.00    2.17 ^ _249_/C_N (sky130_fd_sc_hd__or3b_2)
                  0.12    0.55    2.72 v _249_/X (sky130_fd_sc_hd__or3b_2)
     3    0.02                           _104_ (net)
                  0.12    0.00    2.72 v _271_/A (sky130_fd_sc_hd__buf_8)
                  0.07    0.20    2.92 v _271_/X (sky130_fd_sc_hd__buf_8)
    10    0.09                           _115_ (net)
                  0.07    0.00    2.92 v _272_/A (sky130_fd_sc_hd__buf_4)
                  0.08    0.22    3.14 v _272_/X (sky130_fd_sc_hd__buf_4)
    10    0.06                           _116_ (net)
                  0.08    0.00    3.14 v _273_/S (sky130_fd_sc_hd__mux2_1)
                  0.05    0.33    3.47 v _273_/X (sky130_fd_sc_hd__mux2_1)
     1    0.00                           _117_ (net)
                  0.05    0.00    3.47 v _274_/A (sky130_fd_sc_hd__clkbuf_1)
                  0.02    0.09    3.56 v _274_/X (sky130_fd_sc_hd__clkbuf_1)
     1    0.00                           _011_ (net)
                  0.02    0.00    3.56 v _400_/D (sky130_fd_sc_hd__dfrtp_1)
                                  3.56   data arrival time

                  0.15   10.00   10.00   clock clk (rise edge)
                          0.00   10.00   clock network delay (ideal)
                         -0.25    9.75   clock uncertainty
                          0.00    9.75   clock reconvergence pessimism
                                  9.75 ^ _400_/CLK (sky130_fd_sc_hd__dfrtp_1)
                         -0.08    9.67   library setup time
                                  9.67   data required time
-----------------------------------------------------------------------------
                                  9.67   data required time
                                 -3.56   data arrival time
-----------------------------------------------------------------------------
                                  6.11   slack (MET)


Startpoint: m_req (input port clocked by clk)
Endpoint: _420_ (rising edge-triggered flip-flop clocked by clk)
Path Group: clk
Path Type: max

Fanout     Cap    Slew   Delay    Time   Description
-----------------------------------------------------------------------------
                  0.15    0.00    0.00   clock clk (rise edge)
                          0.00    0.00   clock network delay (ideal)
                          2.00    2.00 ^ input external delay
                  0.02    0.01    2.01 ^ m_req (in)
     1    0.00                           m_req (net)
                  0.02    0.00    2.01 ^ input33/A (sky130_fd_sc_hd__buf_1)
                  0.16    0.16    2.17 ^ input33/X (sky130_fd_sc_hd__buf_1)
     1    0.01                           net33 (net)
                  0.16    0.00    2.17 ^ _249_/C_N (sky130_fd_sc_hd__or3b_2)
                  0.12    0.55    2.72 v _249_/X (sky130_fd_sc_hd__or3b_2)
     3    0.02                           _104_ (net)
                  0.12    0.00    2.72 v _271_/A (sky130_fd_sc_hd__buf_8)
                  0.07    0.20    2.92 v _271_/X (sky130_fd_sc_hd__buf_8)
    10    0.09                           _115_ (net)
                  0.07    0.00    2.92 v _314_/A (sky130_fd_sc_hd__clkbuf_8)
                  0.09    0.21    3.13 v _314_/X (sky130_fd_sc_hd__clkbuf_8)
    10    0.07                           _138_ (net)
                  0.09    0.00    3.13 v _315_/S (sky130_fd_sc_hd__mux2_1)
                  0.05    0.33    3.46 v _315_/X (sky130_fd_sc_hd__mux2_1)
     1    0.00                           _139_ (net)
                  0.05    0.00    3.46 v _316_/A (sky130_fd_sc_hd__clkbuf_1)
                  0.03    0.09    3.56 v _316_/X (sky130_fd_sc_hd__clkbuf_1)
     1    0.00                           _031_ (net)
                  0.03    0.00    3.56 v _420_/D (sky130_fd_sc_hd__dfrtp_2)
                                  3.56   data arrival time

                  0.15   10.00   10.00   clock clk (rise edge)
                          0.00   10.00   clock network delay (ideal)
                         -0.25    9.75   clock uncertainty
                          0.00    9.75   clock reconvergence pessimism
                                  9.75 ^ _420_/CLK (sky130_fd_sc_hd__dfrtp_2)
                         -0.08    9.67   library setup time
                                  9.67   data required time
-----------------------------------------------------------------------------
                                  9.67   data required time
                                 -3.56   data arrival time
-----------------------------------------------------------------------------
                                  6.11   slack (MET)


Startpoint: m_req (input port clocked by clk)
Endpoint: _428_ (rising edge-triggered flip-flop clocked by clk)
Path Group: clk
Path Type: max

Fanout     Cap    Slew   Delay    Time   Description
-----------------------------------------------------------------------------
                  0.15    0.00    0.00   clock clk (rise edge)
                          0.00    0.00   clock network delay (ideal)
                          2.00    2.00 ^ input external delay
                  0.02    0.01    2.01 ^ m_req (in)
     1    0.00                           m_req (net)
                  0.02    0.00    2.01 ^ input33/A (sky130_fd_sc_hd__buf_1)
                  0.16    0.16    2.17 ^ input33/X (sky130_fd_sc_hd__buf_1)
     1    0.01                           net33 (net)
                  0.16    0.00    2.17 ^ _249_/C_N (sky130_fd_sc_hd__or3b_2)
                  0.12    0.55    2.72 v _249_/X (sky130_fd_sc_hd__or3b_2)
     3    0.02                           _104_ (net)
                  0.12    0.00    2.72 v _271_/A (sky130_fd_sc_hd__buf_8)
                  0.07    0.20    2.92 v _271_/X (sky130_fd_sc_hd__buf_8)
    10    0.09                           _115_ (net)
                  0.07    0.00    2.92 v _314_/A (sky130_fd_sc_hd__clkbuf_8)
                  0.09    0.21    3.13 v _314_/X (sky130_fd_sc_hd__clkbuf_8)
    10    0.07                           _138_ (net)
                  0.09    0.00    3.14 v _331_/S (sky130_fd_sc_hd__mux2_1)
                  0.05    0.33    3.46 v _331_/X (sky130_fd_sc_hd__mux2_1)
     1    0.00                           _147_ (net)
                  0.05    0.00    3.46 v _332_/A (sky130_fd_sc_hd__clkbuf_1)
                  0.02    0.09    3.56 v _332_/X (sky130_fd_sc_hd__clkbuf_1)
     1    0.00                           _039_ (net)
                  0.02    0.00    3.56 v _428_/D (sky130_fd_sc_hd__dfrtp_1)
                                  3.56   data arrival time

                  0.15   10.00   10.00   clock clk (rise edge)
                          0.00   10.00   clock network delay (ideal)
                         -0.25    9.75   clock uncertainty
                          0.00    9.75   clock reconvergence pessimism
                                  9.75 ^ _428_/CLK (sky130_fd_sc_hd__dfrtp_1)
                         -0.08    9.67   library setup time
                                  9.67   data required time
-----------------------------------------------------------------------------
                                  9.67   data required time
                                 -3.56   data arrival time
-----------------------------------------------------------------------------
                                  6.11   slack (MET)


Startpoint: m_req (input port clocked by clk)
Endpoint: _423_ (rising edge-triggered flip-flop clocked by clk)
Path Group: clk
Path Type: max

Fanout     Cap    Slew   Delay    Time   Description
-----------------------------------------------------------------------------
                  0.15    0.00    0.00   clock clk (rise edge)
                          0.00    0.00   clock network delay (ideal)
                          2.00    2.00 ^ input external delay
                  0.02    0.01    2.01 ^ m_req (in)
     1    0.00                           m_req (net)
                  0.02    0.00    2.01 ^ input33/A (sky130_fd_sc_hd__buf_1)
                  0.16    0.16    2.17 ^ input33/X (sky130_fd_sc_hd__buf_1)
     1    0.01                           net33 (net)
                  0.16    0.00    2.17 ^ _249_/C_N (sky130_fd_sc_hd__or3b_2)
                  0.12    0.55    2.72 v _249_/X (sky130_fd_sc_hd__or3b_2)
     3    0.02                           _104_ (net)
                  0.12    0.00    2.72 v _271_/A (sky130_fd_sc_hd__buf_8)
                  0.07    0.20    2.92 v _271_/X (sky130_fd_sc_hd__buf_8)
    10    0.09                           _115_ (net)
                  0.07    0.00    2.92 v _314_/A (sky130_fd_sc_hd__clkbuf_8)
                  0.09    0.21    3.13 v _314_/X (sky130_fd_sc_hd__clkbuf_8)
    10    0.07                           _138_ (net)
                  0.09    0.00    3.13 v _321_/S (sky130_fd_sc_hd__mux2_1)
                  0.05    0.33    3.46 v _321_/X (sky130_fd_sc_hd__mux2_1)
     1    0.00                           _142_ (net)
                  0.05    0.00    3.46 v _322_/A (sky130_fd_sc_hd__clkbuf_1)
                  0.03    0.09    3.56 v _322_/X (sky130_fd_sc_hd__clkbuf_1)
     1    0.00                           _034_ (net)
                  0.03    0.00    3.56 v _423_/D (sky130_fd_sc_hd__dfrtp_1)
                                  3.56   data arrival time

                  0.15   10.00   10.00   clock clk (rise edge)
                          0.00   10.00   clock network delay (ideal)
                         -0.25    9.75   clock uncertainty
                          0.00    9.75   clock reconvergence pessimism
                                  9.75 ^ _423_/CLK (sky130_fd_sc_hd__dfrtp_1)
                         -0.08    9.67   library setup time
                                  9.67   data required time
-----------------------------------------------------------------------------
                                  9.67   data required time
                                 -3.56   data arrival time
-----------------------------------------------------------------------------
                                  6.11   slack (MET)


Startpoint: m_req (input port clocked by clk)
Endpoint: _429_ (rising edge-triggered flip-flop clocked by clk)
Path Group: clk
Path Type: max

Fanout     Cap    Slew   Delay    Time   Description
-----------------------------------------------------------------------------
                  0.15    0.00    0.00   clock clk (rise edge)
                          0.00    0.00   clock network delay (ideal)
                          2.00    2.00 ^ input external delay
                  0.02    0.01    2.01 ^ m_req (in)
     1    0.00                           m_req (net)
                  0.02    0.00    2.01 ^ input33/A (sky130_fd_sc_hd__buf_1)
                  0.16    0.16    2.17 ^ input33/X (sky130_fd_sc_hd__buf_1)
     1    0.01                           net33 (net)
                  0.16    0.00    2.17 ^ _249_/C_N (sky130_fd_sc_hd__or3b_2)
                  0.12    0.55    2.72 v _249_/X (sky130_fd_sc_hd__or3b_2)
     3    0.02                           _104_ (net)
                  0.12    0.00    2.72 v _271_/A (sky130_fd_sc_hd__buf_8)
                  0.07    0.20    2.92 v _271_/X (sky130_fd_sc_hd__buf_8)
    10    0.09                           _115_ (net)
                  0.07    0.00    2.92 v _314_/A (sky130_fd_sc_hd__clkbuf_8)
                  0.09    0.21    3.13 v _314_/X (sky130_fd_sc_hd__clkbuf_8)
    10    0.07                           _138_ (net)
                  0.09    0.00    3.14 v _333_/S (sky130_fd_sc_hd__mux2_1)
                  0.05    0.33    3.46 v _333_/X (sky130_fd_sc_hd__mux2_1)
     1    0.00                           _148_ (net)
                  0.05    0.00    3.46 v _334_/A (sky130_fd_sc_hd__clkbuf_1)
                  0.02    0.09    3.56 v _334_/X (sky130_fd_sc_hd__clkbuf_1)
     1    0.00                           _040_ (net)
                  0.02    0.00    3.56 v _429_/D (sky130_fd_sc_hd__dfrtp_1)
                                  3.56   data arrival time

                  0.15   10.00   10.00   clock clk (rise edge)
                          0.00   10.00   clock network delay (ideal)
                         -0.25    9.75   clock uncertainty
                          0.00    9.75   clock reconvergence pessimism
                                  9.75 ^ _429_/CLK (sky130_fd_sc_hd__dfrtp_1)
                         -0.08    9.67   library setup time
                                  9.67   data required time
-----------------------------------------------------------------------------
                                  9.67   data required time
                                 -3.56   data arrival time
-----------------------------------------------------------------------------
                                  6.11   slack (MET)


Startpoint: m_req (input port clocked by clk)
Endpoint: _422_ (rising edge-triggered flip-flop clocked by clk)
Path Group: clk
Path Type: max

Fanout     Cap    Slew   Delay    Time   Description
-----------------------------------------------------------------------------
                  0.15    0.00    0.00   clock clk (rise edge)
                          0.00    0.00   clock network delay (ideal)
                          2.00    2.00 ^ input external delay
                  0.02    0.01    2.01 ^ m_req (in)
     1    0.00                           m_req (net)
                  0.02    0.00    2.01 ^ input33/A (sky130_fd_sc_hd__buf_1)
                  0.16    0.16    2.17 ^ input33/X (sky130_fd_sc_hd__buf_1)
     1    0.01                           net33 (net)
                  0.16    0.00    2.17 ^ _249_/C_N (sky130_fd_sc_hd__or3b_2)
                  0.12    0.55    2.72 v _249_/X (sky130_fd_sc_hd__or3b_2)
     3    0.02                           _104_ (net)
                  0.12    0.00    2.72 v _271_/A (sky130_fd_sc_hd__buf_8)
                  0.07    0.20    2.92 v _271_/X (sky130_fd_sc_hd__buf_8)
    10    0.09                           _115_ (net)
                  0.07    0.00    2.92 v _314_/A (sky130_fd_sc_hd__clkbuf_8)
                  0.09    0.21    3.13 v _314_/X (sky130_fd_sc_hd__clkbuf_8)
    10    0.07                           _138_ (net)
                  0.09    0.00    3.13 v _319_/S (sky130_fd_sc_hd__mux2_1)
                  0.05    0.33    3.46 v _319_/X (sky130_fd_sc_hd__mux2_1)
     1    0.00                           _141_ (net)
                  0.05    0.00    3.46 v _320_/A (sky130_fd_sc_hd__clkbuf_1)
                  0.02    0.09    3.55 v _320_/X (sky130_fd_sc_hd__clkbuf_1)
     1    0.00                           _033_ (net)
                  0.02    0.00    3.55 v _422_/D (sky130_fd_sc_hd__dfrtp_1)
                                  3.55   data arrival time

                  0.15   10.00   10.00   clock clk (rise edge)
                          0.00   10.00   clock network delay (ideal)
                         -0.25    9.75   clock uncertainty
                          0.00    9.75   clock reconvergence pessimism
                                  9.75 ^ _422_/CLK (sky130_fd_sc_hd__dfrtp_1)
                         -0.08    9.67   library setup time
                                  9.67   data required time
-----------------------------------------------------------------------------
                                  9.67   data required time
                                 -3.55   data arrival time
-----------------------------------------------------------------------------
                                  6.12   slack (MET)


Startpoint: m_req (input port clocked by clk)
Endpoint: _438_ (rising edge-triggered flip-flop clocked by clk)
Path Group: clk
Path Type: max

Fanout     Cap    Slew   Delay    Time   Description
-----------------------------------------------------------------------------
                  0.15    0.00    0.00   clock clk (rise edge)
                          0.00    0.00   clock network delay (ideal)
                          2.00    2.00 ^ input external delay
                  0.02    0.01    2.01 ^ m_req (in)
     1    0.00                           m_req (net)
                  0.02    0.00    2.01 ^ input33/A (sky130_fd_sc_hd__buf_1)
                  0.16    0.16    2.17 ^ input33/X (sky130_fd_sc_hd__buf_1)
     1    0.01                           net33 (net)
                  0.16    0.00    2.17 ^ _249_/C_N (sky130_fd_sc_hd__or3b_2)
                  0.12    0.55    2.72 v _249_/X (sky130_fd_sc_hd__or3b_2)
     3    0.02                           _104_ (net)
                  0.12    0.00    2.72 v _271_/A (sky130_fd_sc_hd__buf_8)
                  0.07    0.20    2.92 v _271_/X (sky130_fd_sc_hd__buf_8)
    10    0.09                           _115_ (net)
                  0.07    0.00    2.92 v _335_/A (sky130_fd_sc_hd__buf_6)
                  0.08    0.19    3.11 v _335_/X (sky130_fd_sc_hd__buf_6)
    10    0.08                           _149_ (net)
                  0.08    0.00    3.12 v _352_/S (sky130_fd_sc_hd__mux2_1)
                  0.06    0.34    3.45 v _352_/X (sky130_fd_sc_hd__mux2_1)
     1    0.00                           _158_ (net)
                  0.06    0.00    3.45 v _353_/A (sky130_fd_sc_hd__clkbuf_1)
                  0.03    0.10    3.55 v _353_/X (sky130_fd_sc_hd__clkbuf_1)
     1    0.00                           _049_ (net)
                  0.03    0.00    3.55 v _438_/D (sky130_fd_sc_hd__dfrtp_2)
                                  3.55   data arrival time

                  0.15   10.00   10.00   clock clk (rise edge)
                          0.00   10.00   clock network delay (ideal)
                         -0.25    9.75   clock uncertainty
                          0.00    9.75   clock reconvergence pessimism
                                  9.75 ^ _438_/CLK (sky130_fd_sc_hd__dfrtp_2)
                         -0.08    9.67   library setup time
                                  9.67   data required time
-----------------------------------------------------------------------------
                                  9.67   data required time
                                 -3.55   data arrival time
-----------------------------------------------------------------------------
                                  6.12   slack (MET)


Startpoint: m_req (input port clocked by clk)
Endpoint: _436_ (rising edge-triggered flip-flop clocked by clk)
Path Group: clk
Path Type: max

Fanout     Cap    Slew   Delay    Time   Description
-----------------------------------------------------------------------------
                  0.15    0.00    0.00   clock clk (rise edge)
                          0.00    0.00   clock network delay (ideal)
                          2.00    2.00 ^ input external delay
                  0.02    0.01    2.01 ^ m_req (in)
     1    0.00                           m_req (net)
                  0.02    0.00    2.01 ^ input33/A (sky130_fd_sc_hd__buf_1)
                  0.16    0.16    2.17 ^ input33/X (sky130_fd_sc_hd__buf_1)
     1    0.01                           net33 (net)
                  0.16    0.00    2.17 ^ _249_/C_N (sky130_fd_sc_hd__or3b_2)
                  0.12    0.55    2.72 v _249_/X (sky130_fd_sc_hd__or3b_2)
     3    0.02                           _104_ (net)
                  0.12    0.00    2.72 v _271_/A (sky130_fd_sc_hd__buf_8)
                  0.07    0.20    2.92 v _271_/X (sky130_fd_sc_hd__buf_8)
    10    0.09                           _115_ (net)
                  0.07    0.00    2.92 v _335_/A (sky130_fd_sc_hd__buf_6)
                  0.08    0.19    3.11 v _335_/X (sky130_fd_sc_hd__buf_6)
    10    0.08                           _149_ (net)
                  0.08    0.00    3.12 v _348_/S (sky130_fd_sc_hd__mux2_1)
                  0.06    0.33    3.45 v _348_/X (sky130_fd_sc_hd__mux2_1)
     1    0.00                           _156_ (net)
                  0.06    0.00    3.45 v _349_/A (sky130_fd_sc_hd__clkbuf_1)
                  0.02    0.09    3.54 v _349_/X (sky130_fd_sc_hd__clkbuf_1)
     1    0.00                           _047_ (net)
                  0.02    0.00    3.54 v _436_/D (sky130_fd_sc_hd__dfrtp_1)
                                  3.54   data arrival time

                  0.15   10.00   10.00   clock clk (rise edge)
                          0.00   10.00   clock network delay (ideal)
                         -0.25    9.75   clock uncertainty
                          0.00    9.75   clock reconvergence pessimism
                                  9.75 ^ _436_/CLK (sky130_fd_sc_hd__dfrtp_1)
                         -0.08    9.67   library setup time
                                  9.67   data required time
-----------------------------------------------------------------------------
                                  9.67   data required time
                                 -3.54   data arrival time
-----------------------------------------------------------------------------
                                  6.12   slack (MET)


Startpoint: m_req (input port clocked by clk)
Endpoint: _430_ (rising edge-triggered flip-flop clocked by clk)
Path Group: clk
Path Type: max

Fanout     Cap    Slew   Delay    Time   Description
-----------------------------------------------------------------------------
                  0.15    0.00    0.00   clock clk (rise edge)
                          0.00    0.00   clock network delay (ideal)
                          2.00    2.00 ^ input external delay
                  0.02    0.01    2.01 ^ m_req (in)
     1    0.00                           m_req (net)
                  0.02    0.00    2.01 ^ input33/A (sky130_fd_sc_hd__buf_1)
                  0.16    0.16    2.17 ^ input33/X (sky130_fd_sc_hd__buf_1)
     1    0.01                           net33 (net)
                  0.16    0.00    2.17 ^ _249_/C_N (sky130_fd_sc_hd__or3b_2)
                  0.12    0.55    2.72 v _249_/X (sky130_fd_sc_hd__or3b_2)
     3    0.02                           _104_ (net)
                  0.12    0.00    2.72 v _271_/A (sky130_fd_sc_hd__buf_8)
                  0.07    0.20    2.92 v _271_/X (sky130_fd_sc_hd__buf_8)
    10    0.09                           _115_ (net)
                  0.07    0.00    2.92 v _335_/A (sky130_fd_sc_hd__buf_6)
                  0.08    0.19    3.11 v _335_/X (sky130_fd_sc_hd__buf_6)
    10    0.08                           _149_ (net)
                  0.08    0.00    3.12 v _336_/S (sky130_fd_sc_hd__mux2_1)
                  0.05    0.33    3.45 v _336_/X (sky130_fd_sc_hd__mux2_1)
     1    0.00                           _150_ (net)
                  0.05    0.00    3.45 v _337_/A (sky130_fd_sc_hd__clkbuf_1)
                  0.02    0.09    3.54 v _337_/X (sky130_fd_sc_hd__clkbuf_1)
     1    0.00                           _041_ (net)
                  0.02    0.00    3.54 v _430_/D (sky130_fd_sc_hd__dfrtp_1)
                                  3.54   data arrival time

                  0.15   10.00   10.00   clock clk (rise edge)
                          0.00   10.00   clock network delay (ideal)
                         -0.25    9.75   clock uncertainty
                          0.00    9.75   clock reconvergence pessimism
                                  9.75 ^ _430_/CLK (sky130_fd_sc_hd__dfrtp_1)
                         -0.08    9.67   library setup time
                                  9.67   data required time
-----------------------------------------------------------------------------
                                  9.67   data required time
                                 -3.54   data arrival time
-----------------------------------------------------------------------------
                                  6.13   slack (MET)


Startpoint: m_req (input port clocked by clk)
Endpoint: _437_ (rising edge-triggered flip-flop clocked by clk)
Path Group: clk
Path Type: max

Fanout     Cap    Slew   Delay    Time   Description
-----------------------------------------------------------------------------
                  0.15    0.00    0.00   clock clk (rise edge)
                          0.00    0.00   clock network delay (ideal)
                          2.00    2.00 ^ input external delay
                  0.02    0.01    2.01 ^ m_req (in)
     1    0.00                           m_req (net)
                  0.02    0.00    2.01 ^ input33/A (sky130_fd_sc_hd__buf_1)
                  0.16    0.16    2.17 ^ input33/X (sky130_fd_sc_hd__buf_1)
     1    0.01                           net33 (net)
                  0.16    0.00    2.17 ^ _249_/C_N (sky130_fd_sc_hd__or3b_2)
                  0.12    0.55    2.72 v _249_/X (sky130_fd_sc_hd__or3b_2)
     3    0.02                           _104_ (net)
                  0.12    0.00    2.72 v _271_/A (sky130_fd_sc_hd__buf_8)
                  0.07    0.20    2.92 v _271_/X (sky130_fd_sc_hd__buf_8)
    10    0.09                           _115_ (net)
                  0.07    0.00    2.92 v _335_/A (sky130_fd_sc_hd__buf_6)
                  0.08    0.19    3.11 v _335_/X (sky130_fd_sc_hd__buf_6)
    10    0.08                           _149_ (net)
                  0.08    0.00    3.12 v _350_/S (sky130_fd_sc_hd__mux2_1)
                  0.05    0.33    3.45 v _350_/X (sky130_fd_sc_hd__mux2_1)
     1    0.00                           _157_ (net)
                  0.05    0.00    3.45 v _351_/A (sky130_fd_sc_hd__clkbuf_1)
                  0.02    0.09    3.54 v _351_/X (sky130_fd_sc_hd__clkbuf_1)
     1    0.00                           _048_ (net)
                  0.02    0.00    3.54 v _437_/D (sky130_fd_sc_hd__dfrtp_1)
                                  3.54   data arrival time

                  0.15   10.00   10.00   clock clk (rise edge)
                          0.00   10.00   clock network delay (ideal)
                         -0.25    9.75   clock uncertainty
                          0.00    9.75   clock reconvergence pessimism
                                  9.75 ^ _437_/CLK (sky130_fd_sc_hd__dfrtp_1)
                         -0.08    9.67   library setup time
                                  9.67   data required time
-----------------------------------------------------------------------------
                                  9.67   data required time
                                 -3.54   data arrival time
-----------------------------------------------------------------------------
                                  6.13   slack (MET)


Startpoint: m_req (input port clocked by clk)
Endpoint: _433_ (rising edge-triggered flip-flop clocked by clk)
Path Group: clk
Path Type: max

Fanout     Cap    Slew   Delay    Time   Description
-----------------------------------------------------------------------------
                  0.15    0.00    0.00   clock clk (rise edge)
                          0.00    0.00   clock network delay (ideal)
                          2.00    2.00 ^ input external delay
                  0.02    0.01    2.01 ^ m_req (in)
     1    0.00                           m_req (net)
                  0.02    0.00    2.01 ^ input33/A (sky130_fd_sc_hd__buf_1)
                  0.16    0.16    2.17 ^ input33/X (sky130_fd_sc_hd__buf_1)
     1    0.01                           net33 (net)
                  0.16    0.00    2.17 ^ _249_/C_N (sky130_fd_sc_hd__or3b_2)
                  0.12    0.55    2.72 v _249_/X (sky130_fd_sc_hd__or3b_2)
     3    0.02                           _104_ (net)
                  0.12    0.00    2.72 v _271_/A (sky130_fd_sc_hd__buf_8)
                  0.07    0.20    2.92 v _271_/X (sky130_fd_sc_hd__buf_8)
    10    0.09                           _115_ (net)
                  0.07    0.00    2.92 v _335_/A (sky130_fd_sc_hd__buf_6)
                  0.08    0.19    3.11 v _335_/X (sky130_fd_sc_hd__buf_6)
    10    0.08                           _149_ (net)
                  0.08    0.00    3.12 v _342_/S (sky130_fd_sc_hd__mux2_1)
                  0.06    0.33    3.45 v _342_/X (sky130_fd_sc_hd__mux2_1)
     1    0.00                           _153_ (net)
                  0.06    0.00    3.45 v _343_/A (sky130_fd_sc_hd__clkbuf_1)
                  0.02    0.09    3.54 v _343_/X (sky130_fd_sc_hd__clkbuf_1)
     1    0.00                           _044_ (net)
                  0.02    0.00    3.54 v _433_/D (sky130_fd_sc_hd__dfrtp_1)
                                  3.54   data arrival time

                  0.15   10.00   10.00   clock clk (rise edge)
                          0.00   10.00   clock network delay (ideal)
                         -0.25    9.75   clock uncertainty
                          0.00    9.75   clock reconvergence pessimism
                                  9.75 ^ _433_/CLK (sky130_fd_sc_hd__dfrtp_1)
                         -0.08    9.67   library setup time
                                  9.67   data required time
-----------------------------------------------------------------------------
                                  9.67   data required time
                                 -3.54   data arrival time
-----------------------------------------------------------------------------
                                  6.13   slack (MET)


Startpoint: m_req (input port clocked by clk)
Endpoint: _434_ (rising edge-triggered flip-flop clocked by clk)
Path Group: clk
Path Type: max

Fanout     Cap    Slew   Delay    Time   Description
-----------------------------------------------------------------------------
                  0.15    0.00    0.00   clock clk (rise edge)
                          0.00    0.00   clock network delay (ideal)
                          2.00    2.00 ^ input external delay
                  0.02    0.01    2.01 ^ m_req (in)
     1    0.00                           m_req (net)
                  0.02    0.00    2.01 ^ input33/A (sky130_fd_sc_hd__buf_1)
                  0.16    0.16    2.17 ^ input33/X (sky130_fd_sc_hd__buf_1)
     1    0.01                           net33 (net)
                  0.16    0.00    2.17 ^ _249_/C_N (sky130_fd_sc_hd__or3b_2)
                  0.12    0.55    2.72 v _249_/X (sky130_fd_sc_hd__or3b_2)
     3    0.02                           _104_ (net)
                  0.12    0.00    2.72 v _271_/A (sky130_fd_sc_hd__buf_8)
                  0.07    0.20    2.92 v _271_/X (sky130_fd_sc_hd__buf_8)
    10    0.09                           _115_ (net)
                  0.07    0.00    2.92 v _335_/A (sky130_fd_sc_hd__buf_6)
                  0.08    0.19    3.11 v _335_/X (sky130_fd_sc_hd__buf_6)
    10    0.08                           _149_ (net)
                  0.08    0.00    3.12 v _344_/S (sky130_fd_sc_hd__mux2_1)
                  0.06    0.33    3.44 v _344_/X (sky130_fd_sc_hd__mux2_1)
     1    0.00                           _154_ (net)
                  0.06    0.00    3.44 v _345_/A (sky130_fd_sc_hd__clkbuf_1)
                  0.02    0.09    3.54 v _345_/X (sky130_fd_sc_hd__clkbuf_1)
     1    0.00                           _045_ (net)
                  0.02    0.00    3.54 v _434_/D (sky130_fd_sc_hd__dfrtp_4)
                                  3.54   data arrival time

                  0.15   10.00   10.00   clock clk (rise edge)
                          0.00   10.00   clock network delay (ideal)
                         -0.25    9.75   clock uncertainty
                          0.00    9.75   clock reconvergence pessimism
                                  9.75 ^ _434_/CLK (sky130_fd_sc_hd__dfrtp_4)
                         -0.08    9.67   library setup time
                                  9.67   data required time
-----------------------------------------------------------------------------
                                  9.67   data required time
                                 -3.54   data arrival time
-----------------------------------------------------------------------------
                                  6.13   slack (MET)


Startpoint: m_req (input port clocked by clk)
Endpoint: _435_ (rising edge-triggered flip-flop clocked by clk)
Path Group: clk
Path Type: max

Fanout     Cap    Slew   Delay    Time   Description
-----------------------------------------------------------------------------
                  0.15    0.00    0.00   clock clk (rise edge)
                          0.00    0.00   clock network delay (ideal)
                          2.00    2.00 ^ input external delay
                  0.02    0.01    2.01 ^ m_req (in)
     1    0.00                           m_req (net)
                  0.02    0.00    2.01 ^ input33/A (sky130_fd_sc_hd__buf_1)
                  0.16    0.16    2.17 ^ input33/X (sky130_fd_sc_hd__buf_1)
     1    0.01                           net33 (net)
                  0.16    0.00    2.17 ^ _249_/C_N (sky130_fd_sc_hd__or3b_2)
                  0.12    0.55    2.72 v _249_/X (sky130_fd_sc_hd__or3b_2)
     3    0.02                           _104_ (net)
                  0.12    0.00    2.72 v _271_/A (sky130_fd_sc_hd__buf_8)
                  0.07    0.20    2.92 v _271_/X (sky130_fd_sc_hd__buf_8)
    10    0.09                           _115_ (net)
                  0.07    0.00    2.92 v _335_/A (sky130_fd_sc_hd__buf_6)
                  0.08    0.19    3.11 v _335_/X (sky130_fd_sc_hd__buf_6)
    10    0.08                           _149_ (net)
                  0.08    0.00    3.12 v _346_/S (sky130_fd_sc_hd__mux2_1)
                  0.05    0.32    3.44 v _346_/X (sky130_fd_sc_hd__mux2_1)
     1    0.00                           _155_ (net)
                  0.05    0.00    3.44 v _347_/A (sky130_fd_sc_hd__clkbuf_1)
                  0.02    0.09    3.53 v _347_/X (sky130_fd_sc_hd__clkbuf_1)
     1    0.00                           _046_ (net)
                  0.02    0.00    3.53 v _435_/D (sky130_fd_sc_hd__dfrtp_1)
                                  3.53   data arrival time

                  0.15   10.00   10.00   clock clk (rise edge)
                          0.00   10.00   clock network delay (ideal)
                         -0.25    9.75   clock uncertainty
                          0.00    9.75   clock reconvergence pessimism
                                  9.75 ^ _435_/CLK (sky130_fd_sc_hd__dfrtp_1)
                         -0.08    9.67   library setup time
                                  9.67   data required time
-----------------------------------------------------------------------------
                                  9.67   data required time
                                 -3.53   data arrival time
-----------------------------------------------------------------------------
                                  6.13   slack (MET)


Startpoint: m_req (input port clocked by clk)
Endpoint: _431_ (rising edge-triggered flip-flop clocked by clk)
Path Group: clk
Path Type: max

Fanout     Cap    Slew   Delay    Time   Description
-----------------------------------------------------------------------------
                  0.15    0.00    0.00   clock clk (rise edge)
                          0.00    0.00   clock network delay (ideal)
                          2.00    2.00 ^ input external delay
                  0.02    0.01    2.01 ^ m_req (in)
     1    0.00                           m_req (net)
                  0.02    0.00    2.01 ^ input33/A (sky130_fd_sc_hd__buf_1)
                  0.16    0.16    2.17 ^ input33/X (sky130_fd_sc_hd__buf_1)
     1    0.01                           net33 (net)
                  0.16    0.00    2.17 ^ _249_/C_N (sky130_fd_sc_hd__or3b_2)
                  0.12    0.55    2.72 v _249_/X (sky130_fd_sc_hd__or3b_2)
     3    0.02                           _104_ (net)
                  0.12    0.00    2.72 v _271_/A (sky130_fd_sc_hd__buf_8)
                  0.07    0.20    2.92 v _271_/X (sky130_fd_sc_hd__buf_8)
    10    0.09                           _115_ (net)
                  0.07    0.00    2.92 v _335_/A (sky130_fd_sc_hd__buf_6)
                  0.08    0.19    3.11 v _335_/X (sky130_fd_sc_hd__buf_6)
    10    0.08                           _149_ (net)
                  0.08    0.00    3.12 v _338_/S (sky130_fd_sc_hd__mux2_1)
                  0.05    0.32    3.44 v _338_/X (sky130_fd_sc_hd__mux2_1)
     1    0.00                           _151_ (net)
                  0.05    0.00    3.44 v _339_/A (sky130_fd_sc_hd__clkbuf_1)
                  0.02    0.09    3.53 v _339_/X (sky130_fd_sc_hd__clkbuf_1)
     1    0.00                           _042_ (net)
                  0.02    0.00    3.53 v _431_/D (sky130_fd_sc_hd__dfrtp_1)
                                  3.53   data arrival time

                  0.15   10.00   10.00   clock clk (rise edge)
                          0.00   10.00   clock network delay (ideal)
                         -0.25    9.75   clock uncertainty
                          0.00    9.75   clock reconvergence pessimism
                                  9.75 ^ _431_/CLK (sky130_fd_sc_hd__dfrtp_1)
                         -0.08    9.67   library setup time
                                  9.67   data required time
-----------------------------------------------------------------------------
                                  9.67   data required time
                                 -3.53   data arrival time
-----------------------------------------------------------------------------
                                  6.14   slack (MET)


Startpoint: m_req (input port clocked by clk)
Endpoint: _432_ (rising edge-triggered flip-flop clocked by clk)
Path Group: clk
Path Type: max

Fanout     Cap    Slew   Delay    Time   Description
-----------------------------------------------------------------------------
                  0.15    0.00    0.00   clock clk (rise edge)
                          0.00    0.00   clock network delay (ideal)
                          2.00    2.00 ^ input external delay
                  0.02    0.01    2.01 ^ m_req (in)
     1    0.00                           m_req (net)
                  0.02    0.00    2.01 ^ input33/A (sky130_fd_sc_hd__buf_1)
                  0.16    0.16    2.17 ^ input33/X (sky130_fd_sc_hd__buf_1)
     1    0.01                           net33 (net)
                  0.16    0.00    2.17 ^ _249_/C_N (sky130_fd_sc_hd__or3b_2)
                  0.12    0.55    2.72 v _249_/X (sky130_fd_sc_hd__or3b_2)
     3    0.02                           _104_ (net)
                  0.12    0.00    2.72 v _271_/A (sky130_fd_sc_hd__buf_8)
                  0.07    0.20    2.92 v _271_/X (sky130_fd_sc_hd__buf_8)
    10    0.09                           _115_ (net)
                  0.07    0.00    2.92 v _335_/A (sky130_fd_sc_hd__buf_6)
                  0.08    0.19    3.11 v _335_/X (sky130_fd_sc_hd__buf_6)
    10    0.08                           _149_ (net)
                  0.08    0.00    3.12 v _340_/S (sky130_fd_sc_hd__mux2_1)
                  0.05    0.32    3.44 v _340_/X (sky130_fd_sc_hd__mux2_1)
     1    0.00                           _152_ (net)
                  0.05    0.00    3.44 v _341_/A (sky130_fd_sc_hd__clkbuf_1)
                  0.02    0.09    3.53 v _341_/X (sky130_fd_sc_hd__clkbuf_1)
     1    0.00                           _043_ (net)
                  0.02    0.00    3.53 v _432_/D (sky130_fd_sc_hd__dfrtp_1)
                                  3.53   data arrival time

                  0.15   10.00   10.00   clock clk (rise edge)
                          0.00   10.00   clock network delay (ideal)
                         -0.25    9.75   clock uncertainty
                          0.00    9.75   clock reconvergence pessimism
                                  9.75 ^ _432_/CLK (sky130_fd_sc_hd__dfrtp_1)
                         -0.08    9.67   library setup time
                                  9.67   data required time
-----------------------------------------------------------------------------
                                  9.67   data required time
                                 -3.53   data arrival time
-----------------------------------------------------------------------------
                                  6.14   slack (MET)


Startpoint: m_req (input port clocked by clk)
Endpoint: _439_ (rising edge-triggered flip-flop clocked by clk)
Path Group: clk
Path Type: max

Fanout     Cap    Slew   Delay    Time   Description
-----------------------------------------------------------------------------
                  0.15    0.00    0.00   clock clk (rise edge)
                          0.00    0.00   clock network delay (ideal)
                          2.00    2.00 ^ input external delay
                  0.02    0.01    2.01 ^ m_req (in)
     1    0.00                           m_req (net)
                  0.02    0.00    2.01 ^ input33/A (sky130_fd_sc_hd__buf_1)
                  0.16    0.16    2.17 ^ input33/X (sky130_fd_sc_hd__buf_1)
     1    0.01                           net33 (net)
                  0.16    0.00    2.17 ^ _249_/C_N (sky130_fd_sc_hd__or3b_2)
                  0.12    0.55    2.72 v _249_/X (sky130_fd_sc_hd__or3b_2)
     3    0.02                           _104_ (net)
                  0.12    0.00    2.72 v _271_/A (sky130_fd_sc_hd__buf_8)
                  0.07    0.20    2.92 v _271_/X (sky130_fd_sc_hd__buf_8)
    10    0.09                           _115_ (net)
                  0.07    0.00    2.92 v _335_/A (sky130_fd_sc_hd__buf_6)
                  0.08    0.19    3.11 v _335_/X (sky130_fd_sc_hd__buf_6)
    10    0.08                           _149_ (net)
                  0.08    0.00    3.12 v _354_/S (sky130_fd_sc_hd__mux2_1)
                  0.05    0.32    3.44 v _354_/X (sky130_fd_sc_hd__mux2_1)
     1    0.00                           _159_ (net)
                  0.05    0.00    3.44 v _355_/A (sky130_fd_sc_hd__clkbuf_1)
                  0.02    0.09    3.53 v _355_/X (sky130_fd_sc_hd__clkbuf_1)
     1    0.00                           _050_ (net)
                  0.02    0.00    3.53 v _439_/D (sky130_fd_sc_hd__dfrtp_4)
                                  3.53   data arrival time

                  0.15   10.00   10.00   clock clk (rise edge)
                          0.00   10.00   clock network delay (ideal)
                         -0.25    9.75   clock uncertainty
                          0.00    9.75   clock reconvergence pessimism
                                  9.75 ^ _439_/CLK (sky130_fd_sc_hd__dfrtp_4)
                         -0.08    9.67   library setup time
                                  9.67   data required time
-----------------------------------------------------------------------------
                                  9.67   data required time
                                 -3.53   data arrival time
-----------------------------------------------------------------------------
                                  6.14   slack (MET)


Startpoint: m_req (input port clocked by clk)
Endpoint: _389_ (rising edge-triggered flip-flop clocked by clk)
Path Group: clk
Path Type: max

Fanout     Cap    Slew   Delay    Time   Description
-----------------------------------------------------------------------------
                  0.15    0.00    0.00   clock clk (rise edge)
                          0.00    0.00   clock network delay (ideal)
                          2.00    2.00 ^ input external delay
                  0.02    0.01    2.01 ^ m_req (in)
     1    0.00                           m_req (net)
                  0.02    0.00    2.01 ^ input33/A (sky130_fd_sc_hd__buf_1)
                  0.16    0.16    2.17 ^ input33/X (sky130_fd_sc_hd__buf_1)
     1    0.01                           net33 (net)
                  0.16    0.00    2.17 ^ _249_/C_N (sky130_fd_sc_hd__or3b_2)
                  0.12    0.55    2.72 v _249_/X (sky130_fd_sc_hd__or3b_2)
     3    0.02                           _104_ (net)
                  0.12    0.00    2.72 v _250_/A (sky130_fd_sc_hd__clkbuf_8)
                  0.09    0.23    2.95 v _250_/X (sky130_fd_sc_hd__clkbuf_8)
    10    0.07                           _105_ (net)
                  0.09    0.00    2.95 v _251_/S (sky130_fd_sc_hd__mux2_1)
                  0.06    0.34    3.29 v _251_/X (sky130_fd_sc_hd__mux2_1)
     1    0.00                           _106_ (net)
                  0.06    0.00    3.29 v _252_/A (sky130_fd_sc_hd__clkbuf_1)
                  0.03    0.10    3.39 v _252_/X (sky130_fd_sc_hd__clkbuf_1)
     1    0.00                           _000_ (net)
                  0.03    0.00    3.39 v _389_/D (sky130_fd_sc_hd__dfrtp_4)
                                  3.39   data arrival time

                  0.15   10.00   10.00   clock clk (rise edge)
                          0.00   10.00   clock network delay (ideal)
                         -0.25    9.75   clock uncertainty
                          0.00    9.75   clock reconvergence pessimism
                                  9.75 ^ _389_/CLK (sky130_fd_sc_hd__dfrtp_4)
                         -0.08    9.67   library setup time
                                  9.67   data required time
-----------------------------------------------------------------------------
                                  9.67   data required time
                                 -3.39   data arrival time
-----------------------------------------------------------------------------
                                  6.28   slack (MET)


Startpoint: m_req (input port clocked by clk)
Endpoint: _447_ (rising edge-triggered flip-flop clocked by clk)
Path Group: clk
Path Type: max

Fanout     Cap    Slew   Delay    Time   Description
-----------------------------------------------------------------------------
                  0.15    0.00    0.00   clock clk (rise edge)
                          0.00    0.00   clock network delay (ideal)
                          2.00    2.00 ^ input external delay
                  0.02    0.01    2.01 ^ m_req (in)
     1    0.00                           m_req (net)
                  0.02    0.00    2.01 ^ input33/A (sky130_fd_sc_hd__buf_1)
                  0.16    0.16    2.17 ^ input33/X (sky130_fd_sc_hd__buf_1)
     1    0.01                           net33 (net)
                  0.16    0.00    2.17 ^ _249_/C_N (sky130_fd_sc_hd__or3b_2)
                  0.12    0.55    2.72 v _249_/X (sky130_fd_sc_hd__or3b_2)
     3    0.02                           _104_ (net)
                  0.12    0.00    2.72 v _356_/A (sky130_fd_sc_hd__clkbuf_8)
                  0.08    0.23    2.94 v _356_/X (sky130_fd_sc_hd__clkbuf_8)
    10    0.06                           _160_ (net)
                  0.08    0.00    2.95 v _371_/S (sky130_fd_sc_hd__mux2_1)
                  0.06    0.34    3.28 v _371_/X (sky130_fd_sc_hd__mux2_1)
     1    0.00                           _168_ (net)
                  0.06    0.00    3.28 v _372_/A (sky130_fd_sc_hd__clkbuf_1)
                  0.03    0.10    3.38 v _372_/X (sky130_fd_sc_hd__clkbuf_1)
     1    0.00                           _058_ (net)
                  0.03    0.00    3.38 v _447_/D (sky130_fd_sc_hd__dfrtp_2)
                                  3.38   data arrival time

                  0.15   10.00   10.00   clock clk (rise edge)
                          0.00   10.00   clock network delay (ideal)
                         -0.25    9.75   clock uncertainty
                          0.00    9.75   clock reconvergence pessimism
                                  9.75 ^ _447_/CLK (sky130_fd_sc_hd__dfrtp_2)
                         -0.08    9.67   library setup time
                                  9.67   data required time
-----------------------------------------------------------------------------
                                  9.67   data required time
                                 -3.38   data arrival time
-----------------------------------------------------------------------------
                                  6.29   slack (MET)


Startpoint: m_req (input port clocked by clk)
Endpoint: _396_ (rising edge-triggered flip-flop clocked by clk)
Path Group: clk
Path Type: max

Fanout     Cap    Slew   Delay    Time   Description
-----------------------------------------------------------------------------
                  0.15    0.00    0.00   clock clk (rise edge)
                          0.00    0.00   clock network delay (ideal)
                          2.00    2.00 ^ input external delay
                  0.02    0.01    2.01 ^ m_req (in)
     1    0.00                           m_req (net)
                  0.02    0.00    2.01 ^ input33/A (sky130_fd_sc_hd__buf_1)
                  0.16    0.16    2.17 ^ input33/X (sky130_fd_sc_hd__buf_1)
     1    0.01                           net33 (net)
                  0.16    0.00    2.17 ^ _249_/C_N (sky130_fd_sc_hd__or3b_2)
                  0.12    0.55    2.72 v _249_/X (sky130_fd_sc_hd__or3b_2)
     3    0.02                           _104_ (net)
                  0.12    0.00    2.72 v _250_/A (sky130_fd_sc_hd__clkbuf_8)
                  0.09    0.23    2.95 v _250_/X (sky130_fd_sc_hd__clkbuf_8)
    10    0.07                           _105_ (net)
                  0.09    0.01    2.96 v _263_/S (sky130_fd_sc_hd__mux2_1)
                  0.05    0.33    3.29 v _263_/X (sky130_fd_sc_hd__mux2_1)
     1    0.00                           _111_ (net)
                  0.05    0.00    3.29 v _264_/A (sky130_fd_sc_hd__clkbuf_1)
                  0.02    0.09    3.38 v _264_/X (sky130_fd_sc_hd__clkbuf_1)
     1    0.00                           _007_ (net)
                  0.02    0.00    3.38 v _396_/D (sky130_fd_sc_hd__dfrtp_1)
                                  3.38   data arrival time

                  0.15   10.00   10.00   clock clk (rise edge)
                          0.00   10.00   clock network delay (ideal)
                         -0.25    9.75   clock uncertainty
                          0.00    9.75   clock reconvergence pessimism
                                  9.75 ^ _396_/CLK (sky130_fd_sc_hd__dfrtp_1)
                         -0.08    9.67   library setup time
                                  9.67   data required time
-----------------------------------------------------------------------------
                                  9.67   data required time
                                 -3.38   data arrival time
-----------------------------------------------------------------------------
                                  6.29   slack (MET)


Startpoint: m_req (input port clocked by clk)
Endpoint: _395_ (rising edge-triggered flip-flop clocked by clk)
Path Group: clk
Path Type: max

Fanout     Cap    Slew   Delay    Time   Description
-----------------------------------------------------------------------------
                  0.15    0.00    0.00   clock clk (rise edge)
                          0.00    0.00   clock network delay (ideal)
                          2.00    2.00 ^ input external delay
                  0.02    0.01    2.01 ^ m_req (in)
     1    0.00                           m_req (net)
                  0.02    0.00    2.01 ^ input33/A (sky130_fd_sc_hd__buf_1)
                  0.16    0.16    2.17 ^ input33/X (sky130_fd_sc_hd__buf_1)
     1    0.01                           net33 (net)
                  0.16    0.00    2.17 ^ _249_/C_N (sky130_fd_sc_hd__or3b_2)
                  0.12    0.55    2.72 v _249_/X (sky130_fd_sc_hd__or3b_2)
     3    0.02                           _104_ (net)
                  0.12    0.00    2.72 v _250_/A (sky130_fd_sc_hd__clkbuf_8)
                  0.09    0.23    2.95 v _250_/X (sky130_fd_sc_hd__clkbuf_8)
    10    0.07                           _105_ (net)
                  0.09    0.00    2.95 v _261_/S (sky130_fd_sc_hd__mux2_1)
                  0.06    0.33    3.29 v _261_/X (sky130_fd_sc_hd__mux2_1)
     1    0.00                           _110_ (net)
                  0.06    0.00    3.29 v _262_/A (sky130_fd_sc_hd__clkbuf_1)
                  0.02    0.09    3.38 v _262_/X (sky130_fd_sc_hd__clkbuf_1)
     1    0.00                           _006_ (net)
                  0.02    0.00    3.38 v _395_/D (sky130_fd_sc_hd__dfrtp_4)
                                  3.38   data arrival time

                  0.15   10.00   10.00   clock clk (rise edge)
                          0.00   10.00   clock network delay (ideal)
                         -0.25    9.75   clock uncertainty
                          0.00    9.75   clock reconvergence pessimism
                                  9.75 ^ _395_/CLK (sky130_fd_sc_hd__dfrtp_4)
                         -0.08    9.67   library setup time
                                  9.67   data required time
-----------------------------------------------------------------------------
                                  9.67   data required time
                                 -3.38   data arrival time
-----------------------------------------------------------------------------
                                  6.29   slack (MET)


Startpoint: m_req (input port clocked by clk)
Endpoint: _393_ (rising edge-triggered flip-flop clocked by clk)
Path Group: clk
Path Type: max

Fanout     Cap    Slew   Delay    Time   Description
-----------------------------------------------------------------------------
                  0.15    0.00    0.00   clock clk (rise edge)
                          0.00    0.00   clock network delay (ideal)
                          2.00    2.00 ^ input external delay
                  0.02    0.01    2.01 ^ m_req (in)
     1    0.00                           m_req (net)
                  0.02    0.00    2.01 ^ input33/A (sky130_fd_sc_hd__buf_1)
                  0.16    0.16    2.17 ^ input33/X (sky130_fd_sc_hd__buf_1)
     1    0.01                           net33 (net)
                  0.16    0.00    2.17 ^ _249_/C_N (sky130_fd_sc_hd__or3b_2)
                  0.12    0.55    2.72 v _249_/X (sky130_fd_sc_hd__or3b_2)
     3    0.02                           _104_ (net)
                  0.12    0.00    2.72 v _250_/A (sky130_fd_sc_hd__clkbuf_8)
                  0.09    0.23    2.95 v _250_/X (sky130_fd_sc_hd__clkbuf_8)
    10    0.07                           _105_ (net)
                  0.09    0.01    2.96 v _257_/S (sky130_fd_sc_hd__mux2_1)
                  0.05    0.33    3.29 v _257_/X (sky130_fd_sc_hd__mux2_1)
     1    0.00                           _108_ (net)
                  0.05    0.00    3.29 v _258_/A (sky130_fd_sc_hd__clkbuf_1)
                  0.02    0.09    3.38 v _258_/X (sky130_fd_sc_hd__clkbuf_1)
     1    0.00                           _004_ (net)
                  0.02    0.00    3.38 v _393_/D (sky130_fd_sc_hd__dfrtp_1)
                                  3.38   data arrival time

                  0.15   10.00   10.00   clock clk (rise edge)
                          0.00   10.00   clock network delay (ideal)
                         -0.25    9.75   clock uncertainty
                          0.00    9.75   clock reconvergence pessimism
                                  9.75 ^ _393_/CLK (sky130_fd_sc_hd__dfrtp_1)
                         -0.08    9.67   library setup time
                                  9.67   data required time
-----------------------------------------------------------------------------
                                  9.67   data required time
                                 -3.38   data arrival time
-----------------------------------------------------------------------------
                                  6.29   slack (MET)


Startpoint: m_req (input port clocked by clk)
Endpoint: _399_ (rising edge-triggered flip-flop clocked by clk)
Path Group: clk
Path Type: max

Fanout     Cap    Slew   Delay    Time   Description
-----------------------------------------------------------------------------
                  0.15    0.00    0.00   clock clk (rise edge)
                          0.00    0.00   clock network delay (ideal)
                          2.00    2.00 ^ input external delay
                  0.02    0.01    2.01 ^ m_req (in)
     1    0.00                           m_req (net)
                  0.02    0.00    2.01 ^ input33/A (sky130_fd_sc_hd__buf_1)
                  0.16    0.16    2.17 ^ input33/X (sky130_fd_sc_hd__buf_1)
     1    0.01                           net33 (net)
                  0.16    0.00    2.17 ^ _249_/C_N (sky130_fd_sc_hd__or3b_2)
                  0.12    0.55    2.72 v _249_/X (sky130_fd_sc_hd__or3b_2)
     3    0.02                           _104_ (net)
                  0.12    0.00    2.72 v _250_/A (sky130_fd_sc_hd__clkbuf_8)
                  0.09    0.23    2.95 v _250_/X (sky130_fd_sc_hd__clkbuf_8)
    10    0.07                           _105_ (net)
                  0.09    0.01    2.95 v _269_/S (sky130_fd_sc_hd__mux2_1)
                  0.05    0.33    3.29 v _269_/X (sky130_fd_sc_hd__mux2_1)
     1    0.00                           _114_ (net)
                  0.05    0.00    3.29 v _270_/A (sky130_fd_sc_hd__clkbuf_1)
                  0.02    0.09    3.38 v _270_/X (sky130_fd_sc_hd__clkbuf_1)
     1    0.00                           _010_ (net)
                  0.02    0.00    3.38 v _399_/D (sky130_fd_sc_hd__dfrtp_1)
                                  3.38   data arrival time

                  0.15   10.00   10.00   clock clk (rise edge)
                          0.00   10.00   clock network delay (ideal)
                         -0.25    9.75   clock uncertainty
                          0.00    9.75   clock reconvergence pessimism
                                  9.75 ^ _399_/CLK (sky130_fd_sc_hd__dfrtp_1)
                         -0.08    9.67   library setup time
                                  9.67   data required time
-----------------------------------------------------------------------------
                                  9.67   data required time
                                 -3.38   data arrival time
-----------------------------------------------------------------------------
                                  6.29   slack (MET)


Startpoint: m_req (input port clocked by clk)
Endpoint: _397_ (rising edge-triggered flip-flop clocked by clk)
Path Group: clk
Path Type: max

Fanout     Cap    Slew   Delay    Time   Description
-----------------------------------------------------------------------------
                  0.15    0.00    0.00   clock clk (rise edge)
                          0.00    0.00   clock network delay (ideal)
                          2.00    2.00 ^ input external delay
                  0.02    0.01    2.01 ^ m_req (in)
     1    0.00                           m_req (net)
                  0.02    0.00    2.01 ^ input33/A (sky130_fd_sc_hd__buf_1)
                  0.16    0.16    2.17 ^ input33/X (sky130_fd_sc_hd__buf_1)
     1    0.01                           net33 (net)
                  0.16    0.00    2.17 ^ _249_/C_N (sky130_fd_sc_hd__or3b_2)
                  0.12    0.55    2.72 v _249_/X (sky130_fd_sc_hd__or3b_2)
     3    0.02                           _104_ (net)
                  0.12    0.00    2.72 v _250_/A (sky130_fd_sc_hd__clkbuf_8)
                  0.09    0.23    2.95 v _250_/X (sky130_fd_sc_hd__clkbuf_8)
    10    0.07                           _105_ (net)
                  0.09    0.01    2.95 v _265_/S (sky130_fd_sc_hd__mux2_1)
                  0.05    0.33    3.28 v _265_/X (sky130_fd_sc_hd__mux2_1)
     1    0.00                           _112_ (net)
                  0.05    0.00    3.28 v _266_/A (sky130_fd_sc_hd__clkbuf_1)
                  0.03    0.09    3.38 v _266_/X (sky130_fd_sc_hd__clkbuf_1)
     1    0.00                           _008_ (net)
                  0.03    0.00    3.38 v _397_/D (sky130_fd_sc_hd__dfrtp_1)
                                  3.38   data arrival time

                  0.15   10.00   10.00   clock clk (rise edge)
                          0.00   10.00   clock network delay (ideal)
                         -0.25    9.75   clock uncertainty
                          0.00    9.75   clock reconvergence pessimism
                                  9.75 ^ _397_/CLK (sky130_fd_sc_hd__dfrtp_1)
                         -0.08    9.67   library setup time
                                  9.67   data required time
-----------------------------------------------------------------------------
                                  9.67   data required time
                                 -3.38   data arrival time
-----------------------------------------------------------------------------
                                  6.29   slack (MET)


Startpoint: m_req (input port clocked by clk)
Endpoint: _398_ (rising edge-triggered flip-flop clocked by clk)
Path Group: clk
Path Type: max

Fanout     Cap    Slew   Delay    Time   Description
-----------------------------------------------------------------------------
                  0.15    0.00    0.00   clock clk (rise edge)
                          0.00    0.00   clock network delay (ideal)
                          2.00    2.00 ^ input external delay
                  0.02    0.01    2.01 ^ m_req (in)
     1    0.00                           m_req (net)
                  0.02    0.00    2.01 ^ input33/A (sky130_fd_sc_hd__buf_1)
                  0.16    0.16    2.17 ^ input33/X (sky130_fd_sc_hd__buf_1)
     1    0.01                           net33 (net)
                  0.16    0.00    2.17 ^ _249_/C_N (sky130_fd_sc_hd__or3b_2)
                  0.12    0.55    2.72 v _249_/X (sky130_fd_sc_hd__or3b_2)
     3    0.02                           _104_ (net)
                  0.12    0.00    2.72 v _250_/A (sky130_fd_sc_hd__clkbuf_8)
                  0.09    0.23    2.95 v _250_/X (sky130_fd_sc_hd__clkbuf_8)
    10    0.07                           _105_ (net)
                  0.09    0.01    2.95 v _267_/S (sky130_fd_sc_hd__mux2_1)
                  0.05    0.33    3.29 v _267_/X (sky130_fd_sc_hd__mux2_1)
     1    0.00                           _113_ (net)
                  0.05    0.00    3.29 v _268_/A (sky130_fd_sc_hd__clkbuf_1)
                  0.02    0.09    3.38 v _268_/X (sky130_fd_sc_hd__clkbuf_1)
     1    0.00                           _009_ (net)
                  0.02    0.00    3.38 v _398_/D (sky130_fd_sc_hd__dfrtp_2)
                                  3.38   data arrival time

                  0.15   10.00   10.00   clock clk (rise edge)
                          0.00   10.00   clock network delay (ideal)
                         -0.25    9.75   clock uncertainty
                          0.00    9.75   clock reconvergence pessimism
                                  9.75 ^ _398_/CLK (sky130_fd_sc_hd__dfrtp_2)
                         -0.08    9.67   library setup time
                                  9.67   data required time
-----------------------------------------------------------------------------
                                  9.67   data required time
                                 -3.38   data arrival time
-----------------------------------------------------------------------------
                                  6.29   slack (MET)


Startpoint: m_req (input port clocked by clk)
Endpoint: _394_ (rising edge-triggered flip-flop clocked by clk)
Path Group: clk
Path Type: max

Fanout     Cap    Slew   Delay    Time   Description
-----------------------------------------------------------------------------
                  0.15    0.00    0.00   clock clk (rise edge)
                          0.00    0.00   clock network delay (ideal)
                          2.00    2.00 ^ input external delay
                  0.02    0.01    2.01 ^ m_req (in)
     1    0.00                           m_req (net)
                  0.02    0.00    2.01 ^ input33/A (sky130_fd_sc_hd__buf_1)
                  0.16    0.16    2.17 ^ input33/X (sky130_fd_sc_hd__buf_1)
     1    0.01                           net33 (net)
                  0.16    0.00    2.17 ^ _249_/C_N (sky130_fd_sc_hd__or3b_2)
                  0.12    0.55    2.72 v _249_/X (sky130_fd_sc_hd__or3b_2)
     3    0.02                           _104_ (net)
                  0.12    0.00    2.72 v _250_/A (sky130_fd_sc_hd__clkbuf_8)
                  0.09    0.23    2.95 v _250_/X (sky130_fd_sc_hd__clkbuf_8)
    10    0.07                           _105_ (net)
                  0.09    0.01    2.95 v _259_/S (sky130_fd_sc_hd__mux2_1)
                  0.05    0.33    3.28 v _259_/X (sky130_fd_sc_hd__mux2_1)
     1    0.00                           _109_ (net)
                  0.05    0.00    3.28 v _260_/A (sky130_fd_sc_hd__clkbuf_1)
                  0.02    0.09    3.37 v _260_/X (sky130_fd_sc_hd__clkbuf_1)
     1    0.00                           _005_ (net)
                  0.02    0.00    3.37 v _394_/D (sky130_fd_sc_hd__dfrtp_1)
                                  3.37   data arrival time

                  0.15   10.00   10.00   clock clk (rise edge)
                          0.00   10.00   clock network delay (ideal)
                         -0.25    9.75   clock uncertainty
                          0.00    9.75   clock reconvergence pessimism
                                  9.75 ^ _394_/CLK (sky130_fd_sc_hd__dfrtp_1)
                         -0.08    9.67   library setup time
                                  9.67   data required time
-----------------------------------------------------------------------------
                                  9.67   data required time
                                 -3.37   data arrival time
-----------------------------------------------------------------------------
                                  6.29   slack (MET)


Startpoint: m_req (input port clocked by clk)
Endpoint: _392_ (rising edge-triggered flip-flop clocked by clk)
Path Group: clk
Path Type: max

Fanout     Cap    Slew   Delay    Time   Description
-----------------------------------------------------------------------------
                  0.15    0.00    0.00   clock clk (rise edge)
                          0.00    0.00   clock network delay (ideal)
                          2.00    2.00 ^ input external delay
                  0.02    0.01    2.01 ^ m_req (in)
     1    0.00                           m_req (net)
                  0.02    0.00    2.01 ^ input33/A (sky130_fd_sc_hd__buf_1)
                  0.16    0.16    2.17 ^ input33/X (sky130_fd_sc_hd__buf_1)
     1    0.01                           net33 (net)
                  0.16    0.00    2.17 ^ _249_/C_N (sky130_fd_sc_hd__or3b_2)
                  0.12    0.55    2.72 v _249_/X (sky130_fd_sc_hd__or3b_2)
     3    0.02                           _104_ (net)
                  0.12    0.00    2.72 v _250_/A (sky130_fd_sc_hd__clkbuf_8)
                  0.09    0.23    2.95 v _250_/X (sky130_fd_sc_hd__clkbuf_8)
    10    0.07                           _105_ (net)
                  0.09    0.00    2.95 v _255_/S (sky130_fd_sc_hd__mux2_1)
                  0.05    0.33    3.28 v _255_/X (sky130_fd_sc_hd__mux2_1)
     1    0.00                           _107_ (net)
                  0.05    0.00    3.28 v _256_/A (sky130_fd_sc_hd__clkbuf_1)
                  0.02    0.09    3.37 v _256_/X (sky130_fd_sc_hd__clkbuf_1)
     1    0.00                           _003_ (net)
                  0.02    0.00    3.37 v _392_/D (sky130_fd_sc_hd__dfrtp_1)
                                  3.37   data arrival time

                  0.15   10.00   10.00   clock clk (rise edge)
                          0.00   10.00   clock network delay (ideal)
                         -0.25    9.75   clock uncertainty
                          0.00    9.75   clock reconvergence pessimism
                                  9.75 ^ _392_/CLK (sky130_fd_sc_hd__dfrtp_1)
                         -0.08    9.67   library setup time
                                  9.67   data required time
-----------------------------------------------------------------------------
                                  9.67   data required time
                                 -3.37   data arrival time
-----------------------------------------------------------------------------
                                  6.30   slack (MET)


Startpoint: m_req (input port clocked by clk)
Endpoint: _444_ (rising edge-triggered flip-flop clocked by clk)
Path Group: clk
Path Type: max

Fanout     Cap    Slew   Delay    Time   Description
-----------------------------------------------------------------------------
                  0.15    0.00    0.00   clock clk (rise edge)
                          0.00    0.00   clock network delay (ideal)
                          2.00    2.00 ^ input external delay
                  0.02    0.01    2.01 ^ m_req (in)
     1    0.00                           m_req (net)
                  0.02    0.00    2.01 ^ input33/A (sky130_fd_sc_hd__buf_1)
                  0.16    0.16    2.17 ^ input33/X (sky130_fd_sc_hd__buf_1)
     1    0.01                           net33 (net)
                  0.16    0.00    2.17 ^ _249_/C_N (sky130_fd_sc_hd__or3b_2)
                  0.12    0.55    2.72 v _249_/X (sky130_fd_sc_hd__or3b_2)
     3    0.02                           _104_ (net)
                  0.12    0.00    2.72 v _356_/A (sky130_fd_sc_hd__clkbuf_8)
                  0.08    0.23    2.94 v _356_/X (sky130_fd_sc_hd__clkbuf_8)
    10    0.06                           _160_ (net)
                  0.08    0.01    2.95 v _365_/S (sky130_fd_sc_hd__mux2_1)
                  0.06    0.33    3.28 v _365_/X (sky130_fd_sc_hd__mux2_1)
     1    0.00                           _165_ (net)
                  0.06    0.00    3.28 v _366_/A (sky130_fd_sc_hd__clkbuf_1)
                  0.02    0.09    3.37 v _366_/X (sky130_fd_sc_hd__clkbuf_1)
     1    0.00                           _055_ (net)
                  0.02    0.00    3.37 v _444_/D (sky130_fd_sc_hd__dfrtp_1)
                                  3.37   data arrival time

                  0.15   10.00   10.00   clock clk (rise edge)
                          0.00   10.00   clock network delay (ideal)
                         -0.25    9.75   clock uncertainty
                          0.00    9.75   clock reconvergence pessimism
                                  9.75 ^ _444_/CLK (sky130_fd_sc_hd__dfrtp_1)
                         -0.08    9.67   library setup time
                                  9.67   data required time
-----------------------------------------------------------------------------
                                  9.67   data required time
                                 -3.37   data arrival time
-----------------------------------------------------------------------------
                                  6.30   slack (MET)


Startpoint: m_req (input port clocked by clk)
Endpoint: _442_ (rising edge-triggered flip-flop clocked by clk)
Path Group: clk
Path Type: max

Fanout     Cap    Slew   Delay    Time   Description
-----------------------------------------------------------------------------
                  0.15    0.00    0.00   clock clk (rise edge)
                          0.00    0.00   clock network delay (ideal)
                          2.00    2.00 ^ input external delay
                  0.02    0.01    2.01 ^ m_req (in)
     1    0.00                           m_req (net)
                  0.02    0.00    2.01 ^ input33/A (sky130_fd_sc_hd__buf_1)
                  0.16    0.16    2.17 ^ input33/X (sky130_fd_sc_hd__buf_1)
     1    0.01                           net33 (net)
                  0.16    0.00    2.17 ^ _249_/C_N (sky130_fd_sc_hd__or3b_2)
                  0.12    0.55    2.72 v _249_/X (sky130_fd_sc_hd__or3b_2)
     3    0.02                           _104_ (net)
                  0.12    0.00    2.72 v _356_/A (sky130_fd_sc_hd__clkbuf_8)
                  0.08    0.23    2.94 v _356_/X (sky130_fd_sc_hd__clkbuf_8)
    10    0.06                           _160_ (net)
                  0.08    0.00    2.95 v _361_/S (sky130_fd_sc_hd__mux2_1)
                  0.06    0.33    3.28 v _361_/X (sky130_fd_sc_hd__mux2_1)
     1    0.00                           _163_ (net)
                  0.06    0.00    3.28 v _362_/A (sky130_fd_sc_hd__clkbuf_1)
                  0.02    0.09    3.37 v _362_/X (sky130_fd_sc_hd__clkbuf_1)
     1    0.00                           _053_ (net)
                  0.02    0.00    3.37 v _442_/D (sky130_fd_sc_hd__dfrtp_1)
                                  3.37   data arrival time

                  0.15   10.00   10.00   clock clk (rise edge)
                          0.00   10.00   clock network delay (ideal)
                         -0.25    9.75   clock uncertainty
                          0.00    9.75   clock reconvergence pessimism
                                  9.75 ^ _442_/CLK (sky130_fd_sc_hd__dfrtp_1)
                         -0.08    9.67   library setup time
                                  9.67   data required time
-----------------------------------------------------------------------------
                                  9.67   data required time
                                 -3.37   data arrival time
-----------------------------------------------------------------------------
                                  6.30   slack (MET)


Startpoint: m_req (input port clocked by clk)
Endpoint: _449_ (rising edge-triggered flip-flop clocked by clk)
Path Group: clk
Path Type: max

Fanout     Cap    Slew   Delay    Time   Description
-----------------------------------------------------------------------------
                  0.15    0.00    0.00   clock clk (rise edge)
                          0.00    0.00   clock network delay (ideal)
                          2.00    2.00 ^ input external delay
                  0.02    0.01    2.01 ^ m_req (in)
     1    0.00                           m_req (net)
                  0.02    0.00    2.01 ^ input33/A (sky130_fd_sc_hd__buf_1)
                  0.16    0.16    2.17 ^ input33/X (sky130_fd_sc_hd__buf_1)
     1    0.01                           net33 (net)
                  0.16    0.00    2.17 ^ _249_/C_N (sky130_fd_sc_hd__or3b_2)
                  0.12    0.55    2.72 v _249_/X (sky130_fd_sc_hd__or3b_2)
     3    0.02                           _104_ (net)
                  0.12    0.00    2.72 v _356_/A (sky130_fd_sc_hd__clkbuf_8)
                  0.08    0.23    2.94 v _356_/X (sky130_fd_sc_hd__clkbuf_8)
    10    0.06                           _160_ (net)
                  0.08    0.00    2.95 v _375_/S (sky130_fd_sc_hd__mux2_1)
                  0.05    0.33    3.28 v _375_/X (sky130_fd_sc_hd__mux2_1)
     1    0.00                           _170_ (net)
                  0.05    0.00    3.28 v _376_/A (sky130_fd_sc_hd__clkbuf_1)
                  0.02    0.09    3.37 v _376_/X (sky130_fd_sc_hd__clkbuf_1)
     1    0.00                           _060_ (net)
                  0.02    0.00    3.37 v _449_/D (sky130_fd_sc_hd__dfrtp_4)
                                  3.37   data arrival time

                  0.15   10.00   10.00   clock clk (rise edge)
                          0.00   10.00   clock network delay (ideal)
                         -0.25    9.75   clock uncertainty
                          0.00    9.75   clock reconvergence pessimism
                                  9.75 ^ _449_/CLK (sky130_fd_sc_hd__dfrtp_4)
                         -0.08    9.67   library setup time
                                  9.67   data required time
-----------------------------------------------------------------------------
                                  9.67   data required time
                                 -3.37   data arrival time
-----------------------------------------------------------------------------
                                  6.30   slack (MET)


Startpoint: m_req (input port clocked by clk)
Endpoint: _448_ (rising edge-triggered flip-flop clocked by clk)
Path Group: clk
Path Type: max

Fanout     Cap    Slew   Delay    Time   Description
-----------------------------------------------------------------------------
                  0.15    0.00    0.00   clock clk (rise edge)
                          0.00    0.00   clock network delay (ideal)
                          2.00    2.00 ^ input external delay
                  0.02    0.01    2.01 ^ m_req (in)
     1    0.00                           m_req (net)
                  0.02    0.00    2.01 ^ input33/A (sky130_fd_sc_hd__buf_1)
                  0.16    0.16    2.17 ^ input33/X (sky130_fd_sc_hd__buf_1)
     1    0.01                           net33 (net)
                  0.16    0.00    2.17 ^ _249_/C_N (sky130_fd_sc_hd__or3b_2)
                  0.12    0.55    2.72 v _249_/X (sky130_fd_sc_hd__or3b_2)
     3    0.02                           _104_ (net)
                  0.12    0.00    2.72 v _356_/A (sky130_fd_sc_hd__clkbuf_8)
                  0.08    0.23    2.94 v _356_/X (sky130_fd_sc_hd__clkbuf_8)
    10    0.06                           _160_ (net)
                  0.08    0.01    2.95 v _373_/S (sky130_fd_sc_hd__mux2_1)
                  0.05    0.33    3.28 v _373_/X (sky130_fd_sc_hd__mux2_1)
     1    0.00                           _169_ (net)
                  0.05    0.00    3.28 v _374_/A (sky130_fd_sc_hd__clkbuf_1)
                  0.02    0.09    3.37 v _374_/X (sky130_fd_sc_hd__clkbuf_1)
     1    0.00                           _059_ (net)
                  0.02    0.00    3.37 v _448_/D (sky130_fd_sc_hd__dfrtp_1)
                                  3.37   data arrival time

                  0.15   10.00   10.00   clock clk (rise edge)
                          0.00   10.00   clock network delay (ideal)
                         -0.25    9.75   clock uncertainty
                          0.00    9.75   clock reconvergence pessimism
                                  9.75 ^ _448_/CLK (sky130_fd_sc_hd__dfrtp_1)
                         -0.08    9.67   library setup time
                                  9.67   data required time
-----------------------------------------------------------------------------
                                  9.67   data required time
                                 -3.37   data arrival time
-----------------------------------------------------------------------------
                                  6.30   slack (MET)


Startpoint: m_req (input port clocked by clk)
Endpoint: _441_ (rising edge-triggered flip-flop clocked by clk)
Path Group: clk
Path Type: max

Fanout     Cap    Slew   Delay    Time   Description
-----------------------------------------------------------------------------
                  0.15    0.00    0.00   clock clk (rise edge)
                          0.00    0.00   clock network delay (ideal)
                          2.00    2.00 ^ input external delay
                  0.02    0.01    2.01 ^ m_req (in)
     1    0.00                           m_req (net)
                  0.02    0.00    2.01 ^ input33/A (sky130_fd_sc_hd__buf_1)
                  0.16    0.16    2.17 ^ input33/X (sky130_fd_sc_hd__buf_1)
     1    0.01                           net33 (net)
                  0.16    0.00    2.17 ^ _249_/C_N (sky130_fd_sc_hd__or3b_2)
                  0.12    0.55    2.72 v _249_/X (sky130_fd_sc_hd__or3b_2)
     3    0.02                           _104_ (net)
                  0.12    0.00    2.72 v _356_/A (sky130_fd_sc_hd__clkbuf_8)
                  0.08    0.23    2.94 v _356_/X (sky130_fd_sc_hd__clkbuf_8)
    10    0.06                           _160_ (net)
                  0.08    0.00    2.95 v _359_/S (sky130_fd_sc_hd__mux2_1)
                  0.05    0.33    3.28 v _359_/X (sky130_fd_sc_hd__mux2_1)
     1    0.00                           _162_ (net)
                  0.05    0.00    3.28 v _360_/A (sky130_fd_sc_hd__clkbuf_1)
                  0.02    0.09    3.37 v _360_/X (sky130_fd_sc_hd__clkbuf_1)
     1    0.00                           _052_ (net)
                  0.02    0.00    3.37 v _441_/D (sky130_fd_sc_hd__dfrtp_2)
                                  3.37   data arrival time

                  0.15   10.00   10.00   clock clk (rise edge)
                          0.00   10.00   clock network delay (ideal)
                         -0.25    9.75   clock uncertainty
                          0.00    9.75   clock reconvergence pessimism
                                  9.75 ^ _441_/CLK (sky130_fd_sc_hd__dfrtp_2)
                         -0.08    9.67   library setup time
                                  9.67   data required time
-----------------------------------------------------------------------------
                                  9.67   data required time
                                 -3.37   data arrival time
-----------------------------------------------------------------------------
                                  6.30   slack (MET)


Startpoint: m_req (input port clocked by clk)
Endpoint: _445_ (rising edge-triggered flip-flop clocked by clk)
Path Group: clk
Path Type: max

Fanout     Cap    Slew   Delay    Time   Description
-----------------------------------------------------------------------------
                  0.15    0.00    0.00   clock clk (rise edge)
                          0.00    0.00   clock network delay (ideal)
                          2.00    2.00 ^ input external delay
                  0.02    0.01    2.01 ^ m_req (in)
     1    0.00                           m_req (net)
                  0.02    0.00    2.01 ^ input33/A (sky130_fd_sc_hd__buf_1)
                  0.16    0.16    2.17 ^ input33/X (sky130_fd_sc_hd__buf_1)
     1    0.01                           net33 (net)
                  0.16    0.00    2.17 ^ _249_/C_N (sky130_fd_sc_hd__or3b_2)
                  0.12    0.55    2.72 v _249_/X (sky130_fd_sc_hd__or3b_2)
     3    0.02                           _104_ (net)
                  0.12    0.00    2.72 v _356_/A (sky130_fd_sc_hd__clkbuf_8)
                  0.08    0.23    2.94 v _356_/X (sky130_fd_sc_hd__clkbuf_8)
    10    0.06                           _160_ (net)
                  0.08    0.01    2.95 v _367_/S (sky130_fd_sc_hd__mux2_1)
                  0.05    0.33    3.28 v _367_/X (sky130_fd_sc_hd__mux2_1)
     1    0.00                           _166_ (net)
                  0.05    0.00    3.28 v _368_/A (sky130_fd_sc_hd__clkbuf_1)
                  0.02    0.09    3.37 v _368_/X (sky130_fd_sc_hd__clkbuf_1)
     1    0.00                           _056_ (net)
                  0.02    0.00    3.37 v _445_/D (sky130_fd_sc_hd__dfrtp_1)
                                  3.37   data arrival time

                  0.15   10.00   10.00   clock clk (rise edge)
                          0.00   10.00   clock network delay (ideal)
                         -0.25    9.75   clock uncertainty
                          0.00    9.75   clock reconvergence pessimism
                                  9.75 ^ _445_/CLK (sky130_fd_sc_hd__dfrtp_1)
                         -0.08    9.67   library setup time
                                  9.67   data required time
-----------------------------------------------------------------------------
                                  9.67   data required time
                                 -3.37   data arrival time
-----------------------------------------------------------------------------
                                  6.30   slack (MET)


Startpoint: m_req (input port clocked by clk)
Endpoint: _443_ (rising edge-triggered flip-flop clocked by clk)
Path Group: clk
Path Type: max

Fanout     Cap    Slew   Delay    Time   Description
-----------------------------------------------------------------------------
                  0.15    0.00    0.00   clock clk (rise edge)
                          0.00    0.00   clock network delay (ideal)
                          2.00    2.00 ^ input external delay
                  0.02    0.01    2.01 ^ m_req (in)
     1    0.00                           m_req (net)
                  0.02    0.00    2.01 ^ input33/A (sky130_fd_sc_hd__buf_1)
                  0.16    0.16    2.17 ^ input33/X (sky130_fd_sc_hd__buf_1)
     1    0.01                           net33 (net)
                  0.16    0.00    2.17 ^ _249_/C_N (sky130_fd_sc_hd__or3b_2)
                  0.12    0.55    2.72 v _249_/X (sky130_fd_sc_hd__or3b_2)
     3    0.02                           _104_ (net)
                  0.12    0.00    2.72 v _356_/A (sky130_fd_sc_hd__clkbuf_8)
                  0.08    0.23    2.94 v _356_/X (sky130_fd_sc_hd__clkbuf_8)
    10    0.06                           _160_ (net)
                  0.08    0.00    2.95 v _363_/S (sky130_fd_sc_hd__mux2_1)
                  0.05    0.33    3.28 v _363_/X (sky130_fd_sc_hd__mux2_1)
     1    0.00                           _164_ (net)
                  0.05    0.00    3.28 v _364_/A (sky130_fd_sc_hd__clkbuf_1)
                  0.02    0.09    3.37 v _364_/X (sky130_fd_sc_hd__clkbuf_1)
     1    0.00                           _054_ (net)
                  0.02    0.00    3.37 v _443_/D (sky130_fd_sc_hd__dfrtp_1)
                                  3.37   data arrival time

                  0.15   10.00   10.00   clock clk (rise edge)
                          0.00   10.00   clock network delay (ideal)
                         -0.25    9.75   clock uncertainty
                          0.00    9.75   clock reconvergence pessimism
                                  9.75 ^ _443_/CLK (sky130_fd_sc_hd__dfrtp_1)
                         -0.08    9.67   library setup time
                                  9.67   data required time
-----------------------------------------------------------------------------
                                  9.67   data required time
                                 -3.37   data arrival time
-----------------------------------------------------------------------------
                                  6.30   slack (MET)


Startpoint: m_req (input port clocked by clk)
Endpoint: _440_ (rising edge-triggered flip-flop clocked by clk)
Path Group: clk
Path Type: max

Fanout     Cap    Slew   Delay    Time   Description
-----------------------------------------------------------------------------
                  0.15    0.00    0.00   clock clk (rise edge)
                          0.00    0.00   clock network delay (ideal)
                          2.00    2.00 ^ input external delay
                  0.02    0.01    2.01 ^ m_req (in)
     1    0.00                           m_req (net)
                  0.02    0.00    2.01 ^ input33/A (sky130_fd_sc_hd__buf_1)
                  0.16    0.16    2.17 ^ input33/X (sky130_fd_sc_hd__buf_1)
     1    0.01                           net33 (net)
                  0.16    0.00    2.17 ^ _249_/C_N (sky130_fd_sc_hd__or3b_2)
                  0.12    0.55    2.72 v _249_/X (sky130_fd_sc_hd__or3b_2)
     3    0.02                           _104_ (net)
                  0.12    0.00    2.72 v _356_/A (sky130_fd_sc_hd__clkbuf_8)
                  0.08    0.23    2.94 v _356_/X (sky130_fd_sc_hd__clkbuf_8)
    10    0.06                           _160_ (net)
                  0.08    0.00    2.94 v _357_/S (sky130_fd_sc_hd__mux2_1)
                  0.06    0.33    3.27 v _357_/X (sky130_fd_sc_hd__mux2_1)
     1    0.00                           _161_ (net)
                  0.06    0.00    3.27 v _358_/A (sky130_fd_sc_hd__clkbuf_1)
                  0.02    0.09    3.37 v _358_/X (sky130_fd_sc_hd__clkbuf_1)
     1    0.00                           _051_ (net)
                  0.02    0.00    3.37 v _440_/D (sky130_fd_sc_hd__dfrtp_1)
                                  3.37   data arrival time

                  0.15   10.00   10.00   clock clk (rise edge)
                          0.00   10.00   clock network delay (ideal)
                         -0.25    9.75   clock uncertainty
                          0.00    9.75   clock reconvergence pessimism
                                  9.75 ^ _440_/CLK (sky130_fd_sc_hd__dfrtp_1)
                         -0.08    9.67   library setup time
                                  9.67   data required time
-----------------------------------------------------------------------------
                                  9.67   data required time
                                 -3.37   data arrival time
-----------------------------------------------------------------------------
                                  6.30   slack (MET)


Startpoint: m_req (input port clocked by clk)
Endpoint: _446_ (rising edge-triggered flip-flop clocked by clk)
Path Group: clk
Path Type: max

Fanout     Cap    Slew   Delay    Time   Description
-----------------------------------------------------------------------------
                  0.15    0.00    0.00   clock clk (rise edge)
                          0.00    0.00   clock network delay (ideal)
                          2.00    2.00 ^ input external delay
                  0.02    0.01    2.01 ^ m_req (in)
     1    0.00                           m_req (net)
                  0.02    0.00    2.01 ^ input33/A (sky130_fd_sc_hd__buf_1)
                  0.16    0.16    2.17 ^ input33/X (sky130_fd_sc_hd__buf_1)
     1    0.01                           net33 (net)
                  0.16    0.00    2.17 ^ _249_/C_N (sky130_fd_sc_hd__or3b_2)
                  0.12    0.55    2.72 v _249_/X (sky130_fd_sc_hd__or3b_2)
     3    0.02                           _104_ (net)
                  0.12    0.00    2.72 v _356_/A (sky130_fd_sc_hd__clkbuf_8)
                  0.08    0.23    2.94 v _356_/X (sky130_fd_sc_hd__clkbuf_8)
    10    0.06                           _160_ (net)
                  0.08    0.00    2.94 v _369_/S (sky130_fd_sc_hd__mux2_1)
                  0.05    0.33    3.27 v _369_/X (sky130_fd_sc_hd__mux2_1)
     1    0.00                           _167_ (net)
                  0.05    0.00    3.27 v _370_/A (sky130_fd_sc_hd__clkbuf_1)
                  0.02    0.09    3.36 v _370_/X (sky130_fd_sc_hd__clkbuf_1)
     1    0.00                           _057_ (net)
                  0.02    0.00    3.36 v _446_/D (sky130_fd_sc_hd__dfrtp_1)
                                  3.36   data arrival time

                  0.15   10.00   10.00   clock clk (rise edge)
                          0.00   10.00   clock network delay (ideal)
                         -0.25    9.75   clock uncertainty
                          0.00    9.75   clock reconvergence pessimism
                                  9.75 ^ _446_/CLK (sky130_fd_sc_hd__dfrtp_1)
                         -0.08    9.67   library setup time
                                  9.67   data required time
-----------------------------------------------------------------------------
                                  9.67   data required time
                                 -3.36   data arrival time
-----------------------------------------------------------------------------
                                  6.31   slack (MET)


Startpoint: m_req (input port clocked by clk)
Endpoint: _454_ (rising edge-triggered flip-flop clocked by clk)
Path Group: clk
Path Type: max

Fanout     Cap    Slew   Delay    Time   Description
-----------------------------------------------------------------------------
                  0.15    0.00    0.00   clock clk (rise edge)
                          0.00    0.00   clock network delay (ideal)
                          2.00    2.00 ^ input external delay
                  0.02    0.01    2.01 ^ m_req (in)
     1    0.00                           m_req (net)
                  0.02    0.00    2.01 ^ input33/A (sky130_fd_sc_hd__buf_1)
                  0.16    0.16    2.17 ^ input33/X (sky130_fd_sc_hd__buf_1)
     1    0.01                           net33 (net)
                  0.16    0.00    2.17 ^ _249_/C_N (sky130_fd_sc_hd__or3b_2)
                  0.12    0.55    2.72 v _249_/X (sky130_fd_sc_hd__or3b_2)
     3    0.02                           _104_ (net)
                  0.12    0.00    2.72 v _271_/A (sky130_fd_sc_hd__buf_8)
                  0.07    0.20    2.92 v _271_/X (sky130_fd_sc_hd__buf_8)
    10    0.09                           _115_ (net)
                  0.07    0.01    2.93 v _385_/S (sky130_fd_sc_hd__mux2_1)
                  0.05    0.33    3.25 v _385_/X (sky130_fd_sc_hd__mux2_1)
     1    0.00                           _175_ (net)
                  0.05    0.00    3.25 v _386_/A (sky130_fd_sc_hd__clkbuf_1)
                  0.02    0.09    3.35 v _386_/X (sky130_fd_sc_hd__clkbuf_1)
     1    0.00                           _065_ (net)
                  0.02    0.00    3.35 v _454_/D (sky130_fd_sc_hd__dfrtp_1)
                                  3.35   data arrival time

                  0.15   10.00   10.00   clock clk (rise edge)
                          0.00   10.00   clock network delay (ideal)
                         -0.25    9.75   clock uncertainty
                          0.00    9.75   clock reconvergence pessimism
                                  9.75 ^ _454_/CLK (sky130_fd_sc_hd__dfrtp_1)
                         -0.08    9.67   library setup time
                                  9.67   data required time
-----------------------------------------------------------------------------
                                  9.67   data required time
                                 -3.35   data arrival time
-----------------------------------------------------------------------------
                                  6.32   slack (MET)


Startpoint: m_req (input port clocked by clk)
Endpoint: _453_ (rising edge-triggered flip-flop clocked by clk)
Path Group: clk
Path Type: max

Fanout     Cap    Slew   Delay    Time   Description
-----------------------------------------------------------------------------
                  0.15    0.00    0.00   clock clk (rise edge)
                          0.00    0.00   clock network delay (ideal)
                          2.00    2.00 ^ input external delay
                  0.02    0.01    2.01 ^ m_req (in)
     1    0.00                           m_req (net)
                  0.02    0.00    2.01 ^ input33/A (sky130_fd_sc_hd__buf_1)
                  0.16    0.16    2.17 ^ input33/X (sky130_fd_sc_hd__buf_1)
     1    0.01                           net33 (net)
                  0.16    0.00    2.17 ^ _249_/C_N (sky130_fd_sc_hd__or3b_2)
                  0.12    0.55    2.72 v _249_/X (sky130_fd_sc_hd__or3b_2)
     3    0.02                           _104_ (net)
                  0.12    0.00    2.72 v _271_/A (sky130_fd_sc_hd__buf_8)
                  0.07    0.20    2.92 v _271_/X (sky130_fd_sc_hd__buf_8)
    10    0.09                           _115_ (net)
                  0.07    0.01    2.93 v _383_/S (sky130_fd_sc_hd__mux2_1)
                  0.05    0.33    3.25 v _383_/X (sky130_fd_sc_hd__mux2_1)
     1    0.00                           _174_ (net)
                  0.05    0.00    3.25 v _384_/A (sky130_fd_sc_hd__clkbuf_1)
                  0.02    0.09    3.35 v _384_/X (sky130_fd_sc_hd__clkbuf_1)
     1    0.00                           _064_ (net)
                  0.02    0.00    3.35 v _453_/D (sky130_fd_sc_hd__dfrtp_1)
                                  3.35   data arrival time

                  0.15   10.00   10.00   clock clk (rise edge)
                          0.00   10.00   clock network delay (ideal)
                         -0.25    9.75   clock uncertainty
                          0.00    9.75   clock reconvergence pessimism
                                  9.75 ^ _453_/CLK (sky130_fd_sc_hd__dfrtp_1)
                         -0.08    9.67   library setup time
                                  9.67   data required time
-----------------------------------------------------------------------------
                                  9.67   data required time
                                 -3.35   data arrival time
-----------------------------------------------------------------------------
                                  6.32   slack (MET)


Startpoint: m_req (input port clocked by clk)
Endpoint: _451_ (rising edge-triggered flip-flop clocked by clk)
Path Group: clk
Path Type: max

Fanout     Cap    Slew   Delay    Time   Description
-----------------------------------------------------------------------------
                  0.15    0.00    0.00   clock clk (rise edge)
                          0.00    0.00   clock network delay (ideal)
                          2.00    2.00 ^ input external delay
                  0.02    0.01    2.01 ^ m_req (in)
     1    0.00                           m_req (net)
                  0.02    0.00    2.01 ^ input33/A (sky130_fd_sc_hd__buf_1)
                  0.16    0.16    2.17 ^ input33/X (sky130_fd_sc_hd__buf_1)
     1    0.01                           net33 (net)
                  0.16    0.00    2.17 ^ _249_/C_N (sky130_fd_sc_hd__or3b_2)
                  0.12    0.55    2.72 v _249_/X (sky130_fd_sc_hd__or3b_2)
     3    0.02                           _104_ (net)
                  0.12    0.00    2.72 v _271_/A (sky130_fd_sc_hd__buf_8)
                  0.07    0.20    2.92 v _271_/X (sky130_fd_sc_hd__buf_8)
    10    0.09                           _115_ (net)
                  0.07    0.00    2.93 v _379_/S (sky130_fd_sc_hd__mux2_1)
                  0.06    0.33    3.25 v _379_/X (sky130_fd_sc_hd__mux2_1)
     1    0.00                           _172_ (net)
                  0.06    0.00    3.25 v _380_/A (sky130_fd_sc_hd__clkbuf_1)
                  0.02    0.09    3.35 v _380_/X (sky130_fd_sc_hd__clkbuf_1)
     1    0.00                           _062_ (net)
                  0.02    0.00    3.35 v _451_/D (sky130_fd_sc_hd__dfrtp_1)
                                  3.35   data arrival time

                  0.15   10.00   10.00   clock clk (rise edge)
                          0.00   10.00   clock network delay (ideal)
                         -0.25    9.75   clock uncertainty
                          0.00    9.75   clock reconvergence pessimism
                                  9.75 ^ _451_/CLK (sky130_fd_sc_hd__dfrtp_1)
                         -0.08    9.67   library setup time
                                  9.67   data required time
-----------------------------------------------------------------------------
                                  9.67   data required time
                                 -3.35   data arrival time
-----------------------------------------------------------------------------
                                  6.32   slack (MET)


Startpoint: m_req (input port clocked by clk)
Endpoint: _452_ (rising edge-triggered flip-flop clocked by clk)
Path Group: clk
Path Type: max

Fanout     Cap    Slew   Delay    Time   Description
-----------------------------------------------------------------------------
                  0.15    0.00    0.00   clock clk (rise edge)
                          0.00    0.00   clock network delay (ideal)
                          2.00    2.00 ^ input external delay
                  0.02    0.01    2.01 ^ m_req (in)
     1    0.00                           m_req (net)
                  0.02    0.00    2.01 ^ input33/A (sky130_fd_sc_hd__buf_1)
                  0.16    0.16    2.17 ^ input33/X (sky130_fd_sc_hd__buf_1)
     1    0.01                           net33 (net)
                  0.16    0.00    2.17 ^ _249_/C_N (sky130_fd_sc_hd__or3b_2)
                  0.12    0.55    2.72 v _249_/X (sky130_fd_sc_hd__or3b_2)
     3    0.02                           _104_ (net)
                  0.12    0.00    2.72 v _271_/A (sky130_fd_sc_hd__buf_8)
                  0.07    0.20    2.92 v _271_/X (sky130_fd_sc_hd__buf_8)
    10    0.09                           _115_ (net)
                  0.07    0.00    2.92 v _381_/S (sky130_fd_sc_hd__mux2_1)
                  0.06    0.33    3.25 v _381_/X (sky130_fd_sc_hd__mux2_1)
     1    0.00                           _173_ (net)
                  0.06    0.00    3.25 v _382_/A (sky130_fd_sc_hd__clkbuf_1)
                  0.02    0.09    3.34 v _382_/X (sky130_fd_sc_hd__clkbuf_1)
     1    0.00                           _063_ (net)
                  0.02    0.00    3.34 v _452_/D (sky130_fd_sc_hd__dfrtp_1)
                                  3.34   data arrival time

                  0.15   10.00   10.00   clock clk (rise edge)
                          0.00   10.00   clock network delay (ideal)
                         -0.25    9.75   clock uncertainty
                          0.00    9.75   clock reconvergence pessimism
                                  9.75 ^ _452_/CLK (sky130_fd_sc_hd__dfrtp_1)
                         -0.08    9.67   library setup time
                                  9.67   data required time
-----------------------------------------------------------------------------
                                  9.67   data required time
                                 -3.34   data arrival time
-----------------------------------------------------------------------------
                                  6.33   slack (MET)


Startpoint: m_req (input port clocked by clk)
Endpoint: _455_ (rising edge-triggered flip-flop clocked by clk)
Path Group: clk
Path Type: max

Fanout     Cap    Slew   Delay    Time   Description
-----------------------------------------------------------------------------
                  0.15    0.00    0.00   clock clk (rise edge)
                          0.00    0.00   clock network delay (ideal)
                          2.00    2.00 ^ input external delay
                  0.02    0.01    2.01 ^ m_req (in)
     1    0.00                           m_req (net)
                  0.02    0.00    2.01 ^ input33/A (sky130_fd_sc_hd__buf_1)
                  0.16    0.16    2.17 ^ input33/X (sky130_fd_sc_hd__buf_1)
     1    0.01                           net33 (net)
                  0.16    0.00    2.17 ^ _249_/C_N (sky130_fd_sc_hd__or3b_2)
                  0.12    0.55    2.72 v _249_/X (sky130_fd_sc_hd__or3b_2)
     3    0.02                           _104_ (net)
                  0.12    0.00    2.72 v _271_/A (sky130_fd_sc_hd__buf_8)
                  0.07    0.20    2.92 v _271_/X (sky130_fd_sc_hd__buf_8)
    10    0.09                           _115_ (net)
                  0.07    0.00    2.92 v _387_/S (sky130_fd_sc_hd__mux2_1)
                  0.05    0.32    3.25 v _387_/X (sky130_fd_sc_hd__mux2_1)
     1    0.00                           _176_ (net)
                  0.05    0.00    3.25 v _388_/A (sky130_fd_sc_hd__clkbuf_1)
                  0.02    0.09    3.34 v _388_/X (sky130_fd_sc_hd__clkbuf_1)
     1    0.00                           _066_ (net)
                  0.02    0.00    3.34 v _455_/D (sky130_fd_sc_hd__dfrtp_1)
                                  3.34   data arrival time

                  0.15   10.00   10.00   clock clk (rise edge)
                          0.00   10.00   clock network delay (ideal)
                         -0.25    9.75   clock uncertainty
                          0.00    9.75   clock reconvergence pessimism
                                  9.75 ^ _455_/CLK (sky130_fd_sc_hd__dfrtp_1)
                         -0.08    9.67   library setup time
                                  9.67   data required time
-----------------------------------------------------------------------------
                                  9.67   data required time
                                 -3.34   data arrival time
-----------------------------------------------------------------------------
                                  6.33   slack (MET)


Startpoint: m_req (input port clocked by clk)
Endpoint: _450_ (rising edge-triggered flip-flop clocked by clk)
Path Group: clk
Path Type: max

Fanout     Cap    Slew   Delay    Time   Description
-----------------------------------------------------------------------------
                  0.15    0.00    0.00   clock clk (rise edge)
                          0.00    0.00   clock network delay (ideal)
                          2.00    2.00 ^ input external delay
                  0.02    0.01    2.01 ^ m_req (in)
     1    0.00                           m_req (net)
                  0.02    0.00    2.01 ^ input33/A (sky130_fd_sc_hd__buf_1)
                  0.16    0.16    2.17 ^ input33/X (sky130_fd_sc_hd__buf_1)
     1    0.01                           net33 (net)
                  0.16    0.00    2.17 ^ _249_/C_N (sky130_fd_sc_hd__or3b_2)
                  0.12    0.55    2.72 v _249_/X (sky130_fd_sc_hd__or3b_2)
     3    0.02                           _104_ (net)
                  0.12    0.00    2.72 v _271_/A (sky130_fd_sc_hd__buf_8)
                  0.07    0.20    2.92 v _271_/X (sky130_fd_sc_hd__buf_8)
    10    0.09                           _115_ (net)
                  0.07    0.00    2.92 v _377_/S (sky130_fd_sc_hd__mux2_1)
                  0.05    0.32    3.25 v _377_/X (sky130_fd_sc_hd__mux2_1)
     1    0.00                           _171_ (net)
                  0.05    0.00    3.25 v _378_/A (sky130_fd_sc_hd__clkbuf_1)
                  0.02    0.09    3.34 v _378_/X (sky130_fd_sc_hd__clkbuf_1)
     1    0.00                           _061_ (net)
                  0.02    0.00    3.34 v _450_/D (sky130_fd_sc_hd__dfrtp_1)
                                  3.34   data arrival time

                  0.15   10.00   10.00   clock clk (rise edge)
                          0.00   10.00   clock network delay (ideal)
                         -0.25    9.75   clock uncertainty
                          0.00    9.75   clock reconvergence pessimism
                                  9.75 ^ _450_/CLK (sky130_fd_sc_hd__dfrtp_1)
                         -0.08    9.67   library setup time
                                  9.67   data required time
-----------------------------------------------------------------------------
                                  9.67   data required time
                                 -3.34   data arrival time
-----------------------------------------------------------------------------
                                  6.33   slack (MET)


Startpoint: _390_ (rising edge-triggered flip-flop clocked by clk)
Endpoint: psel (output port clocked by clk)
Path Group: clk
Path Type: max

Fanout     Cap    Slew   Delay    Time   Description
-----------------------------------------------------------------------------
                  0.15    0.00    0.00   clock clk (rise edge)
                          0.00    0.00   clock network delay (ideal)
                  0.15    0.00    0.00 ^ _390_/CLK (sky130_fd_sc_hd__dfrtp_1)
                  0.06    0.44    0.44 v _390_/Q (sky130_fd_sc_hd__dfrtp_1)
     4    0.01                           state[0] (net)
                  0.06    0.00    0.44 v _177_/A (sky130_fd_sc_hd__or2b_1)
                  0.08    0.27    0.71 v _177_/X (sky130_fd_sc_hd__or2b_1)
     3    0.01                           _067_ (net)
                  0.08    0.00    0.71 v _180_/A (sky130_fd_sc_hd__nand2_1)
                  0.12    0.13    0.84 ^ _180_/Y (sky130_fd_sc_hd__nand2_1)
     1    0.01                           net169 (net)
                  0.12    0.00    0.84 ^ output169/A (sky130_fd_sc_hd__buf_2)
                  0.17    0.24    1.08 ^ output169/X (sky130_fd_sc_hd__buf_2)
     1    0.03                           psel (net)
                  0.17    0.00    1.08 ^ psel (out)
                                  1.08   data arrival time

                  0.15   10.00   10.00   clock clk (rise edge)
                          0.00   10.00   clock network delay (ideal)
                         -0.25    9.75   clock uncertainty
                          0.00    9.75   clock reconvergence pessimism
                         -2.00    7.75   output external delay
                                  7.75   data required time
-----------------------------------------------------------------------------
                                  7.75   data required time
                                 -1.08   data arrival time
-----------------------------------------------------------------------------
                                  6.67   slack (MET)


Startpoint: m_req (input port clocked by clk)
Endpoint: _390_ (rising edge-triggered flip-flop clocked by clk)
Path Group: clk
Path Type: max

Fanout     Cap    Slew   Delay    Time   Description
-----------------------------------------------------------------------------
                  0.15    0.00    0.00   clock clk (rise edge)
                          0.00    0.00   clock network delay (ideal)
                          2.00    2.00 ^ input external delay
                  0.02    0.01    2.01 ^ m_req (in)
     1    0.00                           m_req (net)
                  0.02    0.00    2.01 ^ input33/A (sky130_fd_sc_hd__buf_1)
                  0.16    0.16    2.17 ^ input33/X (sky130_fd_sc_hd__buf_1)
     1    0.01                           net33 (net)
                  0.16    0.00    2.17 ^ _249_/C_N (sky130_fd_sc_hd__or3b_2)
                  0.12    0.55    2.72 v _249_/X (sky130_fd_sc_hd__or3b_2)
     3    0.02                           _104_ (net)
                  0.12    0.00    2.72 v _250_/A (sky130_fd_sc_hd__clkbuf_8)
                  0.09    0.23    2.95 v _250_/X (sky130_fd_sc_hd__clkbuf_8)
    10    0.07                           _105_ (net)
                  0.09    0.00    2.95 v _253_/A (sky130_fd_sc_hd__inv_2)
                  0.03    0.05    3.00 ^ _253_/Y (sky130_fd_sc_hd__inv_2)
     1    0.00                           _001_ (net)
                  0.03    0.00    3.00 ^ _390_/D (sky130_fd_sc_hd__dfrtp_1)
                                  3.00   data arrival time

                  0.15   10.00   10.00   clock clk (rise edge)
                          0.00   10.00   clock network delay (ideal)
                         -0.25    9.75   clock uncertainty
                          0.00    9.75   clock reconvergence pessimism
                                  9.75 ^ _390_/CLK (sky130_fd_sc_hd__dfrtp_1)
                         -0.04    9.71   library setup time
                                  9.71   data required time
-----------------------------------------------------------------------------
                                  9.71   data required time
                                 -3.00   data arrival time
-----------------------------------------------------------------------------
                                  6.70   slack (MET)


Startpoint: _390_ (rising edge-triggered flip-flop clocked by clk)
Endpoint: penable (output port clocked by clk)
Path Group: clk
Path Type: max

Fanout     Cap    Slew   Delay    Time   Description
-----------------------------------------------------------------------------
                  0.15    0.00    0.00   clock clk (rise edge)
                          0.00    0.00   clock network delay (ideal)
                  0.15    0.00    0.00 ^ _390_/CLK (sky130_fd_sc_hd__dfrtp_1)
                  0.06    0.44    0.44 v _390_/Q (sky130_fd_sc_hd__dfrtp_1)
     4    0.01                           state[0] (net)
                  0.06    0.00    0.44 v _177_/A (sky130_fd_sc_hd__or2b_1)
                  0.08    0.27    0.71 v _177_/X (sky130_fd_sc_hd__or2b_1)
     3    0.01                           _067_ (net)
                  0.08    0.00    0.71 v _178_/A (sky130_fd_sc_hd__inv_2)
                  0.04    0.07    0.78 ^ _178_/Y (sky130_fd_sc_hd__inv_2)
     1    0.01                           net167 (net)
                  0.04    0.00    0.78 ^ output167/A (sky130_fd_sc_hd__buf_2)
                  0.17    0.21    0.98 ^ output167/X (sky130_fd_sc_hd__buf_2)
     1    0.03                           penable (net)
                  0.17    0.00    0.99 ^ penable (out)
                                  0.99   data arrival time

                  0.15   10.00   10.00   clock clk (rise edge)
                          0.00   10.00   clock network delay (ideal)
                         -0.25    9.75   clock uncertainty
                          0.00    9.75   clock reconvergence pessimism
                         -2.00    7.75   output external delay
                                  7.75   data required time
-----------------------------------------------------------------------------
                                  7.75   data required time
                                 -0.99   data arrival time
-----------------------------------------------------------------------------
                                  6.76   slack (MET)


Startpoint: _408_ (rising edge-triggered flip-flop clocked by clk)
Endpoint: paddr[16] (output port clocked by clk)
Path Group: clk
Path Type: max

Fanout     Cap    Slew   Delay    Time   Description
-----------------------------------------------------------------------------
                  0.15    0.00    0.00   clock clk (rise edge)
                          0.00    0.00   clock network delay (ideal)
                  0.15    0.00    0.00 ^ _408_/CLK (sky130_fd_sc_hd__dfrtp_4)
                  0.09    0.58    0.58 v _408_/Q (sky130_fd_sc_hd__dfrtp_4)
     2    0.03                           net141 (net)
                  0.09    0.00    0.58 v output141/A (sky130_fd_sc_hd__buf_2)
                  0.09    0.21    0.79 v output141/X (sky130_fd_sc_hd__buf_2)
     1    0.03                           paddr[16] (net)
                  0.09    0.00    0.79 v paddr[16] (out)
                                  0.79   data arrival time

                  0.15   10.00   10.00   clock clk (rise edge)
                          0.00   10.00   clock network delay (ideal)
                         -0.25    9.75   clock uncertainty
                          0.00    9.75   clock reconvergence pessimism
                         -2.00    7.75   output external delay
                                  7.75   data required time
-----------------------------------------------------------------------------
                                  7.75   data required time
                                 -0.79   data arrival time
-----------------------------------------------------------------------------
                                  6.96   slack (MET)


Startpoint: _439_ (rising edge-triggered flip-flop clocked by clk)
Endpoint: pwdata[15] (output port clocked by clk)
Path Group: clk
Path Type: max

Fanout     Cap    Slew   Delay    Time   Description
-----------------------------------------------------------------------------
                  0.15    0.00    0.00   clock clk (rise edge)
                          0.00    0.00   clock network delay (ideal)
                  0.15    0.00    0.00 ^ _439_/CLK (sky130_fd_sc_hd__dfrtp_4)
                  0.09    0.57    0.57 v _439_/Q (sky130_fd_sc_hd__dfrtp_4)
     2    0.03                           net176 (net)
                  0.09    0.00    0.58 v output176/A (sky130_fd_sc_hd__clkbuf_4)
                  0.08    0.21    0.79 v output176/X (sky130_fd_sc_hd__clkbuf_4)
     1    0.04                           pwdata[15] (net)
                  0.08    0.00    0.79 v pwdata[15] (out)
                                  0.79   data arrival time

                  0.15   10.00   10.00   clock clk (rise edge)
                          0.00   10.00   clock network delay (ideal)
                         -0.25    9.75   clock uncertainty
                          0.00    9.75   clock reconvergence pessimism
                         -2.00    7.75   output external delay
                                  7.75   data required time
-----------------------------------------------------------------------------
                                  7.75   data required time
                                 -0.79   data arrival time
-----------------------------------------------------------------------------
                                  6.96   slack (MET)


Startpoint: _434_ (rising edge-triggered flip-flop clocked by clk)
Endpoint: pwdata[10] (output port clocked by clk)
Path Group: clk
Path Type: max

Fanout     Cap    Slew   Delay    Time   Description
-----------------------------------------------------------------------------
                  0.15    0.00    0.00   clock clk (rise edge)
                          0.00    0.00   clock network delay (ideal)
                  0.15    0.00    0.00 ^ _434_/CLK (sky130_fd_sc_hd__dfrtp_4)
                  0.08    0.57    0.57 v _434_/Q (sky130_fd_sc_hd__dfrtp_4)
     2    0.02                           net171 (net)
                  0.08    0.00    0.57 v output171/A (sky130_fd_sc_hd__clkbuf_4)
                  0.08    0.21    0.78 v output171/X (sky130_fd_sc_hd__clkbuf_4)
     1    0.03                           pwdata[10] (net)
                  0.08    0.00    0.78 v pwdata[10] (out)
                                  0.78   data arrival time

                  0.15   10.00   10.00   clock clk (rise edge)
                          0.00   10.00   clock network delay (ideal)
                         -0.25    9.75   clock uncertainty
                          0.00    9.75   clock reconvergence pessimism
                         -2.00    7.75   output external delay
                                  7.75   data required time
-----------------------------------------------------------------------------
                                  7.75   data required time
                                 -0.78   data arrival time
-----------------------------------------------------------------------------
                                  6.97   slack (MET)


Startpoint: _404_ (rising edge-triggered flip-flop clocked by clk)
Endpoint: paddr[12] (output port clocked by clk)
Path Group: clk
Path Type: max

Fanout     Cap    Slew   Delay    Time   Description
-----------------------------------------------------------------------------
                  0.15    0.00    0.00   clock clk (rise edge)
                          0.00    0.00   clock network delay (ideal)
                  0.15    0.00    0.00 ^ _404_/CLK (sky130_fd_sc_hd__dfrtp_4)
                  0.09    0.57    0.57 v _404_/Q (sky130_fd_sc_hd__dfrtp_4)
     2    0.03                           net137 (net)
                  0.09    0.00    0.57 v output137/A (sky130_fd_sc_hd__buf_2)
                  0.09    0.21    0.78 v output137/X (sky130_fd_sc_hd__buf_2)
     1    0.03                           paddr[12] (net)
                  0.09    0.00    0.78 v paddr[12] (out)
                                  0.78   data arrival time

                  0.15   10.00   10.00   clock clk (rise edge)
                          0.00   10.00   clock network delay (ideal)
                         -0.25    9.75   clock uncertainty
                          0.00    9.75   clock reconvergence pessimism
                         -2.00    7.75   output external delay
                                  7.75   data required time
-----------------------------------------------------------------------------
                                  7.75   data required time
                                 -0.78   data arrival time
-----------------------------------------------------------------------------
                                  6.97   slack (MET)


Startpoint: _424_ (rising edge-triggered flip-flop clocked by clk)
Endpoint: pwdata[0] (output port clocked by clk)
Path Group: clk
Path Type: max

Fanout     Cap    Slew   Delay    Time   Description
-----------------------------------------------------------------------------
                  0.15    0.00    0.00   clock clk (rise edge)
                          0.00    0.00   clock network delay (ideal)
                  0.15    0.00    0.00 ^ _424_/CLK (sky130_fd_sc_hd__dfrtp_4)
                  0.08    0.57    0.57 v _424_/Q (sky130_fd_sc_hd__dfrtp_4)
     2    0.02                           net170 (net)
                  0.08    0.00    0.57 v output170/A (sky130_fd_sc_hd__clkbuf_4)
                  0.08    0.21    0.78 v output170/X (sky130_fd_sc_hd__clkbuf_4)
     1    0.03                           pwdata[0] (net)
                  0.08    0.00    0.78 v pwdata[0] (out)
                                  0.78   data arrival time

                  0.15   10.00   10.00   clock clk (rise edge)
                          0.00   10.00   clock network delay (ideal)
                         -0.25    9.75   clock uncertainty
                          0.00    9.75   clock reconvergence pessimism
                         -2.00    7.75   output external delay
                                  7.75   data required time
-----------------------------------------------------------------------------
                                  7.75   data required time
                                 -0.78   data arrival time
-----------------------------------------------------------------------------
                                  6.97   slack (MET)


Startpoint: _410_ (rising edge-triggered flip-flop clocked by clk)
Endpoint: paddr[18] (output port clocked by clk)
Path Group: clk
Path Type: max

Fanout     Cap    Slew   Delay    Time   Description
-----------------------------------------------------------------------------
                  0.15    0.00    0.00   clock clk (rise edge)
                          0.00    0.00   clock network delay (ideal)
                  0.15    0.00    0.00 ^ _410_/CLK (sky130_fd_sc_hd__dfrtp_4)
                  0.09    0.57    0.57 v _410_/Q (sky130_fd_sc_hd__dfrtp_4)
     2    0.02                           net143 (net)
                  0.09    0.00    0.57 v output143/A (sky130_fd_sc_hd__buf_2)
                  0.09    0.21    0.78 v output143/X (sky130_fd_sc_hd__buf_2)
     1    0.03                           paddr[18] (net)
                  0.09    0.00    0.78 v paddr[18] (out)
                                  0.78   data arrival time

                  0.15   10.00   10.00   clock clk (rise edge)
                          0.00   10.00   clock network delay (ideal)
                         -0.25    9.75   clock uncertainty
                          0.00    9.75   clock reconvergence pessimism
                         -2.00    7.75   output external delay
                                  7.75   data required time
-----------------------------------------------------------------------------
                                  7.75   data required time
                                 -0.78   data arrival time
-----------------------------------------------------------------------------
                                  6.97   slack (MET)


Startpoint: _395_ (rising edge-triggered flip-flop clocked by clk)
Endpoint: paddr[3] (output port clocked by clk)
Path Group: clk
Path Type: max

Fanout     Cap    Slew   Delay    Time   Description
-----------------------------------------------------------------------------
                  0.15    0.00    0.00   clock clk (rise edge)
                          0.00    0.00   clock network delay (ideal)
                  0.15    0.00    0.00 ^ _395_/CLK (sky130_fd_sc_hd__dfrtp_4)
                  0.08    0.57    0.57 v _395_/Q (sky130_fd_sc_hd__dfrtp_4)
     2    0.02                           net159 (net)
                  0.08    0.00    0.57 v output159/A (sky130_fd_sc_hd__clkbuf_4)
                  0.08    0.21    0.78 v output159/X (sky130_fd_sc_hd__clkbuf_4)
     1    0.03                           paddr[3] (net)
                  0.08    0.00    0.78 v paddr[3] (out)
                                  0.78   data arrival time

                  0.15   10.00   10.00   clock clk (rise edge)
                          0.00   10.00   clock network delay (ideal)
                         -0.25    9.75   clock uncertainty
                          0.00    9.75   clock reconvergence pessimism
                         -2.00    7.75   output external delay
                                  7.75   data required time
-----------------------------------------------------------------------------
                                  7.75   data required time
                                 -0.78   data arrival time
-----------------------------------------------------------------------------
                                  6.97   slack (MET)


Startpoint: _418_ (rising edge-triggered flip-flop clocked by clk)
Endpoint: paddr[26] (output port clocked by clk)
Path Group: clk
Path Type: max

Fanout     Cap    Slew   Delay    Time   Description
-----------------------------------------------------------------------------
                  0.15    0.00    0.00   clock clk (rise edge)
                          0.00    0.00   clock network delay (ideal)
                  0.15    0.00    0.00 ^ _418_/CLK (sky130_fd_sc_hd__dfrtp_4)
                  0.08    0.57    0.57 v _418_/Q (sky130_fd_sc_hd__dfrtp_4)
     2    0.02                           net152 (net)
                  0.08    0.00    0.57 v output152/A (sky130_fd_sc_hd__buf_2)
                  0.09    0.21    0.78 v output152/X (sky130_fd_sc_hd__buf_2)
     1    0.03                           paddr[26] (net)
                  0.09    0.00    0.78 v paddr[26] (out)
                                  0.78   data arrival time

                  0.15   10.00   10.00   clock clk (rise edge)
                          0.00   10.00   clock network delay (ideal)
                         -0.25    9.75   clock uncertainty
                          0.00    9.75   clock reconvergence pessimism
                         -2.00    7.75   output external delay
                                  7.75   data required time
-----------------------------------------------------------------------------
                                  7.75   data required time
                                 -0.78   data arrival time
-----------------------------------------------------------------------------
                                  6.97   slack (MET)


Startpoint: _389_ (rising edge-triggered flip-flop clocked by clk)
Endpoint: pwrite (output port clocked by clk)
Path Group: clk
Path Type: max

Fanout     Cap    Slew   Delay    Time   Description
-----------------------------------------------------------------------------
                  0.15    0.00    0.00   clock clk (rise edge)
                          0.00    0.00   clock network delay (ideal)
                  0.15    0.00    0.00 ^ _389_/CLK (sky130_fd_sc_hd__dfrtp_4)
                  0.08    0.57    0.57 v _389_/Q (sky130_fd_sc_hd__dfrtp_4)
     2    0.02                           net202 (net)
                  0.08    0.00    0.57 v output202/A (sky130_fd_sc_hd__buf_2)
                  0.09    0.21    0.78 v output202/X (sky130_fd_sc_hd__buf_2)
     1    0.03                           pwrite (net)
                  0.09    0.00    0.78 v pwrite (out)
                                  0.78   data arrival time

                  0.15   10.00   10.00   clock clk (rise edge)
                          0.00   10.00   clock network delay (ideal)
                         -0.25    9.75   clock uncertainty
                          0.00    9.75   clock reconvergence pessimism
                         -2.00    7.75   output external delay
                                  7.75   data required time
-----------------------------------------------------------------------------
                                  7.75   data required time
                                 -0.78   data arrival time
-----------------------------------------------------------------------------
                                  6.97   slack (MET)


Startpoint: _413_ (rising edge-triggered flip-flop clocked by clk)
Endpoint: paddr[21] (output port clocked by clk)
Path Group: clk
Path Type: max

Fanout     Cap    Slew   Delay    Time   Description
-----------------------------------------------------------------------------
                  0.15    0.00    0.00   clock clk (rise edge)
                          0.00    0.00   clock network delay (ideal)
                  0.15    0.00    0.00 ^ _413_/CLK (sky130_fd_sc_hd__dfrtp_4)
                  0.08    0.57    0.57 v _413_/Q (sky130_fd_sc_hd__dfrtp_4)
     2    0.02                           net147 (net)
                  0.08    0.00    0.57 v output147/A (sky130_fd_sc_hd__buf_2)
                  0.09    0.21    0.78 v output147/X (sky130_fd_sc_hd__buf_2)
     1    0.03                           paddr[21] (net)
                  0.09    0.00    0.78 v paddr[21] (out)
                                  0.78   data arrival time

                  0.15   10.00   10.00   clock clk (rise edge)
                          0.00   10.00   clock network delay (ideal)
                         -0.25    9.75   clock uncertainty
                          0.00    9.75   clock reconvergence pessimism
                         -2.00    7.75   output external delay
                                  7.75   data required time
-----------------------------------------------------------------------------
                                  7.75   data required time
                                 -0.78   data arrival time
-----------------------------------------------------------------------------
                                  6.97   slack (MET)


Startpoint: _449_ (rising edge-triggered flip-flop clocked by clk)
Endpoint: pwdata[25] (output port clocked by clk)
Path Group: clk
Path Type: max

Fanout     Cap    Slew   Delay    Time   Description
-----------------------------------------------------------------------------
                  0.15    0.00    0.00   clock clk (rise edge)
                          0.00    0.00   clock network delay (ideal)
                  0.15    0.00    0.00 ^ _449_/CLK (sky130_fd_sc_hd__dfrtp_4)
                  0.08    0.56    0.56 v _449_/Q (sky130_fd_sc_hd__dfrtp_4)
     2    0.02                           net187 (net)
                  0.08    0.00    0.57 v output187/A (sky130_fd_sc_hd__clkbuf_4)
                  0.08    0.21    0.78 v output187/X (sky130_fd_sc_hd__clkbuf_4)
     1    0.03                           pwdata[25] (net)
                  0.08    0.00    0.78 v pwdata[25] (out)
                                  0.78   data arrival time

                  0.15   10.00   10.00   clock clk (rise edge)
                          0.00   10.00   clock network delay (ideal)
                         -0.25    9.75   clock uncertainty
                          0.00    9.75   clock reconvergence pessimism
                         -2.00    7.75   output external delay
                                  7.75   data required time
-----------------------------------------------------------------------------
                                  7.75   data required time
                                 -0.78   data arrival time
-----------------------------------------------------------------------------
                                  6.97   slack (MET)


Startpoint: rstn (input port clocked by clk)
Endpoint: _434_ (recovery check against rising-edge clock clk)
Path Group: asynchronous
Path Type: max

Fanout     Cap    Slew   Delay    Time   Description
-----------------------------------------------------------------------------
                  0.15    0.00    0.00   clock clk (rise edge)
                          0.00    0.00   clock network delay (ideal)
                          2.00    2.00 ^ input external delay
                  0.02    0.01    2.01 ^ rstn (in)
     1    0.00                           rstn (net)
                  0.02    0.00    2.01 ^ input100/A (sky130_fd_sc_hd__dlymetal6s2s_1)
                  0.19    0.19    2.20 ^ input100/X (sky130_fd_sc_hd__dlymetal6s2s_1)
     2    0.02                           net100 (net)
                  0.19    0.00    2.20 ^ fanout210/A (sky130_fd_sc_hd__buf_2)
                  0.17    0.26    2.45 ^ fanout210/X (sky130_fd_sc_hd__buf_2)
     6    0.03                           net210 (net)
                  0.17    0.00    2.45 ^ fanout209/A (sky130_fd_sc_hd__buf_4)
                  0.18    0.26    2.72 ^ fanout209/X (sky130_fd_sc_hd__buf_4)
    10    0.06                           net209 (net)
                  0.18    0.00    2.72 ^ fanout208/A (sky130_fd_sc_hd__clkbuf_4)
                  0.14    0.27    2.99 ^ fanout208/X (sky130_fd_sc_hd__clkbuf_4)
    10    0.05                           net208 (net)
                  0.14    0.00    2.99 ^ _434_/RESET_B (sky130_fd_sc_hd__dfrtp_4)
                                  2.99   data arrival time

                  0.15   10.00   10.00   clock clk (rise edge)
                          0.00   10.00   clock network delay (ideal)
                         -0.25    9.75   clock uncertainty
                          0.00    9.75   clock reconvergence pessimism
                                  9.75 ^ _434_/CLK (sky130_fd_sc_hd__dfrtp_4)
                          0.22    9.97   library recovery time
                                  9.97   data required time
-----------------------------------------------------------------------------
                                  9.97   data required time
                                 -2.99   data arrival time
-----------------------------------------------------------------------------
                                  6.98   slack (MET)


Startpoint: rstn (input port clocked by clk)
Endpoint: _424_ (recovery check against rising-edge clock clk)
Path Group: asynchronous
Path Type: max

Fanout     Cap    Slew   Delay    Time   Description
-----------------------------------------------------------------------------
                  0.15    0.00    0.00   clock clk (rise edge)
                          0.00    0.00   clock network delay (ideal)
                          2.00    2.00 ^ input external delay
                  0.02    0.01    2.01 ^ rstn (in)
     1    0.00                           rstn (net)
                  0.02    0.00    2.01 ^ input100/A (sky130_fd_sc_hd__dlymetal6s2s_1)
                  0.19    0.19    2.20 ^ input100/X (sky130_fd_sc_hd__dlymetal6s2s_1)
     2    0.02                           net100 (net)
                  0.19    0.00    2.20 ^ fanout210/A (sky130_fd_sc_hd__buf_2)
                  0.17    0.26    2.45 ^ fanout210/X (sky130_fd_sc_hd__buf_2)
     6    0.03                           net210 (net)
                  0.17    0.00    2.45 ^ fanout209/A (sky130_fd_sc_hd__buf_4)
                  0.18    0.26    2.72 ^ fanout209/X (sky130_fd_sc_hd__buf_4)
    10    0.06                           net209 (net)
                  0.18    0.00    2.72 ^ fanout208/A (sky130_fd_sc_hd__clkbuf_4)
                  0.14    0.27    2.99 ^ fanout208/X (sky130_fd_sc_hd__clkbuf_4)
    10    0.05                           net208 (net)
                  0.14    0.00    2.99 ^ _424_/RESET_B (sky130_fd_sc_hd__dfrtp_4)
                                  2.99   data arrival time

                  0.15   10.00   10.00   clock clk (rise edge)
                          0.00   10.00   clock network delay (ideal)
                         -0.25    9.75   clock uncertainty
                          0.00    9.75   clock reconvergence pessimism
                                  9.75 ^ _424_/CLK (sky130_fd_sc_hd__dfrtp_4)
                          0.22    9.97   library recovery time
                                  9.97   data required time
-----------------------------------------------------------------------------
                                  9.97   data required time
                                 -2.99   data arrival time
-----------------------------------------------------------------------------
                                  6.98   slack (MET)


Startpoint: rstn (input port clocked by clk)
Endpoint: _404_ (recovery check against rising-edge clock clk)
Path Group: asynchronous
Path Type: max

Fanout     Cap    Slew   Delay    Time   Description
-----------------------------------------------------------------------------
                  0.15    0.00    0.00   clock clk (rise edge)
                          0.00    0.00   clock network delay (ideal)
                          2.00    2.00 ^ input external delay
                  0.02    0.01    2.01 ^ rstn (in)
     1    0.00                           rstn (net)
                  0.02    0.00    2.01 ^ input100/A (sky130_fd_sc_hd__dlymetal6s2s_1)
                  0.19    0.19    2.20 ^ input100/X (sky130_fd_sc_hd__dlymetal6s2s_1)
     2    0.02                           net100 (net)
                  0.19    0.00    2.20 ^ fanout210/A (sky130_fd_sc_hd__buf_2)
                  0.17    0.26    2.45 ^ fanout210/X (sky130_fd_sc_hd__buf_2)
     6    0.03                           net210 (net)
                  0.17    0.00    2.45 ^ fanout209/A (sky130_fd_sc_hd__buf_4)
                  0.18    0.26    2.72 ^ fanout209/X (sky130_fd_sc_hd__buf_4)
    10    0.06                           net209 (net)
                  0.18    0.00    2.72 ^ fanout208/A (sky130_fd_sc_hd__clkbuf_4)
                  0.14    0.27    2.99 ^ fanout208/X (sky130_fd_sc_hd__clkbuf_4)
    10    0.05                           net208 (net)
                  0.14    0.00    2.99 ^ _404_/RESET_B (sky130_fd_sc_hd__dfrtp_4)
                                  2.99   data arrival time

                  0.15   10.00   10.00   clock clk (rise edge)
                          0.00   10.00   clock network delay (ideal)
                         -0.25    9.75   clock uncertainty
                          0.00    9.75   clock reconvergence pessimism
                                  9.75 ^ _404_/CLK (sky130_fd_sc_hd__dfrtp_4)
                          0.22    9.97   library recovery time
                                  9.97   data required time
-----------------------------------------------------------------------------
                                  9.97   data required time
                                 -2.99   data arrival time
-----------------------------------------------------------------------------
                                  6.98   slack (MET)


Startpoint: rstn (input port clocked by clk)
Endpoint: _438_ (recovery check against rising-edge clock clk)
Path Group: asynchronous
Path Type: max

Fanout     Cap    Slew   Delay    Time   Description
-----------------------------------------------------------------------------
                  0.15    0.00    0.00   clock clk (rise edge)
                          0.00    0.00   clock network delay (ideal)
                          2.00    2.00 ^ input external delay
                  0.02    0.01    2.01 ^ rstn (in)
     1    0.00                           rstn (net)
                  0.02    0.00    2.01 ^ input100/A (sky130_fd_sc_hd__dlymetal6s2s_1)
                  0.19    0.19    2.20 ^ input100/X (sky130_fd_sc_hd__dlymetal6s2s_1)
     2    0.02                           net100 (net)
                  0.19    0.00    2.20 ^ fanout210/A (sky130_fd_sc_hd__buf_2)
                  0.17    0.26    2.45 ^ fanout210/X (sky130_fd_sc_hd__buf_2)
     6    0.03                           net210 (net)
                  0.17    0.00    2.45 ^ fanout209/A (sky130_fd_sc_hd__buf_4)
                  0.18    0.26    2.72 ^ fanout209/X (sky130_fd_sc_hd__buf_4)
    10    0.06                           net209 (net)
                  0.18    0.00    2.72 ^ fanout208/A (sky130_fd_sc_hd__clkbuf_4)
                  0.14    0.27    2.99 ^ fanout208/X (sky130_fd_sc_hd__clkbuf_4)
    10    0.05                           net208 (net)
                  0.14    0.00    2.99 ^ _438_/RESET_B (sky130_fd_sc_hd__dfrtp_2)
                                  2.99   data arrival time

                  0.15   10.00   10.00   clock clk (rise edge)
                          0.00   10.00   clock network delay (ideal)
                         -0.25    9.75   clock uncertainty
                          0.00    9.75   clock reconvergence pessimism
                                  9.75 ^ _438_/CLK (sky130_fd_sc_hd__dfrtp_2)
                          0.22    9.97   library recovery time
                                  9.97   data required time
-----------------------------------------------------------------------------
                                  9.97   data required time
                                 -2.99   data arrival time
-----------------------------------------------------------------------------
                                  6.99   slack (MET)


Startpoint: rstn (input port clocked by clk)
Endpoint: _425_ (recovery check against rising-edge clock clk)
Path Group: asynchronous
Path Type: max

Fanout     Cap    Slew   Delay    Time   Description
-----------------------------------------------------------------------------
                  0.15    0.00    0.00   clock clk (rise edge)
                          0.00    0.00   clock network delay (ideal)
                          2.00    2.00 ^ input external delay
                  0.02    0.01    2.01 ^ rstn (in)
     1    0.00                           rstn (net)
                  0.02    0.00    2.01 ^ input100/A (sky130_fd_sc_hd__dlymetal6s2s_1)
                  0.19    0.19    2.20 ^ input100/X (sky130_fd_sc_hd__dlymetal6s2s_1)
     2    0.02                           net100 (net)
                  0.19    0.00    2.20 ^ fanout210/A (sky130_fd_sc_hd__buf_2)
                  0.17    0.26    2.45 ^ fanout210/X (sky130_fd_sc_hd__buf_2)
     6    0.03                           net210 (net)
                  0.17    0.00    2.45 ^ fanout209/A (sky130_fd_sc_hd__buf_4)
                  0.18    0.26    2.72 ^ fanout209/X (sky130_fd_sc_hd__buf_4)
    10    0.06                           net209 (net)
                  0.18    0.00    2.72 ^ fanout208/A (sky130_fd_sc_hd__clkbuf_4)
                  0.14    0.27    2.99 ^ fanout208/X (sky130_fd_sc_hd__clkbuf_4)
    10    0.05                           net208 (net)
                  0.14    0.00    2.99 ^ _425_/RESET_B (sky130_fd_sc_hd__dfrtp_2)
                                  2.99   data arrival time

                  0.15   10.00   10.00   clock clk (rise edge)
                          0.00   10.00   clock network delay (ideal)
                         -0.25    9.75   clock uncertainty
                          0.00    9.75   clock reconvergence pessimism
                                  9.75 ^ _425_/CLK (sky130_fd_sc_hd__dfrtp_2)
                          0.22    9.97   library recovery time
                                  9.97   data required time
-----------------------------------------------------------------------------
                                  9.97   data required time
                                 -2.99   data arrival time
-----------------------------------------------------------------------------
                                  6.99   slack (MET)


Startpoint: rstn (input port clocked by clk)
Endpoint: _420_ (recovery check against rising-edge clock clk)
Path Group: asynchronous
Path Type: max

Fanout     Cap    Slew   Delay    Time   Description
-----------------------------------------------------------------------------
                  0.15    0.00    0.00   clock clk (rise edge)
                          0.00    0.00   clock network delay (ideal)
                          2.00    2.00 ^ input external delay
                  0.02    0.01    2.01 ^ rstn (in)
     1    0.00                           rstn (net)
                  0.02    0.00    2.01 ^ input100/A (sky130_fd_sc_hd__dlymetal6s2s_1)
                  0.19    0.19    2.20 ^ input100/X (sky130_fd_sc_hd__dlymetal6s2s_1)
     2    0.02                           net100 (net)
                  0.19    0.00    2.20 ^ fanout210/A (sky130_fd_sc_hd__buf_2)
                  0.17    0.26    2.45 ^ fanout210/X (sky130_fd_sc_hd__buf_2)
     6    0.03                           net210 (net)
                  0.17    0.00    2.45 ^ fanout209/A (sky130_fd_sc_hd__buf_4)
                  0.18    0.26    2.72 ^ fanout209/X (sky130_fd_sc_hd__buf_4)
    10    0.06                           net209 (net)
                  0.18    0.00    2.72 ^ fanout208/A (sky130_fd_sc_hd__clkbuf_4)
                  0.14    0.27    2.99 ^ fanout208/X (sky130_fd_sc_hd__clkbuf_4)
    10    0.05                           net208 (net)
                  0.14    0.00    2.99 ^ _420_/RESET_B (sky130_fd_sc_hd__dfrtp_2)
                                  2.99   data arrival time

                  0.15   10.00   10.00   clock clk (rise edge)
                          0.00   10.00   clock network delay (ideal)
                         -0.25    9.75   clock uncertainty
                          0.00    9.75   clock reconvergence pessimism
                                  9.75 ^ _420_/CLK (sky130_fd_sc_hd__dfrtp_2)
                          0.22    9.97   library recovery time
                                  9.97   data required time
-----------------------------------------------------------------------------
                                  9.97   data required time
                                 -2.99   data arrival time
-----------------------------------------------------------------------------
                                  6.99   slack (MET)


Startpoint: rstn (input port clocked by clk)
Endpoint: _449_ (recovery check against rising-edge clock clk)
Path Group: asynchronous
Path Type: max

Fanout     Cap    Slew   Delay    Time   Description
-----------------------------------------------------------------------------
                  0.15    0.00    0.00   clock clk (rise edge)
                          0.00    0.00   clock network delay (ideal)
                          2.00    2.00 ^ input external delay
                  0.02    0.01    2.01 ^ rstn (in)
     1    0.00                           rstn (net)
                  0.02    0.00    2.01 ^ input100/A (sky130_fd_sc_hd__dlymetal6s2s_1)
                  0.19    0.19    2.20 ^ input100/X (sky130_fd_sc_hd__dlymetal6s2s_1)
     2    0.02                           net100 (net)
                  0.19    0.00    2.20 ^ fanout210/A (sky130_fd_sc_hd__buf_2)
                  0.17    0.26    2.45 ^ fanout210/X (sky130_fd_sc_hd__buf_2)
     6    0.03                           net210 (net)
                  0.17    0.00    2.45 ^ fanout207/A (sky130_fd_sc_hd__clkbuf_4)
                  0.14    0.26    2.72 ^ fanout207/X (sky130_fd_sc_hd__clkbuf_4)
     8    0.04                           net207 (net)
                  0.14    0.00    2.72 ^ fanout206/A (sky130_fd_sc_hd__clkbuf_4)
                  0.15    0.26    2.98 ^ fanout206/X (sky130_fd_sc_hd__clkbuf_4)
    10    0.05                           net206 (net)
                  0.15    0.00    2.98 ^ _449_/RESET_B (sky130_fd_sc_hd__dfrtp_4)
                                  2.98   data arrival time

                  0.15   10.00   10.00   clock clk (rise edge)
                          0.00   10.00   clock network delay (ideal)
                         -0.25    9.75   clock uncertainty
                          0.00    9.75   clock reconvergence pessimism
                                  9.75 ^ _449_/CLK (sky130_fd_sc_hd__dfrtp_4)
                          0.22    9.97   library recovery time
                                  9.97   data required time
-----------------------------------------------------------------------------
                                  9.97   data required time
                                 -2.98   data arrival time
-----------------------------------------------------------------------------
                                  6.99   slack (MET)


Startpoint: rstn (input port clocked by clk)
Endpoint: _408_ (recovery check against rising-edge clock clk)
Path Group: asynchronous
Path Type: max

Fanout     Cap    Slew   Delay    Time   Description
-----------------------------------------------------------------------------
                  0.15    0.00    0.00   clock clk (rise edge)
                          0.00    0.00   clock network delay (ideal)
                          2.00    2.00 ^ input external delay
                  0.02    0.01    2.01 ^ rstn (in)
     1    0.00                           rstn (net)
                  0.02    0.00    2.01 ^ input100/A (sky130_fd_sc_hd__dlymetal6s2s_1)
                  0.19    0.19    2.20 ^ input100/X (sky130_fd_sc_hd__dlymetal6s2s_1)
     2    0.02                           net100 (net)
                  0.19    0.00    2.20 ^ fanout210/A (sky130_fd_sc_hd__buf_2)
                  0.17    0.26    2.45 ^ fanout210/X (sky130_fd_sc_hd__buf_2)
     6    0.03                           net210 (net)
                  0.17    0.00    2.45 ^ fanout207/A (sky130_fd_sc_hd__clkbuf_4)
                  0.14    0.26    2.72 ^ fanout207/X (sky130_fd_sc_hd__clkbuf_4)
     8    0.04                           net207 (net)
                  0.14    0.00    2.72 ^ fanout206/A (sky130_fd_sc_hd__clkbuf_4)
                  0.15    0.26    2.98 ^ fanout206/X (sky130_fd_sc_hd__clkbuf_4)
    10    0.05                           net206 (net)
                  0.15    0.00    2.98 ^ _408_/RESET_B (sky130_fd_sc_hd__dfrtp_4)
                                  2.98   data arrival time

                  0.15   10.00   10.00   clock clk (rise edge)
                          0.00   10.00   clock network delay (ideal)
                         -0.25    9.75   clock uncertainty
                          0.00    9.75   clock reconvergence pessimism
                                  9.75 ^ _408_/CLK (sky130_fd_sc_hd__dfrtp_4)
                          0.22    9.97   library recovery time
                                  9.97   data required time
-----------------------------------------------------------------------------
                                  9.97   data required time
                                 -2.98   data arrival time
-----------------------------------------------------------------------------
                                  6.99   slack (MET)


Startpoint: rstn (input port clocked by clk)
Endpoint: _411_ (recovery check against rising-edge clock clk)
Path Group: asynchronous
Path Type: max

Fanout     Cap    Slew   Delay    Time   Description
-----------------------------------------------------------------------------
                  0.15    0.00    0.00   clock clk (rise edge)
                          0.00    0.00   clock network delay (ideal)
                          2.00    2.00 ^ input external delay
                  0.02    0.01    2.01 ^ rstn (in)
     1    0.00                           rstn (net)
                  0.02    0.00    2.01 ^ input100/A (sky130_fd_sc_hd__dlymetal6s2s_1)
                  0.19    0.19    2.20 ^ input100/X (sky130_fd_sc_hd__dlymetal6s2s_1)
     2    0.02                           net100 (net)
                  0.19    0.00    2.20 ^ fanout210/A (sky130_fd_sc_hd__buf_2)
                  0.17    0.26    2.45 ^ fanout210/X (sky130_fd_sc_hd__buf_2)
     6    0.03                           net210 (net)
                  0.17    0.00    2.45 ^ fanout207/A (sky130_fd_sc_hd__clkbuf_4)
                  0.14    0.26    2.72 ^ fanout207/X (sky130_fd_sc_hd__clkbuf_4)
     8    0.04                           net207 (net)
                  0.14    0.00    2.72 ^ fanout206/A (sky130_fd_sc_hd__clkbuf_4)
                  0.15    0.26    2.98 ^ fanout206/X (sky130_fd_sc_hd__clkbuf_4)
    10    0.05                           net206 (net)
                  0.15    0.00    2.98 ^ _411_/RESET_B (sky130_fd_sc_hd__dfrtp_2)
                                  2.98   data arrival time

                  0.15   10.00   10.00   clock clk (rise edge)
                          0.00   10.00   clock network delay (ideal)
                         -0.25    9.75   clock uncertainty
                          0.00    9.75   clock reconvergence pessimism
                                  9.75 ^ _411_/CLK (sky130_fd_sc_hd__dfrtp_2)
                          0.22    9.97   library recovery time
                                  9.97   data required time
-----------------------------------------------------------------------------
                                  9.97   data required time
                                 -2.98   data arrival time
-----------------------------------------------------------------------------
                                  6.99   slack (MET)


Startpoint: rstn (input port clocked by clk)
Endpoint: _441_ (recovery check against rising-edge clock clk)
Path Group: asynchronous
Path Type: max

Fanout     Cap    Slew   Delay    Time   Description
-----------------------------------------------------------------------------
                  0.15    0.00    0.00   clock clk (rise edge)
                          0.00    0.00   clock network delay (ideal)
                          2.00    2.00 ^ input external delay
                  0.02    0.01    2.01 ^ rstn (in)
     1    0.00                           rstn (net)
                  0.02    0.00    2.01 ^ input100/A (sky130_fd_sc_hd__dlymetal6s2s_1)
                  0.19    0.19    2.20 ^ input100/X (sky130_fd_sc_hd__dlymetal6s2s_1)
     2    0.02                           net100 (net)
                  0.19    0.00    2.20 ^ fanout210/A (sky130_fd_sc_hd__buf_2)
                  0.17    0.26    2.45 ^ fanout210/X (sky130_fd_sc_hd__buf_2)
     6    0.03                           net210 (net)
                  0.17    0.00    2.45 ^ fanout207/A (sky130_fd_sc_hd__clkbuf_4)
                  0.14    0.26    2.72 ^ fanout207/X (sky130_fd_sc_hd__clkbuf_4)
     8    0.04                           net207 (net)
                  0.14    0.00    2.72 ^ fanout206/A (sky130_fd_sc_hd__clkbuf_4)
                  0.15    0.26    2.98 ^ fanout206/X (sky130_fd_sc_hd__clkbuf_4)
    10    0.05                           net206 (net)
                  0.15    0.00    2.98 ^ _441_/RESET_B (sky130_fd_sc_hd__dfrtp_2)
                                  2.98   data arrival time

                  0.15   10.00   10.00   clock clk (rise edge)
                          0.00   10.00   clock network delay (ideal)
                         -0.25    9.75   clock uncertainty
                          0.00    9.75   clock reconvergence pessimism
                                  9.75 ^ _441_/CLK (sky130_fd_sc_hd__dfrtp_2)
                          0.22    9.97   library recovery time
                                  9.97   data required time
-----------------------------------------------------------------------------
                                  9.97   data required time
                                 -2.98   data arrival time
-----------------------------------------------------------------------------
                                  6.99   slack (MET)


Startpoint: rstn (input port clocked by clk)
Endpoint: _447_ (recovery check against rising-edge clock clk)
Path Group: asynchronous
Path Type: max

Fanout     Cap    Slew   Delay    Time   Description
-----------------------------------------------------------------------------
                  0.15    0.00    0.00   clock clk (rise edge)
                          0.00    0.00   clock network delay (ideal)
                          2.00    2.00 ^ input external delay
                  0.02    0.01    2.01 ^ rstn (in)
     1    0.00                           rstn (net)
                  0.02    0.00    2.01 ^ input100/A (sky130_fd_sc_hd__dlymetal6s2s_1)
                  0.19    0.19    2.20 ^ input100/X (sky130_fd_sc_hd__dlymetal6s2s_1)
     2    0.02                           net100 (net)
                  0.19    0.00    2.20 ^ fanout210/A (sky130_fd_sc_hd__buf_2)
                  0.17    0.26    2.45 ^ fanout210/X (sky130_fd_sc_hd__buf_2)
     6    0.03                           net210 (net)
                  0.17    0.00    2.45 ^ fanout207/A (sky130_fd_sc_hd__clkbuf_4)
                  0.14    0.26    2.72 ^ fanout207/X (sky130_fd_sc_hd__clkbuf_4)
     8    0.04                           net207 (net)
                  0.14    0.00    2.72 ^ fanout206/A (sky130_fd_sc_hd__clkbuf_4)
                  0.15    0.26    2.98 ^ fanout206/X (sky130_fd_sc_hd__clkbuf_4)
    10    0.05                           net206 (net)
                  0.15    0.00    2.98 ^ _447_/RESET_B (sky130_fd_sc_hd__dfrtp_2)
                                  2.98   data arrival time

                  0.15   10.00   10.00   clock clk (rise edge)
                          0.00   10.00   clock network delay (ideal)
                         -0.25    9.75   clock uncertainty
                          0.00    9.75   clock reconvergence pessimism
                                  9.75 ^ _447_/CLK (sky130_fd_sc_hd__dfrtp_2)
                          0.22    9.97   library recovery time
                                  9.97   data required time
-----------------------------------------------------------------------------
                                  9.97   data required time
                                 -2.98   data arrival time
-----------------------------------------------------------------------------
                                  6.99   slack (MET)


Startpoint: rstn (input port clocked by clk)
Endpoint: _403_ (recovery check against rising-edge clock clk)
Path Group: asynchronous
Path Type: max

Fanout     Cap    Slew   Delay    Time   Description
-----------------------------------------------------------------------------
                  0.15    0.00    0.00   clock clk (rise edge)
                          0.00    0.00   clock network delay (ideal)
                          2.00    2.00 ^ input external delay
                  0.02    0.01    2.01 ^ rstn (in)
     1    0.00                           rstn (net)
                  0.02    0.00    2.01 ^ input100/A (sky130_fd_sc_hd__dlymetal6s2s_1)
                  0.19    0.19    2.20 ^ input100/X (sky130_fd_sc_hd__dlymetal6s2s_1)
     2    0.02                           net100 (net)
                  0.19    0.00    2.20 ^ fanout210/A (sky130_fd_sc_hd__buf_2)
                  0.17    0.26    2.45 ^ fanout210/X (sky130_fd_sc_hd__buf_2)
     6    0.03                           net210 (net)
                  0.17    0.00    2.45 ^ fanout207/A (sky130_fd_sc_hd__clkbuf_4)
                  0.14    0.26    2.72 ^ fanout207/X (sky130_fd_sc_hd__clkbuf_4)
     8    0.04                           net207 (net)
                  0.14    0.00    2.72 ^ fanout206/A (sky130_fd_sc_hd__clkbuf_4)
                  0.15    0.26    2.98 ^ fanout206/X (sky130_fd_sc_hd__clkbuf_4)
    10    0.05                           net206 (net)
                  0.15    0.00    2.98 ^ _403_/RESET_B (sky130_fd_sc_hd__dfrtp_2)
                                  2.98   data arrival time

                  0.15   10.00   10.00   clock clk (rise edge)
                          0.00   10.00   clock network delay (ideal)
                         -0.25    9.75   clock uncertainty
                          0.00    9.75   clock reconvergence pessimism
                                  9.75 ^ _403_/CLK (sky130_fd_sc_hd__dfrtp_2)
                          0.22    9.97   library recovery time
                                  9.97   data required time
-----------------------------------------------------------------------------
                                  9.97   data required time
                                 -2.98   data arrival time
-----------------------------------------------------------------------------
                                  6.99   slack (MET)


Startpoint: rstn (input port clocked by clk)
Endpoint: _409_ (recovery check against rising-edge clock clk)
Path Group: asynchronous
Path Type: max

Fanout     Cap    Slew   Delay    Time   Description
-----------------------------------------------------------------------------
                  0.15    0.00    0.00   clock clk (rise edge)
                          0.00    0.00   clock network delay (ideal)
                          2.00    2.00 ^ input external delay
                  0.02    0.01    2.01 ^ rstn (in)
     1    0.00                           rstn (net)
                  0.02    0.00    2.01 ^ input100/A (sky130_fd_sc_hd__dlymetal6s2s_1)
                  0.19    0.19    2.20 ^ input100/X (sky130_fd_sc_hd__dlymetal6s2s_1)
     2    0.02                           net100 (net)
                  0.19    0.00    2.20 ^ fanout210/A (sky130_fd_sc_hd__buf_2)
                  0.17    0.26    2.45 ^ fanout210/X (sky130_fd_sc_hd__buf_2)
     6    0.03                           net210 (net)
                  0.17    0.00    2.45 ^ fanout207/A (sky130_fd_sc_hd__clkbuf_4)
                  0.14    0.26    2.72 ^ fanout207/X (sky130_fd_sc_hd__clkbuf_4)
     8    0.04                           net207 (net)
                  0.14    0.00    2.72 ^ fanout206/A (sky130_fd_sc_hd__clkbuf_4)
                  0.15    0.26    2.98 ^ fanout206/X (sky130_fd_sc_hd__clkbuf_4)
    10    0.05                           net206 (net)
                  0.15    0.00    2.98 ^ _409_/RESET_B (sky130_fd_sc_hd__dfrtp_2)
                                  2.98   data arrival time

                  0.15   10.00   10.00   clock clk (rise edge)
                          0.00   10.00   clock network delay (ideal)
                         -0.25    9.75   clock uncertainty
                          0.00    9.75   clock reconvergence pessimism
                                  9.75 ^ _409_/CLK (sky130_fd_sc_hd__dfrtp_2)
                          0.22    9.97   library recovery time
                                  9.97   data required time
-----------------------------------------------------------------------------
                                  9.97   data required time
                                 -2.98   data arrival time
-----------------------------------------------------------------------------
                                  7.00   slack (MET)


Startpoint: rstn (input port clocked by clk)
Endpoint: _455_ (recovery check against rising-edge clock clk)
Path Group: asynchronous
Path Type: max

Fanout     Cap    Slew   Delay    Time   Description
-----------------------------------------------------------------------------
                  0.15    0.00    0.00   clock clk (rise edge)
                          0.00    0.00   clock network delay (ideal)
                          2.00    2.00 ^ input external delay
                  0.02    0.01    2.01 ^ rstn (in)
     1    0.00                           rstn (net)
                  0.02    0.00    2.01 ^ input100/A (sky130_fd_sc_hd__dlymetal6s2s_1)
                  0.19    0.19    2.20 ^ input100/X (sky130_fd_sc_hd__dlymetal6s2s_1)
     2    0.02                           net100 (net)
                  0.19    0.00    2.20 ^ fanout210/A (sky130_fd_sc_hd__buf_2)
                  0.17    0.26    2.45 ^ fanout210/X (sky130_fd_sc_hd__buf_2)
     6    0.03                           net210 (net)
                  0.17    0.00    2.45 ^ fanout209/A (sky130_fd_sc_hd__buf_4)
                  0.18    0.26    2.72 ^ fanout209/X (sky130_fd_sc_hd__buf_4)
    10    0.06                           net209 (net)
                  0.18    0.00    2.72 ^ fanout208/A (sky130_fd_sc_hd__clkbuf_4)
                  0.14    0.27    2.99 ^ fanout208/X (sky130_fd_sc_hd__clkbuf_4)
    10    0.05                           net208 (net)
                  0.14    0.00    2.99 ^ _455_/RESET_B (sky130_fd_sc_hd__dfrtp_1)
                                  2.99   data arrival time

                  0.15   10.00   10.00   clock clk (rise edge)
                          0.00   10.00   clock network delay (ideal)
                         -0.25    9.75   clock uncertainty
                          0.00    9.75   clock reconvergence pessimism
                                  9.75 ^ _455_/CLK (sky130_fd_sc_hd__dfrtp_1)
                          0.24    9.99   library recovery time
                                  9.99   data required time
-----------------------------------------------------------------------------
                                  9.99   data required time
                                 -2.99   data arrival time
-----------------------------------------------------------------------------
                                  7.00   slack (MET)


Startpoint: rstn (input port clocked by clk)
Endpoint: _414_ (recovery check against rising-edge clock clk)
Path Group: asynchronous
Path Type: max

Fanout     Cap    Slew   Delay    Time   Description
-----------------------------------------------------------------------------
                  0.15    0.00    0.00   clock clk (rise edge)
                          0.00    0.00   clock network delay (ideal)
                          2.00    2.00 ^ input external delay
                  0.02    0.01    2.01 ^ rstn (in)
     1    0.00                           rstn (net)
                  0.02    0.00    2.01 ^ input100/A (sky130_fd_sc_hd__dlymetal6s2s_1)
                  0.19    0.19    2.20 ^ input100/X (sky130_fd_sc_hd__dlymetal6s2s_1)
     2    0.02                           net100 (net)
                  0.19    0.00    2.20 ^ fanout210/A (sky130_fd_sc_hd__buf_2)
                  0.17    0.26    2.45 ^ fanout210/X (sky130_fd_sc_hd__buf_2)
     6    0.03                           net210 (net)
                  0.17    0.00    2.45 ^ fanout209/A (sky130_fd_sc_hd__buf_4)
                  0.18    0.26    2.72 ^ fanout209/X (sky130_fd_sc_hd__buf_4)
    10    0.06                           net209 (net)
                  0.18    0.00    2.72 ^ fanout208/A (sky130_fd_sc_hd__clkbuf_4)
                  0.14    0.27    2.99 ^ fanout208/X (sky130_fd_sc_hd__clkbuf_4)
    10    0.05                           net208 (net)
                  0.14    0.00    2.99 ^ _414_/RESET_B (sky130_fd_sc_hd__dfrtp_1)
                                  2.99   data arrival time

                  0.15   10.00   10.00   clock clk (rise edge)
                          0.00   10.00   clock network delay (ideal)
                         -0.25    9.75   clock uncertainty
                          0.00    9.75   clock reconvergence pessimism
                                  9.75 ^ _414_/CLK (sky130_fd_sc_hd__dfrtp_1)
                          0.24    9.99   library recovery time
                                  9.99   data required time
-----------------------------------------------------------------------------
                                  9.99   data required time
                                 -2.99   data arrival time
-----------------------------------------------------------------------------
                                  7.00   slack (MET)


Startpoint: rstn (input port clocked by clk)
Endpoint: _427_ (recovery check against rising-edge clock clk)
Path Group: asynchronous
Path Type: max

Fanout     Cap    Slew   Delay    Time   Description
-----------------------------------------------------------------------------
                  0.15    0.00    0.00   clock clk (rise edge)
                          0.00    0.00   clock network delay (ideal)
                          2.00    2.00 ^ input external delay
                  0.02    0.01    2.01 ^ rstn (in)
     1    0.00                           rstn (net)
                  0.02    0.00    2.01 ^ input100/A (sky130_fd_sc_hd__dlymetal6s2s_1)
                  0.19    0.19    2.20 ^ input100/X (sky130_fd_sc_hd__dlymetal6s2s_1)
     2    0.02                           net100 (net)
                  0.19    0.00    2.20 ^ fanout210/A (sky130_fd_sc_hd__buf_2)
                  0.17    0.26    2.45 ^ fanout210/X (sky130_fd_sc_hd__buf_2)
     6    0.03                           net210 (net)
                  0.17    0.00    2.45 ^ fanout209/A (sky130_fd_sc_hd__buf_4)
                  0.18    0.26    2.72 ^ fanout209/X (sky130_fd_sc_hd__buf_4)
    10    0.06                           net209 (net)
                  0.18    0.00    2.72 ^ fanout208/A (sky130_fd_sc_hd__clkbuf_4)
                  0.14    0.27    2.99 ^ fanout208/X (sky130_fd_sc_hd__clkbuf_4)
    10    0.05                           net208 (net)
                  0.14    0.00    2.99 ^ _427_/RESET_B (sky130_fd_sc_hd__dfrtp_1)
                                  2.99   data arrival time

                  0.15   10.00   10.00   clock clk (rise edge)
                          0.00   10.00   clock network delay (ideal)
                         -0.25    9.75   clock uncertainty
                          0.00    9.75   clock reconvergence pessimism
                                  9.75 ^ _427_/CLK (sky130_fd_sc_hd__dfrtp_1)
                          0.24    9.99   library recovery time
                                  9.99   data required time
-----------------------------------------------------------------------------
                                  9.99   data required time
                                 -2.99   data arrival time
-----------------------------------------------------------------------------
                                  7.00   slack (MET)


Startpoint: rstn (input port clocked by clk)
Endpoint: _421_ (recovery check against rising-edge clock clk)
Path Group: asynchronous
Path Type: max

Fanout     Cap    Slew   Delay    Time   Description
-----------------------------------------------------------------------------
                  0.15    0.00    0.00   clock clk (rise edge)
                          0.00    0.00   clock network delay (ideal)
                          2.00    2.00 ^ input external delay
                  0.02    0.01    2.01 ^ rstn (in)
     1    0.00                           rstn (net)
                  0.02    0.00    2.01 ^ input100/A (sky130_fd_sc_hd__dlymetal6s2s_1)
                  0.19    0.19    2.20 ^ input100/X (sky130_fd_sc_hd__dlymetal6s2s_1)
     2    0.02                           net100 (net)
                  0.19    0.00    2.20 ^ fanout210/A (sky130_fd_sc_hd__buf_2)
                  0.17    0.26    2.45 ^ fanout210/X (sky130_fd_sc_hd__buf_2)
     6    0.03                           net210 (net)
                  0.17    0.00    2.45 ^ fanout209/A (sky130_fd_sc_hd__buf_4)
                  0.18    0.26    2.72 ^ fanout209/X (sky130_fd_sc_hd__buf_4)
    10    0.06                           net209 (net)
                  0.18    0.00    2.72 ^ fanout208/A (sky130_fd_sc_hd__clkbuf_4)
                  0.14    0.27    2.99 ^ fanout208/X (sky130_fd_sc_hd__clkbuf_4)
    10    0.05                           net208 (net)
                  0.14    0.00    2.99 ^ _421_/RESET_B (sky130_fd_sc_hd__dfrtp_1)
                                  2.99   data arrival time

                  0.15   10.00   10.00   clock clk (rise edge)
                          0.00   10.00   clock network delay (ideal)
                         -0.25    9.75   clock uncertainty
                          0.00    9.75   clock reconvergence pessimism
                                  9.75 ^ _421_/CLK (sky130_fd_sc_hd__dfrtp_1)
                          0.24    9.99   library recovery time
                                  9.99   data required time
-----------------------------------------------------------------------------
                                  9.99   data required time
                                 -2.99   data arrival time
-----------------------------------------------------------------------------
                                  7.00   slack (MET)


Startpoint: rstn (input port clocked by clk)
Endpoint: _400_ (recovery check against rising-edge clock clk)
Path Group: asynchronous
Path Type: max

Fanout     Cap    Slew   Delay    Time   Description
-----------------------------------------------------------------------------
                  0.15    0.00    0.00   clock clk (rise edge)
                          0.00    0.00   clock network delay (ideal)
                          2.00    2.00 ^ input external delay
                  0.02    0.01    2.01 ^ rstn (in)
     1    0.00                           rstn (net)
                  0.02    0.00    2.01 ^ input100/A (sky130_fd_sc_hd__dlymetal6s2s_1)
                  0.19    0.19    2.20 ^ input100/X (sky130_fd_sc_hd__dlymetal6s2s_1)
     2    0.02                           net100 (net)
                  0.19    0.00    2.20 ^ fanout210/A (sky130_fd_sc_hd__buf_2)
                  0.17    0.26    2.45 ^ fanout210/X (sky130_fd_sc_hd__buf_2)
     6    0.03                           net210 (net)
                  0.17    0.00    2.45 ^ fanout207/A (sky130_fd_sc_hd__clkbuf_4)
                  0.14    0.26    2.72 ^ fanout207/X (sky130_fd_sc_hd__clkbuf_4)
     8    0.04                           net207 (net)
                  0.14    0.00    2.72 ^ fanout206/A (sky130_fd_sc_hd__clkbuf_4)
                  0.15    0.26    2.98 ^ fanout206/X (sky130_fd_sc_hd__clkbuf_4)
    10    0.05                           net206 (net)
                  0.15    0.00    2.98 ^ _400_/RESET_B (sky130_fd_sc_hd__dfrtp_1)
                                  2.98   data arrival time

                  0.15   10.00   10.00   clock clk (rise edge)
                          0.00   10.00   clock network delay (ideal)
                         -0.25    9.75   clock uncertainty
                          0.00    9.75   clock reconvergence pessimism
                                  9.75 ^ _400_/CLK (sky130_fd_sc_hd__dfrtp_1)
                          0.24    9.99   library recovery time
                                  9.99   data required time
-----------------------------------------------------------------------------
                                  9.99   data required time
                                 -2.98   data arrival time
-----------------------------------------------------------------------------
                                  7.01   slack (MET)


Startpoint: rstn (input port clocked by clk)
Endpoint: _440_ (recovery check against rising-edge clock clk)
Path Group: asynchronous
Path Type: max

Fanout     Cap    Slew   Delay    Time   Description
-----------------------------------------------------------------------------
                  0.15    0.00    0.00   clock clk (rise edge)
                          0.00    0.00   clock network delay (ideal)
                          2.00    2.00 ^ input external delay
                  0.02    0.01    2.01 ^ rstn (in)
     1    0.00                           rstn (net)
                  0.02    0.00    2.01 ^ input100/A (sky130_fd_sc_hd__dlymetal6s2s_1)
                  0.19    0.19    2.20 ^ input100/X (sky130_fd_sc_hd__dlymetal6s2s_1)
     2    0.02                           net100 (net)
                  0.19    0.00    2.20 ^ fanout210/A (sky130_fd_sc_hd__buf_2)
                  0.17    0.26    2.45 ^ fanout210/X (sky130_fd_sc_hd__buf_2)
     6    0.03                           net210 (net)
                  0.17    0.00    2.45 ^ fanout207/A (sky130_fd_sc_hd__clkbuf_4)
                  0.14    0.26    2.72 ^ fanout207/X (sky130_fd_sc_hd__clkbuf_4)
     8    0.04                           net207 (net)
                  0.14    0.00    2.72 ^ fanout206/A (sky130_fd_sc_hd__clkbuf_4)
                  0.15    0.26    2.98 ^ fanout206/X (sky130_fd_sc_hd__clkbuf_4)
    10    0.05                           net206 (net)
                  0.15    0.00    2.98 ^ _440_/RESET_B (sky130_fd_sc_hd__dfrtp_1)
                                  2.98   data arrival time

                  0.15   10.00   10.00   clock clk (rise edge)
                          0.00   10.00   clock network delay (ideal)
                         -0.25    9.75   clock uncertainty
                          0.00    9.75   clock reconvergence pessimism
                                  9.75 ^ _440_/CLK (sky130_fd_sc_hd__dfrtp_1)
                          0.24    9.99   library recovery time
                                  9.99   data required time
-----------------------------------------------------------------------------
                                  9.99   data required time
                                 -2.98   data arrival time
-----------------------------------------------------------------------------
                                  7.01   slack (MET)


Startpoint: rstn (input port clocked by clk)
Endpoint: _395_ (recovery check against rising-edge clock clk)
Path Group: asynchronous
Path Type: max

Fanout     Cap    Slew   Delay    Time   Description
-----------------------------------------------------------------------------
                  0.15    0.00    0.00   clock clk (rise edge)
                          0.00    0.00   clock network delay (ideal)
                          2.00    2.00 ^ input external delay
                  0.02    0.01    2.01 ^ rstn (in)
     1    0.00                           rstn (net)
                  0.02    0.00    2.01 ^ input100/A (sky130_fd_sc_hd__dlymetal6s2s_1)
                  0.19    0.19    2.20 ^ input100/X (sky130_fd_sc_hd__dlymetal6s2s_1)
     2    0.02                           net100 (net)
                  0.19    0.00    2.20 ^ fanout205/A (sky130_fd_sc_hd__buf_4)
                  0.17    0.26    2.46 ^ fanout205/X (sky130_fd_sc_hd__buf_4)
    10    0.06                           net205 (net)
                  0.17    0.00    2.46 ^ fanout204/A (sky130_fd_sc_hd__clkbuf_8)
                  0.13    0.24    2.70 ^ fanout204/X (sky130_fd_sc_hd__clkbuf_8)
    10    0.07                           net204 (net)
                  0.13    0.00    2.70 ^ fanout203/A (sky130_fd_sc_hd__clkbuf_4)
                  0.14    0.25    2.96 ^ fanout203/X (sky130_fd_sc_hd__clkbuf_4)
    10    0.05                           net203 (net)
                  0.14    0.00    2.96 ^ _395_/RESET_B (sky130_fd_sc_hd__dfrtp_4)
                                  2.96   data arrival time

                  0.15   10.00   10.00   clock clk (rise edge)
                          0.00   10.00   clock network delay (ideal)
                         -0.25    9.75   clock uncertainty
                          0.00    9.75   clock reconvergence pessimism
                                  9.75 ^ _395_/CLK (sky130_fd_sc_hd__dfrtp_4)
                          0.22    9.97   library recovery time
                                  9.97   data required time
-----------------------------------------------------------------------------
                                  9.97   data required time
                                 -2.96   data arrival time
-----------------------------------------------------------------------------
                                  7.01   slack (MET)


Startpoint: rstn (input port clocked by clk)
Endpoint: _390_ (recovery check against rising-edge clock clk)
Path Group: asynchronous
Path Type: max

Fanout     Cap    Slew   Delay    Time   Description
-----------------------------------------------------------------------------
                  0.15    0.00    0.00   clock clk (rise edge)
                          0.00    0.00   clock network delay (ideal)
                          2.00    2.00 ^ input external delay
                  0.02    0.01    2.01 ^ rstn (in)
     1    0.00                           rstn (net)
                  0.02    0.00    2.01 ^ input100/A (sky130_fd_sc_hd__dlymetal6s2s_1)
                  0.19    0.19    2.20 ^ input100/X (sky130_fd_sc_hd__dlymetal6s2s_1)
     2    0.02                           net100 (net)
                  0.19    0.00    2.20 ^ fanout210/A (sky130_fd_sc_hd__buf_2)
                  0.17    0.26    2.45 ^ fanout210/X (sky130_fd_sc_hd__buf_2)
     6    0.03                           net210 (net)
                  0.17    0.00    2.45 ^ fanout207/A (sky130_fd_sc_hd__clkbuf_4)
                  0.14    0.26    2.72 ^ fanout207/X (sky130_fd_sc_hd__clkbuf_4)
     8    0.04                           net207 (net)
                  0.14    0.00    2.72 ^ fanout206/A (sky130_fd_sc_hd__clkbuf_4)
                  0.15    0.26    2.98 ^ fanout206/X (sky130_fd_sc_hd__clkbuf_4)
    10    0.05                           net206 (net)
                  0.15    0.00    2.98 ^ _390_/RESET_B (sky130_fd_sc_hd__dfrtp_1)
                                  2.98   data arrival time

                  0.15   10.00   10.00   clock clk (rise edge)
                          0.00   10.00   clock network delay (ideal)
                         -0.25    9.75   clock uncertainty
                          0.00    9.75   clock reconvergence pessimism
                                  9.75 ^ _390_/CLK (sky130_fd_sc_hd__dfrtp_1)
                          0.24    9.99   library recovery time
                                  9.99   data required time
-----------------------------------------------------------------------------
                                  9.99   data required time
                                 -2.98   data arrival time
-----------------------------------------------------------------------------
                                  7.01   slack (MET)


Startpoint: rstn (input port clocked by clk)
Endpoint: _439_ (recovery check against rising-edge clock clk)
Path Group: asynchronous
Path Type: max

Fanout     Cap    Slew   Delay    Time   Description
-----------------------------------------------------------------------------
                  0.15    0.00    0.00   clock clk (rise edge)
                          0.00    0.00   clock network delay (ideal)
                          2.00    2.00 ^ input external delay
                  0.02    0.01    2.01 ^ rstn (in)
     1    0.00                           rstn (net)
                  0.02    0.00    2.01 ^ input100/A (sky130_fd_sc_hd__dlymetal6s2s_1)
                  0.19    0.19    2.20 ^ input100/X (sky130_fd_sc_hd__dlymetal6s2s_1)
     2    0.02                           net100 (net)
                  0.19    0.00    2.20 ^ fanout205/A (sky130_fd_sc_hd__buf_4)
                  0.17    0.26    2.46 ^ fanout205/X (sky130_fd_sc_hd__buf_4)
    10    0.06                           net205 (net)
                  0.17    0.00    2.46 ^ fanout204/A (sky130_fd_sc_hd__clkbuf_8)
                  0.13    0.24    2.70 ^ fanout204/X (sky130_fd_sc_hd__clkbuf_8)
    10    0.07                           net204 (net)
                  0.13    0.00    2.70 ^ fanout203/A (sky130_fd_sc_hd__clkbuf_4)
                  0.14    0.25    2.96 ^ fanout203/X (sky130_fd_sc_hd__clkbuf_4)
    10    0.05                           net203 (net)
                  0.14    0.00    2.96 ^ _439_/RESET_B (sky130_fd_sc_hd__dfrtp_4)
                                  2.96   data arrival time

                  0.15   10.00   10.00   clock clk (rise edge)
                          0.00   10.00   clock network delay (ideal)
                         -0.25    9.75   clock uncertainty
                          0.00    9.75   clock reconvergence pessimism
                                  9.75 ^ _439_/CLK (sky130_fd_sc_hd__dfrtp_4)
                          0.22    9.97   library recovery time
                                  9.97   data required time
-----------------------------------------------------------------------------
                                  9.97   data required time
                                 -2.96   data arrival time
-----------------------------------------------------------------------------
                                  7.01   slack (MET)


Startpoint: rstn (input port clocked by clk)
Endpoint: _410_ (recovery check against rising-edge clock clk)
Path Group: asynchronous
Path Type: max

Fanout     Cap    Slew   Delay    Time   Description
-----------------------------------------------------------------------------
                  0.15    0.00    0.00   clock clk (rise edge)
                          0.00    0.00   clock network delay (ideal)
                          2.00    2.00 ^ input external delay
                  0.02    0.01    2.01 ^ rstn (in)
     1    0.00                           rstn (net)
                  0.02    0.00    2.01 ^ input100/A (sky130_fd_sc_hd__dlymetal6s2s_1)
                  0.19    0.19    2.20 ^ input100/X (sky130_fd_sc_hd__dlymetal6s2s_1)
     2    0.02                           net100 (net)
                  0.19    0.00    2.20 ^ fanout205/A (sky130_fd_sc_hd__buf_4)
                  0.17    0.26    2.46 ^ fanout205/X (sky130_fd_sc_hd__buf_4)
    10    0.06                           net205 (net)
                  0.17    0.00    2.46 ^ fanout204/A (sky130_fd_sc_hd__clkbuf_8)
                  0.13    0.24    2.70 ^ fanout204/X (sky130_fd_sc_hd__clkbuf_8)
    10    0.07                           net204 (net)
                  0.13    0.00    2.70 ^ fanout203/A (sky130_fd_sc_hd__clkbuf_4)
                  0.14    0.25    2.96 ^ fanout203/X (sky130_fd_sc_hd__clkbuf_4)
    10    0.05                           net203 (net)
                  0.14    0.00    2.96 ^ _410_/RESET_B (sky130_fd_sc_hd__dfrtp_4)
                                  2.96   data arrival time

                  0.15   10.00   10.00   clock clk (rise edge)
                          0.00   10.00   clock network delay (ideal)
                         -0.25    9.75   clock uncertainty
                          0.00    9.75   clock reconvergence pessimism
                                  9.75 ^ _410_/CLK (sky130_fd_sc_hd__dfrtp_4)
                          0.22    9.97   library recovery time
                                  9.97   data required time
-----------------------------------------------------------------------------
                                  9.97   data required time
                                 -2.96   data arrival time
-----------------------------------------------------------------------------
                                  7.01   slack (MET)


Startpoint: rstn (input port clocked by clk)
Endpoint: _418_ (recovery check against rising-edge clock clk)
Path Group: asynchronous
Path Type: max

Fanout     Cap    Slew   Delay    Time   Description
-----------------------------------------------------------------------------
                  0.15    0.00    0.00   clock clk (rise edge)
                          0.00    0.00   clock network delay (ideal)
                          2.00    2.00 ^ input external delay
                  0.02    0.01    2.01 ^ rstn (in)
     1    0.00                           rstn (net)
                  0.02    0.00    2.01 ^ input100/A (sky130_fd_sc_hd__dlymetal6s2s_1)
                  0.19    0.19    2.20 ^ input100/X (sky130_fd_sc_hd__dlymetal6s2s_1)
     2    0.02                           net100 (net)
                  0.19    0.00    2.20 ^ fanout205/A (sky130_fd_sc_hd__buf_4)
                  0.17    0.26    2.46 ^ fanout205/X (sky130_fd_sc_hd__buf_4)
    10    0.06                           net205 (net)
                  0.17    0.00    2.46 ^ fanout204/A (sky130_fd_sc_hd__clkbuf_8)
                  0.13    0.24    2.70 ^ fanout204/X (sky130_fd_sc_hd__clkbuf_8)
    10    0.07                           net204 (net)
                  0.13    0.00    2.70 ^ fanout203/A (sky130_fd_sc_hd__clkbuf_4)
                  0.14    0.25    2.96 ^ fanout203/X (sky130_fd_sc_hd__clkbuf_4)
    10    0.05                           net203 (net)
                  0.14    0.00    2.96 ^ _418_/RESET_B (sky130_fd_sc_hd__dfrtp_4)
                                  2.96   data arrival time

                  0.15   10.00   10.00   clock clk (rise edge)
                          0.00   10.00   clock network delay (ideal)
                         -0.25    9.75   clock uncertainty
                          0.00    9.75   clock reconvergence pessimism
                                  9.75 ^ _418_/CLK (sky130_fd_sc_hd__dfrtp_4)
                          0.22    9.97   library recovery time
                                  9.97   data required time
-----------------------------------------------------------------------------
                                  9.97   data required time
                                 -2.96   data arrival time
-----------------------------------------------------------------------------
                                  7.01   slack (MET)


Startpoint: rstn (input port clocked by clk)
Endpoint: _389_ (recovery check against rising-edge clock clk)
Path Group: asynchronous
Path Type: max

Fanout     Cap    Slew   Delay    Time   Description
-----------------------------------------------------------------------------
                  0.15    0.00    0.00   clock clk (rise edge)
                          0.00    0.00   clock network delay (ideal)
                          2.00    2.00 ^ input external delay
                  0.02    0.01    2.01 ^ rstn (in)
     1    0.00                           rstn (net)
                  0.02    0.00    2.01 ^ input100/A (sky130_fd_sc_hd__dlymetal6s2s_1)
                  0.19    0.19    2.20 ^ input100/X (sky130_fd_sc_hd__dlymetal6s2s_1)
     2    0.02                           net100 (net)
                  0.19    0.00    2.20 ^ fanout205/A (sky130_fd_sc_hd__buf_4)
                  0.17    0.26    2.46 ^ fanout205/X (sky130_fd_sc_hd__buf_4)
    10    0.06                           net205 (net)
                  0.17    0.00    2.46 ^ fanout204/A (sky130_fd_sc_hd__clkbuf_8)
                  0.13    0.24    2.70 ^ fanout204/X (sky130_fd_sc_hd__clkbuf_8)
    10    0.07                           net204 (net)
                  0.13    0.00    2.70 ^ fanout203/A (sky130_fd_sc_hd__clkbuf_4)
                  0.14    0.25    2.96 ^ fanout203/X (sky130_fd_sc_hd__clkbuf_4)
    10    0.05                           net203 (net)
                  0.14    0.00    2.96 ^ _389_/RESET_B (sky130_fd_sc_hd__dfrtp_4)
                                  2.96   data arrival time

                  0.15   10.00   10.00   clock clk (rise edge)
                          0.00   10.00   clock network delay (ideal)
                         -0.25    9.75   clock uncertainty
                          0.00    9.75   clock reconvergence pessimism
                                  9.75 ^ _389_/CLK (sky130_fd_sc_hd__dfrtp_4)
                          0.22    9.97   library recovery time
                                  9.97   data required time
-----------------------------------------------------------------------------
                                  9.97   data required time
                                 -2.96   data arrival time
-----------------------------------------------------------------------------
                                  7.01   slack (MET)


Startpoint: rstn (input port clocked by clk)
Endpoint: _413_ (recovery check against rising-edge clock clk)
Path Group: asynchronous
Path Type: max

Fanout     Cap    Slew   Delay    Time   Description
-----------------------------------------------------------------------------
                  0.15    0.00    0.00   clock clk (rise edge)
                          0.00    0.00   clock network delay (ideal)
                          2.00    2.00 ^ input external delay
                  0.02    0.01    2.01 ^ rstn (in)
     1    0.00                           rstn (net)
                  0.02    0.00    2.01 ^ input100/A (sky130_fd_sc_hd__dlymetal6s2s_1)
                  0.19    0.19    2.20 ^ input100/X (sky130_fd_sc_hd__dlymetal6s2s_1)
     2    0.02                           net100 (net)
                  0.19    0.00    2.20 ^ fanout205/A (sky130_fd_sc_hd__buf_4)
                  0.17    0.26    2.46 ^ fanout205/X (sky130_fd_sc_hd__buf_4)
    10    0.06                           net205 (net)
                  0.17    0.00    2.46 ^ fanout204/A (sky130_fd_sc_hd__clkbuf_8)
                  0.13    0.24    2.70 ^ fanout204/X (sky130_fd_sc_hd__clkbuf_8)
    10    0.07                           net204 (net)
                  0.13    0.00    2.70 ^ fanout203/A (sky130_fd_sc_hd__clkbuf_4)
                  0.14    0.25    2.96 ^ fanout203/X (sky130_fd_sc_hd__clkbuf_4)
    10    0.05                           net203 (net)
                  0.14    0.00    2.96 ^ _413_/RESET_B (sky130_fd_sc_hd__dfrtp_4)
                                  2.96   data arrival time

                  0.15   10.00   10.00   clock clk (rise edge)
                          0.00   10.00   clock network delay (ideal)
                         -0.25    9.75   clock uncertainty
                          0.00    9.75   clock reconvergence pessimism
                                  9.75 ^ _413_/CLK (sky130_fd_sc_hd__dfrtp_4)
                          0.22    9.97   library recovery time
                                  9.97   data required time
-----------------------------------------------------------------------------
                                  9.97   data required time
                                 -2.96   data arrival time
-----------------------------------------------------------------------------
                                  7.01   slack (MET)


Startpoint: rstn (input port clocked by clk)
Endpoint: _398_ (recovery check against rising-edge clock clk)
Path Group: asynchronous
Path Type: max

Fanout     Cap    Slew   Delay    Time   Description
-----------------------------------------------------------------------------
                  0.15    0.00    0.00   clock clk (rise edge)
                          0.00    0.00   clock network delay (ideal)
                          2.00    2.00 ^ input external delay
                  0.02    0.01    2.01 ^ rstn (in)
     1    0.00                           rstn (net)
                  0.02    0.00    2.01 ^ input100/A (sky130_fd_sc_hd__dlymetal6s2s_1)
                  0.19    0.19    2.20 ^ input100/X (sky130_fd_sc_hd__dlymetal6s2s_1)
     2    0.02                           net100 (net)
                  0.19    0.00    2.20 ^ fanout205/A (sky130_fd_sc_hd__buf_4)
                  0.17    0.26    2.46 ^ fanout205/X (sky130_fd_sc_hd__buf_4)
    10    0.06                           net205 (net)
                  0.17    0.00    2.46 ^ fanout204/A (sky130_fd_sc_hd__clkbuf_8)
                  0.13    0.24    2.70 ^ fanout204/X (sky130_fd_sc_hd__clkbuf_8)
    10    0.07                           net204 (net)
                  0.13    0.00    2.70 ^ fanout203/A (sky130_fd_sc_hd__clkbuf_4)
                  0.14    0.25    2.96 ^ fanout203/X (sky130_fd_sc_hd__clkbuf_4)
    10    0.05                           net203 (net)
                  0.14    0.00    2.96 ^ _398_/RESET_B (sky130_fd_sc_hd__dfrtp_2)
                                  2.96   data arrival time

                  0.15   10.00   10.00   clock clk (rise edge)
                          0.00   10.00   clock network delay (ideal)
                         -0.25    9.75   clock uncertainty
                          0.00    9.75   clock reconvergence pessimism
                                  9.75 ^ _398_/CLK (sky130_fd_sc_hd__dfrtp_2)
                          0.22    9.97   library recovery time
                                  9.97   data required time
-----------------------------------------------------------------------------
                                  9.97   data required time
                                 -2.96   data arrival time
-----------------------------------------------------------------------------
                                  7.02   slack (MET)


Startpoint: rstn (input port clocked by clk)
Endpoint: _419_ (recovery check against rising-edge clock clk)
Path Group: asynchronous
Path Type: max

Fanout     Cap    Slew   Delay    Time   Description
-----------------------------------------------------------------------------
                  0.15    0.00    0.00   clock clk (rise edge)
                          0.00    0.00   clock network delay (ideal)
                          2.00    2.00 ^ input external delay
                  0.02    0.01    2.01 ^ rstn (in)
     1    0.00                           rstn (net)
                  0.02    0.00    2.01 ^ input100/A (sky130_fd_sc_hd__dlymetal6s2s_1)
                  0.19    0.19    2.20 ^ input100/X (sky130_fd_sc_hd__dlymetal6s2s_1)
     2    0.02                           net100 (net)
                  0.19    0.00    2.20 ^ fanout205/A (sky130_fd_sc_hd__buf_4)
                  0.17    0.26    2.46 ^ fanout205/X (sky130_fd_sc_hd__buf_4)
    10    0.06                           net205 (net)
                  0.17    0.00    2.46 ^ fanout204/A (sky130_fd_sc_hd__clkbuf_8)
                  0.13    0.24    2.70 ^ fanout204/X (sky130_fd_sc_hd__clkbuf_8)
    10    0.07                           net204 (net)
                  0.13    0.00    2.70 ^ fanout203/A (sky130_fd_sc_hd__clkbuf_4)
                  0.14    0.25    2.96 ^ fanout203/X (sky130_fd_sc_hd__clkbuf_4)
    10    0.05                           net203 (net)
                  0.14    0.00    2.96 ^ _419_/RESET_B (sky130_fd_sc_hd__dfrtp_2)
                                  2.96   data arrival time

                  0.15   10.00   10.00   clock clk (rise edge)
                          0.00   10.00   clock network delay (ideal)
                         -0.25    9.75   clock uncertainty
                          0.00    9.75   clock reconvergence pessimism
                                  9.75 ^ _419_/CLK (sky130_fd_sc_hd__dfrtp_2)
                          0.22    9.97   library recovery time
                                  9.97   data required time
-----------------------------------------------------------------------------
                                  9.97   data required time
                                 -2.96   data arrival time
-----------------------------------------------------------------------------
                                  7.02   slack (MET)


Startpoint: rstn (input port clocked by clk)
Endpoint: _394_ (recovery check against rising-edge clock clk)
Path Group: asynchronous
Path Type: max

Fanout     Cap    Slew   Delay    Time   Description
-----------------------------------------------------------------------------
                  0.15    0.00    0.00   clock clk (rise edge)
                          0.00    0.00   clock network delay (ideal)
                          2.00    2.00 ^ input external delay
                  0.02    0.01    2.01 ^ rstn (in)
     1    0.00                           rstn (net)
                  0.02    0.00    2.01 ^ input100/A (sky130_fd_sc_hd__dlymetal6s2s_1)
                  0.19    0.19    2.20 ^ input100/X (sky130_fd_sc_hd__dlymetal6s2s_1)
     2    0.02                           net100 (net)
                  0.19    0.00    2.20 ^ fanout205/A (sky130_fd_sc_hd__buf_4)
                  0.17    0.26    2.46 ^ fanout205/X (sky130_fd_sc_hd__buf_4)
    10    0.06                           net205 (net)
                  0.17    0.00    2.46 ^ fanout204/A (sky130_fd_sc_hd__clkbuf_8)
                  0.13    0.24    2.70 ^ fanout204/X (sky130_fd_sc_hd__clkbuf_8)
    10    0.07                           net204 (net)
                  0.13    0.00    2.70 ^ fanout203/A (sky130_fd_sc_hd__clkbuf_4)
                  0.14    0.25    2.96 ^ fanout203/X (sky130_fd_sc_hd__clkbuf_4)
    10    0.05                           net203 (net)
                  0.14    0.00    2.96 ^ _394_/RESET_B (sky130_fd_sc_hd__dfrtp_1)
                                  2.96   data arrival time

                  0.15   10.00   10.00   clock clk (rise edge)
                          0.00   10.00   clock network delay (ideal)
                         -0.25    9.75   clock uncertainty
                          0.00    9.75   clock reconvergence pessimism
                                  9.75 ^ _394_/CLK (sky130_fd_sc_hd__dfrtp_1)
                          0.24    9.99   library recovery time
                                  9.99   data required time
-----------------------------------------------------------------------------
                                  9.99   data required time
                                 -2.96   data arrival time
-----------------------------------------------------------------------------
                                  7.03   slack (MET)


Startpoint: rstn (input port clocked by clk)
Endpoint: _437_ (recovery check against rising-edge clock clk)
Path Group: asynchronous
Path Type: max

Fanout     Cap    Slew   Delay    Time   Description
-----------------------------------------------------------------------------
                  0.15    0.00    0.00   clock clk (rise edge)
                          0.00    0.00   clock network delay (ideal)
                          2.00    2.00 ^ input external delay
                  0.02    0.01    2.01 ^ rstn (in)
     1    0.00                           rstn (net)
                  0.02    0.00    2.01 ^ input100/A (sky130_fd_sc_hd__dlymetal6s2s_1)
                  0.19    0.19    2.20 ^ input100/X (sky130_fd_sc_hd__dlymetal6s2s_1)
     2    0.02                           net100 (net)
                  0.19    0.00    2.20 ^ fanout205/A (sky130_fd_sc_hd__buf_4)
                  0.17    0.26    2.46 ^ fanout205/X (sky130_fd_sc_hd__buf_4)
    10    0.06                           net205 (net)
                  0.17    0.00    2.46 ^ fanout204/A (sky130_fd_sc_hd__clkbuf_8)
                  0.13    0.24    2.70 ^ fanout204/X (sky130_fd_sc_hd__clkbuf_8)
    10    0.07                           net204 (net)
                  0.13    0.00    2.70 ^ fanout203/A (sky130_fd_sc_hd__clkbuf_4)
                  0.14    0.25    2.96 ^ fanout203/X (sky130_fd_sc_hd__clkbuf_4)
    10    0.05                           net203 (net)
                  0.14    0.00    2.96 ^ _437_/RESET_B (sky130_fd_sc_hd__dfrtp_1)
                                  2.96   data arrival time

                  0.15   10.00   10.00   clock clk (rise edge)
                          0.00   10.00   clock network delay (ideal)
                         -0.25    9.75   clock uncertainty
                          0.00    9.75   clock reconvergence pessimism
                                  9.75 ^ _437_/CLK (sky130_fd_sc_hd__dfrtp_1)
                          0.24    9.99   library recovery time
                                  9.99   data required time
-----------------------------------------------------------------------------
                                  9.99   data required time
                                 -2.96   data arrival time
-----------------------------------------------------------------------------
                                  7.03   slack (MET)


Startpoint: _419_ (rising edge-triggered flip-flop clocked by clk)
Endpoint: paddr[27] (output port clocked by clk)
Path Group: clk
Path Type: max

Fanout     Cap    Slew   Delay    Time   Description
-----------------------------------------------------------------------------
                  0.15    0.00    0.00   clock clk (rise edge)
                          0.00    0.00   clock network delay (ideal)
                  0.15    0.00    0.00 ^ _419_/CLK (sky130_fd_sc_hd__dfrtp_2)
                  0.08    0.50    0.50 v _419_/Q (sky130_fd_sc_hd__dfrtp_2)
     2    0.02                           net153 (net)
                  0.08    0.00    0.50 v output153/A (sky130_fd_sc_hd__buf_2)
                  0.09    0.21    0.70 v output153/X (sky130_fd_sc_hd__buf_2)
     1    0.03                           paddr[27] (net)
                  0.09    0.00    0.70 v paddr[27] (out)
                                  0.70   data arrival time

                  0.15   10.00   10.00   clock clk (rise edge)
                          0.00   10.00   clock network delay (ideal)
                         -0.25    9.75   clock uncertainty
                          0.00    9.75   clock reconvergence pessimism
                         -2.00    7.75   output external delay
                                  7.75   data required time
-----------------------------------------------------------------------------
                                  7.75   data required time
                                 -0.70   data arrival time
-----------------------------------------------------------------------------
                                  7.05   slack (MET)


Startpoint: _441_ (rising edge-triggered flip-flop clocked by clk)
Endpoint: pwdata[17] (output port clocked by clk)
Path Group: clk
Path Type: max

Fanout     Cap    Slew   Delay    Time   Description
-----------------------------------------------------------------------------
                  0.15    0.00    0.00   clock clk (rise edge)
                          0.00    0.00   clock network delay (ideal)
                  0.15    0.00    0.00 ^ _441_/CLK (sky130_fd_sc_hd__dfrtp_2)
                  0.08    0.50    0.50 v _441_/Q (sky130_fd_sc_hd__dfrtp_2)
     2    0.02                           net178 (net)
                  0.08    0.00    0.50 v output178/A (sky130_fd_sc_hd__buf_2)
                  0.09    0.21    0.70 v output178/X (sky130_fd_sc_hd__buf_2)
     1    0.03                           pwdata[17] (net)
                  0.09    0.00    0.70 v pwdata[17] (out)
                                  0.70   data arrival time

                  0.15   10.00   10.00   clock clk (rise edge)
                          0.00   10.00   clock network delay (ideal)
                         -0.25    9.75   clock uncertainty
                          0.00    9.75   clock reconvergence pessimism
                         -2.00    7.75   output external delay
                                  7.75   data required time
-----------------------------------------------------------------------------
                                  7.75   data required time
                                 -0.70   data arrival time
-----------------------------------------------------------------------------
                                  7.05   slack (MET)


Startpoint: _415_ (rising edge-triggered flip-flop clocked by clk)
Endpoint: paddr[23] (output port clocked by clk)
Path Group: clk
Path Type: max

Fanout     Cap    Slew   Delay    Time   Description
-----------------------------------------------------------------------------
                  0.15    0.00    0.00   clock clk (rise edge)
                          0.00    0.00   clock network delay (ideal)
                  0.15    0.00    0.00 ^ _415_/CLK (sky130_fd_sc_hd__dfrtp_2)
                  0.08    0.50    0.50 v _415_/Q (sky130_fd_sc_hd__dfrtp_2)
     2    0.02                           net149 (net)
                  0.08    0.00    0.50 v output149/A (sky130_fd_sc_hd__buf_2)
                  0.09    0.21    0.70 v output149/X (sky130_fd_sc_hd__buf_2)
     1    0.03                           paddr[23] (net)
                  0.09    0.00    0.70 v paddr[23] (out)
                                  0.70   data arrival time

                  0.15   10.00   10.00   clock clk (rise edge)
                          0.00   10.00   clock network delay (ideal)
                         -0.25    9.75   clock uncertainty
                          0.00    9.75   clock reconvergence pessimism
                         -2.00    7.75   output external delay
                                  7.75   data required time
-----------------------------------------------------------------------------
                                  7.75   data required time
                                 -0.70   data arrival time
-----------------------------------------------------------------------------
                                  7.05   slack (MET)


Startpoint: _427_ (rising edge-triggered flip-flop clocked by clk)
Endpoint: pwdata[3] (output port clocked by clk)
Path Group: clk
Path Type: max

Fanout     Cap    Slew   Delay    Time   Description
-----------------------------------------------------------------------------
                  0.15    0.00    0.00   clock clk (rise edge)
                          0.00    0.00   clock network delay (ideal)
                  0.15    0.00    0.00 ^ _427_/CLK (sky130_fd_sc_hd__dfrtp_1)
                  0.15    0.46    0.46 ^ _427_/Q (sky130_fd_sc_hd__dfrtp_1)
     2    0.02                           net195 (net)
                  0.15    0.00    0.46 ^ output195/A (sky130_fd_sc_hd__buf_2)
                  0.17    0.25    0.70 ^ output195/X (sky130_fd_sc_hd__buf_2)
     1    0.03                           pwdata[3] (net)
                  0.17    0.00    0.70 ^ pwdata[3] (out)
                                  0.70   data arrival time

                  0.15   10.00   10.00   clock clk (rise edge)
                          0.00   10.00   clock network delay (ideal)
                         -0.25    9.75   clock uncertainty
                          0.00    9.75   clock reconvergence pessimism
                         -2.00    7.75   output external delay
                                  7.75   data required time
-----------------------------------------------------------------------------
                                  7.75   data required time
                                 -0.70   data arrival time
-----------------------------------------------------------------------------
                                  7.05   slack (MET)


Startpoint: _420_ (rising edge-triggered flip-flop clocked by clk)
Endpoint: paddr[28] (output port clocked by clk)
Path Group: clk
Path Type: max

Fanout     Cap    Slew   Delay    Time   Description
-----------------------------------------------------------------------------
                  0.15    0.00    0.00   clock clk (rise edge)
                          0.00    0.00   clock network delay (ideal)
                  0.15    0.00    0.00 ^ _420_/CLK (sky130_fd_sc_hd__dfrtp_2)
                  0.08    0.50    0.50 v _420_/Q (sky130_fd_sc_hd__dfrtp_2)
     2    0.02                           net154 (net)
                  0.08    0.00    0.50 v output154/A (sky130_fd_sc_hd__buf_2)
                  0.09    0.20    0.70 v output154/X (sky130_fd_sc_hd__buf_2)
     1    0.03                           paddr[28] (net)
                  0.09    0.00    0.70 v paddr[28] (out)
                                  0.70   data arrival time

                  0.15   10.00   10.00   clock clk (rise edge)
                          0.00   10.00   clock network delay (ideal)
                         -0.25    9.75   clock uncertainty
                          0.00    9.75   clock reconvergence pessimism
                         -2.00    7.75   output external delay
                                  7.75   data required time
-----------------------------------------------------------------------------
                                  7.75   data required time
                                 -0.70   data arrival time
-----------------------------------------------------------------------------
                                  7.05   slack (MET)


Startpoint: _425_ (rising edge-triggered flip-flop clocked by clk)
Endpoint: pwdata[1] (output port clocked by clk)
Path Group: clk
Path Type: max

Fanout     Cap    Slew   Delay    Time   Description
-----------------------------------------------------------------------------
                  0.15    0.00    0.00   clock clk (rise edge)
                          0.00    0.00   clock network delay (ideal)
                  0.15    0.00    0.00 ^ _425_/CLK (sky130_fd_sc_hd__dfrtp_2)
                  0.08    0.49    0.49 v _425_/Q (sky130_fd_sc_hd__dfrtp_2)
     2    0.02                           net181 (net)
                  0.08    0.00    0.50 v output181/A (sky130_fd_sc_hd__buf_2)
                  0.09    0.20    0.70 v output181/X (sky130_fd_sc_hd__buf_2)
     1    0.03                           pwdata[1] (net)
                  0.09    0.00    0.70 v pwdata[1] (out)
                                  0.70   data arrival time

                  0.15   10.00   10.00   clock clk (rise edge)
                          0.00   10.00   clock network delay (ideal)
                         -0.25    9.75   clock uncertainty
                          0.00    9.75   clock reconvergence pessimism
                         -2.00    7.75   output external delay
                                  7.75   data required time
-----------------------------------------------------------------------------
                                  7.75   data required time
                                 -0.70   data arrival time
-----------------------------------------------------------------------------
                                  7.05   slack (MET)


Startpoint: _409_ (rising edge-triggered flip-flop clocked by clk)
Endpoint: paddr[17] (output port clocked by clk)
Path Group: clk
Path Type: max

Fanout     Cap    Slew   Delay    Time   Description
-----------------------------------------------------------------------------
                  0.15    0.00    0.00   clock clk (rise edge)
                          0.00    0.00   clock network delay (ideal)
                  0.15    0.00    0.00 ^ _409_/CLK (sky130_fd_sc_hd__dfrtp_2)
                  0.08    0.49    0.49 v _409_/Q (sky130_fd_sc_hd__dfrtp_2)
     2    0.02                           net142 (net)
                  0.08    0.00    0.50 v output142/A (sky130_fd_sc_hd__buf_2)
                  0.09    0.20    0.70 v output142/X (sky130_fd_sc_hd__buf_2)
     1    0.03                           paddr[17] (net)
                  0.09    0.00    0.70 v paddr[17] (out)
                                  0.70   data arrival time

                  0.15   10.00   10.00   clock clk (rise edge)
                          0.00   10.00   clock network delay (ideal)
                         -0.25    9.75   clock uncertainty
                          0.00    9.75   clock reconvergence pessimism
                         -2.00    7.75   output external delay
                                  7.75   data required time
-----------------------------------------------------------------------------
                                  7.75   data required time
                                 -0.70   data arrival time
-----------------------------------------------------------------------------
                                  7.05   slack (MET)


Startpoint: _398_ (rising edge-triggered flip-flop clocked by clk)
Endpoint: paddr[6] (output port clocked by clk)
Path Group: clk
Path Type: max

Fanout     Cap    Slew   Delay    Time   Description
-----------------------------------------------------------------------------
                  0.15    0.00    0.00   clock clk (rise edge)
                          0.00    0.00   clock network delay (ideal)
                  0.15    0.00    0.00 ^ _398_/CLK (sky130_fd_sc_hd__dfrtp_2)
                  0.08    0.49    0.49 v _398_/Q (sky130_fd_sc_hd__dfrtp_2)
     2    0.02                           net162 (net)
                  0.08    0.00    0.50 v output162/A (sky130_fd_sc_hd__buf_2)
                  0.09    0.20    0.70 v output162/X (sky130_fd_sc_hd__buf_2)
     1    0.03                           paddr[6] (net)
                  0.09    0.00    0.70 v paddr[6] (out)
                                  0.70   data arrival time

                  0.15   10.00   10.00   clock clk (rise edge)
                          0.00   10.00   clock network delay (ideal)
                         -0.25    9.75   clock uncertainty
                          0.00    9.75   clock reconvergence pessimism
                         -2.00    7.75   output external delay
                                  7.75   data required time
-----------------------------------------------------------------------------
                                  7.75   data required time
                                 -0.70   data arrival time
-----------------------------------------------------------------------------
                                  7.05   slack (MET)


Startpoint: _403_ (rising edge-triggered flip-flop clocked by clk)
Endpoint: paddr[11] (output port clocked by clk)
Path Group: clk
Path Type: max

Fanout     Cap    Slew   Delay    Time   Description
-----------------------------------------------------------------------------
                  0.15    0.00    0.00   clock clk (rise edge)
                          0.00    0.00   clock network delay (ideal)
                  0.15    0.00    0.00 ^ _403_/CLK (sky130_fd_sc_hd__dfrtp_2)
                  0.08    0.49    0.49 v _403_/Q (sky130_fd_sc_hd__dfrtp_2)
     2    0.02                           net136 (net)
                  0.08    0.00    0.50 v output136/A (sky130_fd_sc_hd__buf_2)
                  0.09    0.20    0.70 v output136/X (sky130_fd_sc_hd__buf_2)
     1    0.03                           paddr[11] (net)
                  0.09    0.00    0.70 v paddr[11] (out)
                                  0.70   data arrival time

                  0.15   10.00   10.00   clock clk (rise edge)
                          0.00   10.00   clock network delay (ideal)
                         -0.25    9.75   clock uncertainty
                          0.00    9.75   clock reconvergence pessimism
                         -2.00    7.75   output external delay
                                  7.75   data required time
-----------------------------------------------------------------------------
                                  7.75   data required time
                                 -0.70   data arrival time
-----------------------------------------------------------------------------
                                  7.05   slack (MET)


Startpoint: _437_ (rising edge-triggered flip-flop clocked by clk)
Endpoint: pwdata[13] (output port clocked by clk)
Path Group: clk
Path Type: max

Fanout     Cap    Slew   Delay    Time   Description
-----------------------------------------------------------------------------
                  0.15    0.00    0.00   clock clk (rise edge)
                          0.00    0.00   clock network delay (ideal)
                  0.15    0.00    0.00 ^ _437_/CLK (sky130_fd_sc_hd__dfrtp_1)
                  0.14    0.45    0.45 ^ _437_/Q (sky130_fd_sc_hd__dfrtp_1)
     2    0.02                           net174 (net)
                  0.14    0.00    0.45 ^ output174/A (sky130_fd_sc_hd__buf_2)
                  0.17    0.24    0.70 ^ output174/X (sky130_fd_sc_hd__buf_2)
     1    0.03                           pwdata[13] (net)
                  0.17    0.00    0.70 ^ pwdata[13] (out)
                                  0.70   data arrival time

                  0.15   10.00   10.00   clock clk (rise edge)
                          0.00   10.00   clock network delay (ideal)
                         -0.25    9.75   clock uncertainty
                          0.00    9.75   clock reconvergence pessimism
                         -2.00    7.75   output external delay
                                  7.75   data required time
-----------------------------------------------------------------------------
                                  7.75   data required time
                                 -0.70   data arrival time
-----------------------------------------------------------------------------
                                  7.05   slack (MET)


Startpoint: _394_ (rising edge-triggered flip-flop clocked by clk)
Endpoint: paddr[2] (output port clocked by clk)
Path Group: clk
Path Type: max

Fanout     Cap    Slew   Delay    Time   Description
-----------------------------------------------------------------------------
                  0.15    0.00    0.00   clock clk (rise edge)
                          0.00    0.00   clock network delay (ideal)
                  0.15    0.00    0.00 ^ _394_/CLK (sky130_fd_sc_hd__dfrtp_1)
                  0.14    0.45    0.45 ^ _394_/Q (sky130_fd_sc_hd__dfrtp_1)
     2    0.02                           net156 (net)
                  0.14    0.00    0.45 ^ output156/A (sky130_fd_sc_hd__buf_2)
                  0.17    0.24    0.70 ^ output156/X (sky130_fd_sc_hd__buf_2)
     1    0.03                           paddr[2] (net)
                  0.17    0.00    0.70 ^ paddr[2] (out)
                                  0.70   data arrival time

                  0.15   10.00   10.00   clock clk (rise edge)
                          0.00   10.00   clock network delay (ideal)
                         -0.25    9.75   clock uncertainty
                          0.00    9.75   clock reconvergence pessimism
                         -2.00    7.75   output external delay
                                  7.75   data required time
-----------------------------------------------------------------------------
                                  7.75   data required time
                                 -0.70   data arrival time
-----------------------------------------------------------------------------
                                  7.05   slack (MET)


Startpoint: _405_ (rising edge-triggered flip-flop clocked by clk)
Endpoint: paddr[13] (output port clocked by clk)
Path Group: clk
Path Type: max

Fanout     Cap    Slew   Delay    Time   Description
-----------------------------------------------------------------------------
                  0.15    0.00    0.00   clock clk (rise edge)
                          0.00    0.00   clock network delay (ideal)
                  0.15    0.00    0.00 ^ _405_/CLK (sky130_fd_sc_hd__dfrtp_2)
                  0.08    0.49    0.49 v _405_/Q (sky130_fd_sc_hd__dfrtp_2)
     2    0.02                           net138 (net)
                  0.08    0.00    0.49 v output138/A (sky130_fd_sc_hd__buf_2)
                  0.09    0.20    0.70 v output138/X (sky130_fd_sc_hd__buf_2)
     1    0.03                           paddr[13] (net)
                  0.09    0.00    0.70 v paddr[13] (out)
                                  0.70   data arrival time

                  0.15   10.00   10.00   clock clk (rise edge)
                          0.00   10.00   clock network delay (ideal)
                         -0.25    9.75   clock uncertainty
                          0.00    9.75   clock reconvergence pessimism
                         -2.00    7.75   output external delay
                                  7.75   data required time
-----------------------------------------------------------------------------
                                  7.75   data required time
                                 -0.70   data arrival time
-----------------------------------------------------------------------------
                                  7.05   slack (MET)


Startpoint: _411_ (rising edge-triggered flip-flop clocked by clk)
Endpoint: paddr[19] (output port clocked by clk)
Path Group: clk
Path Type: max

Fanout     Cap    Slew   Delay    Time   Description
-----------------------------------------------------------------------------
                  0.15    0.00    0.00   clock clk (rise edge)
                          0.00    0.00   clock network delay (ideal)
                  0.15    0.00    0.00 ^ _411_/CLK (sky130_fd_sc_hd__dfrtp_2)
                  0.08    0.49    0.49 v _411_/Q (sky130_fd_sc_hd__dfrtp_2)
     2    0.02                           net144 (net)
                  0.08    0.00    0.49 v output144/A (sky130_fd_sc_hd__buf_2)
                  0.09    0.20    0.70 v output144/X (sky130_fd_sc_hd__buf_2)
     1    0.03                           paddr[19] (net)
                  0.09    0.00    0.70 v paddr[19] (out)
                                  0.70   data arrival time

                  0.15   10.00   10.00   clock clk (rise edge)
                          0.00   10.00   clock network delay (ideal)
                         -0.25    9.75   clock uncertainty
                          0.00    9.75   clock reconvergence pessimism
                         -2.00    7.75   output external delay
                                  7.75   data required time
-----------------------------------------------------------------------------
                                  7.75   data required time
                                 -0.70   data arrival time
-----------------------------------------------------------------------------
                                  7.05   slack (MET)


Startpoint: _440_ (rising edge-triggered flip-flop clocked by clk)
Endpoint: pwdata[16] (output port clocked by clk)
Path Group: clk
Path Type: max

Fanout     Cap    Slew   Delay    Time   Description
-----------------------------------------------------------------------------
                  0.15    0.00    0.00   clock clk (rise edge)
                          0.00    0.00   clock network delay (ideal)
                  0.15    0.00    0.00 ^ _440_/CLK (sky130_fd_sc_hd__dfrtp_1)
                  0.14    0.45    0.45 ^ _440_/Q (sky130_fd_sc_hd__dfrtp_1)
     2    0.01                           net177 (net)
                  0.14    0.00    0.45 ^ output177/A (sky130_fd_sc_hd__buf_2)
                  0.17    0.24    0.69 ^ output177/X (sky130_fd_sc_hd__buf_2)
     1    0.03                           pwdata[16] (net)
                  0.17    0.00    0.69 ^ pwdata[16] (out)
                                  0.69   data arrival time

                  0.15   10.00   10.00   clock clk (rise edge)
                          0.00   10.00   clock network delay (ideal)
                         -0.25    9.75   clock uncertainty
                          0.00    9.75   clock reconvergence pessimism
                         -2.00    7.75   output external delay
                                  7.75   data required time
-----------------------------------------------------------------------------
                                  7.75   data required time
                                 -0.69   data arrival time
-----------------------------------------------------------------------------
                                  7.06   slack (MET)


Startpoint: _438_ (rising edge-triggered flip-flop clocked by clk)
Endpoint: pwdata[14] (output port clocked by clk)
Path Group: clk
Path Type: max

Fanout     Cap    Slew   Delay    Time   Description
-----------------------------------------------------------------------------
                  0.15    0.00    0.00   clock clk (rise edge)
                          0.00    0.00   clock network delay (ideal)
                  0.15    0.00    0.00 ^ _438_/CLK (sky130_fd_sc_hd__dfrtp_2)
                  0.07    0.49    0.49 v _438_/Q (sky130_fd_sc_hd__dfrtp_2)
     2    0.02                           net175 (net)
                  0.07    0.00    0.49 v output175/A (sky130_fd_sc_hd__buf_2)
                  0.09    0.20    0.69 v output175/X (sky130_fd_sc_hd__buf_2)
     1    0.03                           pwdata[14] (net)
                  0.09    0.00    0.69 v pwdata[14] (out)
                                  0.69   data arrival time

                  0.15   10.00   10.00   clock clk (rise edge)
                          0.00   10.00   clock network delay (ideal)
                         -0.25    9.75   clock uncertainty
                          0.00    9.75   clock reconvergence pessimism
                         -2.00    7.75   output external delay
                                  7.75   data required time
-----------------------------------------------------------------------------
                                  7.75   data required time
                                 -0.69   data arrival time
-----------------------------------------------------------------------------
                                  7.06   slack (MET)


Startpoint: _447_ (rising edge-triggered flip-flop clocked by clk)
Endpoint: pwdata[23] (output port clocked by clk)
Path Group: clk
Path Type: max

Fanout     Cap    Slew   Delay    Time   Description
-----------------------------------------------------------------------------
                  0.15    0.00    0.00   clock clk (rise edge)
                          0.00    0.00   clock network delay (ideal)
                  0.15    0.00    0.00 ^ _447_/CLK (sky130_fd_sc_hd__dfrtp_2)
                  0.07    0.49    0.49 v _447_/Q (sky130_fd_sc_hd__dfrtp_2)
     2    0.02                           net185 (net)
                  0.07    0.00    0.49 v output185/A (sky130_fd_sc_hd__clkbuf_4)
                  0.08    0.20    0.69 v output185/X (sky130_fd_sc_hd__clkbuf_4)
     1    0.03                           pwdata[23] (net)
                  0.08    0.00    0.69 v pwdata[23] (out)
                                  0.69   data arrival time

                  0.15   10.00   10.00   clock clk (rise edge)
                          0.00   10.00   clock network delay (ideal)
                         -0.25    9.75   clock uncertainty
                          0.00    9.75   clock reconvergence pessimism
                         -2.00    7.75   output external delay
                                  7.75   data required time
-----------------------------------------------------------------------------
                                  7.75   data required time
                                 -0.69   data arrival time
-----------------------------------------------------------------------------
                                  7.06   slack (MET)


Startpoint: _399_ (rising edge-triggered flip-flop clocked by clk)
Endpoint: paddr[7] (output port clocked by clk)
Path Group: clk
Path Type: max

Fanout     Cap    Slew   Delay    Time   Description
-----------------------------------------------------------------------------
                  0.15    0.00    0.00   clock clk (rise edge)
                          0.00    0.00   clock network delay (ideal)
                  0.15    0.00    0.00 ^ _399_/CLK (sky130_fd_sc_hd__dfrtp_1)
                  0.14    0.45    0.45 ^ _399_/Q (sky130_fd_sc_hd__dfrtp_1)
     2    0.01                           net163 (net)
                  0.14    0.00    0.45 ^ output163/A (sky130_fd_sc_hd__buf_2)
                  0.17    0.24    0.69 ^ output163/X (sky130_fd_sc_hd__buf_2)
     1    0.03                           paddr[7] (net)
                  0.17    0.00    0.69 ^ paddr[7] (out)
                                  0.69   data arrival time

                  0.15   10.00   10.00   clock clk (rise edge)
                          0.00   10.00   clock network delay (ideal)
                         -0.25    9.75   clock uncertainty
                          0.00    9.75   clock reconvergence pessimism
                         -2.00    7.75   output external delay
                                  7.75   data required time
-----------------------------------------------------------------------------
                                  7.75   data required time
                                 -0.69   data arrival time
-----------------------------------------------------------------------------
                                  7.06   slack (MET)


Startpoint: _446_ (rising edge-triggered flip-flop clocked by clk)
Endpoint: pwdata[22] (output port clocked by clk)
Path Group: clk
Path Type: max

Fanout     Cap    Slew   Delay    Time   Description
-----------------------------------------------------------------------------
                  0.15    0.00    0.00   clock clk (rise edge)
                          0.00    0.00   clock network delay (ideal)
                  0.15    0.00    0.00 ^ _446_/CLK (sky130_fd_sc_hd__dfrtp_1)
                  0.15    0.46    0.46 ^ _446_/Q (sky130_fd_sc_hd__dfrtp_1)
     2    0.02                           net184 (net)
                  0.15    0.00    0.46 ^ output184/A (sky130_fd_sc_hd__clkbuf_4)
                  0.11    0.23    0.69 ^ output184/X (sky130_fd_sc_hd__clkbuf_4)
     1    0.03                           pwdata[22] (net)
                  0.11    0.00    0.69 ^ pwdata[22] (out)
                                  0.69   data arrival time

                  0.15   10.00   10.00   clock clk (rise edge)
                          0.00   10.00   clock network delay (ideal)
                         -0.25    9.75   clock uncertainty
                          0.00    9.75   clock reconvergence pessimism
                         -2.00    7.75   output external delay
                                  7.75   data required time
-----------------------------------------------------------------------------
                                  7.75   data required time
                                 -0.69   data arrival time
-----------------------------------------------------------------------------
                                  7.06   slack (MET)


Startpoint: _401_ (rising edge-triggered flip-flop clocked by clk)
Endpoint: paddr[9] (output port clocked by clk)
Path Group: clk
Path Type: max

Fanout     Cap    Slew   Delay    Time   Description
-----------------------------------------------------------------------------
                  0.15    0.00    0.00   clock clk (rise edge)
                          0.00    0.00   clock network delay (ideal)
                  0.15    0.00    0.00 ^ _401_/CLK (sky130_fd_sc_hd__dfrtp_2)
                  0.07    0.49    0.49 v _401_/Q (sky130_fd_sc_hd__dfrtp_2)
     2    0.02                           net165 (net)
                  0.07    0.00    0.49 v output165/A (sky130_fd_sc_hd__buf_2)
                  0.09    0.20    0.69 v output165/X (sky130_fd_sc_hd__buf_2)
     1    0.03                           paddr[9] (net)
                  0.09    0.00    0.69 v paddr[9] (out)
                                  0.69   data arrival time

                  0.15   10.00   10.00   clock clk (rise edge)
                          0.00   10.00   clock network delay (ideal)
                         -0.25    9.75   clock uncertainty
                          0.00    9.75   clock reconvergence pessimism
                         -2.00    7.75   output external delay
                                  7.75   data required time
-----------------------------------------------------------------------------
                                  7.75   data required time
                                 -0.69   data arrival time
-----------------------------------------------------------------------------
                                  7.06   slack (MET)


Startpoint: _421_ (rising edge-triggered flip-flop clocked by clk)
Endpoint: paddr[29] (output port clocked by clk)
Path Group: clk
Path Type: max

Fanout     Cap    Slew   Delay    Time   Description
-----------------------------------------------------------------------------
                  0.15    0.00    0.00   clock clk (rise edge)
                          0.00    0.00   clock network delay (ideal)
                  0.15    0.00    0.00 ^ _421_/CLK (sky130_fd_sc_hd__dfrtp_1)
                  0.13    0.44    0.44 ^ _421_/Q (sky130_fd_sc_hd__dfrtp_1)
     2    0.01                           net155 (net)
                  0.13    0.00    0.45 ^ output155/A (sky130_fd_sc_hd__buf_2)
                  0.17    0.24    0.69 ^ output155/X (sky130_fd_sc_hd__buf_2)
     1    0.03                           paddr[29] (net)
                  0.17    0.00    0.69 ^ paddr[29] (out)
                                  0.69   data arrival time

                  0.15   10.00   10.00   clock clk (rise edge)
                          0.00   10.00   clock network delay (ideal)
                         -0.25    9.75   clock uncertainty
                          0.00    9.75   clock reconvergence pessimism
                         -2.00    7.75   output external delay
                                  7.75   data required time
-----------------------------------------------------------------------------
                                  7.75   data required time
                                 -0.69   data arrival time
-----------------------------------------------------------------------------
                                  7.06   slack (MET)


Startpoint: _442_ (rising edge-triggered flip-flop clocked by clk)
Endpoint: pwdata[18] (output port clocked by clk)
Path Group: clk
Path Type: max

Fanout     Cap    Slew   Delay    Time   Description
-----------------------------------------------------------------------------
                  0.15    0.00    0.00   clock clk (rise edge)
                          0.00    0.00   clock network delay (ideal)
                  0.15    0.00    0.00 ^ _442_/CLK (sky130_fd_sc_hd__dfrtp_1)
                  0.14    0.45    0.45 ^ _442_/Q (sky130_fd_sc_hd__dfrtp_1)
     2    0.01                           net179 (net)
                  0.14    0.00    0.45 ^ output179/A (sky130_fd_sc_hd__clkbuf_4)
                  0.11    0.23    0.68 ^ output179/X (sky130_fd_sc_hd__clkbuf_4)
     1    0.03                           pwdata[18] (net)
                  0.11    0.00    0.68 ^ pwdata[18] (out)
                                  0.68   data arrival time

                  0.15   10.00   10.00   clock clk (rise edge)
                          0.00   10.00   clock network delay (ideal)
                         -0.25    9.75   clock uncertainty
                          0.00    9.75   clock reconvergence pessimism
                         -2.00    7.75   output external delay
                                  7.75   data required time
-----------------------------------------------------------------------------
                                  7.75   data required time
                                 -0.68   data arrival time
-----------------------------------------------------------------------------
                                  7.07   slack (MET)


Startpoint: _455_ (rising edge-triggered flip-flop clocked by clk)
Endpoint: pwdata[31] (output port clocked by clk)
Path Group: clk
Path Type: max

Fanout     Cap    Slew   Delay    Time   Description
-----------------------------------------------------------------------------
                  0.15    0.00    0.00   clock clk (rise edge)
                          0.00    0.00   clock network delay (ideal)
                  0.15    0.00    0.00 ^ _455_/CLK (sky130_fd_sc_hd__dfrtp_1)
                  0.13    0.44    0.44 ^ _455_/Q (sky130_fd_sc_hd__dfrtp_1)
     2    0.01                           net194 (net)
                  0.13    0.00    0.44 ^ output194/A (sky130_fd_sc_hd__buf_2)
                  0.17    0.24    0.68 ^ output194/X (sky130_fd_sc_hd__buf_2)
     1    0.03                           pwdata[31] (net)
                  0.17    0.00    0.68 ^ pwdata[31] (out)
                                  0.68   data arrival time

                  0.15   10.00   10.00   clock clk (rise edge)
                          0.00   10.00   clock network delay (ideal)
                         -0.25    9.75   clock uncertainty
                          0.00    9.75   clock reconvergence pessimism
                         -2.00    7.75   output external delay
                                  7.75   data required time
-----------------------------------------------------------------------------
                                  7.75   data required time
                                 -0.68   data arrival time
-----------------------------------------------------------------------------
                                  7.07   slack (MET)


Startpoint: _417_ (rising edge-triggered flip-flop clocked by clk)
Endpoint: paddr[25] (output port clocked by clk)
Path Group: clk
Path Type: max

Fanout     Cap    Slew   Delay    Time   Description
-----------------------------------------------------------------------------
                  0.15    0.00    0.00   clock clk (rise edge)
                          0.00    0.00   clock network delay (ideal)
                  0.15    0.00    0.00 ^ _417_/CLK (sky130_fd_sc_hd__dfrtp_1)
                  0.13    0.44    0.44 ^ _417_/Q (sky130_fd_sc_hd__dfrtp_1)
     2    0.01                           net151 (net)
                  0.13    0.00    0.44 ^ output151/A (sky130_fd_sc_hd__buf_2)
                  0.17    0.24    0.68 ^ output151/X (sky130_fd_sc_hd__buf_2)
     1    0.03                           paddr[25] (net)
                  0.17    0.00    0.68 ^ paddr[25] (out)
                                  0.68   data arrival time

                  0.15   10.00   10.00   clock clk (rise edge)
                          0.00   10.00   clock network delay (ideal)
                         -0.25    9.75   clock uncertainty
                          0.00    9.75   clock reconvergence pessimism
                         -2.00    7.75   output external delay
                                  7.75   data required time
-----------------------------------------------------------------------------
                                  7.75   data required time
                                 -0.68   data arrival time
-----------------------------------------------------------------------------
                                  7.07   slack (MET)


Startpoint: _414_ (rising edge-triggered flip-flop clocked by clk)
Endpoint: paddr[22] (output port clocked by clk)
Path Group: clk
Path Type: max

Fanout     Cap    Slew   Delay    Time   Description
-----------------------------------------------------------------------------
                  0.15    0.00    0.00   clock clk (rise edge)
                          0.00    0.00   clock network delay (ideal)
                  0.15    0.00    0.00 ^ _414_/CLK (sky130_fd_sc_hd__dfrtp_1)
                  0.14    0.45    0.45 ^ _414_/Q (sky130_fd_sc_hd__dfrtp_1)
     2    0.01                           net148 (net)
                  0.14    0.00    0.45 ^ output148/A (sky130_fd_sc_hd__clkbuf_4)
                  0.11    0.23    0.68 ^ output148/X (sky130_fd_sc_hd__clkbuf_4)
     1    0.03                           paddr[22] (net)
                  0.11    0.00    0.68 ^ paddr[22] (out)
                                  0.68   data arrival time

                  0.15   10.00   10.00   clock clk (rise edge)
                          0.00   10.00   clock network delay (ideal)
                         -0.25    9.75   clock uncertainty
                          0.00    9.75   clock reconvergence pessimism
                         -2.00    7.75   output external delay
                                  7.75   data required time
-----------------------------------------------------------------------------
                                  7.75   data required time
                                 -0.68   data arrival time
-----------------------------------------------------------------------------
                                  7.07   slack (MET)


Startpoint: _400_ (rising edge-triggered flip-flop clocked by clk)
Endpoint: paddr[8] (output port clocked by clk)
Path Group: clk
Path Type: max

Fanout     Cap    Slew   Delay    Time   Description
-----------------------------------------------------------------------------
                  0.15    0.00    0.00   clock clk (rise edge)
                          0.00    0.00   clock network delay (ideal)
                  0.15    0.00    0.00 ^ _400_/CLK (sky130_fd_sc_hd__dfrtp_1)
                  0.12    0.44    0.44 ^ _400_/Q (sky130_fd_sc_hd__dfrtp_1)
     2    0.01                           net164 (net)
                  0.12    0.00    0.44 ^ output164/A (sky130_fd_sc_hd__buf_2)
                  0.17    0.24    0.67 ^ output164/X (sky130_fd_sc_hd__buf_2)
     1    0.03                           paddr[8] (net)
                  0.17    0.00    0.67 ^ paddr[8] (out)
                                  0.67   data arrival time

                  0.15   10.00   10.00   clock clk (rise edge)
                          0.00   10.00   clock network delay (ideal)
                         -0.25    9.75   clock uncertainty
                          0.00    9.75   clock reconvergence pessimism
                         -2.00    7.75   output external delay
                                  7.75   data required time
-----------------------------------------------------------------------------
                                  7.75   data required time
                                 -0.67   data arrival time
-----------------------------------------------------------------------------
                                  7.08   slack (MET)


Startpoint: _445_ (rising edge-triggered flip-flop clocked by clk)
Endpoint: pwdata[21] (output port clocked by clk)
Path Group: clk
Path Type: max

Fanout     Cap    Slew   Delay    Time   Description
-----------------------------------------------------------------------------
                  0.15    0.00    0.00   clock clk (rise edge)
                          0.00    0.00   clock network delay (ideal)
                  0.15    0.00    0.00 ^ _445_/CLK (sky130_fd_sc_hd__dfrtp_1)
                  0.12    0.43    0.43 ^ _445_/Q (sky130_fd_sc_hd__dfrtp_1)
     2    0.01                           net183 (net)
                  0.12    0.00    0.44 ^ output183/A (sky130_fd_sc_hd__buf_2)
                  0.17    0.24    0.67 ^ output183/X (sky130_fd_sc_hd__buf_2)
     1    0.03                           pwdata[21] (net)
                  0.17    0.00    0.67 ^ pwdata[21] (out)
                                  0.67   data arrival time

                  0.15   10.00   10.00   clock clk (rise edge)
                          0.00   10.00   clock network delay (ideal)
                         -0.25    9.75   clock uncertainty
                          0.00    9.75   clock reconvergence pessimism
                         -2.00    7.75   output external delay
                                  7.75   data required time
-----------------------------------------------------------------------------
                                  7.75   data required time
                                 -0.67   data arrival time
-----------------------------------------------------------------------------
                                  7.08   slack (MET)


Startpoint: _431_ (rising edge-triggered flip-flop clocked by clk)
Endpoint: pwdata[7] (output port clocked by clk)
Path Group: clk
Path Type: max

Fanout     Cap    Slew   Delay    Time   Description
-----------------------------------------------------------------------------
                  0.15    0.00    0.00   clock clk (rise edge)
                          0.00    0.00   clock network delay (ideal)
                  0.15    0.00    0.00 ^ _431_/CLK (sky130_fd_sc_hd__dfrtp_1)
                  0.08    0.46    0.46 v _431_/Q (sky130_fd_sc_hd__dfrtp_1)
     2    0.01                           net199 (net)
                  0.08    0.00    0.46 v output199/A (sky130_fd_sc_hd__clkbuf_4)
                  0.08    0.21    0.67 v output199/X (sky130_fd_sc_hd__clkbuf_4)
     1    0.03                           pwdata[7] (net)
                  0.08    0.00    0.67 v pwdata[7] (out)
                                  0.67   data arrival time

                  0.15   10.00   10.00   clock clk (rise edge)
                          0.00   10.00   clock network delay (ideal)
                         -0.25    9.75   clock uncertainty
                          0.00    9.75   clock reconvergence pessimism
                         -2.00    7.75   output external delay
                                  7.75   data required time
-----------------------------------------------------------------------------
                                  7.75   data required time
                                 -0.67   data arrival time
-----------------------------------------------------------------------------
                                  7.08   slack (MET)


Startpoint: _444_ (rising edge-triggered flip-flop clocked by clk)
Endpoint: pwdata[20] (output port clocked by clk)
Path Group: clk
Path Type: max

Fanout     Cap    Slew   Delay    Time   Description
-----------------------------------------------------------------------------
                  0.15    0.00    0.00   clock clk (rise edge)
                          0.00    0.00   clock network delay (ideal)
                  0.15    0.00    0.00 ^ _444_/CLK (sky130_fd_sc_hd__dfrtp_1)
                  0.12    0.43    0.43 ^ _444_/Q (sky130_fd_sc_hd__dfrtp_1)
     2    0.01                           net182 (net)
                  0.12    0.00    0.43 ^ output182/A (sky130_fd_sc_hd__buf_2)
                  0.17    0.24    0.67 ^ output182/X (sky130_fd_sc_hd__buf_2)
     1    0.03                           pwdata[20] (net)
                  0.17    0.00    0.67 ^ pwdata[20] (out)
                                  0.67   data arrival time

                  0.15   10.00   10.00   clock clk (rise edge)
                          0.00   10.00   clock network delay (ideal)
                         -0.25    9.75   clock uncertainty
                          0.00    9.75   clock reconvergence pessimism
                         -2.00    7.75   output external delay
                                  7.75   data required time
-----------------------------------------------------------------------------
                                  7.75   data required time
                                 -0.67   data arrival time
-----------------------------------------------------------------------------
                                  7.08   slack (MET)


Startpoint: _423_ (rising edge-triggered flip-flop clocked by clk)
Endpoint: paddr[31] (output port clocked by clk)
Path Group: clk
Path Type: max

Fanout     Cap    Slew   Delay    Time   Description
-----------------------------------------------------------------------------
                  0.15    0.00    0.00   clock clk (rise edge)
                          0.00    0.00   clock network delay (ideal)
                  0.15    0.00    0.00 ^ _423_/CLK (sky130_fd_sc_hd__dfrtp_1)
                  0.12    0.43    0.43 ^ _423_/Q (sky130_fd_sc_hd__dfrtp_1)
     2    0.01                           net158 (net)
                  0.12    0.00    0.43 ^ output158/A (sky130_fd_sc_hd__buf_2)
                  0.17    0.23    0.67 ^ output158/X (sky130_fd_sc_hd__buf_2)
     1    0.03                           paddr[31] (net)
                  0.17    0.00    0.67 ^ paddr[31] (out)
                                  0.67   data arrival time

                  0.15   10.00   10.00   clock clk (rise edge)
                          0.00   10.00   clock network delay (ideal)
                         -0.25    9.75   clock uncertainty
                          0.00    9.75   clock reconvergence pessimism
                         -2.00    7.75   output external delay
                                  7.75   data required time
-----------------------------------------------------------------------------
                                  7.75   data required time
                                 -0.67   data arrival time
-----------------------------------------------------------------------------
                                  7.08   slack (MET)


Startpoint: _407_ (rising edge-triggered flip-flop clocked by clk)
Endpoint: paddr[15] (output port clocked by clk)
Path Group: clk
Path Type: max

Fanout     Cap    Slew   Delay    Time   Description
-----------------------------------------------------------------------------
                  0.15    0.00    0.00   clock clk (rise edge)
                          0.00    0.00   clock network delay (ideal)
                  0.15    0.00    0.00 ^ _407_/CLK (sky130_fd_sc_hd__dfrtp_1)
                  0.11    0.43    0.43 ^ _407_/Q (sky130_fd_sc_hd__dfrtp_1)
     2    0.01                           net140 (net)
                  0.11    0.00    0.43 ^ output140/A (sky130_fd_sc_hd__buf_2)
                  0.17    0.23    0.66 ^ output140/X (sky130_fd_sc_hd__buf_2)
     1    0.03                           paddr[15] (net)
                  0.17    0.00    0.66 ^ paddr[15] (out)
                                  0.66   data arrival time

                  0.15   10.00   10.00   clock clk (rise edge)
                          0.00   10.00   clock network delay (ideal)
                         -0.25    9.75   clock uncertainty
                          0.00    9.75   clock reconvergence pessimism
                         -2.00    7.75   output external delay
                                  7.75   data required time
-----------------------------------------------------------------------------
                                  7.75   data required time
                                 -0.66   data arrival time
-----------------------------------------------------------------------------
                                  7.09   slack (MET)


Startpoint: _450_ (rising edge-triggered flip-flop clocked by clk)
Endpoint: pwdata[26] (output port clocked by clk)
Path Group: clk
Path Type: max

Fanout     Cap    Slew   Delay    Time   Description
-----------------------------------------------------------------------------
                  0.15    0.00    0.00   clock clk (rise edge)
                          0.00    0.00   clock network delay (ideal)
                  0.15    0.00    0.00 ^ _450_/CLK (sky130_fd_sc_hd__dfrtp_1)
                  0.11    0.43    0.43 ^ _450_/Q (sky130_fd_sc_hd__dfrtp_1)
     2    0.01                           net188 (net)
                  0.11    0.00    0.43 ^ output188/A (sky130_fd_sc_hd__buf_2)
                  0.17    0.23    0.66 ^ output188/X (sky130_fd_sc_hd__buf_2)
     1    0.03                           pwdata[26] (net)
                  0.17    0.00    0.66 ^ pwdata[26] (out)
                                  0.66   data arrival time

                  0.15   10.00   10.00   clock clk (rise edge)
                          0.00   10.00   clock network delay (ideal)
                         -0.25    9.75   clock uncertainty
                          0.00    9.75   clock reconvergence pessimism
                         -2.00    7.75   output external delay
                                  7.75   data required time
-----------------------------------------------------------------------------
                                  7.75   data required time
                                 -0.66   data arrival time
-----------------------------------------------------------------------------
                                  7.09   slack (MET)


Startpoint: _433_ (rising edge-triggered flip-flop clocked by clk)
Endpoint: pwdata[9] (output port clocked by clk)
Path Group: clk
Path Type: max

Fanout     Cap    Slew   Delay    Time   Description
-----------------------------------------------------------------------------
                  0.15    0.00    0.00   clock clk (rise edge)
                          0.00    0.00   clock network delay (ideal)
                  0.15    0.00    0.00 ^ _433_/CLK (sky130_fd_sc_hd__dfrtp_1)
                  0.11    0.43    0.43 ^ _433_/Q (sky130_fd_sc_hd__dfrtp_1)
     2    0.01                           net201 (net)
                  0.11    0.00    0.43 ^ output201/A (sky130_fd_sc_hd__buf_2)
                  0.17    0.23    0.66 ^ output201/X (sky130_fd_sc_hd__buf_2)
     1    0.03                           pwdata[9] (net)
                  0.17    0.00    0.66 ^ pwdata[9] (out)
                                  0.66   data arrival time

                  0.15   10.00   10.00   clock clk (rise edge)
                          0.00   10.00   clock network delay (ideal)
                         -0.25    9.75   clock uncertainty
                          0.00    9.75   clock reconvergence pessimism
                         -2.00    7.75   output external delay
                                  7.75   data required time
-----------------------------------------------------------------------------
                                  7.75   data required time
                                 -0.66   data arrival time
-----------------------------------------------------------------------------
                                  7.09   slack (MET)


Startpoint: _426_ (rising edge-triggered flip-flop clocked by clk)
Endpoint: pwdata[2] (output port clocked by clk)
Path Group: clk
Path Type: max

Fanout     Cap    Slew   Delay    Time   Description
-----------------------------------------------------------------------------
                  0.15    0.00    0.00   clock clk (rise edge)
                          0.00    0.00   clock network delay (ideal)
                  0.15    0.00    0.00 ^ _426_/CLK (sky130_fd_sc_hd__dfrtp_1)
                  0.10    0.42    0.42 ^ _426_/Q (sky130_fd_sc_hd__dfrtp_1)
     2    0.01                           net192 (net)
                  0.10    0.00    0.42 ^ output192/A (sky130_fd_sc_hd__buf_2)
                  0.17    0.23    0.65 ^ output192/X (sky130_fd_sc_hd__buf_2)
     1    0.03                           pwdata[2] (net)
                  0.17    0.00    0.65 ^ pwdata[2] (out)
                                  0.65   data arrival time

                  0.15   10.00   10.00   clock clk (rise edge)
                          0.00   10.00   clock network delay (ideal)
                         -0.25    9.75   clock uncertainty
                          0.00    9.75   clock reconvergence pessimism
                         -2.00    7.75   output external delay
                                  7.75   data required time
-----------------------------------------------------------------------------
                                  7.75   data required time
                                 -0.65   data arrival time
-----------------------------------------------------------------------------
                                  7.10   slack (MET)


Startpoint: _430_ (rising edge-triggered flip-flop clocked by clk)
Endpoint: pwdata[6] (output port clocked by clk)
Path Group: clk
Path Type: max

Fanout     Cap    Slew   Delay    Time   Description
-----------------------------------------------------------------------------
                  0.15    0.00    0.00   clock clk (rise edge)
                          0.00    0.00   clock network delay (ideal)
                  0.15    0.00    0.00 ^ _430_/CLK (sky130_fd_sc_hd__dfrtp_1)
                  0.07    0.45    0.45 v _430_/Q (sky130_fd_sc_hd__dfrtp_1)
     2    0.01                           net198 (net)
                  0.07    0.00    0.45 v output198/A (sky130_fd_sc_hd__clkbuf_4)
                  0.08    0.20    0.65 v output198/X (sky130_fd_sc_hd__clkbuf_4)
     1    0.04                           pwdata[6] (net)
                  0.08    0.00    0.65 v pwdata[6] (out)
                                  0.65   data arrival time

                  0.15   10.00   10.00   clock clk (rise edge)
                          0.00   10.00   clock network delay (ideal)
                         -0.25    9.75   clock uncertainty
                          0.00    9.75   clock reconvergence pessimism
                         -2.00    7.75   output external delay
                                  7.75   data required time
-----------------------------------------------------------------------------
                                  7.75   data required time
                                 -0.65   data arrival time
-----------------------------------------------------------------------------
                                  7.10   slack (MET)


Startpoint: _406_ (rising edge-triggered flip-flop clocked by clk)
Endpoint: paddr[14] (output port clocked by clk)
Path Group: clk
Path Type: max

Fanout     Cap    Slew   Delay    Time   Description
-----------------------------------------------------------------------------
                  0.15    0.00    0.00   clock clk (rise edge)
                          0.00    0.00   clock network delay (ideal)
                  0.15    0.00    0.00 ^ _406_/CLK (sky130_fd_sc_hd__dfrtp_1)
                  0.07    0.45    0.45 v _406_/Q (sky130_fd_sc_hd__dfrtp_1)
     2    0.01                           net139 (net)
                  0.07    0.00    0.45 v output139/A (sky130_fd_sc_hd__buf_2)
                  0.09    0.20    0.64 v output139/X (sky130_fd_sc_hd__buf_2)
     1    0.03                           paddr[14] (net)
                  0.09    0.00    0.64 v paddr[14] (out)
                                  0.64   data arrival time

                  0.15   10.00   10.00   clock clk (rise edge)
                          0.00   10.00   clock network delay (ideal)
                         -0.25    9.75   clock uncertainty
                          0.00    9.75   clock reconvergence pessimism
                         -2.00    7.75   output external delay
                                  7.75   data required time
-----------------------------------------------------------------------------
                                  7.75   data required time
                                 -0.64   data arrival time
-----------------------------------------------------------------------------
                                  7.11   slack (MET)


Startpoint: _452_ (rising edge-triggered flip-flop clocked by clk)
Endpoint: pwdata[28] (output port clocked by clk)
Path Group: clk
Path Type: max

Fanout     Cap    Slew   Delay    Time   Description
-----------------------------------------------------------------------------
                  0.15    0.00    0.00   clock clk (rise edge)
                          0.00    0.00   clock network delay (ideal)
                  0.15    0.00    0.00 ^ _452_/CLK (sky130_fd_sc_hd__dfrtp_1)
                  0.07    0.44    0.44 v _452_/Q (sky130_fd_sc_hd__dfrtp_1)
     2    0.01                           net190 (net)
                  0.07    0.00    0.44 v output190/A (sky130_fd_sc_hd__buf_2)
                  0.09    0.20    0.64 v output190/X (sky130_fd_sc_hd__buf_2)
     1    0.03                           pwdata[28] (net)
                  0.09    0.00    0.64 v pwdata[28] (out)
                                  0.64   data arrival time

                  0.15   10.00   10.00   clock clk (rise edge)
                          0.00   10.00   clock network delay (ideal)
                         -0.25    9.75   clock uncertainty
                          0.00    9.75   clock reconvergence pessimism
                         -2.00    7.75   output external delay
                                  7.75   data required time
-----------------------------------------------------------------------------
                                  7.75   data required time
                                 -0.64   data arrival time
-----------------------------------------------------------------------------
                                  7.11   slack (MET)


Startpoint: _435_ (rising edge-triggered flip-flop clocked by clk)
Endpoint: pwdata[11] (output port clocked by clk)
Path Group: clk
Path Type: max

Fanout     Cap    Slew   Delay    Time   Description
-----------------------------------------------------------------------------
                  0.15    0.00    0.00   clock clk (rise edge)
                          0.00    0.00   clock network delay (ideal)
                  0.15    0.00    0.00 ^ _435_/CLK (sky130_fd_sc_hd__dfrtp_1)
                  0.06    0.44    0.44 v _435_/Q (sky130_fd_sc_hd__dfrtp_1)
     2    0.01                           net172 (net)
                  0.06    0.00    0.44 v output172/A (sky130_fd_sc_hd__clkbuf_4)
                  0.08    0.20    0.64 v output172/X (sky130_fd_sc_hd__clkbuf_4)
     1    0.03                           pwdata[11] (net)
                  0.08    0.00    0.64 v pwdata[11] (out)
                                  0.64   data arrival time

                  0.15   10.00   10.00   clock clk (rise edge)
                          0.00   10.00   clock network delay (ideal)
                         -0.25    9.75   clock uncertainty
                          0.00    9.75   clock reconvergence pessimism
                         -2.00    7.75   output external delay
                                  7.75   data required time
-----------------------------------------------------------------------------
                                  7.75   data required time
                                 -0.64   data arrival time
-----------------------------------------------------------------------------
                                  7.11   slack (MET)


Startpoint: _432_ (rising edge-triggered flip-flop clocked by clk)
Endpoint: pwdata[8] (output port clocked by clk)
Path Group: clk
Path Type: max

Fanout     Cap    Slew   Delay    Time   Description
-----------------------------------------------------------------------------
                  0.15    0.00    0.00   clock clk (rise edge)
                          0.00    0.00   clock network delay (ideal)
                  0.15    0.00    0.00 ^ _432_/CLK (sky130_fd_sc_hd__dfrtp_1)
                  0.06    0.44    0.44 v _432_/Q (sky130_fd_sc_hd__dfrtp_1)
     2    0.01                           net200 (net)
                  0.06    0.00    0.44 v output200/A (sky130_fd_sc_hd__buf_2)
                  0.09    0.20    0.64 v output200/X (sky130_fd_sc_hd__buf_2)
     1    0.03                           pwdata[8] (net)
                  0.09    0.00    0.64 v pwdata[8] (out)
                                  0.64   data arrival time

                  0.15   10.00   10.00   clock clk (rise edge)
                          0.00   10.00   clock network delay (ideal)
                         -0.25    9.75   clock uncertainty
                          0.00    9.75   clock reconvergence pessimism
                         -2.00    7.75   output external delay
                                  7.75   data required time
-----------------------------------------------------------------------------
                                  7.75   data required time
                                 -0.64   data arrival time
-----------------------------------------------------------------------------
                                  7.11   slack (MET)


Startpoint: _416_ (rising edge-triggered flip-flop clocked by clk)
Endpoint: paddr[24] (output port clocked by clk)
Path Group: clk
Path Type: max

Fanout     Cap    Slew   Delay    Time   Description
-----------------------------------------------------------------------------
                  0.15    0.00    0.00   clock clk (rise edge)
                          0.00    0.00   clock network delay (ideal)
                  0.15    0.00    0.00 ^ _416_/CLK (sky130_fd_sc_hd__dfrtp_1)
                  0.06    0.44    0.44 v _416_/Q (sky130_fd_sc_hd__dfrtp_1)
     2    0.01                           net150 (net)
                  0.06    0.00    0.44 v output150/A (sky130_fd_sc_hd__buf_2)
                  0.09    0.20    0.64 v output150/X (sky130_fd_sc_hd__buf_2)
     1    0.03                           paddr[24] (net)
                  0.09    0.00    0.64 v paddr[24] (out)
                                  0.64   data arrival time

                  0.15   10.00   10.00   clock clk (rise edge)
                          0.00   10.00   clock network delay (ideal)
                         -0.25    9.75   clock uncertainty
                          0.00    9.75   clock reconvergence pessimism
                         -2.00    7.75   output external delay
                                  7.75   data required time
-----------------------------------------------------------------------------
                                  7.75   data required time
                                 -0.64   data arrival time
-----------------------------------------------------------------------------
                                  7.11   slack (MET)


Startpoint: _428_ (rising edge-triggered flip-flop clocked by clk)
Endpoint: pwdata[4] (output port clocked by clk)
Path Group: clk
Path Type: max

Fanout     Cap    Slew   Delay    Time   Description
-----------------------------------------------------------------------------
                  0.15    0.00    0.00   clock clk (rise edge)
                          0.00    0.00   clock network delay (ideal)
                  0.15    0.00    0.00 ^ _428_/CLK (sky130_fd_sc_hd__dfrtp_1)
                  0.06    0.43    0.43 v _428_/Q (sky130_fd_sc_hd__dfrtp_1)
     2    0.01                           net196 (net)
                  0.06    0.00    0.43 v output196/A (sky130_fd_sc_hd__clkbuf_4)
                  0.08    0.20    0.63 v output196/X (sky130_fd_sc_hd__clkbuf_4)
     1    0.03                           pwdata[4] (net)
                  0.08    0.00    0.63 v pwdata[4] (out)
                                  0.63   data arrival time

                  0.15   10.00   10.00   clock clk (rise edge)
                          0.00   10.00   clock network delay (ideal)
                         -0.25    9.75   clock uncertainty
                          0.00    9.75   clock reconvergence pessimism
                         -2.00    7.75   output external delay
                                  7.75   data required time
-----------------------------------------------------------------------------
                                  7.75   data required time
                                 -0.63   data arrival time
-----------------------------------------------------------------------------
                                  7.12   slack (MET)


Startpoint: _451_ (rising edge-triggered flip-flop clocked by clk)
Endpoint: pwdata[27] (output port clocked by clk)
Path Group: clk
Path Type: max

Fanout     Cap    Slew   Delay    Time   Description
-----------------------------------------------------------------------------
                  0.15    0.00    0.00   clock clk (rise edge)
                          0.00    0.00   clock network delay (ideal)
                  0.15    0.00    0.00 ^ _451_/CLK (sky130_fd_sc_hd__dfrtp_1)
                  0.06    0.43    0.43 v _451_/Q (sky130_fd_sc_hd__dfrtp_1)
     2    0.01                           net189 (net)
                  0.06    0.00    0.43 v output189/A (sky130_fd_sc_hd__buf_2)
                  0.09    0.20    0.63 v output189/X (sky130_fd_sc_hd__buf_2)
     1    0.03                           pwdata[27] (net)
                  0.09    0.00    0.63 v pwdata[27] (out)
                                  0.63   data arrival time

                  0.15   10.00   10.00   clock clk (rise edge)
                          0.00   10.00   clock network delay (ideal)
                         -0.25    9.75   clock uncertainty
                          0.00    9.75   clock reconvergence pessimism
                         -2.00    7.75   output external delay
                                  7.75   data required time
-----------------------------------------------------------------------------
                                  7.75   data required time
                                 -0.63   data arrival time
-----------------------------------------------------------------------------
                                  7.12   slack (MET)


Startpoint: _454_ (rising edge-triggered flip-flop clocked by clk)
Endpoint: pwdata[30] (output port clocked by clk)
Path Group: clk
Path Type: max

Fanout     Cap    Slew   Delay    Time   Description
-----------------------------------------------------------------------------
                  0.15    0.00    0.00   clock clk (rise edge)
                          0.00    0.00   clock network delay (ideal)
                  0.15    0.00    0.00 ^ _454_/CLK (sky130_fd_sc_hd__dfrtp_1)
                  0.06    0.43    0.43 v _454_/Q (sky130_fd_sc_hd__dfrtp_1)
     2    0.01                           net193 (net)
                  0.06    0.00    0.43 v output193/A (sky130_fd_sc_hd__buf_2)
                  0.09    0.19    0.63 v output193/X (sky130_fd_sc_hd__buf_2)
     1    0.03                           pwdata[30] (net)
                  0.09    0.00    0.63 v pwdata[30] (out)
                                  0.63   data arrival time

                  0.15   10.00   10.00   clock clk (rise edge)
                          0.00   10.00   clock network delay (ideal)
                         -0.25    9.75   clock uncertainty
                          0.00    9.75   clock reconvergence pessimism
                         -2.00    7.75   output external delay
                                  7.75   data required time
-----------------------------------------------------------------------------
                                  7.75   data required time
                                 -0.63   data arrival time
-----------------------------------------------------------------------------
                                  7.12   slack (MET)


Startpoint: _392_ (rising edge-triggered flip-flop clocked by clk)
Endpoint: paddr[0] (output port clocked by clk)
Path Group: clk
Path Type: max

Fanout     Cap    Slew   Delay    Time   Description
-----------------------------------------------------------------------------
                  0.15    0.00    0.00   clock clk (rise edge)
                          0.00    0.00   clock network delay (ideal)
                  0.15    0.00    0.00 ^ _392_/CLK (sky130_fd_sc_hd__dfrtp_1)
                  0.06    0.43    0.43 v _392_/Q (sky130_fd_sc_hd__dfrtp_1)
     2    0.01                           net134 (net)
                  0.06    0.00    0.43 v output134/A (sky130_fd_sc_hd__buf_2)
                  0.09    0.19    0.63 v output134/X (sky130_fd_sc_hd__buf_2)
     1    0.03                           paddr[0] (net)
                  0.09    0.00    0.63 v paddr[0] (out)
                                  0.63   data arrival time

                  0.15   10.00   10.00   clock clk (rise edge)
                          0.00   10.00   clock network delay (ideal)
                         -0.25    9.75   clock uncertainty
                          0.00    9.75   clock reconvergence pessimism
                         -2.00    7.75   output external delay
                                  7.75   data required time
-----------------------------------------------------------------------------
                                  7.75   data required time
                                 -0.63   data arrival time
-----------------------------------------------------------------------------
                                  7.12   slack (MET)


Startpoint: _453_ (rising edge-triggered flip-flop clocked by clk)
Endpoint: pwdata[29] (output port clocked by clk)
Path Group: clk
Path Type: max

Fanout     Cap    Slew   Delay    Time   Description
-----------------------------------------------------------------------------
                  0.15    0.00    0.00   clock clk (rise edge)
                          0.00    0.00   clock network delay (ideal)
                  0.15    0.00    0.00 ^ _453_/CLK (sky130_fd_sc_hd__dfrtp_1)
                  0.05    0.43    0.43 v _453_/Q (sky130_fd_sc_hd__dfrtp_1)
     2    0.01                           net191 (net)
                  0.05    0.00    0.43 v output191/A (sky130_fd_sc_hd__buf_2)
                  0.09    0.19    0.62 v output191/X (sky130_fd_sc_hd__buf_2)
     1    0.03                           pwdata[29] (net)
                  0.09    0.00    0.62 v pwdata[29] (out)
                                  0.62   data arrival time

                  0.15   10.00   10.00   clock clk (rise edge)
                          0.00   10.00   clock network delay (ideal)
                         -0.25    9.75   clock uncertainty
                          0.00    9.75   clock reconvergence pessimism
                         -2.00    7.75   output external delay
                                  7.75   data required time
-----------------------------------------------------------------------------
                                  7.75   data required time
                                 -0.62   data arrival time
-----------------------------------------------------------------------------
                                  7.13   slack (MET)


Startpoint: _436_ (rising edge-triggered flip-flop clocked by clk)
Endpoint: pwdata[12] (output port clocked by clk)
Path Group: clk
Path Type: max

Fanout     Cap    Slew   Delay    Time   Description
-----------------------------------------------------------------------------
                  0.15    0.00    0.00   clock clk (rise edge)
                          0.00    0.00   clock network delay (ideal)
                  0.15    0.00    0.00 ^ _436_/CLK (sky130_fd_sc_hd__dfrtp_1)
                  0.05    0.43    0.43 v _436_/Q (sky130_fd_sc_hd__dfrtp_1)
     2    0.01                           net173 (net)
                  0.05    0.00    0.43 v output173/A (sky130_fd_sc_hd__buf_2)
                  0.09    0.19    0.62 v output173/X (sky130_fd_sc_hd__buf_2)
     1    0.03                           pwdata[12] (net)
                  0.09    0.00    0.62 v pwdata[12] (out)
                                  0.62   data arrival time

                  0.15   10.00   10.00   clock clk (rise edge)
                          0.00   10.00   clock network delay (ideal)
                         -0.25    9.75   clock uncertainty
                          0.00    9.75   clock reconvergence pessimism
                         -2.00    7.75   output external delay
                                  7.75   data required time
-----------------------------------------------------------------------------
                                  7.75   data required time
                                 -0.62   data arrival time
-----------------------------------------------------------------------------
                                  7.13   slack (MET)


Startpoint: _412_ (rising edge-triggered flip-flop clocked by clk)
Endpoint: paddr[20] (output port clocked by clk)
Path Group: clk
Path Type: max

Fanout     Cap    Slew   Delay    Time   Description
-----------------------------------------------------------------------------
                  0.15    0.00    0.00   clock clk (rise edge)
                          0.00    0.00   clock network delay (ideal)
                  0.15    0.00    0.00 ^ _412_/CLK (sky130_fd_sc_hd__dfrtp_1)
                  0.05    0.43    0.43 v _412_/Q (sky130_fd_sc_hd__dfrtp_1)
     2    0.01                           net146 (net)
                  0.05    0.00    0.43 v output146/A (sky130_fd_sc_hd__clkbuf_4)
                  0.08    0.20    0.62 v output146/X (sky130_fd_sc_hd__clkbuf_4)
     1    0.03                           paddr[20] (net)
                  0.08    0.00    0.62 v paddr[20] (out)
                                  0.62   data arrival time

                  0.15   10.00   10.00   clock clk (rise edge)
                          0.00   10.00   clock network delay (ideal)
                         -0.25    9.75   clock uncertainty
                          0.00    9.75   clock reconvergence pessimism
                         -2.00    7.75   output external delay
                                  7.75   data required time
-----------------------------------------------------------------------------
                                  7.75   data required time
                                 -0.62   data arrival time
-----------------------------------------------------------------------------
                                  7.13   slack (MET)


Startpoint: _397_ (rising edge-triggered flip-flop clocked by clk)
Endpoint: paddr[5] (output port clocked by clk)
Path Group: clk
Path Type: max

Fanout     Cap    Slew   Delay    Time   Description
-----------------------------------------------------------------------------
                  0.15    0.00    0.00   clock clk (rise edge)
                          0.00    0.00   clock network delay (ideal)
                  0.15    0.00    0.00 ^ _397_/CLK (sky130_fd_sc_hd__dfrtp_1)
                  0.05    0.43    0.43 v _397_/Q (sky130_fd_sc_hd__dfrtp_1)
     2    0.01                           net161 (net)
                  0.05    0.00    0.43 v output161/A (sky130_fd_sc_hd__buf_2)
                  0.09    0.19    0.62 v output161/X (sky130_fd_sc_hd__buf_2)
     1    0.03                           paddr[5] (net)
                  0.09    0.00    0.62 v paddr[5] (out)
                                  0.62   data arrival time

                  0.15   10.00   10.00   clock clk (rise edge)
                          0.00   10.00   clock network delay (ideal)
                         -0.25    9.75   clock uncertainty
                          0.00    9.75   clock reconvergence pessimism
                         -2.00    7.75   output external delay
                                  7.75   data required time
-----------------------------------------------------------------------------
                                  7.75   data required time
                                 -0.62   data arrival time
-----------------------------------------------------------------------------
                                  7.13   slack (MET)


Startpoint: _396_ (rising edge-triggered flip-flop clocked by clk)
Endpoint: paddr[4] (output port clocked by clk)
Path Group: clk
Path Type: max

Fanout     Cap    Slew   Delay    Time   Description
-----------------------------------------------------------------------------
                  0.15    0.00    0.00   clock clk (rise edge)
                          0.00    0.00   clock network delay (ideal)
                  0.15    0.00    0.00 ^ _396_/CLK (sky130_fd_sc_hd__dfrtp_1)
                  0.05    0.42    0.42 v _396_/Q (sky130_fd_sc_hd__dfrtp_1)
     2    0.01                           net160 (net)
                  0.05    0.00    0.42 v output160/A (sky130_fd_sc_hd__clkbuf_4)
                  0.08    0.19    0.62 v output160/X (sky130_fd_sc_hd__clkbuf_4)
     1    0.03                           paddr[4] (net)
                  0.08    0.00    0.62 v paddr[4] (out)
                                  0.62   data arrival time

                  0.15   10.00   10.00   clock clk (rise edge)
                          0.00   10.00   clock network delay (ideal)
                         -0.25    9.75   clock uncertainty
                          0.00    9.75   clock reconvergence pessimism
                         -2.00    7.75   output external delay
                                  7.75   data required time
-----------------------------------------------------------------------------
                                  7.75   data required time
                                 -0.62   data arrival time
-----------------------------------------------------------------------------
                                  7.13   slack (MET)


Startpoint: _448_ (rising edge-triggered flip-flop clocked by clk)
Endpoint: pwdata[24] (output port clocked by clk)
Path Group: clk
Path Type: max

Fanout     Cap    Slew   Delay    Time   Description
-----------------------------------------------------------------------------
                  0.15    0.00    0.00   clock clk (rise edge)
                          0.00    0.00   clock network delay (ideal)
                  0.15    0.00    0.00 ^ _448_/CLK (sky130_fd_sc_hd__dfrtp_1)
                  0.05    0.43    0.43 v _448_/Q (sky130_fd_sc_hd__dfrtp_1)
     2    0.01                           net186 (net)
                  0.05    0.00    0.43 v output186/A (sky130_fd_sc_hd__buf_2)
                  0.09    0.19    0.62 v output186/X (sky130_fd_sc_hd__buf_2)
     1    0.03                           pwdata[24] (net)
                  0.09    0.00    0.62 v pwdata[24] (out)
                                  0.62   data arrival time

                  0.15   10.00   10.00   clock clk (rise edge)
                          0.00   10.00   clock network delay (ideal)
                         -0.25    9.75   clock uncertainty
                          0.00    9.75   clock reconvergence pessimism
                         -2.00    7.75   output external delay
                                  7.75   data required time
-----------------------------------------------------------------------------
                                  7.75   data required time
                                 -0.62   data arrival time
-----------------------------------------------------------------------------
                                  7.13   slack (MET)


Startpoint: _393_ (rising edge-triggered flip-flop clocked by clk)
Endpoint: paddr[1] (output port clocked by clk)
Path Group: clk
Path Type: max

Fanout     Cap    Slew   Delay    Time   Description
-----------------------------------------------------------------------------
                  0.15    0.00    0.00   clock clk (rise edge)
                          0.00    0.00   clock network delay (ideal)
                  0.15    0.00    0.00 ^ _393_/CLK (sky130_fd_sc_hd__dfrtp_1)
                  0.05    0.42    0.42 v _393_/Q (sky130_fd_sc_hd__dfrtp_1)
     2    0.01                           net145 (net)
                  0.05    0.00    0.42 v output145/A (sky130_fd_sc_hd__clkbuf_4)
                  0.08    0.19    0.62 v output145/X (sky130_fd_sc_hd__clkbuf_4)
     1    0.03                           paddr[1] (net)
                  0.08    0.00    0.62 v paddr[1] (out)
                                  0.62   data arrival time

                  0.15   10.00   10.00   clock clk (rise edge)
                          0.00   10.00   clock network delay (ideal)
                         -0.25    9.75   clock uncertainty
                          0.00    9.75   clock reconvergence pessimism
                         -2.00    7.75   output external delay
                                  7.75   data required time
-----------------------------------------------------------------------------
                                  7.75   data required time
                                 -0.62   data arrival time
-----------------------------------------------------------------------------
                                  7.13   slack (MET)


Startpoint: _443_ (rising edge-triggered flip-flop clocked by clk)
Endpoint: pwdata[19] (output port clocked by clk)
Path Group: clk
Path Type: max

Fanout     Cap    Slew   Delay    Time   Description
-----------------------------------------------------------------------------
                  0.15    0.00    0.00   clock clk (rise edge)
                          0.00    0.00   clock network delay (ideal)
                  0.15    0.00    0.00 ^ _443_/CLK (sky130_fd_sc_hd__dfrtp_1)
                  0.05    0.42    0.42 v _443_/Q (sky130_fd_sc_hd__dfrtp_1)
     2    0.00                           net180 (net)
                  0.05    0.00    0.42 v output180/A (sky130_fd_sc_hd__clkbuf_4)
                  0.08    0.19    0.62 v output180/X (sky130_fd_sc_hd__clkbuf_4)
     1    0.03                           pwdata[19] (net)
                  0.08    0.00    0.62 v pwdata[19] (out)
                                  0.62   data arrival time

                  0.15   10.00   10.00   clock clk (rise edge)
                          0.00   10.00   clock network delay (ideal)
                         -0.25    9.75   clock uncertainty
                          0.00    9.75   clock reconvergence pessimism
                         -2.00    7.75   output external delay
                                  7.75   data required time
-----------------------------------------------------------------------------
                                  7.75   data required time
                                 -0.62   data arrival time
-----------------------------------------------------------------------------
                                  7.13   slack (MET)


Startpoint: _429_ (rising edge-triggered flip-flop clocked by clk)
Endpoint: pwdata[5] (output port clocked by clk)
Path Group: clk
Path Type: max

Fanout     Cap    Slew   Delay    Time   Description
-----------------------------------------------------------------------------
                  0.15    0.00    0.00   clock clk (rise edge)
                          0.00    0.00   clock network delay (ideal)
                  0.15    0.00    0.00 ^ _429_/CLK (sky130_fd_sc_hd__dfrtp_1)
                  0.05    0.42    0.42 v _429_/Q (sky130_fd_sc_hd__dfrtp_1)
     2    0.00                           net197 (net)
                  0.05    0.00    0.42 v output197/A (sky130_fd_sc_hd__clkbuf_4)
                  0.08    0.19    0.61 v output197/X (sky130_fd_sc_hd__clkbuf_4)
     1    0.03                           pwdata[5] (net)
                  0.08    0.00    0.61 v pwdata[5] (out)
                                  0.61   data arrival time

                  0.15   10.00   10.00   clock clk (rise edge)
                          0.00   10.00   clock network delay (ideal)
                         -0.25    9.75   clock uncertainty
                          0.00    9.75   clock reconvergence pessimism
                         -2.00    7.75   output external delay
                                  7.75   data required time
-----------------------------------------------------------------------------
                                  7.75   data required time
                                 -0.61   data arrival time
-----------------------------------------------------------------------------
                                  7.14   slack (MET)


Startpoint: _402_ (rising edge-triggered flip-flop clocked by clk)
Endpoint: paddr[10] (output port clocked by clk)
Path Group: clk
Path Type: max

Fanout     Cap    Slew   Delay    Time   Description
-----------------------------------------------------------------------------
                  0.15    0.00    0.00   clock clk (rise edge)
                          0.00    0.00   clock network delay (ideal)
                  0.15    0.00    0.00 ^ _402_/CLK (sky130_fd_sc_hd__dfrtp_1)
                  0.05    0.42    0.42 v _402_/Q (sky130_fd_sc_hd__dfrtp_1)
     2    0.00                           net135 (net)
                  0.05    0.00    0.42 v output135/A (sky130_fd_sc_hd__buf_2)
                  0.09    0.19    0.61 v output135/X (sky130_fd_sc_hd__buf_2)
     1    0.03                           paddr[10] (net)
                  0.09    0.00    0.61 v paddr[10] (out)
                                  0.61   data arrival time

                  0.15   10.00   10.00   clock clk (rise edge)
                          0.00   10.00   clock network delay (ideal)
                         -0.25    9.75   clock uncertainty
                          0.00    9.75   clock reconvergence pessimism
                         -2.00    7.75   output external delay
                                  7.75   data required time
-----------------------------------------------------------------------------
                                  7.75   data required time
                                 -0.61   data arrival time
-----------------------------------------------------------------------------
                                  7.14   slack (MET)


Startpoint: _422_ (rising edge-triggered flip-flop clocked by clk)
Endpoint: paddr[30] (output port clocked by clk)
Path Group: clk
Path Type: max

Fanout     Cap    Slew   Delay    Time   Description
-----------------------------------------------------------------------------
                  0.15    0.00    0.00   clock clk (rise edge)
                          0.00    0.00   clock network delay (ideal)
                  0.15    0.00    0.00 ^ _422_/CLK (sky130_fd_sc_hd__dfrtp_1)
                  0.05    0.42    0.42 v _422_/Q (sky130_fd_sc_hd__dfrtp_1)
     2    0.00                           net157 (net)
                  0.05    0.00    0.42 v output157/A (sky130_fd_sc_hd__buf_2)
                  0.09    0.19    0.61 v output157/X (sky130_fd_sc_hd__buf_2)
     1    0.03                           paddr[30] (net)
                  0.09    0.00    0.61 v paddr[30] (out)
                                  0.61   data arrival time

                  0.15   10.00   10.00   clock clk (rise edge)
                          0.00   10.00   clock network delay (ideal)
                         -0.25    9.75   clock uncertainty
                          0.00    9.75   clock reconvergence pessimism
                         -2.00    7.75   output external delay
                                  7.75   data required time
-----------------------------------------------------------------------------
                                  7.75   data required time
                                 -0.61   data arrival time
-----------------------------------------------------------------------------
                                  7.14   slack (MET)


Startpoint: rstn (input port clocked by clk)
Endpoint: _405_ (recovery check against rising-edge clock clk)
Path Group: asynchronous
Path Type: max

Fanout     Cap    Slew   Delay    Time   Description
-----------------------------------------------------------------------------
                  0.15    0.00    0.00   clock clk (rise edge)
                          0.00    0.00   clock network delay (ideal)
                          2.00    2.00 ^ input external delay
                  0.02    0.01    2.01 ^ rstn (in)
     1    0.00                           rstn (net)
                  0.02    0.00    2.01 ^ input100/A (sky130_fd_sc_hd__dlymetal6s2s_1)
                  0.19    0.19    2.20 ^ input100/X (sky130_fd_sc_hd__dlymetal6s2s_1)
     2    0.02                           net100 (net)
                  0.19    0.00    2.20 ^ fanout210/A (sky130_fd_sc_hd__buf_2)
                  0.17    0.26    2.45 ^ fanout210/X (sky130_fd_sc_hd__buf_2)
     6    0.03                           net210 (net)
                  0.17    0.00    2.45 ^ fanout207/A (sky130_fd_sc_hd__clkbuf_4)
                  0.14    0.26    2.72 ^ fanout207/X (sky130_fd_sc_hd__clkbuf_4)
     8    0.04                           net207 (net)
                  0.14    0.00    2.72 ^ _405_/RESET_B (sky130_fd_sc_hd__dfrtp_2)
                                  2.72   data arrival time

                  0.15   10.00   10.00   clock clk (rise edge)
                          0.00   10.00   clock network delay (ideal)
                         -0.25    9.75   clock uncertainty
                          0.00    9.75   clock reconvergence pessimism
                                  9.75 ^ _405_/CLK (sky130_fd_sc_hd__dfrtp_2)
                          0.22    9.97   library recovery time
                                  9.97   data required time
-----------------------------------------------------------------------------
                                  9.97   data required time
                                 -2.72   data arrival time
-----------------------------------------------------------------------------
                                  7.25   slack (MET)


Startpoint: rstn (input port clocked by clk)
Endpoint: _442_ (recovery check against rising-edge clock clk)
Path Group: asynchronous
Path Type: max

Fanout     Cap    Slew   Delay    Time   Description
-----------------------------------------------------------------------------
                  0.15    0.00    0.00   clock clk (rise edge)
                          0.00    0.00   clock network delay (ideal)
                          2.00    2.00 ^ input external delay
                  0.02    0.01    2.01 ^ rstn (in)
     1    0.00                           rstn (net)
                  0.02    0.00    2.01 ^ input100/A (sky130_fd_sc_hd__dlymetal6s2s_1)
                  0.19    0.19    2.20 ^ input100/X (sky130_fd_sc_hd__dlymetal6s2s_1)
     2    0.02                           net100 (net)
                  0.19    0.00    2.20 ^ fanout210/A (sky130_fd_sc_hd__buf_2)
                  0.17    0.26    2.45 ^ fanout210/X (sky130_fd_sc_hd__buf_2)
     6    0.03                           net210 (net)
                  0.17    0.00    2.45 ^ fanout209/A (sky130_fd_sc_hd__buf_4)
                  0.18    0.26    2.72 ^ fanout209/X (sky130_fd_sc_hd__buf_4)
    10    0.06                           net209 (net)
                  0.18    0.01    2.72 ^ _442_/RESET_B (sky130_fd_sc_hd__dfrtp_1)
                                  2.72   data arrival time

                  0.15   10.00   10.00   clock clk (rise edge)
                          0.00   10.00   clock network delay (ideal)
                         -0.25    9.75   clock uncertainty
                          0.00    9.75   clock reconvergence pessimism
                                  9.75 ^ _442_/CLK (sky130_fd_sc_hd__dfrtp_1)
                          0.23    9.98   library recovery time
                                  9.98   data required time
-----------------------------------------------------------------------------
                                  9.98   data required time
                                 -2.72   data arrival time
-----------------------------------------------------------------------------
                                  7.26   slack (MET)


Startpoint: rstn (input port clocked by clk)
Endpoint: _412_ (recovery check against rising-edge clock clk)
Path Group: asynchronous
Path Type: max

Fanout     Cap    Slew   Delay    Time   Description
-----------------------------------------------------------------------------
                  0.15    0.00    0.00   clock clk (rise edge)
                          0.00    0.00   clock network delay (ideal)
                          2.00    2.00 ^ input external delay
                  0.02    0.01    2.01 ^ rstn (in)
     1    0.00                           rstn (net)
                  0.02    0.00    2.01 ^ input100/A (sky130_fd_sc_hd__dlymetal6s2s_1)
                  0.19    0.19    2.20 ^ input100/X (sky130_fd_sc_hd__dlymetal6s2s_1)
     2    0.02                           net100 (net)
                  0.19    0.00    2.20 ^ fanout210/A (sky130_fd_sc_hd__buf_2)
                  0.17    0.26    2.45 ^ fanout210/X (sky130_fd_sc_hd__buf_2)
     6    0.03                           net210 (net)
                  0.17    0.00    2.45 ^ fanout209/A (sky130_fd_sc_hd__buf_4)
                  0.18    0.26    2.72 ^ fanout209/X (sky130_fd_sc_hd__buf_4)
    10    0.06                           net209 (net)
                  0.18    0.01    2.72 ^ _412_/RESET_B (sky130_fd_sc_hd__dfrtp_1)
                                  2.72   data arrival time

                  0.15   10.00   10.00   clock clk (rise edge)
                          0.00   10.00   clock network delay (ideal)
                         -0.25    9.75   clock uncertainty
                          0.00    9.75   clock reconvergence pessimism
                                  9.75 ^ _412_/CLK (sky130_fd_sc_hd__dfrtp_1)
                          0.23    9.98   library recovery time
                                  9.98   data required time
-----------------------------------------------------------------------------
                                  9.98   data required time
                                 -2.72   data arrival time
-----------------------------------------------------------------------------
                                  7.26   slack (MET)


Startpoint: rstn (input port clocked by clk)
Endpoint: _428_ (recovery check against rising-edge clock clk)
Path Group: asynchronous
Path Type: max

Fanout     Cap    Slew   Delay    Time   Description
-----------------------------------------------------------------------------
                  0.15    0.00    0.00   clock clk (rise edge)
                          0.00    0.00   clock network delay (ideal)
                          2.00    2.00 ^ input external delay
                  0.02    0.01    2.01 ^ rstn (in)
     1    0.00                           rstn (net)
                  0.02    0.00    2.01 ^ input100/A (sky130_fd_sc_hd__dlymetal6s2s_1)
                  0.19    0.19    2.20 ^ input100/X (sky130_fd_sc_hd__dlymetal6s2s_1)
     2    0.02                           net100 (net)
                  0.19    0.00    2.20 ^ fanout210/A (sky130_fd_sc_hd__buf_2)
                  0.17    0.26    2.45 ^ fanout210/X (sky130_fd_sc_hd__buf_2)
     6    0.03                           net210 (net)
                  0.17    0.00    2.45 ^ fanout209/A (sky130_fd_sc_hd__buf_4)
                  0.18    0.26    2.72 ^ fanout209/X (sky130_fd_sc_hd__buf_4)
    10    0.06                           net209 (net)
                  0.18    0.01    2.72 ^ _428_/RESET_B (sky130_fd_sc_hd__dfrtp_1)
                                  2.72   data arrival time

                  0.15   10.00   10.00   clock clk (rise edge)
                          0.00   10.00   clock network delay (ideal)
                         -0.25    9.75   clock uncertainty
                          0.00    9.75   clock reconvergence pessimism
                                  9.75 ^ _428_/CLK (sky130_fd_sc_hd__dfrtp_1)
                          0.23    9.98   library recovery time
                                  9.98   data required time
-----------------------------------------------------------------------------
                                  9.98   data required time
                                 -2.72   data arrival time
-----------------------------------------------------------------------------
                                  7.26   slack (MET)


Startpoint: rstn (input port clocked by clk)
Endpoint: _429_ (recovery check against rising-edge clock clk)
Path Group: asynchronous
Path Type: max

Fanout     Cap    Slew   Delay    Time   Description
-----------------------------------------------------------------------------
                  0.15    0.00    0.00   clock clk (rise edge)
                          0.00    0.00   clock network delay (ideal)
                          2.00    2.00 ^ input external delay
                  0.02    0.01    2.01 ^ rstn (in)
     1    0.00                           rstn (net)
                  0.02    0.00    2.01 ^ input100/A (sky130_fd_sc_hd__dlymetal6s2s_1)
                  0.19    0.19    2.20 ^ input100/X (sky130_fd_sc_hd__dlymetal6s2s_1)
     2    0.02                           net100 (net)
                  0.19    0.00    2.20 ^ fanout210/A (sky130_fd_sc_hd__buf_2)
                  0.17    0.26    2.45 ^ fanout210/X (sky130_fd_sc_hd__buf_2)
     6    0.03                           net210 (net)
                  0.17    0.00    2.45 ^ fanout209/A (sky130_fd_sc_hd__buf_4)
                  0.18    0.26    2.72 ^ fanout209/X (sky130_fd_sc_hd__buf_4)
    10    0.06                           net209 (net)
                  0.18    0.01    2.72 ^ _429_/RESET_B (sky130_fd_sc_hd__dfrtp_1)
                                  2.72   data arrival time

                  0.15   10.00   10.00   clock clk (rise edge)
                          0.00   10.00   clock network delay (ideal)
                         -0.25    9.75   clock uncertainty
                          0.00    9.75   clock reconvergence pessimism
                                  9.75 ^ _429_/CLK (sky130_fd_sc_hd__dfrtp_1)
                          0.23    9.98   library recovery time
                                  9.98   data required time
-----------------------------------------------------------------------------
                                  9.98   data required time
                                 -2.72   data arrival time
-----------------------------------------------------------------------------
                                  7.26   slack (MET)


Startpoint: rstn (input port clocked by clk)
Endpoint: _435_ (recovery check against rising-edge clock clk)
Path Group: asynchronous
Path Type: max

Fanout     Cap    Slew   Delay    Time   Description
-----------------------------------------------------------------------------
                  0.15    0.00    0.00   clock clk (rise edge)
                          0.00    0.00   clock network delay (ideal)
                          2.00    2.00 ^ input external delay
                  0.02    0.01    2.01 ^ rstn (in)
     1    0.00                           rstn (net)
                  0.02    0.00    2.01 ^ input100/A (sky130_fd_sc_hd__dlymetal6s2s_1)
                  0.19    0.19    2.20 ^ input100/X (sky130_fd_sc_hd__dlymetal6s2s_1)
     2    0.02                           net100 (net)
                  0.19    0.00    2.20 ^ fanout210/A (sky130_fd_sc_hd__buf_2)
                  0.17    0.26    2.45 ^ fanout210/X (sky130_fd_sc_hd__buf_2)
     6    0.03                           net210 (net)
                  0.17    0.00    2.45 ^ fanout209/A (sky130_fd_sc_hd__buf_4)
                  0.18    0.26    2.72 ^ fanout209/X (sky130_fd_sc_hd__buf_4)
    10    0.06                           net209 (net)
                  0.18    0.01    2.72 ^ _435_/RESET_B (sky130_fd_sc_hd__dfrtp_1)
                                  2.72   data arrival time

                  0.15   10.00   10.00   clock clk (rise edge)
                          0.00   10.00   clock network delay (ideal)
                         -0.25    9.75   clock uncertainty
                          0.00    9.75   clock reconvergence pessimism
                                  9.75 ^ _435_/CLK (sky130_fd_sc_hd__dfrtp_1)
                          0.23    9.98   library recovery time
                                  9.98   data required time
-----------------------------------------------------------------------------
                                  9.98   data required time
                                 -2.72   data arrival time
-----------------------------------------------------------------------------
                                  7.26   slack (MET)


Startpoint: rstn (input port clocked by clk)
Endpoint: _422_ (recovery check against rising-edge clock clk)
Path Group: asynchronous
Path Type: max

Fanout     Cap    Slew   Delay    Time   Description
-----------------------------------------------------------------------------
                  0.15    0.00    0.00   clock clk (rise edge)
                          0.00    0.00   clock network delay (ideal)
                          2.00    2.00 ^ input external delay
                  0.02    0.01    2.01 ^ rstn (in)
     1    0.00                           rstn (net)
                  0.02    0.00    2.01 ^ input100/A (sky130_fd_sc_hd__dlymetal6s2s_1)
                  0.19    0.19    2.20 ^ input100/X (sky130_fd_sc_hd__dlymetal6s2s_1)
     2    0.02                           net100 (net)
                  0.19    0.00    2.20 ^ fanout210/A (sky130_fd_sc_hd__buf_2)
                  0.17    0.26    2.45 ^ fanout210/X (sky130_fd_sc_hd__buf_2)
     6    0.03                           net210 (net)
                  0.17    0.00    2.45 ^ fanout209/A (sky130_fd_sc_hd__buf_4)
                  0.18    0.26    2.72 ^ fanout209/X (sky130_fd_sc_hd__buf_4)
    10    0.06                           net209 (net)
                  0.18    0.00    2.72 ^ _422_/RESET_B (sky130_fd_sc_hd__dfrtp_1)
                                  2.72   data arrival time

                  0.15   10.00   10.00   clock clk (rise edge)
                          0.00   10.00   clock network delay (ideal)
                         -0.25    9.75   clock uncertainty
                          0.00    9.75   clock reconvergence pessimism
                                  9.75 ^ _422_/CLK (sky130_fd_sc_hd__dfrtp_1)
                          0.23    9.98   library recovery time
                                  9.98   data required time
-----------------------------------------------------------------------------
                                  9.98   data required time
                                 -2.72   data arrival time
-----------------------------------------------------------------------------
                                  7.26   slack (MET)


Startpoint: rstn (input port clocked by clk)
Endpoint: _402_ (recovery check against rising-edge clock clk)
Path Group: asynchronous
Path Type: max

Fanout     Cap    Slew   Delay    Time   Description
-----------------------------------------------------------------------------
                  0.15    0.00    0.00   clock clk (rise edge)
                          0.00    0.00   clock network delay (ideal)
                          2.00    2.00 ^ input external delay
                  0.02    0.01    2.01 ^ rstn (in)
     1    0.00                           rstn (net)
                  0.02    0.00    2.01 ^ input100/A (sky130_fd_sc_hd__dlymetal6s2s_1)
                  0.19    0.19    2.20 ^ input100/X (sky130_fd_sc_hd__dlymetal6s2s_1)
     2    0.02                           net100 (net)
                  0.19    0.00    2.20 ^ fanout210/A (sky130_fd_sc_hd__buf_2)
                  0.17    0.26    2.45 ^ fanout210/X (sky130_fd_sc_hd__buf_2)
     6    0.03                           net210 (net)
                  0.17    0.00    2.45 ^ fanout209/A (sky130_fd_sc_hd__buf_4)
                  0.18    0.26    2.72 ^ fanout209/X (sky130_fd_sc_hd__buf_4)
    10    0.06                           net209 (net)
                  0.18    0.00    2.72 ^ _402_/RESET_B (sky130_fd_sc_hd__dfrtp_1)
                                  2.72   data arrival time

                  0.15   10.00   10.00   clock clk (rise edge)
                          0.00   10.00   clock network delay (ideal)
                         -0.25    9.75   clock uncertainty
                          0.00    9.75   clock reconvergence pessimism
                                  9.75 ^ _402_/CLK (sky130_fd_sc_hd__dfrtp_1)
                          0.23    9.98   library recovery time
                                  9.98   data required time
-----------------------------------------------------------------------------
                                  9.98   data required time
                                 -2.72   data arrival time
-----------------------------------------------------------------------------
                                  7.26   slack (MET)


Startpoint: rstn (input port clocked by clk)
Endpoint: _392_ (recovery check against rising-edge clock clk)
Path Group: asynchronous
Path Type: max

Fanout     Cap    Slew   Delay    Time   Description
-----------------------------------------------------------------------------
                  0.15    0.00    0.00   clock clk (rise edge)
                          0.00    0.00   clock network delay (ideal)
                          2.00    2.00 ^ input external delay
                  0.02    0.01    2.01 ^ rstn (in)
     1    0.00                           rstn (net)
                  0.02    0.00    2.01 ^ input100/A (sky130_fd_sc_hd__dlymetal6s2s_1)
                  0.19    0.19    2.20 ^ input100/X (sky130_fd_sc_hd__dlymetal6s2s_1)
     2    0.02                           net100 (net)
                  0.19    0.00    2.20 ^ fanout210/A (sky130_fd_sc_hd__buf_2)
                  0.17    0.26    2.45 ^ fanout210/X (sky130_fd_sc_hd__buf_2)
     6    0.03                           net210 (net)
                  0.17    0.00    2.45 ^ fanout209/A (sky130_fd_sc_hd__buf_4)
                  0.18    0.26    2.72 ^ fanout209/X (sky130_fd_sc_hd__buf_4)
    10    0.06                           net209 (net)
                  0.18    0.00    2.72 ^ _392_/RESET_B (sky130_fd_sc_hd__dfrtp_1)
                                  2.72   data arrival time

                  0.15   10.00   10.00   clock clk (rise edge)
                          0.00   10.00   clock network delay (ideal)
                         -0.25    9.75   clock uncertainty
                          0.00    9.75   clock reconvergence pessimism
                                  9.75 ^ _392_/CLK (sky130_fd_sc_hd__dfrtp_1)
                          0.23    9.98   library recovery time
                                  9.98   data required time
-----------------------------------------------------------------------------
                                  9.98   data required time
                                 -2.72   data arrival time
-----------------------------------------------------------------------------
                                  7.26   slack (MET)


Startpoint: rstn (input port clocked by clk)
Endpoint: _450_ (recovery check against rising-edge clock clk)
Path Group: asynchronous
Path Type: max

Fanout     Cap    Slew   Delay    Time   Description
-----------------------------------------------------------------------------
                  0.15    0.00    0.00   clock clk (rise edge)
                          0.00    0.00   clock network delay (ideal)
                          2.00    2.00 ^ input external delay
                  0.02    0.01    2.01 ^ rstn (in)
     1    0.00                           rstn (net)
                  0.02    0.00    2.01 ^ input100/A (sky130_fd_sc_hd__dlymetal6s2s_1)
                  0.19    0.19    2.20 ^ input100/X (sky130_fd_sc_hd__dlymetal6s2s_1)
     2    0.02                           net100 (net)
                  0.19    0.00    2.20 ^ fanout210/A (sky130_fd_sc_hd__buf_2)
                  0.17    0.26    2.45 ^ fanout210/X (sky130_fd_sc_hd__buf_2)
     6    0.03                           net210 (net)
                  0.17    0.00    2.45 ^ fanout209/A (sky130_fd_sc_hd__buf_4)
                  0.18    0.26    2.72 ^ fanout209/X (sky130_fd_sc_hd__buf_4)
    10    0.06                           net209 (net)
                  0.18    0.00    2.72 ^ _450_/RESET_B (sky130_fd_sc_hd__dfrtp_1)
                                  2.72   data arrival time

                  0.15   10.00   10.00   clock clk (rise edge)
                          0.00   10.00   clock network delay (ideal)
                         -0.25    9.75   clock uncertainty
                          0.00    9.75   clock reconvergence pessimism
                                  9.75 ^ _450_/CLK (sky130_fd_sc_hd__dfrtp_1)
                          0.23    9.98   library recovery time
                                  9.98   data required time
-----------------------------------------------------------------------------
                                  9.98   data required time
                                 -2.72   data arrival time
-----------------------------------------------------------------------------
                                  7.26   slack (MET)


Startpoint: rstn (input port clocked by clk)
Endpoint: _444_ (recovery check against rising-edge clock clk)
Path Group: asynchronous
Path Type: max

Fanout     Cap    Slew   Delay    Time   Description
-----------------------------------------------------------------------------
                  0.15    0.00    0.00   clock clk (rise edge)
                          0.00    0.00   clock network delay (ideal)
                          2.00    2.00 ^ input external delay
                  0.02    0.01    2.01 ^ rstn (in)
     1    0.00                           rstn (net)
                  0.02    0.00    2.01 ^ input100/A (sky130_fd_sc_hd__dlymetal6s2s_1)
                  0.19    0.19    2.20 ^ input100/X (sky130_fd_sc_hd__dlymetal6s2s_1)
     2    0.02                           net100 (net)
                  0.19    0.00    2.20 ^ fanout210/A (sky130_fd_sc_hd__buf_2)
                  0.17    0.26    2.45 ^ fanout210/X (sky130_fd_sc_hd__buf_2)
     6    0.03                           net210 (net)
                  0.17    0.00    2.45 ^ fanout207/A (sky130_fd_sc_hd__clkbuf_4)
                  0.14    0.26    2.72 ^ fanout207/X (sky130_fd_sc_hd__clkbuf_4)
     8    0.04                           net207 (net)
                  0.14    0.00    2.72 ^ _444_/RESET_B (sky130_fd_sc_hd__dfrtp_1)
                                  2.72   data arrival time

                  0.15   10.00   10.00   clock clk (rise edge)
                          0.00   10.00   clock network delay (ideal)
                         -0.25    9.75   clock uncertainty
                          0.00    9.75   clock reconvergence pessimism
                                  9.75 ^ _444_/CLK (sky130_fd_sc_hd__dfrtp_1)
                          0.24    9.99   library recovery time
                                  9.99   data required time
-----------------------------------------------------------------------------
                                  9.99   data required time
                                 -2.72   data arrival time
-----------------------------------------------------------------------------
                                  7.27   slack (MET)


Startpoint: rstn (input port clocked by clk)
Endpoint: _426_ (recovery check against rising-edge clock clk)
Path Group: asynchronous
Path Type: max

Fanout     Cap    Slew   Delay    Time   Description
-----------------------------------------------------------------------------
                  0.15    0.00    0.00   clock clk (rise edge)
                          0.00    0.00   clock network delay (ideal)
                          2.00    2.00 ^ input external delay
                  0.02    0.01    2.01 ^ rstn (in)
     1    0.00                           rstn (net)
                  0.02    0.00    2.01 ^ input100/A (sky130_fd_sc_hd__dlymetal6s2s_1)
                  0.19    0.19    2.20 ^ input100/X (sky130_fd_sc_hd__dlymetal6s2s_1)
     2    0.02                           net100 (net)
                  0.19    0.00    2.20 ^ fanout210/A (sky130_fd_sc_hd__buf_2)
                  0.17    0.26    2.45 ^ fanout210/X (sky130_fd_sc_hd__buf_2)
     6    0.03                           net210 (net)
                  0.17    0.00    2.45 ^ fanout207/A (sky130_fd_sc_hd__clkbuf_4)
                  0.14    0.26    2.72 ^ fanout207/X (sky130_fd_sc_hd__clkbuf_4)
     8    0.04                           net207 (net)
                  0.14    0.00    2.72 ^ _426_/RESET_B (sky130_fd_sc_hd__dfrtp_1)
                                  2.72   data arrival time

                  0.15   10.00   10.00   clock clk (rise edge)
                          0.00   10.00   clock network delay (ideal)
                         -0.25    9.75   clock uncertainty
                          0.00    9.75   clock reconvergence pessimism
                                  9.75 ^ _426_/CLK (sky130_fd_sc_hd__dfrtp_1)
                          0.24    9.99   library recovery time
                                  9.99   data required time
-----------------------------------------------------------------------------
                                  9.99   data required time
                                 -2.72   data arrival time
-----------------------------------------------------------------------------
                                  7.27   slack (MET)


Startpoint: rstn (input port clocked by clk)
Endpoint: _423_ (recovery check against rising-edge clock clk)
Path Group: asynchronous
Path Type: max

Fanout     Cap    Slew   Delay    Time   Description
-----------------------------------------------------------------------------
                  0.15    0.00    0.00   clock clk (rise edge)
                          0.00    0.00   clock network delay (ideal)
                          2.00    2.00 ^ input external delay
                  0.02    0.01    2.01 ^ rstn (in)
     1    0.00                           rstn (net)
                  0.02    0.00    2.01 ^ input100/A (sky130_fd_sc_hd__dlymetal6s2s_1)
                  0.19    0.19    2.20 ^ input100/X (sky130_fd_sc_hd__dlymetal6s2s_1)
     2    0.02                           net100 (net)
                  0.19    0.00    2.20 ^ fanout210/A (sky130_fd_sc_hd__buf_2)
                  0.17    0.26    2.45 ^ fanout210/X (sky130_fd_sc_hd__buf_2)
     6    0.03                           net210 (net)
                  0.17    0.00    2.45 ^ fanout207/A (sky130_fd_sc_hd__clkbuf_4)
                  0.14    0.26    2.72 ^ fanout207/X (sky130_fd_sc_hd__clkbuf_4)
     8    0.04                           net207 (net)
                  0.14    0.00    2.72 ^ _423_/RESET_B (sky130_fd_sc_hd__dfrtp_1)
                                  2.72   data arrival time

                  0.15   10.00   10.00   clock clk (rise edge)
                          0.00   10.00   clock network delay (ideal)
                         -0.25    9.75   clock uncertainty
                          0.00    9.75   clock reconvergence pessimism
                                  9.75 ^ _423_/CLK (sky130_fd_sc_hd__dfrtp_1)
                          0.24    9.99   library recovery time
                                  9.99   data required time
-----------------------------------------------------------------------------
                                  9.99   data required time
                                 -2.72   data arrival time
-----------------------------------------------------------------------------
                                  7.27   slack (MET)


Startpoint: rstn (input port clocked by clk)
Endpoint: _407_ (recovery check against rising-edge clock clk)
Path Group: asynchronous
Path Type: max

Fanout     Cap    Slew   Delay    Time   Description
-----------------------------------------------------------------------------
                  0.15    0.00    0.00   clock clk (rise edge)
                          0.00    0.00   clock network delay (ideal)
                          2.00    2.00 ^ input external delay
                  0.02    0.01    2.01 ^ rstn (in)
     1    0.00                           rstn (net)
                  0.02    0.00    2.01 ^ input100/A (sky130_fd_sc_hd__dlymetal6s2s_1)
                  0.19    0.19    2.20 ^ input100/X (sky130_fd_sc_hd__dlymetal6s2s_1)
     2    0.02                           net100 (net)
                  0.19    0.00    2.20 ^ fanout210/A (sky130_fd_sc_hd__buf_2)
                  0.17    0.26    2.45 ^ fanout210/X (sky130_fd_sc_hd__buf_2)
     6    0.03                           net210 (net)
                  0.17    0.00    2.45 ^ fanout207/A (sky130_fd_sc_hd__clkbuf_4)
                  0.14    0.26    2.72 ^ fanout207/X (sky130_fd_sc_hd__clkbuf_4)
     8    0.04                           net207 (net)
                  0.14    0.00    2.72 ^ _407_/RESET_B (sky130_fd_sc_hd__dfrtp_1)
                                  2.72   data arrival time

                  0.15   10.00   10.00   clock clk (rise edge)
                          0.00   10.00   clock network delay (ideal)
                         -0.25    9.75   clock uncertainty
                          0.00    9.75   clock reconvergence pessimism
                                  9.75 ^ _407_/CLK (sky130_fd_sc_hd__dfrtp_1)
                          0.24    9.99   library recovery time
                                  9.99   data required time
-----------------------------------------------------------------------------
                                  9.99   data required time
                                 -2.72   data arrival time
-----------------------------------------------------------------------------
                                  7.27   slack (MET)


Startpoint: rstn (input port clocked by clk)
Endpoint: _432_ (recovery check against rising-edge clock clk)
Path Group: asynchronous
Path Type: max

Fanout     Cap    Slew   Delay    Time   Description
-----------------------------------------------------------------------------
                  0.15    0.00    0.00   clock clk (rise edge)
                          0.00    0.00   clock network delay (ideal)
                          2.00    2.00 ^ input external delay
                  0.02    0.01    2.01 ^ rstn (in)
     1    0.00                           rstn (net)
                  0.02    0.00    2.01 ^ input100/A (sky130_fd_sc_hd__dlymetal6s2s_1)
                  0.19    0.19    2.20 ^ input100/X (sky130_fd_sc_hd__dlymetal6s2s_1)
     2    0.02                           net100 (net)
                  0.19    0.00    2.20 ^ fanout210/A (sky130_fd_sc_hd__buf_2)
                  0.17    0.26    2.45 ^ fanout210/X (sky130_fd_sc_hd__buf_2)
     6    0.03                           net210 (net)
                  0.17    0.00    2.45 ^ fanout207/A (sky130_fd_sc_hd__clkbuf_4)
                  0.14    0.26    2.72 ^ fanout207/X (sky130_fd_sc_hd__clkbuf_4)
     8    0.04                           net207 (net)
                  0.14    0.00    2.72 ^ _432_/RESET_B (sky130_fd_sc_hd__dfrtp_1)
                                  2.72   data arrival time

                  0.15   10.00   10.00   clock clk (rise edge)
                          0.00   10.00   clock network delay (ideal)
                         -0.25    9.75   clock uncertainty
                          0.00    9.75   clock reconvergence pessimism
                                  9.75 ^ _432_/CLK (sky130_fd_sc_hd__dfrtp_1)
                          0.24    9.99   library recovery time
                                  9.99   data required time
-----------------------------------------------------------------------------
                                  9.99   data required time
                                 -2.72   data arrival time
-----------------------------------------------------------------------------
                                  7.27   slack (MET)


Startpoint: rstn (input port clocked by clk)
Endpoint: _446_ (recovery check against rising-edge clock clk)
Path Group: asynchronous
Path Type: max

Fanout     Cap    Slew   Delay    Time   Description
-----------------------------------------------------------------------------
                  0.15    0.00    0.00   clock clk (rise edge)
                          0.00    0.00   clock network delay (ideal)
                          2.00    2.00 ^ input external delay
                  0.02    0.01    2.01 ^ rstn (in)
     1    0.00                           rstn (net)
                  0.02    0.00    2.01 ^ input100/A (sky130_fd_sc_hd__dlymetal6s2s_1)
                  0.19    0.19    2.20 ^ input100/X (sky130_fd_sc_hd__dlymetal6s2s_1)
     2    0.02                           net100 (net)
                  0.19    0.00    2.20 ^ fanout210/A (sky130_fd_sc_hd__buf_2)
                  0.17    0.26    2.45 ^ fanout210/X (sky130_fd_sc_hd__buf_2)
     6    0.03                           net210 (net)
                  0.17    0.00    2.45 ^ fanout207/A (sky130_fd_sc_hd__clkbuf_4)
                  0.14    0.26    2.72 ^ fanout207/X (sky130_fd_sc_hd__clkbuf_4)
     8    0.04                           net207 (net)
                  0.14    0.00    2.72 ^ _446_/RESET_B (sky130_fd_sc_hd__dfrtp_1)
                                  2.72   data arrival time

                  0.15   10.00   10.00   clock clk (rise edge)
                          0.00   10.00   clock network delay (ideal)
                         -0.25    9.75   clock uncertainty
                          0.00    9.75   clock reconvergence pessimism
                                  9.75 ^ _446_/CLK (sky130_fd_sc_hd__dfrtp_1)
                          0.24    9.99   library recovery time
                                  9.99   data required time
-----------------------------------------------------------------------------
                                  9.99   data required time
                                 -2.72   data arrival time
-----------------------------------------------------------------------------
                                  7.27   slack (MET)


Startpoint: rstn (input port clocked by clk)
Endpoint: _433_ (recovery check against rising-edge clock clk)
Path Group: asynchronous
Path Type: max

Fanout     Cap    Slew   Delay    Time   Description
-----------------------------------------------------------------------------
                  0.15    0.00    0.00   clock clk (rise edge)
                          0.00    0.00   clock network delay (ideal)
                          2.00    2.00 ^ input external delay
                  0.02    0.01    2.01 ^ rstn (in)
     1    0.00                           rstn (net)
                  0.02    0.00    2.01 ^ input100/A (sky130_fd_sc_hd__dlymetal6s2s_1)
                  0.19    0.19    2.20 ^ input100/X (sky130_fd_sc_hd__dlymetal6s2s_1)
     2    0.02                           net100 (net)
                  0.19    0.00    2.20 ^ fanout205/A (sky130_fd_sc_hd__buf_4)
                  0.17    0.26    2.46 ^ fanout205/X (sky130_fd_sc_hd__buf_4)
    10    0.06                           net205 (net)
                  0.17    0.00    2.46 ^ fanout204/A (sky130_fd_sc_hd__clkbuf_8)
                  0.13    0.24    2.70 ^ fanout204/X (sky130_fd_sc_hd__clkbuf_8)
    10    0.07                           net204 (net)
                  0.13    0.01    2.71 ^ _433_/RESET_B (sky130_fd_sc_hd__dfrtp_1)
                                  2.71   data arrival time

                  0.15   10.00   10.00   clock clk (rise edge)
                          0.00   10.00   clock network delay (ideal)
                         -0.25    9.75   clock uncertainty
                          0.00    9.75   clock reconvergence pessimism
                                  9.75 ^ _433_/CLK (sky130_fd_sc_hd__dfrtp_1)
                          0.24    9.99   library recovery time
                                  9.99   data required time
-----------------------------------------------------------------------------
                                  9.99   data required time
                                 -2.71   data arrival time
-----------------------------------------------------------------------------
                                  7.28   slack (MET)


Startpoint: rstn (input port clocked by clk)
Endpoint: _436_ (recovery check against rising-edge clock clk)
Path Group: asynchronous
Path Type: max

Fanout     Cap    Slew   Delay    Time   Description
-----------------------------------------------------------------------------
                  0.15    0.00    0.00   clock clk (rise edge)
                          0.00    0.00   clock network delay (ideal)
                          2.00    2.00 ^ input external delay
                  0.02    0.01    2.01 ^ rstn (in)
     1    0.00                           rstn (net)
                  0.02    0.00    2.01 ^ input100/A (sky130_fd_sc_hd__dlymetal6s2s_1)
                  0.19    0.19    2.20 ^ input100/X (sky130_fd_sc_hd__dlymetal6s2s_1)
     2    0.02                           net100 (net)
                  0.19    0.00    2.20 ^ fanout205/A (sky130_fd_sc_hd__buf_4)
                  0.17    0.26    2.46 ^ fanout205/X (sky130_fd_sc_hd__buf_4)
    10    0.06                           net205 (net)
                  0.17    0.00    2.46 ^ fanout204/A (sky130_fd_sc_hd__clkbuf_8)
                  0.13    0.24    2.70 ^ fanout204/X (sky130_fd_sc_hd__clkbuf_8)
    10    0.07                           net204 (net)
                  0.13    0.01    2.71 ^ _436_/RESET_B (sky130_fd_sc_hd__dfrtp_1)
                                  2.71   data arrival time

                  0.15   10.00   10.00   clock clk (rise edge)
                          0.00   10.00   clock network delay (ideal)
                         -0.25    9.75   clock uncertainty
                          0.00    9.75   clock reconvergence pessimism
                                  9.75 ^ _436_/CLK (sky130_fd_sc_hd__dfrtp_1)
                          0.24    9.99   library recovery time
                                  9.99   data required time
-----------------------------------------------------------------------------
                                  9.99   data required time
                                 -2.71   data arrival time
-----------------------------------------------------------------------------
                                  7.28   slack (MET)


Startpoint: rstn (input port clocked by clk)
Endpoint: _430_ (recovery check against rising-edge clock clk)
Path Group: asynchronous
Path Type: max

Fanout     Cap    Slew   Delay    Time   Description
-----------------------------------------------------------------------------
                  0.15    0.00    0.00   clock clk (rise edge)
                          0.00    0.00   clock network delay (ideal)
                          2.00    2.00 ^ input external delay
                  0.02    0.01    2.01 ^ rstn (in)
     1    0.00                           rstn (net)
                  0.02    0.00    2.01 ^ input100/A (sky130_fd_sc_hd__dlymetal6s2s_1)
                  0.19    0.19    2.20 ^ input100/X (sky130_fd_sc_hd__dlymetal6s2s_1)
     2    0.02                           net100 (net)
                  0.19    0.00    2.20 ^ fanout205/A (sky130_fd_sc_hd__buf_4)
                  0.17    0.26    2.46 ^ fanout205/X (sky130_fd_sc_hd__buf_4)
    10    0.06                           net205 (net)
                  0.17    0.00    2.46 ^ fanout204/A (sky130_fd_sc_hd__clkbuf_8)
                  0.13    0.24    2.70 ^ fanout204/X (sky130_fd_sc_hd__clkbuf_8)
    10    0.07                           net204 (net)
                  0.13    0.01    2.71 ^ _430_/RESET_B (sky130_fd_sc_hd__dfrtp_1)
                                  2.71   data arrival time

                  0.15   10.00   10.00   clock clk (rise edge)
                          0.00   10.00   clock network delay (ideal)
                         -0.25    9.75   clock uncertainty
                          0.00    9.75   clock reconvergence pessimism
                                  9.75 ^ _430_/CLK (sky130_fd_sc_hd__dfrtp_1)
                          0.24    9.99   library recovery time
                                  9.99   data required time
-----------------------------------------------------------------------------
                                  9.99   data required time
                                 -2.71   data arrival time
-----------------------------------------------------------------------------
                                  7.28   slack (MET)


Startpoint: rstn (input port clocked by clk)
Endpoint: _451_ (recovery check against rising-edge clock clk)
Path Group: asynchronous
Path Type: max

Fanout     Cap    Slew   Delay    Time   Description
-----------------------------------------------------------------------------
                  0.15    0.00    0.00   clock clk (rise edge)
                          0.00    0.00   clock network delay (ideal)
                          2.00    2.00 ^ input external delay
                  0.02    0.01    2.01 ^ rstn (in)
     1    0.00                           rstn (net)
                  0.02    0.00    2.01 ^ input100/A (sky130_fd_sc_hd__dlymetal6s2s_1)
                  0.19    0.19    2.20 ^ input100/X (sky130_fd_sc_hd__dlymetal6s2s_1)
     2    0.02                           net100 (net)
                  0.19    0.00    2.20 ^ fanout205/A (sky130_fd_sc_hd__buf_4)
                  0.17    0.26    2.46 ^ fanout205/X (sky130_fd_sc_hd__buf_4)
    10    0.06                           net205 (net)
                  0.17    0.00    2.46 ^ fanout204/A (sky130_fd_sc_hd__clkbuf_8)
                  0.13    0.24    2.70 ^ fanout204/X (sky130_fd_sc_hd__clkbuf_8)
    10    0.07                           net204 (net)
                  0.13    0.01    2.71 ^ _451_/RESET_B (sky130_fd_sc_hd__dfrtp_1)
                                  2.71   data arrival time

                  0.15   10.00   10.00   clock clk (rise edge)
                          0.00   10.00   clock network delay (ideal)
                         -0.25    9.75   clock uncertainty
                          0.00    9.75   clock reconvergence pessimism
                                  9.75 ^ _451_/CLK (sky130_fd_sc_hd__dfrtp_1)
                          0.24    9.99   library recovery time
                                  9.99   data required time
-----------------------------------------------------------------------------
                                  9.99   data required time
                                 -2.71   data arrival time
-----------------------------------------------------------------------------
                                  7.28   slack (MET)


Startpoint: rstn (input port clocked by clk)
Endpoint: _393_ (recovery check against rising-edge clock clk)
Path Group: asynchronous
Path Type: max

Fanout     Cap    Slew   Delay    Time   Description
-----------------------------------------------------------------------------
                  0.15    0.00    0.00   clock clk (rise edge)
                          0.00    0.00   clock network delay (ideal)
                          2.00    2.00 ^ input external delay
                  0.02    0.01    2.01 ^ rstn (in)
     1    0.00                           rstn (net)
                  0.02    0.00    2.01 ^ input100/A (sky130_fd_sc_hd__dlymetal6s2s_1)
                  0.19    0.19    2.20 ^ input100/X (sky130_fd_sc_hd__dlymetal6s2s_1)
     2    0.02                           net100 (net)
                  0.19    0.00    2.20 ^ fanout205/A (sky130_fd_sc_hd__buf_4)
                  0.17    0.26    2.46 ^ fanout205/X (sky130_fd_sc_hd__buf_4)
    10    0.06                           net205 (net)
                  0.17    0.00    2.46 ^ fanout204/A (sky130_fd_sc_hd__clkbuf_8)
                  0.13    0.24    2.70 ^ fanout204/X (sky130_fd_sc_hd__clkbuf_8)
    10    0.07                           net204 (net)
                  0.13    0.01    2.71 ^ _393_/RESET_B (sky130_fd_sc_hd__dfrtp_1)
                                  2.71   data arrival time

                  0.15   10.00   10.00   clock clk (rise edge)
                          0.00   10.00   clock network delay (ideal)
                         -0.25    9.75   clock uncertainty
                          0.00    9.75   clock reconvergence pessimism
                                  9.75 ^ _393_/CLK (sky130_fd_sc_hd__dfrtp_1)
                          0.24    9.99   library recovery time
                                  9.99   data required time
-----------------------------------------------------------------------------
                                  9.99   data required time
                                 -2.71   data arrival time
-----------------------------------------------------------------------------
                                  7.28   slack (MET)


Startpoint: rstn (input port clocked by clk)
Endpoint: _396_ (recovery check against rising-edge clock clk)
Path Group: asynchronous
Path Type: max

Fanout     Cap    Slew   Delay    Time   Description
-----------------------------------------------------------------------------
                  0.15    0.00    0.00   clock clk (rise edge)
                          0.00    0.00   clock network delay (ideal)
                          2.00    2.00 ^ input external delay
                  0.02    0.01    2.01 ^ rstn (in)
     1    0.00                           rstn (net)
                  0.02    0.00    2.01 ^ input100/A (sky130_fd_sc_hd__dlymetal6s2s_1)
                  0.19    0.19    2.20 ^ input100/X (sky130_fd_sc_hd__dlymetal6s2s_1)
     2    0.02                           net100 (net)
                  0.19    0.00    2.20 ^ fanout205/A (sky130_fd_sc_hd__buf_4)
                  0.17    0.26    2.46 ^ fanout205/X (sky130_fd_sc_hd__buf_4)
    10    0.06                           net205 (net)
                  0.17    0.00    2.46 ^ fanout204/A (sky130_fd_sc_hd__clkbuf_8)
                  0.13    0.24    2.70 ^ fanout204/X (sky130_fd_sc_hd__clkbuf_8)
    10    0.07                           net204 (net)
                  0.13    0.01    2.71 ^ _396_/RESET_B (sky130_fd_sc_hd__dfrtp_1)
                                  2.71   data arrival time

                  0.15   10.00   10.00   clock clk (rise edge)
                          0.00   10.00   clock network delay (ideal)
                         -0.25    9.75   clock uncertainty
                          0.00    9.75   clock reconvergence pessimism
                                  9.75 ^ _396_/CLK (sky130_fd_sc_hd__dfrtp_1)
                          0.24    9.99   library recovery time
                                  9.99   data required time
-----------------------------------------------------------------------------
                                  9.99   data required time
                                 -2.71   data arrival time
-----------------------------------------------------------------------------
                                  7.28   slack (MET)


Startpoint: rstn (input port clocked by clk)
Endpoint: _416_ (recovery check against rising-edge clock clk)
Path Group: asynchronous
Path Type: max

Fanout     Cap    Slew   Delay    Time   Description
-----------------------------------------------------------------------------
                  0.15    0.00    0.00   clock clk (rise edge)
                          0.00    0.00   clock network delay (ideal)
                          2.00    2.00 ^ input external delay
                  0.02    0.01    2.01 ^ rstn (in)
     1    0.00                           rstn (net)
                  0.02    0.00    2.01 ^ input100/A (sky130_fd_sc_hd__dlymetal6s2s_1)
                  0.19    0.19    2.20 ^ input100/X (sky130_fd_sc_hd__dlymetal6s2s_1)
     2    0.02                           net100 (net)
                  0.19    0.00    2.20 ^ fanout205/A (sky130_fd_sc_hd__buf_4)
                  0.17    0.26    2.46 ^ fanout205/X (sky130_fd_sc_hd__buf_4)
    10    0.06                           net205 (net)
                  0.17    0.00    2.46 ^ fanout204/A (sky130_fd_sc_hd__clkbuf_8)
                  0.13    0.24    2.70 ^ fanout204/X (sky130_fd_sc_hd__clkbuf_8)
    10    0.07                           net204 (net)
                  0.13    0.01    2.71 ^ _416_/RESET_B (sky130_fd_sc_hd__dfrtp_1)
                                  2.71   data arrival time

                  0.15   10.00   10.00   clock clk (rise edge)
                          0.00   10.00   clock network delay (ideal)
                         -0.25    9.75   clock uncertainty
                          0.00    9.75   clock reconvergence pessimism
                                  9.75 ^ _416_/CLK (sky130_fd_sc_hd__dfrtp_1)
                          0.24    9.99   library recovery time
                                  9.99   data required time
-----------------------------------------------------------------------------
                                  9.99   data required time
                                 -2.71   data arrival time
-----------------------------------------------------------------------------
                                  7.28   slack (MET)


Startpoint: rstn (input port clocked by clk)
Endpoint: _443_ (recovery check against rising-edge clock clk)
Path Group: asynchronous
Path Type: max

Fanout     Cap    Slew   Delay    Time   Description
-----------------------------------------------------------------------------
                  0.15    0.00    0.00   clock clk (rise edge)
                          0.00    0.00   clock network delay (ideal)
                          2.00    2.00 ^ input external delay
                  0.02    0.01    2.01 ^ rstn (in)
     1    0.00                           rstn (net)
                  0.02    0.00    2.01 ^ input100/A (sky130_fd_sc_hd__dlymetal6s2s_1)
                  0.19    0.19    2.20 ^ input100/X (sky130_fd_sc_hd__dlymetal6s2s_1)
     2    0.02                           net100 (net)
                  0.19    0.00    2.20 ^ fanout205/A (sky130_fd_sc_hd__buf_4)
                  0.17    0.26    2.46 ^ fanout205/X (sky130_fd_sc_hd__buf_4)
    10    0.06                           net205 (net)
                  0.17    0.00    2.46 ^ fanout204/A (sky130_fd_sc_hd__clkbuf_8)
                  0.13    0.24    2.70 ^ fanout204/X (sky130_fd_sc_hd__clkbuf_8)
    10    0.07                           net204 (net)
                  0.13    0.00    2.71 ^ _443_/RESET_B (sky130_fd_sc_hd__dfrtp_1)
                                  2.71   data arrival time

                  0.15   10.00   10.00   clock clk (rise edge)
                          0.00   10.00   clock network delay (ideal)
                         -0.25    9.75   clock uncertainty
                          0.00    9.75   clock reconvergence pessimism
                                  9.75 ^ _443_/CLK (sky130_fd_sc_hd__dfrtp_1)
                          0.24    9.99   library recovery time
                                  9.99   data required time
-----------------------------------------------------------------------------
                                  9.99   data required time
                                 -2.71   data arrival time
-----------------------------------------------------------------------------
                                  7.28   slack (MET)


Startpoint: rstn (input port clocked by clk)
Endpoint: _431_ (recovery check against rising-edge clock clk)
Path Group: asynchronous
Path Type: max

Fanout     Cap    Slew   Delay    Time   Description
-----------------------------------------------------------------------------
                  0.15    0.00    0.00   clock clk (rise edge)
                          0.00    0.00   clock network delay (ideal)
                          2.00    2.00 ^ input external delay
                  0.02    0.01    2.01 ^ rstn (in)
     1    0.00                           rstn (net)
                  0.02    0.00    2.01 ^ input100/A (sky130_fd_sc_hd__dlymetal6s2s_1)
                  0.19    0.19    2.20 ^ input100/X (sky130_fd_sc_hd__dlymetal6s2s_1)
     2    0.02                           net100 (net)
                  0.19    0.00    2.20 ^ fanout205/A (sky130_fd_sc_hd__buf_4)
                  0.17    0.26    2.46 ^ fanout205/X (sky130_fd_sc_hd__buf_4)
    10    0.06                           net205 (net)
                  0.17    0.00    2.46 ^ fanout204/A (sky130_fd_sc_hd__clkbuf_8)
                  0.13    0.24    2.70 ^ fanout204/X (sky130_fd_sc_hd__clkbuf_8)
    10    0.07                           net204 (net)
                  0.13    0.00    2.71 ^ _431_/RESET_B (sky130_fd_sc_hd__dfrtp_1)
                                  2.71   data arrival time

                  0.15   10.00   10.00   clock clk (rise edge)
                          0.00   10.00   clock network delay (ideal)
                         -0.25    9.75   clock uncertainty
                          0.00    9.75   clock reconvergence pessimism
                                  9.75 ^ _431_/CLK (sky130_fd_sc_hd__dfrtp_1)
                          0.24    9.99   library recovery time
                                  9.99   data required time
-----------------------------------------------------------------------------
                                  9.99   data required time
                                 -2.71   data arrival time
-----------------------------------------------------------------------------
                                  7.28   slack (MET)


Startpoint: pready (input port clocked by clk)
Endpoint: _391_ (rising edge-triggered flip-flop clocked by clk)
Path Group: clk
Path Type: max

Fanout     Cap    Slew   Delay    Time   Description
-----------------------------------------------------------------------------
                  0.15    0.00    0.00   clock clk (rise edge)
                          0.00    0.00   clock network delay (ideal)
                          2.00    2.00 ^ input external delay
                  0.02    0.01    2.01 ^ pready (in)
     1    0.00                           pready (net)
                  0.02    0.00    2.01 ^ input99/A (sky130_fd_sc_hd__buf_1)
                  0.14    0.15    2.16 ^ input99/X (sky130_fd_sc_hd__buf_1)
     2    0.01                           net99 (net)
                  0.14    0.00    2.16 ^ _254_/A1 (sky130_fd_sc_hd__o21ai_1)
                  0.05    0.09    2.25 v _254_/Y (sky130_fd_sc_hd__o21ai_1)
     1    0.00                           _002_ (net)
                  0.05    0.00    2.25 v _391_/D (sky130_fd_sc_hd__dfrtp_1)
                                  2.25   data arrival time

                  0.15   10.00   10.00   clock clk (rise edge)
                          0.00   10.00   clock network delay (ideal)
                         -0.25    9.75   clock uncertainty
                          0.00    9.75   clock reconvergence pessimism
                                  9.75 ^ _391_/CLK (sky130_fd_sc_hd__dfrtp_1)
                         -0.09    9.66   library setup time
                                  9.66   data required time
-----------------------------------------------------------------------------
                                  9.66   data required time
                                 -2.25   data arrival time
-----------------------------------------------------------------------------
                                  7.41   slack (MET)


Startpoint: rstn (input port clocked by clk)
Endpoint: _415_ (recovery check against rising-edge clock clk)
Path Group: asynchronous
Path Type: max

Fanout     Cap    Slew   Delay    Time   Description
-----------------------------------------------------------------------------
                  0.15    0.00    0.00   clock clk (rise edge)
                          0.00    0.00   clock network delay (ideal)
                          2.00    2.00 ^ input external delay
                  0.02    0.01    2.01 ^ rstn (in)
     1    0.00                           rstn (net)
                  0.02    0.00    2.01 ^ input100/A (sky130_fd_sc_hd__dlymetal6s2s_1)
                  0.19    0.19    2.20 ^ input100/X (sky130_fd_sc_hd__dlymetal6s2s_1)
     2    0.02                           net100 (net)
                  0.19    0.00    2.20 ^ fanout205/A (sky130_fd_sc_hd__buf_4)
                  0.17    0.26    2.46 ^ fanout205/X (sky130_fd_sc_hd__buf_4)
    10    0.06                           net205 (net)
                  0.17    0.00    2.46 ^ _415_/RESET_B (sky130_fd_sc_hd__dfrtp_2)
                                  2.46   data arrival time

                  0.15   10.00   10.00   clock clk (rise edge)
                          0.00   10.00   clock network delay (ideal)
                         -0.25    9.75   clock uncertainty
                          0.00    9.75   clock reconvergence pessimism
                                  9.75 ^ _415_/CLK (sky130_fd_sc_hd__dfrtp_2)
                          0.21    9.96   library recovery time
                                  9.96   data required time
-----------------------------------------------------------------------------
                                  9.96   data required time
                                 -2.46   data arrival time
-----------------------------------------------------------------------------
                                  7.50   slack (MET)


Startpoint: rstn (input port clocked by clk)
Endpoint: _401_ (recovery check against rising-edge clock clk)
Path Group: asynchronous
Path Type: max

Fanout     Cap    Slew   Delay    Time   Description
-----------------------------------------------------------------------------
                  0.15    0.00    0.00   clock clk (rise edge)
                          0.00    0.00   clock network delay (ideal)
                          2.00    2.00 ^ input external delay
                  0.02    0.01    2.01 ^ rstn (in)
     1    0.00                           rstn (net)
                  0.02    0.00    2.01 ^ input100/A (sky130_fd_sc_hd__dlymetal6s2s_1)
                  0.19    0.19    2.20 ^ input100/X (sky130_fd_sc_hd__dlymetal6s2s_1)
     2    0.02                           net100 (net)
                  0.19    0.00    2.20 ^ fanout210/A (sky130_fd_sc_hd__buf_2)
                  0.17    0.26    2.45 ^ fanout210/X (sky130_fd_sc_hd__buf_2)
     6    0.03                           net210 (net)
                  0.17    0.00    2.45 ^ _401_/RESET_B (sky130_fd_sc_hd__dfrtp_2)
                                  2.45   data arrival time

                  0.15   10.00   10.00   clock clk (rise edge)
                          0.00   10.00   clock network delay (ideal)
                         -0.25    9.75   clock uncertainty
                          0.00    9.75   clock reconvergence pessimism
                                  9.75 ^ _401_/CLK (sky130_fd_sc_hd__dfrtp_2)
                          0.21    9.96   library recovery time
                                  9.96   data required time
-----------------------------------------------------------------------------
                                  9.96   data required time
                                 -2.45   data arrival time
-----------------------------------------------------------------------------
                                  7.51   slack (MET)


Startpoint: rstn (input port clocked by clk)
Endpoint: _454_ (recovery check against rising-edge clock clk)
Path Group: asynchronous
Path Type: max

Fanout     Cap    Slew   Delay    Time   Description
-----------------------------------------------------------------------------
                  0.15    0.00    0.00   clock clk (rise edge)
                          0.00    0.00   clock network delay (ideal)
                          2.00    2.00 ^ input external delay
                  0.02    0.01    2.01 ^ rstn (in)
     1    0.00                           rstn (net)
                  0.02    0.00    2.01 ^ input100/A (sky130_fd_sc_hd__dlymetal6s2s_1)
                  0.19    0.19    2.20 ^ input100/X (sky130_fd_sc_hd__dlymetal6s2s_1)
     2    0.02                           net100 (net)
                  0.19    0.00    2.20 ^ fanout205/A (sky130_fd_sc_hd__buf_4)
                  0.17    0.26    2.46 ^ fanout205/X (sky130_fd_sc_hd__buf_4)
    10    0.06                           net205 (net)
                  0.17    0.01    2.47 ^ _454_/RESET_B (sky130_fd_sc_hd__dfrtp_1)
                                  2.47   data arrival time

                  0.15   10.00   10.00   clock clk (rise edge)
                          0.00   10.00   clock network delay (ideal)
                         -0.25    9.75   clock uncertainty
                          0.00    9.75   clock reconvergence pessimism
                                  9.75 ^ _454_/CLK (sky130_fd_sc_hd__dfrtp_1)
                          0.23    9.98   library recovery time
                                  9.98   data required time
-----------------------------------------------------------------------------
                                  9.98   data required time
                                 -2.47   data arrival time
-----------------------------------------------------------------------------
                                  7.51   slack (MET)


Startpoint: rstn (input port clocked by clk)
Endpoint: _453_ (recovery check against rising-edge clock clk)
Path Group: asynchronous
Path Type: max

Fanout     Cap    Slew   Delay    Time   Description
-----------------------------------------------------------------------------
                  0.15    0.00    0.00   clock clk (rise edge)
                          0.00    0.00   clock network delay (ideal)
                          2.00    2.00 ^ input external delay
                  0.02    0.01    2.01 ^ rstn (in)
     1    0.00                           rstn (net)
                  0.02    0.00    2.01 ^ input100/A (sky130_fd_sc_hd__dlymetal6s2s_1)
                  0.19    0.19    2.20 ^ input100/X (sky130_fd_sc_hd__dlymetal6s2s_1)
     2    0.02                           net100 (net)
                  0.19    0.00    2.20 ^ fanout205/A (sky130_fd_sc_hd__buf_4)
                  0.17    0.26    2.46 ^ fanout205/X (sky130_fd_sc_hd__buf_4)
    10    0.06                           net205 (net)
                  0.17    0.01    2.47 ^ _453_/RESET_B (sky130_fd_sc_hd__dfrtp_1)
                                  2.47   data arrival time

                  0.15   10.00   10.00   clock clk (rise edge)
                          0.00   10.00   clock network delay (ideal)
                         -0.25    9.75   clock uncertainty
                          0.00    9.75   clock reconvergence pessimism
                                  9.75 ^ _453_/CLK (sky130_fd_sc_hd__dfrtp_1)
                          0.23    9.98   library recovery time
                                  9.98   data required time
-----------------------------------------------------------------------------
                                  9.98   data required time
                                 -2.47   data arrival time
-----------------------------------------------------------------------------
                                  7.51   slack (MET)


Startpoint: rstn (input port clocked by clk)
Endpoint: _445_ (recovery check against rising-edge clock clk)
Path Group: asynchronous
Path Type: max

Fanout     Cap    Slew   Delay    Time   Description
-----------------------------------------------------------------------------
                  0.15    0.00    0.00   clock clk (rise edge)
                          0.00    0.00   clock network delay (ideal)
                          2.00    2.00 ^ input external delay
                  0.02    0.01    2.01 ^ rstn (in)
     1    0.00                           rstn (net)
                  0.02    0.00    2.01 ^ input100/A (sky130_fd_sc_hd__dlymetal6s2s_1)
                  0.19    0.19    2.20 ^ input100/X (sky130_fd_sc_hd__dlymetal6s2s_1)
     2    0.02                           net100 (net)
                  0.19    0.00    2.20 ^ fanout205/A (sky130_fd_sc_hd__buf_4)
                  0.17    0.26    2.46 ^ fanout205/X (sky130_fd_sc_hd__buf_4)
    10    0.06                           net205 (net)
                  0.17    0.01    2.47 ^ _445_/RESET_B (sky130_fd_sc_hd__dfrtp_1)
                                  2.47   data arrival time

                  0.15   10.00   10.00   clock clk (rise edge)
                          0.00   10.00   clock network delay (ideal)
                         -0.25    9.75   clock uncertainty
                          0.00    9.75   clock reconvergence pessimism
                                  9.75 ^ _445_/CLK (sky130_fd_sc_hd__dfrtp_1)
                          0.23    9.98   library recovery time
                                  9.98   data required time
-----------------------------------------------------------------------------
                                  9.98   data required time
                                 -2.47   data arrival time
-----------------------------------------------------------------------------
                                  7.51   slack (MET)


Startpoint: rstn (input port clocked by clk)
Endpoint: _397_ (recovery check against rising-edge clock clk)
Path Group: asynchronous
Path Type: max

Fanout     Cap    Slew   Delay    Time   Description
-----------------------------------------------------------------------------
                  0.15    0.00    0.00   clock clk (rise edge)
                          0.00    0.00   clock network delay (ideal)
                          2.00    2.00 ^ input external delay
                  0.02    0.01    2.01 ^ rstn (in)
     1    0.00                           rstn (net)
                  0.02    0.00    2.01 ^ input100/A (sky130_fd_sc_hd__dlymetal6s2s_1)
                  0.19    0.19    2.20 ^ input100/X (sky130_fd_sc_hd__dlymetal6s2s_1)
     2    0.02                           net100 (net)
                  0.19    0.00    2.20 ^ fanout205/A (sky130_fd_sc_hd__buf_4)
                  0.17    0.26    2.46 ^ fanout205/X (sky130_fd_sc_hd__buf_4)
    10    0.06                           net205 (net)
                  0.17    0.01    2.47 ^ _397_/RESET_B (sky130_fd_sc_hd__dfrtp_1)
                                  2.47   data arrival time

                  0.15   10.00   10.00   clock clk (rise edge)
                          0.00   10.00   clock network delay (ideal)
                         -0.25    9.75   clock uncertainty
                          0.00    9.75   clock reconvergence pessimism
                                  9.75 ^ _397_/CLK (sky130_fd_sc_hd__dfrtp_1)
                          0.23    9.98   library recovery time
                                  9.98   data required time
-----------------------------------------------------------------------------
                                  9.98   data required time
                                 -2.47   data arrival time
-----------------------------------------------------------------------------
                                  7.51   slack (MET)


Startpoint: rstn (input port clocked by clk)
Endpoint: _399_ (recovery check against rising-edge clock clk)
Path Group: asynchronous
Path Type: max

Fanout     Cap    Slew   Delay    Time   Description
-----------------------------------------------------------------------------
                  0.15    0.00    0.00   clock clk (rise edge)
                          0.00    0.00   clock network delay (ideal)
                          2.00    2.00 ^ input external delay
                  0.02    0.01    2.01 ^ rstn (in)
     1    0.00                           rstn (net)
                  0.02    0.00    2.01 ^ input100/A (sky130_fd_sc_hd__dlymetal6s2s_1)
                  0.19    0.19    2.20 ^ input100/X (sky130_fd_sc_hd__dlymetal6s2s_1)
     2    0.02                           net100 (net)
                  0.19    0.00    2.20 ^ fanout205/A (sky130_fd_sc_hd__buf_4)
                  0.17    0.26    2.46 ^ fanout205/X (sky130_fd_sc_hd__buf_4)
    10    0.06                           net205 (net)
                  0.17    0.01    2.47 ^ _399_/RESET_B (sky130_fd_sc_hd__dfrtp_1)
                                  2.47   data arrival time

                  0.15   10.00   10.00   clock clk (rise edge)
                          0.00   10.00   clock network delay (ideal)
                         -0.25    9.75   clock uncertainty
                          0.00    9.75   clock reconvergence pessimism
                                  9.75 ^ _399_/CLK (sky130_fd_sc_hd__dfrtp_1)
                          0.23    9.98   library recovery time
                                  9.98   data required time
-----------------------------------------------------------------------------
                                  9.98   data required time
                                 -2.47   data arrival time
-----------------------------------------------------------------------------
                                  7.51   slack (MET)


Startpoint: rstn (input port clocked by clk)
Endpoint: _448_ (recovery check against rising-edge clock clk)
Path Group: asynchronous
Path Type: max

Fanout     Cap    Slew   Delay    Time   Description
-----------------------------------------------------------------------------
                  0.15    0.00    0.00   clock clk (rise edge)
                          0.00    0.00   clock network delay (ideal)
                          2.00    2.00 ^ input external delay
                  0.02    0.01    2.01 ^ rstn (in)
     1    0.00                           rstn (net)
                  0.02    0.00    2.01 ^ input100/A (sky130_fd_sc_hd__dlymetal6s2s_1)
                  0.19    0.19    2.20 ^ input100/X (sky130_fd_sc_hd__dlymetal6s2s_1)
     2    0.02                           net100 (net)
                  0.19    0.00    2.20 ^ fanout205/A (sky130_fd_sc_hd__buf_4)
                  0.17    0.26    2.46 ^ fanout205/X (sky130_fd_sc_hd__buf_4)
    10    0.06                           net205 (net)
                  0.17    0.01    2.47 ^ _448_/RESET_B (sky130_fd_sc_hd__dfrtp_1)
                                  2.47   data arrival time

                  0.15   10.00   10.00   clock clk (rise edge)
                          0.00   10.00   clock network delay (ideal)
                         -0.25    9.75   clock uncertainty
                          0.00    9.75   clock reconvergence pessimism
                                  9.75 ^ _448_/CLK (sky130_fd_sc_hd__dfrtp_1)
                          0.23    9.98   library recovery time
                                  9.98   data required time
-----------------------------------------------------------------------------
                                  9.98   data required time
                                 -2.47   data arrival time
-----------------------------------------------------------------------------
                                  7.51   slack (MET)


Startpoint: rstn (input port clocked by clk)
Endpoint: _417_ (recovery check against rising-edge clock clk)
Path Group: asynchronous
Path Type: max

Fanout     Cap    Slew   Delay    Time   Description
-----------------------------------------------------------------------------
                  0.15    0.00    0.00   clock clk (rise edge)
                          0.00    0.00   clock network delay (ideal)
                          2.00    2.00 ^ input external delay
                  0.02    0.01    2.01 ^ rstn (in)
     1    0.00                           rstn (net)
                  0.02    0.00    2.01 ^ input100/A (sky130_fd_sc_hd__dlymetal6s2s_1)
                  0.19    0.19    2.20 ^ input100/X (sky130_fd_sc_hd__dlymetal6s2s_1)
     2    0.02                           net100 (net)
                  0.19    0.00    2.20 ^ fanout205/A (sky130_fd_sc_hd__buf_4)
                  0.17    0.26    2.46 ^ fanout205/X (sky130_fd_sc_hd__buf_4)
    10    0.06                           net205 (net)
                  0.17    0.00    2.46 ^ _417_/RESET_B (sky130_fd_sc_hd__dfrtp_1)
                                  2.46   data arrival time

                  0.15   10.00   10.00   clock clk (rise edge)
                          0.00   10.00   clock network delay (ideal)
                         -0.25    9.75   clock uncertainty
                          0.00    9.75   clock reconvergence pessimism
                                  9.75 ^ _417_/CLK (sky130_fd_sc_hd__dfrtp_1)
                          0.23    9.98   library recovery time
                                  9.98   data required time
-----------------------------------------------------------------------------
                                  9.98   data required time
                                 -2.46   data arrival time
-----------------------------------------------------------------------------
                                  7.52   slack (MET)


Startpoint: rstn (input port clocked by clk)
Endpoint: _452_ (recovery check against rising-edge clock clk)
Path Group: asynchronous
Path Type: max

Fanout     Cap    Slew   Delay    Time   Description
-----------------------------------------------------------------------------
                  0.15    0.00    0.00   clock clk (rise edge)
                          0.00    0.00   clock network delay (ideal)
                          2.00    2.00 ^ input external delay
                  0.02    0.01    2.01 ^ rstn (in)
     1    0.00                           rstn (net)
                  0.02    0.00    2.01 ^ input100/A (sky130_fd_sc_hd__dlymetal6s2s_1)
                  0.19    0.19    2.20 ^ input100/X (sky130_fd_sc_hd__dlymetal6s2s_1)
     2    0.02                           net100 (net)
                  0.19    0.00    2.20 ^ fanout210/A (sky130_fd_sc_hd__buf_2)
                  0.17    0.26    2.45 ^ fanout210/X (sky130_fd_sc_hd__buf_2)
     6    0.03                           net210 (net)
                  0.17    0.00    2.46 ^ _452_/RESET_B (sky130_fd_sc_hd__dfrtp_1)
                                  2.46   data arrival time

                  0.15   10.00   10.00   clock clk (rise edge)
                          0.00   10.00   clock network delay (ideal)
                         -0.25    9.75   clock uncertainty
                          0.00    9.75   clock reconvergence pessimism
                                  9.75 ^ _452_/CLK (sky130_fd_sc_hd__dfrtp_1)
                          0.23    9.98   library recovery time
                                  9.98   data required time
-----------------------------------------------------------------------------
                                  9.98   data required time
                                 -2.46   data arrival time
-----------------------------------------------------------------------------
                                  7.53   slack (MET)


Startpoint: rstn (input port clocked by clk)
Endpoint: _391_ (recovery check against rising-edge clock clk)
Path Group: asynchronous
Path Type: max

Fanout     Cap    Slew   Delay    Time   Description
-----------------------------------------------------------------------------
                  0.15    0.00    0.00   clock clk (rise edge)
                          0.00    0.00   clock network delay (ideal)
                          2.00    2.00 ^ input external delay
                  0.02    0.01    2.01 ^ rstn (in)
     1    0.00                           rstn (net)
                  0.02    0.00    2.01 ^ input100/A (sky130_fd_sc_hd__dlymetal6s2s_1)
                  0.19    0.19    2.20 ^ input100/X (sky130_fd_sc_hd__dlymetal6s2s_1)
     2    0.02                           net100 (net)
                  0.19    0.00    2.20 ^ fanout210/A (sky130_fd_sc_hd__buf_2)
                  0.17    0.26    2.45 ^ fanout210/X (sky130_fd_sc_hd__buf_2)
     6    0.03                           net210 (net)
                  0.17    0.00    2.45 ^ _391_/RESET_B (sky130_fd_sc_hd__dfrtp_1)
                                  2.45   data arrival time

                  0.15   10.00   10.00   clock clk (rise edge)
                          0.00   10.00   clock network delay (ideal)
                         -0.25    9.75   clock uncertainty
                          0.00    9.75   clock reconvergence pessimism
                                  9.75 ^ _391_/CLK (sky130_fd_sc_hd__dfrtp_1)
                          0.23    9.98   library recovery time
                                  9.98   data required time
-----------------------------------------------------------------------------
                                  9.98   data required time
                                 -2.45   data arrival time
-----------------------------------------------------------------------------
                                  7.53   slack (MET)


Startpoint: rstn (input port clocked by clk)
Endpoint: _406_ (recovery check against rising-edge clock clk)
Path Group: asynchronous
Path Type: max

Fanout     Cap    Slew   Delay    Time   Description
-----------------------------------------------------------------------------
                  0.15    0.00    0.00   clock clk (rise edge)
                          0.00    0.00   clock network delay (ideal)
                          2.00    2.00 ^ input external delay
                  0.02    0.01    2.01 ^ rstn (in)
     1    0.00                           rstn (net)
                  0.02    0.00    2.01 ^ input100/A (sky130_fd_sc_hd__dlymetal6s2s_1)
                  0.19    0.19    2.20 ^ input100/X (sky130_fd_sc_hd__dlymetal6s2s_1)
     2    0.02                           net100 (net)
                  0.19    0.00    2.20 ^ fanout210/A (sky130_fd_sc_hd__buf_2)
                  0.17    0.26    2.45 ^ fanout210/X (sky130_fd_sc_hd__buf_2)
     6    0.03                           net210 (net)
                  0.17    0.00    2.45 ^ _406_/RESET_B (sky130_fd_sc_hd__dfrtp_1)
                                  2.45   data arrival time

                  0.15   10.00   10.00   clock clk (rise edge)
                          0.00   10.00   clock network delay (ideal)
                         -0.25    9.75   clock uncertainty
                          0.00    9.75   clock reconvergence pessimism
                                  9.75 ^ _406_/CLK (sky130_fd_sc_hd__dfrtp_1)
                          0.23    9.98   library recovery time
                                  9.98   data required time
-----------------------------------------------------------------------------
                                  9.98   data required time
                                 -2.45   data arrival time
-----------------------------------------------------------------------------
                                  7.53   slack (MET)



