
===========================================================================
report_checks -path_delay min (Hold)
============================================================================
======================= Typical Corner ===================================

Startpoint: _391_ (rising edge-triggered flip-flop clocked by clk)
Endpoint: _391_ (rising edge-triggered flip-flop clocked by clk)
Path Group: clk
Path Type: min

Fanout     Cap    Slew   Delay    Time   Description
-----------------------------------------------------------------------------
                  0.15    0.00    0.00   clock clk (rise edge)
                          0.00    0.00   clock network delay (ideal)
                  0.15    0.00    0.00 ^ _391_/CLK (sky130_fd_sc_hd__dfrtp_2)
                  0.06    0.37    0.37 ^ _391_/Q (sky130_fd_sc_hd__dfrtp_2)
     4    0.01                           state[1] (net)
                  0.06    0.00    0.37 ^ _179_/A (sky130_fd_sc_hd__or2b_2)
                  0.06    0.12    0.49 ^ _179_/X (sky130_fd_sc_hd__or2b_2)
     2    0.01                           _068_ (net)
                  0.06    0.00    0.49 ^ _254_/B1 (sky130_fd_sc_hd__o21ai_2)
                  0.02    0.04    0.53 v _254_/Y (sky130_fd_sc_hd__o21ai_2)
     1    0.00                           _002_ (net)
                  0.02    0.00    0.53 v _391_/D (sky130_fd_sc_hd__dfrtp_2)
                                  0.53   data arrival time

                  0.15    0.00    0.00   clock clk (rise edge)
                          0.00    0.00   clock network delay (ideal)
                          0.25    0.25   clock uncertainty
                          0.00    0.25   clock reconvergence pessimism
                                  0.25 ^ _391_/CLK (sky130_fd_sc_hd__dfrtp_2)
                         -0.01    0.24   library hold time
                                  0.24   data required time
-----------------------------------------------------------------------------
                                  0.24   data required time
                                 -0.53   data arrival time
-----------------------------------------------------------------------------
                                  0.29   slack (MET)


Startpoint: _422_ (rising edge-triggered flip-flop clocked by clk)
Endpoint: _422_ (rising edge-triggered flip-flop clocked by clk)
Path Group: clk
Path Type: min

Fanout     Cap    Slew   Delay    Time   Description
-----------------------------------------------------------------------------
                  0.15    0.00    0.00   clock clk (rise edge)
                          0.00    0.00   clock network delay (ideal)
                  0.15    0.00    0.00 ^ _422_/CLK (sky130_fd_sc_hd__dfrtp_2)
                  0.18    0.47    0.47 ^ _422_/Q (sky130_fd_sc_hd__dfrtp_2)
     2    0.04                           paddr[30] (net)
                  0.18    0.00    0.47 ^ _319_/A1 (sky130_fd_sc_hd__mux2_2)
                  0.04    0.17    0.64 ^ _319_/X (sky130_fd_sc_hd__mux2_2)
     1    0.00                           _141_ (net)
                  0.04    0.00    0.64 ^ _320_/A (sky130_fd_sc_hd__buf_1)
                  0.04    0.07    0.70 ^ _320_/X (sky130_fd_sc_hd__buf_1)
     1    0.00                           _033_ (net)
                  0.04    0.00    0.70 ^ _422_/D (sky130_fd_sc_hd__dfrtp_2)
                                  0.70   data arrival time

                  0.15    0.00    0.00   clock clk (rise edge)
                          0.00    0.00   clock network delay (ideal)
                          0.25    0.25   clock uncertainty
                          0.00    0.25   clock reconvergence pessimism
                                  0.25 ^ _422_/CLK (sky130_fd_sc_hd__dfrtp_2)
                         -0.02    0.23   library hold time
                                  0.23   data required time
-----------------------------------------------------------------------------
                                  0.23   data required time
                                 -0.70   data arrival time
-----------------------------------------------------------------------------
                                  0.47   slack (MET)


Startpoint: _443_ (rising edge-triggered flip-flop clocked by clk)
Endpoint: _443_ (rising edge-triggered flip-flop clocked by clk)
Path Group: clk
Path Type: min

Fanout     Cap    Slew   Delay    Time   Description
-----------------------------------------------------------------------------
                  0.15    0.00    0.00   clock clk (rise edge)
                          0.00    0.00   clock network delay (ideal)
                  0.15    0.00    0.00 ^ _443_/CLK (sky130_fd_sc_hd__dfrtp_2)
                  0.18    0.47    0.47 ^ _443_/Q (sky130_fd_sc_hd__dfrtp_2)
     2    0.04                           pwdata[19] (net)
                  0.18    0.00    0.47 ^ _363_/A1 (sky130_fd_sc_hd__mux2_2)
                  0.04    0.17    0.64 ^ _363_/X (sky130_fd_sc_hd__mux2_2)
     1    0.00                           _164_ (net)
                  0.04    0.00    0.64 ^ _364_/A (sky130_fd_sc_hd__buf_1)
                  0.04    0.07    0.70 ^ _364_/X (sky130_fd_sc_hd__buf_1)
     1    0.00                           _054_ (net)
                  0.04    0.00    0.70 ^ _443_/D (sky130_fd_sc_hd__dfrtp_2)
                                  0.70   data arrival time

                  0.15    0.00    0.00   clock clk (rise edge)
                          0.00    0.00   clock network delay (ideal)
                          0.25    0.25   clock uncertainty
                          0.00    0.25   clock reconvergence pessimism
                                  0.25 ^ _443_/CLK (sky130_fd_sc_hd__dfrtp_2)
                         -0.02    0.23   library hold time
                                  0.23   data required time
-----------------------------------------------------------------------------
                                  0.23   data required time
                                 -0.70   data arrival time
-----------------------------------------------------------------------------
                                  0.47   slack (MET)


Startpoint: _402_ (rising edge-triggered flip-flop clocked by clk)
Endpoint: _402_ (rising edge-triggered flip-flop clocked by clk)
Path Group: clk
Path Type: min

Fanout     Cap    Slew   Delay    Time   Description
-----------------------------------------------------------------------------
                  0.15    0.00    0.00   clock clk (rise edge)
                          0.00    0.00   clock network delay (ideal)
                  0.15    0.00    0.00 ^ _402_/CLK (sky130_fd_sc_hd__dfrtp_2)
                  0.18    0.47    0.47 ^ _402_/Q (sky130_fd_sc_hd__dfrtp_2)
     2    0.04                           paddr[10] (net)
                  0.18    0.00    0.47 ^ _277_/A1 (sky130_fd_sc_hd__mux2_2)
                  0.04    0.17    0.64 ^ _277_/X (sky130_fd_sc_hd__mux2_2)
     1    0.00                           _119_ (net)
                  0.04    0.00    0.64 ^ _278_/A (sky130_fd_sc_hd__buf_1)
                  0.04    0.07    0.70 ^ _278_/X (sky130_fd_sc_hd__buf_1)
     1    0.00                           _013_ (net)
                  0.04    0.00    0.70 ^ _402_/D (sky130_fd_sc_hd__dfrtp_2)
                                  0.70   data arrival time

                  0.15    0.00    0.00   clock clk (rise edge)
                          0.00    0.00   clock network delay (ideal)
                          0.25    0.25   clock uncertainty
                          0.00    0.25   clock reconvergence pessimism
                                  0.25 ^ _402_/CLK (sky130_fd_sc_hd__dfrtp_2)
                         -0.02    0.23   library hold time
                                  0.23   data required time
-----------------------------------------------------------------------------
                                  0.23   data required time
                                 -0.70   data arrival time
-----------------------------------------------------------------------------
                                  0.47   slack (MET)


Startpoint: _393_ (rising edge-triggered flip-flop clocked by clk)
Endpoint: _393_ (rising edge-triggered flip-flop clocked by clk)
Path Group: clk
Path Type: min

Fanout     Cap    Slew   Delay    Time   Description
-----------------------------------------------------------------------------
                  0.15    0.00    0.00   clock clk (rise edge)
                          0.00    0.00   clock network delay (ideal)
                  0.15    0.00    0.00 ^ _393_/CLK (sky130_fd_sc_hd__dfrtp_2)
                  0.18    0.47    0.47 ^ _393_/Q (sky130_fd_sc_hd__dfrtp_2)
     2    0.04                           paddr[1] (net)
                  0.18    0.00    0.47 ^ _257_/A1 (sky130_fd_sc_hd__mux2_2)
                  0.04    0.17    0.64 ^ _257_/X (sky130_fd_sc_hd__mux2_2)
     1    0.00                           _108_ (net)
                  0.04    0.00    0.64 ^ _258_/A (sky130_fd_sc_hd__buf_1)
                  0.04    0.07    0.71 ^ _258_/X (sky130_fd_sc_hd__buf_1)
     1    0.00                           _004_ (net)
                  0.04    0.00    0.71 ^ _393_/D (sky130_fd_sc_hd__dfrtp_2)
                                  0.71   data arrival time

                  0.15    0.00    0.00   clock clk (rise edge)
                          0.00    0.00   clock network delay (ideal)
                          0.25    0.25   clock uncertainty
                          0.00    0.25   clock reconvergence pessimism
                                  0.25 ^ _393_/CLK (sky130_fd_sc_hd__dfrtp_2)
                         -0.02    0.23   library hold time
                                  0.23   data required time
-----------------------------------------------------------------------------
                                  0.23   data required time
                                 -0.71   data arrival time
-----------------------------------------------------------------------------
                                  0.47   slack (MET)


Startpoint: _429_ (rising edge-triggered flip-flop clocked by clk)
Endpoint: _429_ (rising edge-triggered flip-flop clocked by clk)
Path Group: clk
Path Type: min

Fanout     Cap    Slew   Delay    Time   Description
-----------------------------------------------------------------------------
                  0.15    0.00    0.00   clock clk (rise edge)
                          0.00    0.00   clock network delay (ideal)
                  0.15    0.00    0.00 ^ _429_/CLK (sky130_fd_sc_hd__dfrtp_2)
                  0.18    0.47    0.47 ^ _429_/Q (sky130_fd_sc_hd__dfrtp_2)
     2    0.04                           pwdata[5] (net)
                  0.18    0.00    0.47 ^ _333_/A1 (sky130_fd_sc_hd__mux2_2)
                  0.04    0.17    0.64 ^ _333_/X (sky130_fd_sc_hd__mux2_2)
     1    0.00                           _148_ (net)
                  0.04    0.00    0.64 ^ _334_/A (sky130_fd_sc_hd__buf_1)
                  0.04    0.07    0.71 ^ _334_/X (sky130_fd_sc_hd__buf_1)
     1    0.00                           _040_ (net)
                  0.04    0.00    0.71 ^ _429_/D (sky130_fd_sc_hd__dfrtp_2)
                                  0.71   data arrival time

                  0.15    0.00    0.00   clock clk (rise edge)
                          0.00    0.00   clock network delay (ideal)
                          0.25    0.25   clock uncertainty
                          0.00    0.25   clock reconvergence pessimism
                                  0.25 ^ _429_/CLK (sky130_fd_sc_hd__dfrtp_2)
                         -0.02    0.23   library hold time
                                  0.23   data required time
-----------------------------------------------------------------------------
                                  0.23   data required time
                                 -0.71   data arrival time
-----------------------------------------------------------------------------
                                  0.48   slack (MET)


Startpoint: _396_ (rising edge-triggered flip-flop clocked by clk)
Endpoint: _396_ (rising edge-triggered flip-flop clocked by clk)
Path Group: clk
Path Type: min

Fanout     Cap    Slew   Delay    Time   Description
-----------------------------------------------------------------------------
                  0.15    0.00    0.00   clock clk (rise edge)
                          0.00    0.00   clock network delay (ideal)
                  0.15    0.00    0.00 ^ _396_/CLK (sky130_fd_sc_hd__dfrtp_2)
                  0.18    0.47    0.47 ^ _396_/Q (sky130_fd_sc_hd__dfrtp_2)
     2    0.04                           paddr[4] (net)
                  0.18    0.00    0.47 ^ _263_/A1 (sky130_fd_sc_hd__mux2_2)
                  0.04    0.17    0.64 ^ _263_/X (sky130_fd_sc_hd__mux2_2)
     1    0.00                           _111_ (net)
                  0.04    0.00    0.64 ^ _264_/A (sky130_fd_sc_hd__buf_1)
                  0.04    0.07    0.71 ^ _264_/X (sky130_fd_sc_hd__buf_1)
     1    0.00                           _007_ (net)
                  0.04    0.00    0.71 ^ _396_/D (sky130_fd_sc_hd__dfrtp_2)
                                  0.71   data arrival time

                  0.15    0.00    0.00   clock clk (rise edge)
                          0.00    0.00   clock network delay (ideal)
                          0.25    0.25   clock uncertainty
                          0.00    0.25   clock reconvergence pessimism
                                  0.25 ^ _396_/CLK (sky130_fd_sc_hd__dfrtp_2)
                         -0.02    0.23   library hold time
                                  0.23   data required time
-----------------------------------------------------------------------------
                                  0.23   data required time
                                 -0.71   data arrival time
-----------------------------------------------------------------------------
                                  0.48   slack (MET)


Startpoint: _412_ (rising edge-triggered flip-flop clocked by clk)
Endpoint: _412_ (rising edge-triggered flip-flop clocked by clk)
Path Group: clk
Path Type: min

Fanout     Cap    Slew   Delay    Time   Description
-----------------------------------------------------------------------------
                  0.15    0.00    0.00   clock clk (rise edge)
                          0.00    0.00   clock network delay (ideal)
                  0.15    0.00    0.00 ^ _412_/CLK (sky130_fd_sc_hd__dfrtp_2)
                  0.19    0.47    0.47 ^ _412_/Q (sky130_fd_sc_hd__dfrtp_2)
     2    0.04                           paddr[20] (net)
                  0.19    0.00    0.47 ^ _298_/A1 (sky130_fd_sc_hd__mux2_2)
                  0.04    0.17    0.64 ^ _298_/X (sky130_fd_sc_hd__mux2_2)
     1    0.00                           _130_ (net)
                  0.04    0.00    0.64 ^ _299_/A (sky130_fd_sc_hd__buf_1)
                  0.04    0.07    0.71 ^ _299_/X (sky130_fd_sc_hd__buf_1)
     1    0.00                           _023_ (net)
                  0.04    0.00    0.71 ^ _412_/D (sky130_fd_sc_hd__dfrtp_2)
                                  0.71   data arrival time

                  0.15    0.00    0.00   clock clk (rise edge)
                          0.00    0.00   clock network delay (ideal)
                          0.25    0.25   clock uncertainty
                          0.00    0.25   clock reconvergence pessimism
                                  0.25 ^ _412_/CLK (sky130_fd_sc_hd__dfrtp_2)
                         -0.02    0.23   library hold time
                                  0.23   data required time
-----------------------------------------------------------------------------
                                  0.23   data required time
                                 -0.71   data arrival time
-----------------------------------------------------------------------------
                                  0.48   slack (MET)


Startpoint: _397_ (rising edge-triggered flip-flop clocked by clk)
Endpoint: _397_ (rising edge-triggered flip-flop clocked by clk)
Path Group: clk
Path Type: min

Fanout     Cap    Slew   Delay    Time   Description
-----------------------------------------------------------------------------
                  0.15    0.00    0.00   clock clk (rise edge)
                          0.00    0.00   clock network delay (ideal)
                  0.15    0.00    0.00 ^ _397_/CLK (sky130_fd_sc_hd__dfrtp_2)
                  0.19    0.47    0.47 ^ _397_/Q (sky130_fd_sc_hd__dfrtp_2)
     2    0.04                           paddr[5] (net)
                  0.19    0.00    0.47 ^ _265_/A1 (sky130_fd_sc_hd__mux2_2)
                  0.04    0.17    0.64 ^ _265_/X (sky130_fd_sc_hd__mux2_2)
     1    0.00                           _112_ (net)
                  0.04    0.00    0.64 ^ _266_/A (sky130_fd_sc_hd__buf_1)
                  0.04    0.07    0.71 ^ _266_/X (sky130_fd_sc_hd__buf_1)
     1    0.00                           _008_ (net)
                  0.04    0.00    0.71 ^ _397_/D (sky130_fd_sc_hd__dfrtp_2)
                                  0.71   data arrival time

                  0.15    0.00    0.00   clock clk (rise edge)
                          0.00    0.00   clock network delay (ideal)
                          0.25    0.25   clock uncertainty
                          0.00    0.25   clock reconvergence pessimism
                                  0.25 ^ _397_/CLK (sky130_fd_sc_hd__dfrtp_2)
                         -0.02    0.23   library hold time
                                  0.23   data required time
-----------------------------------------------------------------------------
                                  0.23   data required time
                                 -0.71   data arrival time
-----------------------------------------------------------------------------
                                  0.48   slack (MET)


Startpoint: _448_ (rising edge-triggered flip-flop clocked by clk)
Endpoint: _448_ (rising edge-triggered flip-flop clocked by clk)
Path Group: clk
Path Type: min

Fanout     Cap    Slew   Delay    Time   Description
-----------------------------------------------------------------------------
                  0.15    0.00    0.00   clock clk (rise edge)
                          0.00    0.00   clock network delay (ideal)
                  0.15    0.00    0.00 ^ _448_/CLK (sky130_fd_sc_hd__dfrtp_2)
                  0.19    0.47    0.47 ^ _448_/Q (sky130_fd_sc_hd__dfrtp_2)
     2    0.04                           pwdata[24] (net)
                  0.19    0.00    0.47 ^ _373_/A1 (sky130_fd_sc_hd__mux2_2)
                  0.04    0.17    0.64 ^ _373_/X (sky130_fd_sc_hd__mux2_2)
     1    0.00                           _169_ (net)
                  0.04    0.00    0.64 ^ _374_/A (sky130_fd_sc_hd__buf_1)
                  0.04    0.07    0.71 ^ _374_/X (sky130_fd_sc_hd__buf_1)
     1    0.00                           _059_ (net)
                  0.04    0.00    0.71 ^ _448_/D (sky130_fd_sc_hd__dfrtp_2)
                                  0.71   data arrival time

                  0.15    0.00    0.00   clock clk (rise edge)
                          0.00    0.00   clock network delay (ideal)
                          0.25    0.25   clock uncertainty
                          0.00    0.25   clock reconvergence pessimism
                                  0.25 ^ _448_/CLK (sky130_fd_sc_hd__dfrtp_2)
                         -0.02    0.23   library hold time
                                  0.23   data required time
-----------------------------------------------------------------------------
                                  0.23   data required time
                                 -0.71   data arrival time
-----------------------------------------------------------------------------
                                  0.48   slack (MET)


Startpoint: _428_ (rising edge-triggered flip-flop clocked by clk)
Endpoint: _428_ (rising edge-triggered flip-flop clocked by clk)
Path Group: clk
Path Type: min

Fanout     Cap    Slew   Delay    Time   Description
-----------------------------------------------------------------------------
                  0.15    0.00    0.00   clock clk (rise edge)
                          0.00    0.00   clock network delay (ideal)
                  0.15    0.00    0.00 ^ _428_/CLK (sky130_fd_sc_hd__dfrtp_2)
                  0.19    0.48    0.48 ^ _428_/Q (sky130_fd_sc_hd__dfrtp_2)
     2    0.04                           pwdata[4] (net)
                  0.19    0.00    0.48 ^ _331_/A1 (sky130_fd_sc_hd__mux2_2)
                  0.03    0.17    0.64 ^ _331_/X (sky130_fd_sc_hd__mux2_2)
     1    0.00                           _147_ (net)
                  0.03    0.00    0.64 ^ _332_/A (sky130_fd_sc_hd__buf_1)
                  0.04    0.07    0.71 ^ _332_/X (sky130_fd_sc_hd__buf_1)
     1    0.00                           _039_ (net)
                  0.04    0.00    0.71 ^ _428_/D (sky130_fd_sc_hd__dfrtp_2)
                                  0.71   data arrival time

                  0.15    0.00    0.00   clock clk (rise edge)
                          0.00    0.00   clock network delay (ideal)
                          0.25    0.25   clock uncertainty
                          0.00    0.25   clock reconvergence pessimism
                                  0.25 ^ _428_/CLK (sky130_fd_sc_hd__dfrtp_2)
                         -0.02    0.23   library hold time
                                  0.23   data required time
-----------------------------------------------------------------------------
                                  0.23   data required time
                                 -0.71   data arrival time
-----------------------------------------------------------------------------
                                  0.48   slack (MET)


Startpoint: _392_ (rising edge-triggered flip-flop clocked by clk)
Endpoint: _392_ (rising edge-triggered flip-flop clocked by clk)
Path Group: clk
Path Type: min

Fanout     Cap    Slew   Delay    Time   Description
-----------------------------------------------------------------------------
                  0.15    0.00    0.00   clock clk (rise edge)
                          0.00    0.00   clock network delay (ideal)
                  0.15    0.00    0.00 ^ _392_/CLK (sky130_fd_sc_hd__dfrtp_2)
                  0.19    0.48    0.48 ^ _392_/Q (sky130_fd_sc_hd__dfrtp_2)
     2    0.04                           paddr[0] (net)
                  0.19    0.00    0.48 ^ _255_/A1 (sky130_fd_sc_hd__mux2_2)
                  0.04    0.17    0.65 ^ _255_/X (sky130_fd_sc_hd__mux2_2)
     1    0.00                           _107_ (net)
                  0.04    0.00    0.65 ^ _256_/A (sky130_fd_sc_hd__buf_1)
                  0.04    0.07    0.71 ^ _256_/X (sky130_fd_sc_hd__buf_1)
     1    0.00                           _003_ (net)
                  0.04    0.00    0.71 ^ _392_/D (sky130_fd_sc_hd__dfrtp_2)
                                  0.71   data arrival time

                  0.15    0.00    0.00   clock clk (rise edge)
                          0.00    0.00   clock network delay (ideal)
                          0.25    0.25   clock uncertainty
                          0.00    0.25   clock reconvergence pessimism
                                  0.25 ^ _392_/CLK (sky130_fd_sc_hd__dfrtp_2)
                         -0.02    0.23   library hold time
                                  0.23   data required time
-----------------------------------------------------------------------------
                                  0.23   data required time
                                 -0.71   data arrival time
-----------------------------------------------------------------------------
                                  0.48   slack (MET)


Startpoint: _436_ (rising edge-triggered flip-flop clocked by clk)
Endpoint: _436_ (rising edge-triggered flip-flop clocked by clk)
Path Group: clk
Path Type: min

Fanout     Cap    Slew   Delay    Time   Description
-----------------------------------------------------------------------------
                  0.15    0.00    0.00   clock clk (rise edge)
                          0.00    0.00   clock network delay (ideal)
                  0.15    0.00    0.00 ^ _436_/CLK (sky130_fd_sc_hd__dfrtp_2)
                  0.19    0.47    0.47 ^ _436_/Q (sky130_fd_sc_hd__dfrtp_2)
     2    0.04                           pwdata[12] (net)
                  0.19    0.00    0.48 ^ _348_/A1 (sky130_fd_sc_hd__mux2_2)
                  0.04    0.17    0.64 ^ _348_/X (sky130_fd_sc_hd__mux2_2)
     1    0.00                           _156_ (net)
                  0.04    0.00    0.64 ^ _349_/A (sky130_fd_sc_hd__buf_1)
                  0.04    0.07    0.71 ^ _349_/X (sky130_fd_sc_hd__buf_1)
     1    0.00                           _047_ (net)
                  0.04    0.00    0.71 ^ _436_/D (sky130_fd_sc_hd__dfrtp_2)
                                  0.71   data arrival time

                  0.15    0.00    0.00   clock clk (rise edge)
                          0.00    0.00   clock network delay (ideal)
                          0.25    0.25   clock uncertainty
                          0.00    0.25   clock reconvergence pessimism
                                  0.25 ^ _436_/CLK (sky130_fd_sc_hd__dfrtp_2)
                         -0.02    0.23   library hold time
                                  0.23   data required time
-----------------------------------------------------------------------------
                                  0.23   data required time
                                 -0.71   data arrival time
-----------------------------------------------------------------------------
                                  0.48   slack (MET)


Startpoint: _453_ (rising edge-triggered flip-flop clocked by clk)
Endpoint: _453_ (rising edge-triggered flip-flop clocked by clk)
Path Group: clk
Path Type: min

Fanout     Cap    Slew   Delay    Time   Description
-----------------------------------------------------------------------------
                  0.15    0.00    0.00   clock clk (rise edge)
                          0.00    0.00   clock network delay (ideal)
                  0.15    0.00    0.00 ^ _453_/CLK (sky130_fd_sc_hd__dfrtp_2)
                  0.19    0.48    0.48 ^ _453_/Q (sky130_fd_sc_hd__dfrtp_2)
     2    0.04                           pwdata[29] (net)
                  0.19    0.00    0.48 ^ _383_/A1 (sky130_fd_sc_hd__mux2_2)
                  0.04    0.17    0.65 ^ _383_/X (sky130_fd_sc_hd__mux2_2)
     1    0.00                           _174_ (net)
                  0.04    0.00    0.65 ^ _384_/A (sky130_fd_sc_hd__buf_1)
                  0.04    0.07    0.71 ^ _384_/X (sky130_fd_sc_hd__buf_1)
     1    0.00                           _064_ (net)
                  0.04    0.00    0.71 ^ _453_/D (sky130_fd_sc_hd__dfrtp_2)
                                  0.71   data arrival time

                  0.15    0.00    0.00   clock clk (rise edge)
                          0.00    0.00   clock network delay (ideal)
                          0.25    0.25   clock uncertainty
                          0.00    0.25   clock reconvergence pessimism
                                  0.25 ^ _453_/CLK (sky130_fd_sc_hd__dfrtp_2)
                         -0.02    0.23   library hold time
                                  0.23   data required time
-----------------------------------------------------------------------------
                                  0.23   data required time
                                 -0.71   data arrival time
-----------------------------------------------------------------------------
                                  0.48   slack (MET)


Startpoint: _435_ (rising edge-triggered flip-flop clocked by clk)
Endpoint: _435_ (rising edge-triggered flip-flop clocked by clk)
Path Group: clk
Path Type: min

Fanout     Cap    Slew   Delay    Time   Description
-----------------------------------------------------------------------------
                  0.15    0.00    0.00   clock clk (rise edge)
                          0.00    0.00   clock network delay (ideal)
                  0.15    0.00    0.00 ^ _435_/CLK (sky130_fd_sc_hd__dfrtp_2)
                  0.19    0.48    0.48 ^ _435_/Q (sky130_fd_sc_hd__dfrtp_2)
     2    0.04                           pwdata[11] (net)
                  0.19    0.00    0.48 ^ _346_/A1 (sky130_fd_sc_hd__mux2_2)
                  0.04    0.17    0.65 ^ _346_/X (sky130_fd_sc_hd__mux2_2)
     1    0.00                           _155_ (net)
                  0.04    0.00    0.65 ^ _347_/A (sky130_fd_sc_hd__buf_1)
                  0.04    0.07    0.71 ^ _347_/X (sky130_fd_sc_hd__buf_1)
     1    0.00                           _046_ (net)
                  0.04    0.00    0.71 ^ _435_/D (sky130_fd_sc_hd__dfrtp_2)
                                  0.71   data arrival time

                  0.15    0.00    0.00   clock clk (rise edge)
                          0.00    0.00   clock network delay (ideal)
                          0.25    0.25   clock uncertainty
                          0.00    0.25   clock reconvergence pessimism
                                  0.25 ^ _435_/CLK (sky130_fd_sc_hd__dfrtp_2)
                         -0.02    0.23   library hold time
                                  0.23   data required time
-----------------------------------------------------------------------------
                                  0.23   data required time
                                 -0.71   data arrival time
-----------------------------------------------------------------------------
                                  0.48   slack (MET)


Startpoint: _454_ (rising edge-triggered flip-flop clocked by clk)
Endpoint: _454_ (rising edge-triggered flip-flop clocked by clk)
Path Group: clk
Path Type: min

Fanout     Cap    Slew   Delay    Time   Description
-----------------------------------------------------------------------------
                  0.15    0.00    0.00   clock clk (rise edge)
                          0.00    0.00   clock network delay (ideal)
                  0.15    0.00    0.00 ^ _454_/CLK (sky130_fd_sc_hd__dfrtp_2)
                  0.19    0.48    0.48 ^ _454_/Q (sky130_fd_sc_hd__dfrtp_2)
     2    0.04                           pwdata[30] (net)
                  0.19    0.00    0.48 ^ _385_/A1 (sky130_fd_sc_hd__mux2_2)
                  0.04    0.17    0.65 ^ _385_/X (sky130_fd_sc_hd__mux2_2)
     1    0.00                           _175_ (net)
                  0.04    0.00    0.65 ^ _386_/A (sky130_fd_sc_hd__buf_1)
                  0.04    0.07    0.72 ^ _386_/X (sky130_fd_sc_hd__buf_1)
     1    0.00                           _065_ (net)
                  0.04    0.00    0.72 ^ _454_/D (sky130_fd_sc_hd__dfrtp_2)
                                  0.72   data arrival time

                  0.15    0.00    0.00   clock clk (rise edge)
                          0.00    0.00   clock network delay (ideal)
                          0.25    0.25   clock uncertainty
                          0.00    0.25   clock reconvergence pessimism
                                  0.25 ^ _454_/CLK (sky130_fd_sc_hd__dfrtp_2)
                         -0.02    0.23   library hold time
                                  0.23   data required time
-----------------------------------------------------------------------------
                                  0.23   data required time
                                 -0.72   data arrival time
-----------------------------------------------------------------------------
                                  0.49   slack (MET)


Startpoint: _451_ (rising edge-triggered flip-flop clocked by clk)
Endpoint: _451_ (rising edge-triggered flip-flop clocked by clk)
Path Group: clk
Path Type: min

Fanout     Cap    Slew   Delay    Time   Description
-----------------------------------------------------------------------------
                  0.15    0.00    0.00   clock clk (rise edge)
                          0.00    0.00   clock network delay (ideal)
                  0.15    0.00    0.00 ^ _451_/CLK (sky130_fd_sc_hd__dfrtp_2)
                  0.19    0.48    0.48 ^ _451_/Q (sky130_fd_sc_hd__dfrtp_2)
     2    0.04                           pwdata[27] (net)
                  0.19    0.00    0.48 ^ _379_/A1 (sky130_fd_sc_hd__mux2_2)
                  0.04    0.17    0.65 ^ _379_/X (sky130_fd_sc_hd__mux2_2)
     1    0.00                           _172_ (net)
                  0.04    0.00    0.65 ^ _380_/A (sky130_fd_sc_hd__buf_1)
                  0.04    0.07    0.72 ^ _380_/X (sky130_fd_sc_hd__buf_1)
     1    0.00                           _062_ (net)
                  0.04    0.00    0.72 ^ _451_/D (sky130_fd_sc_hd__dfrtp_2)
                                  0.72   data arrival time

                  0.15    0.00    0.00   clock clk (rise edge)
                          0.00    0.00   clock network delay (ideal)
                          0.25    0.25   clock uncertainty
                          0.00    0.25   clock reconvergence pessimism
                                  0.25 ^ _451_/CLK (sky130_fd_sc_hd__dfrtp_2)
                         -0.02    0.23   library hold time
                                  0.23   data required time
-----------------------------------------------------------------------------
                                  0.23   data required time
                                 -0.72   data arrival time
-----------------------------------------------------------------------------
                                  0.49   slack (MET)


Startpoint: _452_ (rising edge-triggered flip-flop clocked by clk)
Endpoint: _452_ (rising edge-triggered flip-flop clocked by clk)
Path Group: clk
Path Type: min

Fanout     Cap    Slew   Delay    Time   Description
-----------------------------------------------------------------------------
                  0.15    0.00    0.00   clock clk (rise edge)
                          0.00    0.00   clock network delay (ideal)
                  0.15    0.00    0.00 ^ _452_/CLK (sky130_fd_sc_hd__dfrtp_2)
                  0.20    0.48    0.48 ^ _452_/Q (sky130_fd_sc_hd__dfrtp_2)
     2    0.04                           pwdata[28] (net)
                  0.20    0.00    0.48 ^ _381_/A1 (sky130_fd_sc_hd__mux2_2)
                  0.04    0.17    0.65 ^ _381_/X (sky130_fd_sc_hd__mux2_2)
     1    0.00                           _173_ (net)
                  0.04    0.00    0.65 ^ _382_/A (sky130_fd_sc_hd__buf_1)
                  0.04    0.07    0.72 ^ _382_/X (sky130_fd_sc_hd__buf_1)
     1    0.00                           _063_ (net)
                  0.04    0.00    0.72 ^ _452_/D (sky130_fd_sc_hd__dfrtp_2)
                                  0.72   data arrival time

                  0.15    0.00    0.00   clock clk (rise edge)
                          0.00    0.00   clock network delay (ideal)
                          0.25    0.25   clock uncertainty
                          0.00    0.25   clock reconvergence pessimism
                                  0.25 ^ _452_/CLK (sky130_fd_sc_hd__dfrtp_2)
                         -0.02    0.23   library hold time
                                  0.23   data required time
-----------------------------------------------------------------------------
                                  0.23   data required time
                                 -0.72   data arrival time
-----------------------------------------------------------------------------
                                  0.49   slack (MET)


Startpoint: _416_ (rising edge-triggered flip-flop clocked by clk)
Endpoint: _416_ (rising edge-triggered flip-flop clocked by clk)
Path Group: clk
Path Type: min

Fanout     Cap    Slew   Delay    Time   Description
-----------------------------------------------------------------------------
                  0.15    0.00    0.00   clock clk (rise edge)
                          0.00    0.00   clock network delay (ideal)
                  0.15    0.00    0.00 ^ _416_/CLK (sky130_fd_sc_hd__dfrtp_2)
                  0.20    0.48    0.48 ^ _416_/Q (sky130_fd_sc_hd__dfrtp_2)
     2    0.04                           paddr[24] (net)
                  0.20    0.00    0.48 ^ _306_/A1 (sky130_fd_sc_hd__mux2_2)
                  0.04    0.17    0.65 ^ _306_/X (sky130_fd_sc_hd__mux2_2)
     1    0.00                           _134_ (net)
                  0.04    0.00    0.65 ^ _307_/A (sky130_fd_sc_hd__buf_1)
                  0.04    0.07    0.72 ^ _307_/X (sky130_fd_sc_hd__buf_1)
     1    0.00                           _027_ (net)
                  0.04    0.00    0.72 ^ _416_/D (sky130_fd_sc_hd__dfrtp_2)
                                  0.72   data arrival time

                  0.15    0.00    0.00   clock clk (rise edge)
                          0.00    0.00   clock network delay (ideal)
                          0.25    0.25   clock uncertainty
                          0.00    0.25   clock reconvergence pessimism
                                  0.25 ^ _416_/CLK (sky130_fd_sc_hd__dfrtp_2)
                         -0.02    0.23   library hold time
                                  0.23   data required time
-----------------------------------------------------------------------------
                                  0.23   data required time
                                 -0.72   data arrival time
-----------------------------------------------------------------------------
                                  0.49   slack (MET)


Startpoint: _406_ (rising edge-triggered flip-flop clocked by clk)
Endpoint: _406_ (rising edge-triggered flip-flop clocked by clk)
Path Group: clk
Path Type: min

Fanout     Cap    Slew   Delay    Time   Description
-----------------------------------------------------------------------------
                  0.15    0.00    0.00   clock clk (rise edge)
                          0.00    0.00   clock network delay (ideal)
                  0.15    0.00    0.00 ^ _406_/CLK (sky130_fd_sc_hd__dfrtp_2)
                  0.20    0.48    0.48 ^ _406_/Q (sky130_fd_sc_hd__dfrtp_2)
     2    0.04                           paddr[14] (net)
                  0.20    0.00    0.48 ^ _285_/A1 (sky130_fd_sc_hd__mux2_2)
                  0.04    0.17    0.65 ^ _285_/X (sky130_fd_sc_hd__mux2_2)
     1    0.00                           _123_ (net)
                  0.04    0.00    0.65 ^ _286_/A (sky130_fd_sc_hd__buf_1)
                  0.04    0.07    0.72 ^ _286_/X (sky130_fd_sc_hd__buf_1)
     1    0.00                           _017_ (net)
                  0.04    0.00    0.72 ^ _406_/D (sky130_fd_sc_hd__dfrtp_2)
                                  0.72   data arrival time

                  0.15    0.00    0.00   clock clk (rise edge)
                          0.00    0.00   clock network delay (ideal)
                          0.25    0.25   clock uncertainty
                          0.00    0.25   clock reconvergence pessimism
                                  0.25 ^ _406_/CLK (sky130_fd_sc_hd__dfrtp_2)
                         -0.02    0.23   library hold time
                                  0.23   data required time
-----------------------------------------------------------------------------
                                  0.23   data required time
                                 -0.72   data arrival time
-----------------------------------------------------------------------------
                                  0.49   slack (MET)


Startpoint: _432_ (rising edge-triggered flip-flop clocked by clk)
Endpoint: _432_ (rising edge-triggered flip-flop clocked by clk)
Path Group: clk
Path Type: min

Fanout     Cap    Slew   Delay    Time   Description
-----------------------------------------------------------------------------
                  0.15    0.00    0.00   clock clk (rise edge)
                          0.00    0.00   clock network delay (ideal)
                  0.15    0.00    0.00 ^ _432_/CLK (sky130_fd_sc_hd__dfrtp_2)
                  0.20    0.48    0.48 ^ _432_/Q (sky130_fd_sc_hd__dfrtp_2)
     2    0.04                           pwdata[8] (net)
                  0.20    0.00    0.48 ^ _340_/A1 (sky130_fd_sc_hd__mux2_2)
                  0.04    0.17    0.65 ^ _340_/X (sky130_fd_sc_hd__mux2_2)
     1    0.00                           _152_ (net)
                  0.04    0.00    0.65 ^ _341_/A (sky130_fd_sc_hd__buf_1)
                  0.04    0.07    0.72 ^ _341_/X (sky130_fd_sc_hd__buf_1)
     1    0.00                           _043_ (net)
                  0.04    0.00    0.72 ^ _432_/D (sky130_fd_sc_hd__dfrtp_2)
                                  0.72   data arrival time

                  0.15    0.00    0.00   clock clk (rise edge)
                          0.00    0.00   clock network delay (ideal)
                          0.25    0.25   clock uncertainty
                          0.00    0.25   clock reconvergence pessimism
                                  0.25 ^ _432_/CLK (sky130_fd_sc_hd__dfrtp_2)
                         -0.02    0.23   library hold time
                                  0.23   data required time
-----------------------------------------------------------------------------
                                  0.23   data required time
                                 -0.72   data arrival time
-----------------------------------------------------------------------------
                                  0.49   slack (MET)


Startpoint: _426_ (rising edge-triggered flip-flop clocked by clk)
Endpoint: _426_ (rising edge-triggered flip-flop clocked by clk)
Path Group: clk
Path Type: min

Fanout     Cap    Slew   Delay    Time   Description
-----------------------------------------------------------------------------
                  0.15    0.00    0.00   clock clk (rise edge)
                          0.00    0.00   clock network delay (ideal)
                  0.15    0.00    0.00 ^ _426_/CLK (sky130_fd_sc_hd__dfrtp_2)
                  0.21    0.49    0.49 ^ _426_/Q (sky130_fd_sc_hd__dfrtp_2)
     2    0.04                           pwdata[2] (net)
                  0.21    0.00    0.49 ^ _327_/A1 (sky130_fd_sc_hd__mux2_2)
                  0.04    0.17    0.66 ^ _327_/X (sky130_fd_sc_hd__mux2_2)
     1    0.00                           _145_ (net)
                  0.04    0.00    0.66 ^ _328_/A (sky130_fd_sc_hd__buf_1)
                  0.04    0.07    0.73 ^ _328_/X (sky130_fd_sc_hd__buf_1)
     1    0.00                           _037_ (net)
                  0.04    0.00    0.73 ^ _426_/D (sky130_fd_sc_hd__dfrtp_2)
                                  0.73   data arrival time

                  0.15    0.00    0.00   clock clk (rise edge)
                          0.00    0.00   clock network delay (ideal)
                          0.25    0.25   clock uncertainty
                          0.00    0.25   clock reconvergence pessimism
                                  0.25 ^ _426_/CLK (sky130_fd_sc_hd__dfrtp_2)
                         -0.02    0.23   library hold time
                                  0.23   data required time
-----------------------------------------------------------------------------
                                  0.23   data required time
                                 -0.73   data arrival time
-----------------------------------------------------------------------------
                                  0.50   slack (MET)


Startpoint: _430_ (rising edge-triggered flip-flop clocked by clk)
Endpoint: _430_ (rising edge-triggered flip-flop clocked by clk)
Path Group: clk
Path Type: min

Fanout     Cap    Slew   Delay    Time   Description
-----------------------------------------------------------------------------
                  0.15    0.00    0.00   clock clk (rise edge)
                          0.00    0.00   clock network delay (ideal)
                  0.15    0.00    0.00 ^ _430_/CLK (sky130_fd_sc_hd__dfrtp_2)
                  0.21    0.49    0.49 ^ _430_/Q (sky130_fd_sc_hd__dfrtp_2)
     2    0.04                           pwdata[6] (net)
                  0.21    0.00    0.49 ^ _336_/A1 (sky130_fd_sc_hd__mux2_2)
                  0.04    0.17    0.66 ^ _336_/X (sky130_fd_sc_hd__mux2_2)
     1    0.00                           _150_ (net)
                  0.04    0.00    0.66 ^ _337_/A (sky130_fd_sc_hd__buf_1)
                  0.04    0.07    0.73 ^ _337_/X (sky130_fd_sc_hd__buf_1)
     1    0.00                           _041_ (net)
                  0.04    0.00    0.73 ^ _430_/D (sky130_fd_sc_hd__dfrtp_2)
                                  0.73   data arrival time

                  0.15    0.00    0.00   clock clk (rise edge)
                          0.00    0.00   clock network delay (ideal)
                          0.25    0.25   clock uncertainty
                          0.00    0.25   clock reconvergence pessimism
                                  0.25 ^ _430_/CLK (sky130_fd_sc_hd__dfrtp_2)
                         -0.02    0.23   library hold time
                                  0.23   data required time
-----------------------------------------------------------------------------
                                  0.23   data required time
                                 -0.73   data arrival time
-----------------------------------------------------------------------------
                                  0.50   slack (MET)


Startpoint: _433_ (rising edge-triggered flip-flop clocked by clk)
Endpoint: _433_ (rising edge-triggered flip-flop clocked by clk)
Path Group: clk
Path Type: min

Fanout     Cap    Slew   Delay    Time   Description
-----------------------------------------------------------------------------
                  0.15    0.00    0.00   clock clk (rise edge)
                          0.00    0.00   clock network delay (ideal)
                  0.15    0.00    0.00 ^ _433_/CLK (sky130_fd_sc_hd__dfrtp_2)
                  0.21    0.49    0.49 ^ _433_/Q (sky130_fd_sc_hd__dfrtp_2)
     2    0.04                           pwdata[9] (net)
                  0.21    0.00    0.49 ^ _342_/A1 (sky130_fd_sc_hd__mux2_2)
                  0.04    0.17    0.66 ^ _342_/X (sky130_fd_sc_hd__mux2_2)
     1    0.00                           _153_ (net)
                  0.04    0.00    0.66 ^ _343_/A (sky130_fd_sc_hd__buf_1)
                  0.04    0.07    0.73 ^ _343_/X (sky130_fd_sc_hd__buf_1)
     1    0.00                           _044_ (net)
                  0.04    0.00    0.73 ^ _433_/D (sky130_fd_sc_hd__dfrtp_2)
                                  0.73   data arrival time

                  0.15    0.00    0.00   clock clk (rise edge)
                          0.00    0.00   clock network delay (ideal)
                          0.25    0.25   clock uncertainty
                          0.00    0.25   clock reconvergence pessimism
                                  0.25 ^ _433_/CLK (sky130_fd_sc_hd__dfrtp_2)
                         -0.02    0.23   library hold time
                                  0.23   data required time
-----------------------------------------------------------------------------
                                  0.23   data required time
                                 -0.73   data arrival time
-----------------------------------------------------------------------------
                                  0.50   slack (MET)


Startpoint: _407_ (rising edge-triggered flip-flop clocked by clk)
Endpoint: _407_ (rising edge-triggered flip-flop clocked by clk)
Path Group: clk
Path Type: min

Fanout     Cap    Slew   Delay    Time   Description
-----------------------------------------------------------------------------
                  0.15    0.00    0.00   clock clk (rise edge)
                          0.00    0.00   clock network delay (ideal)
                  0.15    0.00    0.00 ^ _407_/CLK (sky130_fd_sc_hd__dfrtp_2)
                  0.21    0.49    0.49 ^ _407_/Q (sky130_fd_sc_hd__dfrtp_2)
     2    0.04                           paddr[15] (net)
                  0.21    0.00    0.49 ^ _287_/A1 (sky130_fd_sc_hd__mux2_2)
                  0.04    0.17    0.66 ^ _287_/X (sky130_fd_sc_hd__mux2_2)
     1    0.00                           _124_ (net)
                  0.04    0.00    0.66 ^ _288_/A (sky130_fd_sc_hd__buf_1)
                  0.04    0.07    0.73 ^ _288_/X (sky130_fd_sc_hd__buf_1)
     1    0.00                           _018_ (net)
                  0.04    0.00    0.73 ^ _407_/D (sky130_fd_sc_hd__dfrtp_2)
                                  0.73   data arrival time

                  0.15    0.00    0.00   clock clk (rise edge)
                          0.00    0.00   clock network delay (ideal)
                          0.25    0.25   clock uncertainty
                          0.00    0.25   clock reconvergence pessimism
                                  0.25 ^ _407_/CLK (sky130_fd_sc_hd__dfrtp_2)
                         -0.02    0.23   library hold time
                                  0.23   data required time
-----------------------------------------------------------------------------
                                  0.23   data required time
                                 -0.73   data arrival time
-----------------------------------------------------------------------------
                                  0.50   slack (MET)


Startpoint: _450_ (rising edge-triggered flip-flop clocked by clk)
Endpoint: _450_ (rising edge-triggered flip-flop clocked by clk)
Path Group: clk
Path Type: min

Fanout     Cap    Slew   Delay    Time   Description
-----------------------------------------------------------------------------
                  0.15    0.00    0.00   clock clk (rise edge)
                          0.00    0.00   clock network delay (ideal)
                  0.15    0.00    0.00 ^ _450_/CLK (sky130_fd_sc_hd__dfrtp_2)
                  0.21    0.49    0.49 ^ _450_/Q (sky130_fd_sc_hd__dfrtp_2)
     2    0.04                           pwdata[26] (net)
                  0.21    0.00    0.49 ^ _377_/A1 (sky130_fd_sc_hd__mux2_2)
                  0.04    0.17    0.66 ^ _377_/X (sky130_fd_sc_hd__mux2_2)
     1    0.00                           _171_ (net)
                  0.04    0.00    0.66 ^ _378_/A (sky130_fd_sc_hd__buf_1)
                  0.04    0.07    0.73 ^ _378_/X (sky130_fd_sc_hd__buf_1)
     1    0.00                           _061_ (net)
                  0.04    0.00    0.73 ^ _450_/D (sky130_fd_sc_hd__dfrtp_2)
                                  0.73   data arrival time

                  0.15    0.00    0.00   clock clk (rise edge)
                          0.00    0.00   clock network delay (ideal)
                          0.25    0.25   clock uncertainty
                          0.00    0.25   clock reconvergence pessimism
                                  0.25 ^ _450_/CLK (sky130_fd_sc_hd__dfrtp_2)
                         -0.02    0.23   library hold time
                                  0.23   data required time
-----------------------------------------------------------------------------
                                  0.23   data required time
                                 -0.73   data arrival time
-----------------------------------------------------------------------------
                                  0.50   slack (MET)


Startpoint: _423_ (rising edge-triggered flip-flop clocked by clk)
Endpoint: _423_ (rising edge-triggered flip-flop clocked by clk)
Path Group: clk
Path Type: min

Fanout     Cap    Slew   Delay    Time   Description
-----------------------------------------------------------------------------
                  0.15    0.00    0.00   clock clk (rise edge)
                          0.00    0.00   clock network delay (ideal)
                  0.15    0.00    0.00 ^ _423_/CLK (sky130_fd_sc_hd__dfrtp_2)
                  0.21    0.49    0.49 ^ _423_/Q (sky130_fd_sc_hd__dfrtp_2)
     2    0.04                           paddr[31] (net)
                  0.21    0.00    0.49 ^ _321_/A1 (sky130_fd_sc_hd__mux2_2)
                  0.03    0.17    0.67 ^ _321_/X (sky130_fd_sc_hd__mux2_2)
     1    0.00                           _142_ (net)
                  0.03    0.00    0.67 ^ _322_/A (sky130_fd_sc_hd__buf_1)
                  0.04    0.07    0.73 ^ _322_/X (sky130_fd_sc_hd__buf_1)
     1    0.00                           _034_ (net)
                  0.04    0.00    0.73 ^ _423_/D (sky130_fd_sc_hd__dfrtp_2)
                                  0.73   data arrival time

                  0.15    0.00    0.00   clock clk (rise edge)
                          0.00    0.00   clock network delay (ideal)
                          0.25    0.25   clock uncertainty
                          0.00    0.25   clock reconvergence pessimism
                                  0.25 ^ _423_/CLK (sky130_fd_sc_hd__dfrtp_2)
                         -0.02    0.23   library hold time
                                  0.23   data required time
-----------------------------------------------------------------------------
                                  0.23   data required time
                                 -0.73   data arrival time
-----------------------------------------------------------------------------
                                  0.50   slack (MET)


Startpoint: _400_ (rising edge-triggered flip-flop clocked by clk)
Endpoint: _400_ (rising edge-triggered flip-flop clocked by clk)
Path Group: clk
Path Type: min

Fanout     Cap    Slew   Delay    Time   Description
-----------------------------------------------------------------------------
                  0.15    0.00    0.00   clock clk (rise edge)
                          0.00    0.00   clock network delay (ideal)
                  0.15    0.00    0.00 ^ _400_/CLK (sky130_fd_sc_hd__dfrtp_2)
                  0.22    0.49    0.49 ^ _400_/Q (sky130_fd_sc_hd__dfrtp_2)
     2    0.04                           paddr[8] (net)
                  0.22    0.00    0.49 ^ _273_/A1 (sky130_fd_sc_hd__mux2_2)
                  0.04    0.18    0.67 ^ _273_/X (sky130_fd_sc_hd__mux2_2)
     1    0.00                           _117_ (net)
                  0.04    0.00    0.67 ^ _274_/A (sky130_fd_sc_hd__buf_1)
                  0.04    0.07    0.74 ^ _274_/X (sky130_fd_sc_hd__buf_1)
     1    0.00                           _011_ (net)
                  0.04    0.00    0.74 ^ _400_/D (sky130_fd_sc_hd__dfrtp_2)
                                  0.74   data arrival time

                  0.15    0.00    0.00   clock clk (rise edge)
                          0.00    0.00   clock network delay (ideal)
                          0.25    0.25   clock uncertainty
                          0.00    0.25   clock reconvergence pessimism
                                  0.25 ^ _400_/CLK (sky130_fd_sc_hd__dfrtp_2)
                         -0.02    0.23   library hold time
                                  0.23   data required time
-----------------------------------------------------------------------------
                                  0.23   data required time
                                 -0.74   data arrival time
-----------------------------------------------------------------------------
                                  0.50   slack (MET)


Startpoint: _444_ (rising edge-triggered flip-flop clocked by clk)
Endpoint: _444_ (rising edge-triggered flip-flop clocked by clk)
Path Group: clk
Path Type: min

Fanout     Cap    Slew   Delay    Time   Description
-----------------------------------------------------------------------------
                  0.15    0.00    0.00   clock clk (rise edge)
                          0.00    0.00   clock network delay (ideal)
                  0.15    0.00    0.00 ^ _444_/CLK (sky130_fd_sc_hd__dfrtp_2)
                  0.22    0.49    0.49 ^ _444_/Q (sky130_fd_sc_hd__dfrtp_2)
     2    0.04                           pwdata[20] (net)
                  0.22    0.00    0.49 ^ _365_/A1 (sky130_fd_sc_hd__mux2_2)
                  0.04    0.18    0.67 ^ _365_/X (sky130_fd_sc_hd__mux2_2)
     1    0.00                           _165_ (net)
                  0.04    0.00    0.67 ^ _366_/A (sky130_fd_sc_hd__buf_1)
                  0.04    0.07    0.74 ^ _366_/X (sky130_fd_sc_hd__buf_1)
     1    0.00                           _055_ (net)
                  0.04    0.00    0.74 ^ _444_/D (sky130_fd_sc_hd__dfrtp_2)
                                  0.74   data arrival time

                  0.15    0.00    0.00   clock clk (rise edge)
                          0.00    0.00   clock network delay (ideal)
                          0.25    0.25   clock uncertainty
                          0.00    0.25   clock reconvergence pessimism
                                  0.25 ^ _444_/CLK (sky130_fd_sc_hd__dfrtp_2)
                         -0.02    0.23   library hold time
                                  0.23   data required time
-----------------------------------------------------------------------------
                                  0.23   data required time
                                 -0.74   data arrival time
-----------------------------------------------------------------------------
                                  0.51   slack (MET)


Startpoint: _445_ (rising edge-triggered flip-flop clocked by clk)
Endpoint: _445_ (rising edge-triggered flip-flop clocked by clk)
Path Group: clk
Path Type: min

Fanout     Cap    Slew   Delay    Time   Description
-----------------------------------------------------------------------------
                  0.15    0.00    0.00   clock clk (rise edge)
                          0.00    0.00   clock network delay (ideal)
                  0.15    0.00    0.00 ^ _445_/CLK (sky130_fd_sc_hd__dfrtp_2)
                  0.22    0.49    0.49 ^ _445_/Q (sky130_fd_sc_hd__dfrtp_2)
     2    0.04                           pwdata[21] (net)
                  0.22    0.00    0.49 ^ _367_/A1 (sky130_fd_sc_hd__mux2_2)
                  0.04    0.18    0.67 ^ _367_/X (sky130_fd_sc_hd__mux2_2)
     1    0.00                           _166_ (net)
                  0.04    0.00    0.67 ^ _368_/A (sky130_fd_sc_hd__buf_1)
                  0.04    0.07    0.74 ^ _368_/X (sky130_fd_sc_hd__buf_1)
     1    0.00                           _056_ (net)
                  0.04    0.00    0.74 ^ _445_/D (sky130_fd_sc_hd__dfrtp_2)
                                  0.74   data arrival time

                  0.15    0.00    0.00   clock clk (rise edge)
                          0.00    0.00   clock network delay (ideal)
                          0.25    0.25   clock uncertainty
                          0.00    0.25   clock reconvergence pessimism
                                  0.25 ^ _445_/CLK (sky130_fd_sc_hd__dfrtp_2)
                         -0.02    0.23   library hold time
                                  0.23   data required time
-----------------------------------------------------------------------------
                                  0.23   data required time
                                 -0.74   data arrival time
-----------------------------------------------------------------------------
                                  0.51   slack (MET)


Startpoint: _431_ (rising edge-triggered flip-flop clocked by clk)
Endpoint: _431_ (rising edge-triggered flip-flop clocked by clk)
Path Group: clk
Path Type: min

Fanout     Cap    Slew   Delay    Time   Description
-----------------------------------------------------------------------------
                  0.15    0.00    0.00   clock clk (rise edge)
                          0.00    0.00   clock network delay (ideal)
                  0.15    0.00    0.00 ^ _431_/CLK (sky130_fd_sc_hd__dfrtp_2)
                  0.22    0.49    0.49 ^ _431_/Q (sky130_fd_sc_hd__dfrtp_2)
     2    0.04                           pwdata[7] (net)
                  0.22    0.00    0.49 ^ _338_/A1 (sky130_fd_sc_hd__mux2_2)
                  0.04    0.18    0.67 ^ _338_/X (sky130_fd_sc_hd__mux2_2)
     1    0.00                           _151_ (net)
                  0.04    0.00    0.67 ^ _339_/A (sky130_fd_sc_hd__buf_1)
                  0.04    0.07    0.74 ^ _339_/X (sky130_fd_sc_hd__buf_1)
     1    0.00                           _042_ (net)
                  0.04    0.00    0.74 ^ _431_/D (sky130_fd_sc_hd__dfrtp_2)
                                  0.74   data arrival time

                  0.15    0.00    0.00   clock clk (rise edge)
                          0.00    0.00   clock network delay (ideal)
                          0.25    0.25   clock uncertainty
                          0.00    0.25   clock reconvergence pessimism
                                  0.25 ^ _431_/CLK (sky130_fd_sc_hd__dfrtp_2)
                         -0.02    0.23   library hold time
                                  0.23   data required time
-----------------------------------------------------------------------------
                                  0.23   data required time
                                 -0.74   data arrival time
-----------------------------------------------------------------------------
                                  0.51   slack (MET)


Startpoint: _421_ (rising edge-triggered flip-flop clocked by clk)
Endpoint: _421_ (rising edge-triggered flip-flop clocked by clk)
Path Group: clk
Path Type: min

Fanout     Cap    Slew   Delay    Time   Description
-----------------------------------------------------------------------------
                  0.15    0.00    0.00   clock clk (rise edge)
                          0.00    0.00   clock network delay (ideal)
                  0.15    0.00    0.00 ^ _421_/CLK (sky130_fd_sc_hd__dfrtp_2)
                  0.22    0.49    0.49 ^ _421_/Q (sky130_fd_sc_hd__dfrtp_2)
     2    0.05                           paddr[29] (net)
                  0.22    0.00    0.49 ^ _317_/A1 (sky130_fd_sc_hd__mux2_2)
                  0.04    0.18    0.67 ^ _317_/X (sky130_fd_sc_hd__mux2_2)
     1    0.00                           _140_ (net)
                  0.04    0.00    0.67 ^ _318_/A (sky130_fd_sc_hd__buf_1)
                  0.04    0.07    0.74 ^ _318_/X (sky130_fd_sc_hd__buf_1)
     1    0.00                           _032_ (net)
                  0.04    0.00    0.74 ^ _421_/D (sky130_fd_sc_hd__dfrtp_2)
                                  0.74   data arrival time

                  0.15    0.00    0.00   clock clk (rise edge)
                          0.00    0.00   clock network delay (ideal)
                          0.25    0.25   clock uncertainty
                          0.00    0.25   clock reconvergence pessimism
                                  0.25 ^ _421_/CLK (sky130_fd_sc_hd__dfrtp_2)
                         -0.02    0.23   library hold time
                                  0.23   data required time
-----------------------------------------------------------------------------
                                  0.23   data required time
                                 -0.74   data arrival time
-----------------------------------------------------------------------------
                                  0.51   slack (MET)


Startpoint: _455_ (rising edge-triggered flip-flop clocked by clk)
Endpoint: _455_ (rising edge-triggered flip-flop clocked by clk)
Path Group: clk
Path Type: min

Fanout     Cap    Slew   Delay    Time   Description
-----------------------------------------------------------------------------
                  0.15    0.00    0.00   clock clk (rise edge)
                          0.00    0.00   clock network delay (ideal)
                  0.15    0.00    0.00 ^ _455_/CLK (sky130_fd_sc_hd__dfrtp_2)
                  0.22    0.49    0.49 ^ _455_/Q (sky130_fd_sc_hd__dfrtp_2)
     2    0.05                           pwdata[31] (net)
                  0.22    0.00    0.49 ^ _387_/A1 (sky130_fd_sc_hd__mux2_2)
                  0.04    0.18    0.67 ^ _387_/X (sky130_fd_sc_hd__mux2_2)
     1    0.00                           _176_ (net)
                  0.04    0.00    0.67 ^ _388_/A (sky130_fd_sc_hd__buf_1)
                  0.04    0.07    0.74 ^ _388_/X (sky130_fd_sc_hd__buf_1)
     1    0.00                           _066_ (net)
                  0.04    0.00    0.74 ^ _455_/D (sky130_fd_sc_hd__dfrtp_2)
                                  0.74   data arrival time

                  0.15    0.00    0.00   clock clk (rise edge)
                          0.00    0.00   clock network delay (ideal)
                          0.25    0.25   clock uncertainty
                          0.00    0.25   clock reconvergence pessimism
                                  0.25 ^ _455_/CLK (sky130_fd_sc_hd__dfrtp_2)
                         -0.02    0.23   library hold time
                                  0.23   data required time
-----------------------------------------------------------------------------
                                  0.23   data required time
                                 -0.74   data arrival time
-----------------------------------------------------------------------------
                                  0.51   slack (MET)


Startpoint: _417_ (rising edge-triggered flip-flop clocked by clk)
Endpoint: _417_ (rising edge-triggered flip-flop clocked by clk)
Path Group: clk
Path Type: min

Fanout     Cap    Slew   Delay    Time   Description
-----------------------------------------------------------------------------
                  0.15    0.00    0.00   clock clk (rise edge)
                          0.00    0.00   clock network delay (ideal)
                  0.15    0.00    0.00 ^ _417_/CLK (sky130_fd_sc_hd__dfrtp_2)
                  0.22    0.50    0.50 ^ _417_/Q (sky130_fd_sc_hd__dfrtp_2)
     2    0.05                           paddr[25] (net)
                  0.22    0.00    0.50 ^ _308_/A1 (sky130_fd_sc_hd__mux2_2)
                  0.04    0.18    0.67 ^ _308_/X (sky130_fd_sc_hd__mux2_2)
     1    0.00                           _135_ (net)
                  0.04    0.00    0.67 ^ _309_/A (sky130_fd_sc_hd__buf_1)
                  0.04    0.07    0.74 ^ _309_/X (sky130_fd_sc_hd__buf_1)
     1    0.00                           _028_ (net)
                  0.04    0.00    0.74 ^ _417_/D (sky130_fd_sc_hd__dfrtp_2)
                                  0.74   data arrival time

                  0.15    0.00    0.00   clock clk (rise edge)
                          0.00    0.00   clock network delay (ideal)
                          0.25    0.25   clock uncertainty
                          0.00    0.25   clock reconvergence pessimism
                                  0.25 ^ _417_/CLK (sky130_fd_sc_hd__dfrtp_2)
                         -0.02    0.23   library hold time
                                  0.23   data required time
-----------------------------------------------------------------------------
                                  0.23   data required time
                                 -0.74   data arrival time
-----------------------------------------------------------------------------
                                  0.51   slack (MET)


Startpoint: _442_ (rising edge-triggered flip-flop clocked by clk)
Endpoint: _442_ (rising edge-triggered flip-flop clocked by clk)
Path Group: clk
Path Type: min

Fanout     Cap    Slew   Delay    Time   Description
-----------------------------------------------------------------------------
                  0.15    0.00    0.00   clock clk (rise edge)
                          0.00    0.00   clock network delay (ideal)
                  0.15    0.00    0.00 ^ _442_/CLK (sky130_fd_sc_hd__dfrtp_2)
                  0.23    0.50    0.50 ^ _442_/Q (sky130_fd_sc_hd__dfrtp_2)
     2    0.05                           pwdata[18] (net)
                  0.23    0.00    0.50 ^ _361_/A1 (sky130_fd_sc_hd__mux2_2)
                  0.04    0.18    0.68 ^ _361_/X (sky130_fd_sc_hd__mux2_2)
     1    0.00                           _163_ (net)
                  0.04    0.00    0.68 ^ _362_/A (sky130_fd_sc_hd__buf_1)
                  0.04    0.07    0.75 ^ _362_/X (sky130_fd_sc_hd__buf_1)
     1    0.00                           _053_ (net)
                  0.04    0.00    0.75 ^ _442_/D (sky130_fd_sc_hd__dfrtp_2)
                                  0.75   data arrival time

                  0.15    0.00    0.00   clock clk (rise edge)
                          0.00    0.00   clock network delay (ideal)
                          0.25    0.25   clock uncertainty
                          0.00    0.25   clock reconvergence pessimism
                                  0.25 ^ _442_/CLK (sky130_fd_sc_hd__dfrtp_2)
                         -0.02    0.23   library hold time
                                  0.23   data required time
-----------------------------------------------------------------------------
                                  0.23   data required time
                                 -0.75   data arrival time
-----------------------------------------------------------------------------
                                  0.52   slack (MET)


Startpoint: _414_ (rising edge-triggered flip-flop clocked by clk)
Endpoint: _414_ (rising edge-triggered flip-flop clocked by clk)
Path Group: clk
Path Type: min

Fanout     Cap    Slew   Delay    Time   Description
-----------------------------------------------------------------------------
                  0.15    0.00    0.00   clock clk (rise edge)
                          0.00    0.00   clock network delay (ideal)
                  0.15    0.00    0.00 ^ _414_/CLK (sky130_fd_sc_hd__dfrtp_2)
                  0.23    0.50    0.50 ^ _414_/Q (sky130_fd_sc_hd__dfrtp_2)
     2    0.05                           paddr[22] (net)
                  0.23    0.00    0.50 ^ _302_/A1 (sky130_fd_sc_hd__mux2_2)
                  0.04    0.18    0.68 ^ _302_/X (sky130_fd_sc_hd__mux2_2)
     1    0.00                           _132_ (net)
                  0.04    0.00    0.68 ^ _303_/A (sky130_fd_sc_hd__buf_1)
                  0.04    0.07    0.75 ^ _303_/X (sky130_fd_sc_hd__buf_1)
     1    0.00                           _025_ (net)
                  0.04    0.00    0.75 ^ _414_/D (sky130_fd_sc_hd__dfrtp_2)
                                  0.75   data arrival time

                  0.15    0.00    0.00   clock clk (rise edge)
                          0.00    0.00   clock network delay (ideal)
                          0.25    0.25   clock uncertainty
                          0.00    0.25   clock reconvergence pessimism
                                  0.25 ^ _414_/CLK (sky130_fd_sc_hd__dfrtp_2)
                         -0.02    0.23   library hold time
                                  0.23   data required time
-----------------------------------------------------------------------------
                                  0.23   data required time
                                 -0.75   data arrival time
-----------------------------------------------------------------------------
                                  0.52   slack (MET)


Startpoint: _399_ (rising edge-triggered flip-flop clocked by clk)
Endpoint: _399_ (rising edge-triggered flip-flop clocked by clk)
Path Group: clk
Path Type: min

Fanout     Cap    Slew   Delay    Time   Description
-----------------------------------------------------------------------------
                  0.15    0.00    0.00   clock clk (rise edge)
                          0.00    0.00   clock network delay (ideal)
                  0.15    0.00    0.00 ^ _399_/CLK (sky130_fd_sc_hd__dfrtp_2)
                  0.23    0.50    0.50 ^ _399_/Q (sky130_fd_sc_hd__dfrtp_2)
     2    0.05                           paddr[7] (net)
                  0.23    0.00    0.50 ^ _269_/A1 (sky130_fd_sc_hd__mux2_2)
                  0.04    0.18    0.68 ^ _269_/X (sky130_fd_sc_hd__mux2_2)
     1    0.00                           _114_ (net)
                  0.04    0.00    0.68 ^ _270_/A (sky130_fd_sc_hd__buf_1)
                  0.04    0.07    0.75 ^ _270_/X (sky130_fd_sc_hd__buf_1)
     1    0.00                           _010_ (net)
                  0.04    0.00    0.75 ^ _399_/D (sky130_fd_sc_hd__dfrtp_2)
                                  0.75   data arrival time

                  0.15    0.00    0.00   clock clk (rise edge)
                          0.00    0.00   clock network delay (ideal)
                          0.25    0.25   clock uncertainty
                          0.00    0.25   clock reconvergence pessimism
                                  0.25 ^ _399_/CLK (sky130_fd_sc_hd__dfrtp_2)
                         -0.02    0.23   library hold time
                                  0.23   data required time
-----------------------------------------------------------------------------
                                  0.23   data required time
                                 -0.75   data arrival time
-----------------------------------------------------------------------------
                                  0.52   slack (MET)


Startpoint: _440_ (rising edge-triggered flip-flop clocked by clk)
Endpoint: _440_ (rising edge-triggered flip-flop clocked by clk)
Path Group: clk
Path Type: min

Fanout     Cap    Slew   Delay    Time   Description
-----------------------------------------------------------------------------
                  0.15    0.00    0.00   clock clk (rise edge)
                          0.00    0.00   clock network delay (ideal)
                  0.15    0.00    0.00 ^ _440_/CLK (sky130_fd_sc_hd__dfrtp_2)
                  0.23    0.50    0.50 ^ _440_/Q (sky130_fd_sc_hd__dfrtp_2)
     2    0.05                           pwdata[16] (net)
                  0.23    0.00    0.50 ^ _357_/A1 (sky130_fd_sc_hd__mux2_2)
                  0.04    0.18    0.68 ^ _357_/X (sky130_fd_sc_hd__mux2_2)
     1    0.00                           _161_ (net)
                  0.04    0.00    0.68 ^ _358_/A (sky130_fd_sc_hd__buf_1)
                  0.04    0.07    0.75 ^ _358_/X (sky130_fd_sc_hd__buf_1)
     1    0.00                           _051_ (net)
                  0.04    0.00    0.75 ^ _440_/D (sky130_fd_sc_hd__dfrtp_2)
                                  0.75   data arrival time

                  0.15    0.00    0.00   clock clk (rise edge)
                          0.00    0.00   clock network delay (ideal)
                          0.25    0.25   clock uncertainty
                          0.00    0.25   clock reconvergence pessimism
                                  0.25 ^ _440_/CLK (sky130_fd_sc_hd__dfrtp_2)
                         -0.02    0.23   library hold time
                                  0.23   data required time
-----------------------------------------------------------------------------
                                  0.23   data required time
                                 -0.75   data arrival time
-----------------------------------------------------------------------------
                                  0.52   slack (MET)


Startpoint: _394_ (rising edge-triggered flip-flop clocked by clk)
Endpoint: _394_ (rising edge-triggered flip-flop clocked by clk)
Path Group: clk
Path Type: min

Fanout     Cap    Slew   Delay    Time   Description
-----------------------------------------------------------------------------
                  0.15    0.00    0.00   clock clk (rise edge)
                          0.00    0.00   clock network delay (ideal)
                  0.15    0.00    0.00 ^ _394_/CLK (sky130_fd_sc_hd__dfrtp_2)
                  0.23    0.50    0.50 ^ _394_/Q (sky130_fd_sc_hd__dfrtp_2)
     2    0.05                           paddr[2] (net)
                  0.23    0.00    0.50 ^ _259_/A1 (sky130_fd_sc_hd__mux2_2)
                  0.04    0.18    0.68 ^ _259_/X (sky130_fd_sc_hd__mux2_2)
     1    0.00                           _109_ (net)
                  0.04    0.00    0.68 ^ _260_/A (sky130_fd_sc_hd__buf_1)
                  0.04    0.07    0.75 ^ _260_/X (sky130_fd_sc_hd__buf_1)
     1    0.00                           _005_ (net)
                  0.04    0.00    0.75 ^ _394_/D (sky130_fd_sc_hd__dfrtp_2)
                                  0.75   data arrival time

                  0.15    0.00    0.00   clock clk (rise edge)
                          0.00    0.00   clock network delay (ideal)
                          0.25    0.25   clock uncertainty
                          0.00    0.25   clock reconvergence pessimism
                                  0.25 ^ _394_/CLK (sky130_fd_sc_hd__dfrtp_2)
                         -0.02    0.23   library hold time
                                  0.23   data required time
-----------------------------------------------------------------------------
                                  0.23   data required time
                                 -0.75   data arrival time
-----------------------------------------------------------------------------
                                  0.52   slack (MET)


Startpoint: _437_ (rising edge-triggered flip-flop clocked by clk)
Endpoint: _437_ (rising edge-triggered flip-flop clocked by clk)
Path Group: clk
Path Type: min

Fanout     Cap    Slew   Delay    Time   Description
-----------------------------------------------------------------------------
                  0.15    0.00    0.00   clock clk (rise edge)
                          0.00    0.00   clock network delay (ideal)
                  0.15    0.00    0.00 ^ _437_/CLK (sky130_fd_sc_hd__dfrtp_2)
                  0.23    0.50    0.50 ^ _437_/Q (sky130_fd_sc_hd__dfrtp_2)
     2    0.05                           pwdata[13] (net)
                  0.23    0.00    0.50 ^ _350_/A1 (sky130_fd_sc_hd__mux2_2)
                  0.04    0.18    0.68 ^ _350_/X (sky130_fd_sc_hd__mux2_2)
     1    0.00                           _157_ (net)
                  0.04    0.00    0.68 ^ _351_/A (sky130_fd_sc_hd__buf_1)
                  0.04    0.07    0.75 ^ _351_/X (sky130_fd_sc_hd__buf_1)
     1    0.00                           _048_ (net)
                  0.04    0.00    0.75 ^ _437_/D (sky130_fd_sc_hd__dfrtp_2)
                                  0.75   data arrival time

                  0.15    0.00    0.00   clock clk (rise edge)
                          0.00    0.00   clock network delay (ideal)
                          0.25    0.25   clock uncertainty
                          0.00    0.25   clock reconvergence pessimism
                                  0.25 ^ _437_/CLK (sky130_fd_sc_hd__dfrtp_2)
                         -0.02    0.23   library hold time
                                  0.23   data required time
-----------------------------------------------------------------------------
                                  0.23   data required time
                                 -0.75   data arrival time
-----------------------------------------------------------------------------
                                  0.52   slack (MET)


Startpoint: _446_ (rising edge-triggered flip-flop clocked by clk)
Endpoint: _446_ (rising edge-triggered flip-flop clocked by clk)
Path Group: clk
Path Type: min

Fanout     Cap    Slew   Delay    Time   Description
-----------------------------------------------------------------------------
                  0.15    0.00    0.00   clock clk (rise edge)
                          0.00    0.00   clock network delay (ideal)
                  0.15    0.00    0.00 ^ _446_/CLK (sky130_fd_sc_hd__dfrtp_2)
                  0.23    0.50    0.50 ^ _446_/Q (sky130_fd_sc_hd__dfrtp_2)
     2    0.05                           pwdata[22] (net)
                  0.23    0.00    0.50 ^ _369_/A1 (sky130_fd_sc_hd__mux2_2)
                  0.04    0.18    0.68 ^ _369_/X (sky130_fd_sc_hd__mux2_2)
     1    0.00                           _167_ (net)
                  0.04    0.00    0.68 ^ _370_/A (sky130_fd_sc_hd__buf_1)
                  0.04    0.07    0.75 ^ _370_/X (sky130_fd_sc_hd__buf_1)
     1    0.00                           _057_ (net)
                  0.04    0.00    0.75 ^ _446_/D (sky130_fd_sc_hd__dfrtp_2)
                                  0.75   data arrival time

                  0.15    0.00    0.00   clock clk (rise edge)
                          0.00    0.00   clock network delay (ideal)
                          0.25    0.25   clock uncertainty
                          0.00    0.25   clock reconvergence pessimism
                                  0.25 ^ _446_/CLK (sky130_fd_sc_hd__dfrtp_2)
                         -0.02    0.23   library hold time
                                  0.23   data required time
-----------------------------------------------------------------------------
                                  0.23   data required time
                                 -0.75   data arrival time
-----------------------------------------------------------------------------
                                  0.52   slack (MET)


Startpoint: _401_ (rising edge-triggered flip-flop clocked by clk)
Endpoint: _401_ (rising edge-triggered flip-flop clocked by clk)
Path Group: clk
Path Type: min

Fanout     Cap    Slew   Delay    Time   Description
-----------------------------------------------------------------------------
                  0.15    0.00    0.00   clock clk (rise edge)
                          0.00    0.00   clock network delay (ideal)
                  0.15    0.00    0.00 ^ _401_/CLK (sky130_fd_sc_hd__dfrtp_2)
                  0.24    0.50    0.50 ^ _401_/Q (sky130_fd_sc_hd__dfrtp_2)
     2    0.05                           paddr[9] (net)
                  0.24    0.00    0.50 ^ _275_/A1 (sky130_fd_sc_hd__mux2_2)
                  0.04    0.18    0.68 ^ _275_/X (sky130_fd_sc_hd__mux2_2)
     1    0.00                           _118_ (net)
                  0.04    0.00    0.68 ^ _276_/A (sky130_fd_sc_hd__buf_1)
                  0.04    0.07    0.75 ^ _276_/X (sky130_fd_sc_hd__buf_1)
     1    0.00                           _012_ (net)
                  0.04    0.00    0.75 ^ _401_/D (sky130_fd_sc_hd__dfrtp_2)
                                  0.75   data arrival time

                  0.15    0.00    0.00   clock clk (rise edge)
                          0.00    0.00   clock network delay (ideal)
                          0.25    0.25   clock uncertainty
                          0.00    0.25   clock reconvergence pessimism
                                  0.25 ^ _401_/CLK (sky130_fd_sc_hd__dfrtp_2)
                         -0.02    0.23   library hold time
                                  0.23   data required time
-----------------------------------------------------------------------------
                                  0.23   data required time
                                 -0.75   data arrival time
-----------------------------------------------------------------------------
                                  0.52   slack (MET)


Startpoint: _427_ (rising edge-triggered flip-flop clocked by clk)
Endpoint: _427_ (rising edge-triggered flip-flop clocked by clk)
Path Group: clk
Path Type: min

Fanout     Cap    Slew   Delay    Time   Description
-----------------------------------------------------------------------------
                  0.15    0.00    0.00   clock clk (rise edge)
                          0.00    0.00   clock network delay (ideal)
                  0.15    0.00    0.00 ^ _427_/CLK (sky130_fd_sc_hd__dfrtp_2)
                  0.23    0.50    0.50 ^ _427_/Q (sky130_fd_sc_hd__dfrtp_2)
     2    0.05                           pwdata[3] (net)
                  0.23    0.00    0.50 ^ _329_/A1 (sky130_fd_sc_hd__mux2_2)
                  0.04    0.18    0.68 ^ _329_/X (sky130_fd_sc_hd__mux2_2)
     1    0.00                           _146_ (net)
                  0.04    0.00    0.68 ^ _330_/A (sky130_fd_sc_hd__buf_1)
                  0.04    0.07    0.75 ^ _330_/X (sky130_fd_sc_hd__buf_1)
     1    0.00                           _038_ (net)
                  0.04    0.00    0.75 ^ _427_/D (sky130_fd_sc_hd__dfrtp_2)
                                  0.75   data arrival time

                  0.15    0.00    0.00   clock clk (rise edge)
                          0.00    0.00   clock network delay (ideal)
                          0.25    0.25   clock uncertainty
                          0.00    0.25   clock reconvergence pessimism
                                  0.25 ^ _427_/CLK (sky130_fd_sc_hd__dfrtp_2)
                         -0.02    0.23   library hold time
                                  0.23   data required time
-----------------------------------------------------------------------------
                                  0.23   data required time
                                 -0.75   data arrival time
-----------------------------------------------------------------------------
                                  0.52   slack (MET)


Startpoint: _438_ (rising edge-triggered flip-flop clocked by clk)
Endpoint: _438_ (rising edge-triggered flip-flop clocked by clk)
Path Group: clk
Path Type: min

Fanout     Cap    Slew   Delay    Time   Description
-----------------------------------------------------------------------------
                  0.15    0.00    0.00   clock clk (rise edge)
                          0.00    0.00   clock network delay (ideal)
                  0.15    0.00    0.00 ^ _438_/CLK (sky130_fd_sc_hd__dfrtp_2)
                  0.24    0.51    0.51 ^ _438_/Q (sky130_fd_sc_hd__dfrtp_2)
     2    0.05                           pwdata[14] (net)
                  0.24    0.00    0.51 ^ _352_/A1 (sky130_fd_sc_hd__mux2_2)
                  0.04    0.18    0.69 ^ _352_/X (sky130_fd_sc_hd__mux2_2)
     1    0.00                           _158_ (net)
                  0.04    0.00    0.69 ^ _353_/A (sky130_fd_sc_hd__buf_1)
                  0.04    0.07    0.76 ^ _353_/X (sky130_fd_sc_hd__buf_1)
     1    0.00                           _049_ (net)
                  0.04    0.00    0.76 ^ _438_/D (sky130_fd_sc_hd__dfrtp_2)
                                  0.76   data arrival time

                  0.15    0.00    0.00   clock clk (rise edge)
                          0.00    0.00   clock network delay (ideal)
                          0.25    0.25   clock uncertainty
                          0.00    0.25   clock reconvergence pessimism
                                  0.25 ^ _438_/CLK (sky130_fd_sc_hd__dfrtp_2)
                         -0.02    0.23   library hold time
                                  0.23   data required time
-----------------------------------------------------------------------------
                                  0.23   data required time
                                 -0.76   data arrival time
-----------------------------------------------------------------------------
                                  0.52   slack (MET)


Startpoint: _447_ (rising edge-triggered flip-flop clocked by clk)
Endpoint: _447_ (rising edge-triggered flip-flop clocked by clk)
Path Group: clk
Path Type: min

Fanout     Cap    Slew   Delay    Time   Description
-----------------------------------------------------------------------------
                  0.15    0.00    0.00   clock clk (rise edge)
                          0.00    0.00   clock network delay (ideal)
                  0.15    0.00    0.00 ^ _447_/CLK (sky130_fd_sc_hd__dfrtp_2)
                  0.24    0.50    0.50 ^ _447_/Q (sky130_fd_sc_hd__dfrtp_2)
     2    0.05                           pwdata[23] (net)
                  0.24    0.00    0.50 ^ _371_/A1 (sky130_fd_sc_hd__mux2_2)
                  0.04    0.18    0.69 ^ _371_/X (sky130_fd_sc_hd__mux2_2)
     1    0.00                           _168_ (net)
                  0.04    0.00    0.69 ^ _372_/A (sky130_fd_sc_hd__buf_1)
                  0.04    0.07    0.76 ^ _372_/X (sky130_fd_sc_hd__buf_1)
     1    0.00                           _058_ (net)
                  0.04    0.00    0.76 ^ _447_/D (sky130_fd_sc_hd__dfrtp_2)
                                  0.76   data arrival time

                  0.15    0.00    0.00   clock clk (rise edge)
                          0.00    0.00   clock network delay (ideal)
                          0.25    0.25   clock uncertainty
                          0.00    0.25   clock reconvergence pessimism
                                  0.25 ^ _447_/CLK (sky130_fd_sc_hd__dfrtp_2)
                         -0.02    0.23   library hold time
                                  0.23   data required time
-----------------------------------------------------------------------------
                                  0.23   data required time
                                 -0.76   data arrival time
-----------------------------------------------------------------------------
                                  0.53   slack (MET)


Startpoint: _411_ (rising edge-triggered flip-flop clocked by clk)
Endpoint: _411_ (rising edge-triggered flip-flop clocked by clk)
Path Group: clk
Path Type: min

Fanout     Cap    Slew   Delay    Time   Description
-----------------------------------------------------------------------------
                  0.15    0.00    0.00   clock clk (rise edge)
                          0.00    0.00   clock network delay (ideal)
                  0.15    0.00    0.00 ^ _411_/CLK (sky130_fd_sc_hd__dfrtp_2)
                  0.24    0.51    0.51 ^ _411_/Q (sky130_fd_sc_hd__dfrtp_2)
     2    0.05                           paddr[19] (net)
                  0.24    0.00    0.51 ^ _296_/A1 (sky130_fd_sc_hd__mux2_2)
                  0.04    0.18    0.69 ^ _296_/X (sky130_fd_sc_hd__mux2_2)
     1    0.00                           _129_ (net)
                  0.04    0.00    0.69 ^ _297_/A (sky130_fd_sc_hd__buf_1)
                  0.04    0.07    0.76 ^ _297_/X (sky130_fd_sc_hd__buf_1)
     1    0.00                           _022_ (net)
                  0.04    0.00    0.76 ^ _411_/D (sky130_fd_sc_hd__dfrtp_2)
                                  0.76   data arrival time

                  0.15    0.00    0.00   clock clk (rise edge)
                          0.00    0.00   clock network delay (ideal)
                          0.25    0.25   clock uncertainty
                          0.00    0.25   clock reconvergence pessimism
                                  0.25 ^ _411_/CLK (sky130_fd_sc_hd__dfrtp_2)
                         -0.02    0.23   library hold time
                                  0.23   data required time
-----------------------------------------------------------------------------
                                  0.23   data required time
                                 -0.76   data arrival time
-----------------------------------------------------------------------------
                                  0.53   slack (MET)


Startpoint: _405_ (rising edge-triggered flip-flop clocked by clk)
Endpoint: _405_ (rising edge-triggered flip-flop clocked by clk)
Path Group: clk
Path Type: min

Fanout     Cap    Slew   Delay    Time   Description
-----------------------------------------------------------------------------
                  0.15    0.00    0.00   clock clk (rise edge)
                          0.00    0.00   clock network delay (ideal)
                  0.15    0.00    0.00 ^ _405_/CLK (sky130_fd_sc_hd__dfrtp_2)
                  0.25    0.51    0.51 ^ _405_/Q (sky130_fd_sc_hd__dfrtp_2)
     2    0.05                           paddr[13] (net)
                  0.25    0.00    0.51 ^ _283_/A1 (sky130_fd_sc_hd__mux2_2)
                  0.04    0.19    0.70 ^ _283_/X (sky130_fd_sc_hd__mux2_2)
     1    0.00                           _122_ (net)
                  0.04    0.00    0.70 ^ _284_/A (sky130_fd_sc_hd__buf_1)
                  0.04    0.07    0.76 ^ _284_/X (sky130_fd_sc_hd__buf_1)
     1    0.00                           _016_ (net)
                  0.04    0.00    0.76 ^ _405_/D (sky130_fd_sc_hd__dfrtp_2)
                                  0.76   data arrival time

                  0.15    0.00    0.00   clock clk (rise edge)
                          0.00    0.00   clock network delay (ideal)
                          0.25    0.25   clock uncertainty
                          0.00    0.25   clock reconvergence pessimism
                                  0.25 ^ _405_/CLK (sky130_fd_sc_hd__dfrtp_2)
                         -0.02    0.23   library hold time
                                  0.23   data required time
-----------------------------------------------------------------------------
                                  0.23   data required time
                                 -0.76   data arrival time
-----------------------------------------------------------------------------
                                  0.53   slack (MET)


Startpoint: _409_ (rising edge-triggered flip-flop clocked by clk)
Endpoint: _409_ (rising edge-triggered flip-flop clocked by clk)
Path Group: clk
Path Type: min

Fanout     Cap    Slew   Delay    Time   Description
-----------------------------------------------------------------------------
                  0.15    0.00    0.00   clock clk (rise edge)
                          0.00    0.00   clock network delay (ideal)
                  0.15    0.00    0.00 ^ _409_/CLK (sky130_fd_sc_hd__dfrtp_2)
                  0.25    0.51    0.51 ^ _409_/Q (sky130_fd_sc_hd__dfrtp_2)
     2    0.05                           paddr[17] (net)
                  0.25    0.00    0.51 ^ _291_/A1 (sky130_fd_sc_hd__mux2_2)
                  0.04    0.19    0.70 ^ _291_/X (sky130_fd_sc_hd__mux2_2)
     1    0.00                           _126_ (net)
                  0.04    0.00    0.70 ^ _292_/A (sky130_fd_sc_hd__buf_1)
                  0.04    0.07    0.77 ^ _292_/X (sky130_fd_sc_hd__buf_1)
     1    0.00                           _020_ (net)
                  0.04    0.00    0.77 ^ _409_/D (sky130_fd_sc_hd__dfrtp_2)
                                  0.77   data arrival time

                  0.15    0.00    0.00   clock clk (rise edge)
                          0.00    0.00   clock network delay (ideal)
                          0.25    0.25   clock uncertainty
                          0.00    0.25   clock reconvergence pessimism
                                  0.25 ^ _409_/CLK (sky130_fd_sc_hd__dfrtp_2)
                         -0.02    0.23   library hold time
                                  0.23   data required time
-----------------------------------------------------------------------------
                                  0.23   data required time
                                 -0.77   data arrival time
-----------------------------------------------------------------------------
                                  0.53   slack (MET)


Startpoint: _415_ (rising edge-triggered flip-flop clocked by clk)
Endpoint: _415_ (rising edge-triggered flip-flop clocked by clk)
Path Group: clk
Path Type: min

Fanout     Cap    Slew   Delay    Time   Description
-----------------------------------------------------------------------------
                  0.15    0.00    0.00   clock clk (rise edge)
                          0.00    0.00   clock network delay (ideal)
                  0.15    0.00    0.00 ^ _415_/CLK (sky130_fd_sc_hd__dfrtp_2)
                  0.25    0.51    0.51 ^ _415_/Q (sky130_fd_sc_hd__dfrtp_2)
     2    0.05                           paddr[23] (net)
                  0.25    0.00    0.51 ^ _304_/A1 (sky130_fd_sc_hd__mux2_2)
                  0.04    0.19    0.70 ^ _304_/X (sky130_fd_sc_hd__mux2_2)
     1    0.00                           _133_ (net)
                  0.04    0.00    0.70 ^ _305_/A (sky130_fd_sc_hd__buf_1)
                  0.04    0.07    0.77 ^ _305_/X (sky130_fd_sc_hd__buf_1)
     1    0.00                           _026_ (net)
                  0.04    0.00    0.77 ^ _415_/D (sky130_fd_sc_hd__dfrtp_2)
                                  0.77   data arrival time

                  0.15    0.00    0.00   clock clk (rise edge)
                          0.00    0.00   clock network delay (ideal)
                          0.25    0.25   clock uncertainty
                          0.00    0.25   clock reconvergence pessimism
                                  0.25 ^ _415_/CLK (sky130_fd_sc_hd__dfrtp_2)
                         -0.02    0.23   library hold time
                                  0.23   data required time
-----------------------------------------------------------------------------
                                  0.23   data required time
                                 -0.77   data arrival time
-----------------------------------------------------------------------------
                                  0.54   slack (MET)


Startpoint: _425_ (rising edge-triggered flip-flop clocked by clk)
Endpoint: _425_ (rising edge-triggered flip-flop clocked by clk)
Path Group: clk
Path Type: min

Fanout     Cap    Slew   Delay    Time   Description
-----------------------------------------------------------------------------
                  0.15    0.00    0.00   clock clk (rise edge)
                          0.00    0.00   clock network delay (ideal)
                  0.15    0.00    0.00 ^ _425_/CLK (sky130_fd_sc_hd__dfrtp_2)
                  0.25    0.51    0.51 ^ _425_/Q (sky130_fd_sc_hd__dfrtp_2)
     2    0.05                           pwdata[1] (net)
                  0.25    0.00    0.51 ^ _325_/A1 (sky130_fd_sc_hd__mux2_2)
                  0.04    0.19    0.70 ^ _325_/X (sky130_fd_sc_hd__mux2_2)
     1    0.00                           _144_ (net)
                  0.04    0.00    0.70 ^ _326_/A (sky130_fd_sc_hd__buf_1)
                  0.04    0.07    0.77 ^ _326_/X (sky130_fd_sc_hd__buf_1)
     1    0.00                           _036_ (net)
                  0.04    0.00    0.77 ^ _425_/D (sky130_fd_sc_hd__dfrtp_2)
                                  0.77   data arrival time

                  0.15    0.00    0.00   clock clk (rise edge)
                          0.00    0.00   clock network delay (ideal)
                          0.25    0.25   clock uncertainty
                          0.00    0.25   clock reconvergence pessimism
                                  0.25 ^ _425_/CLK (sky130_fd_sc_hd__dfrtp_2)
                         -0.02    0.23   library hold time
                                  0.23   data required time
-----------------------------------------------------------------------------
                                  0.23   data required time
                                 -0.77   data arrival time
-----------------------------------------------------------------------------
                                  0.54   slack (MET)


Startpoint: _403_ (rising edge-triggered flip-flop clocked by clk)
Endpoint: _403_ (rising edge-triggered flip-flop clocked by clk)
Path Group: clk
Path Type: min

Fanout     Cap    Slew   Delay    Time   Description
-----------------------------------------------------------------------------
                  0.15    0.00    0.00   clock clk (rise edge)
                          0.00    0.00   clock network delay (ideal)
                  0.15    0.00    0.00 ^ _403_/CLK (sky130_fd_sc_hd__dfrtp_2)
                  0.25    0.51    0.51 ^ _403_/Q (sky130_fd_sc_hd__dfrtp_2)
     2    0.05                           paddr[11] (net)
                  0.25    0.00    0.51 ^ _279_/A1 (sky130_fd_sc_hd__mux2_2)
                  0.04    0.19    0.70 ^ _279_/X (sky130_fd_sc_hd__mux2_2)
     1    0.00                           _120_ (net)
                  0.04    0.00    0.70 ^ _280_/A (sky130_fd_sc_hd__buf_1)
                  0.04    0.07    0.77 ^ _280_/X (sky130_fd_sc_hd__buf_1)
     1    0.00                           _014_ (net)
                  0.04    0.00    0.77 ^ _403_/D (sky130_fd_sc_hd__dfrtp_2)
                                  0.77   data arrival time

                  0.15    0.00    0.00   clock clk (rise edge)
                          0.00    0.00   clock network delay (ideal)
                          0.25    0.25   clock uncertainty
                          0.00    0.25   clock reconvergence pessimism
                                  0.25 ^ _403_/CLK (sky130_fd_sc_hd__dfrtp_2)
                         -0.02    0.23   library hold time
                                  0.23   data required time
-----------------------------------------------------------------------------
                                  0.23   data required time
                                 -0.77   data arrival time
-----------------------------------------------------------------------------
                                  0.54   slack (MET)


Startpoint: _398_ (rising edge-triggered flip-flop clocked by clk)
Endpoint: _398_ (rising edge-triggered flip-flop clocked by clk)
Path Group: clk
Path Type: min

Fanout     Cap    Slew   Delay    Time   Description
-----------------------------------------------------------------------------
                  0.15    0.00    0.00   clock clk (rise edge)
                          0.00    0.00   clock network delay (ideal)
                  0.15    0.00    0.00 ^ _398_/CLK (sky130_fd_sc_hd__dfrtp_2)
                  0.25    0.51    0.51 ^ _398_/Q (sky130_fd_sc_hd__dfrtp_2)
     2    0.05                           paddr[6] (net)
                  0.25    0.00    0.51 ^ _267_/A1 (sky130_fd_sc_hd__mux2_2)
                  0.04    0.19    0.70 ^ _267_/X (sky130_fd_sc_hd__mux2_2)
     1    0.00                           _113_ (net)
                  0.04    0.00    0.70 ^ _268_/A (sky130_fd_sc_hd__buf_1)
                  0.04    0.07    0.77 ^ _268_/X (sky130_fd_sc_hd__buf_1)
     1    0.00                           _009_ (net)
                  0.04    0.00    0.77 ^ _398_/D (sky130_fd_sc_hd__dfrtp_2)
                                  0.77   data arrival time

                  0.15    0.00    0.00   clock clk (rise edge)
                          0.00    0.00   clock network delay (ideal)
                          0.25    0.25   clock uncertainty
                          0.00    0.25   clock reconvergence pessimism
                                  0.25 ^ _398_/CLK (sky130_fd_sc_hd__dfrtp_2)
                         -0.02    0.23   library hold time
                                  0.23   data required time
-----------------------------------------------------------------------------
                                  0.23   data required time
                                 -0.77   data arrival time
-----------------------------------------------------------------------------
                                  0.54   slack (MET)


Startpoint: _420_ (rising edge-triggered flip-flop clocked by clk)
Endpoint: _420_ (rising edge-triggered flip-flop clocked by clk)
Path Group: clk
Path Type: min

Fanout     Cap    Slew   Delay    Time   Description
-----------------------------------------------------------------------------
                  0.15    0.00    0.00   clock clk (rise edge)
                          0.00    0.00   clock network delay (ideal)
                  0.15    0.00    0.00 ^ _420_/CLK (sky130_fd_sc_hd__dfrtp_2)
                  0.25    0.51    0.51 ^ _420_/Q (sky130_fd_sc_hd__dfrtp_2)
     2    0.05                           paddr[28] (net)
                  0.25    0.00    0.51 ^ _315_/A1 (sky130_fd_sc_hd__mux2_2)
                  0.04    0.19    0.70 ^ _315_/X (sky130_fd_sc_hd__mux2_2)
     1    0.00                           _139_ (net)
                  0.04    0.00    0.70 ^ _316_/A (sky130_fd_sc_hd__buf_1)
                  0.04    0.07    0.77 ^ _316_/X (sky130_fd_sc_hd__buf_1)
     1    0.00                           _031_ (net)
                  0.04    0.00    0.77 ^ _420_/D (sky130_fd_sc_hd__dfrtp_2)
                                  0.77   data arrival time

                  0.15    0.00    0.00   clock clk (rise edge)
                          0.00    0.00   clock network delay (ideal)
                          0.25    0.25   clock uncertainty
                          0.00    0.25   clock reconvergence pessimism
                                  0.25 ^ _420_/CLK (sky130_fd_sc_hd__dfrtp_2)
                         -0.02    0.23   library hold time
                                  0.23   data required time
-----------------------------------------------------------------------------
                                  0.23   data required time
                                 -0.77   data arrival time
-----------------------------------------------------------------------------
                                  0.54   slack (MET)


Startpoint: _419_ (rising edge-triggered flip-flop clocked by clk)
Endpoint: _419_ (rising edge-triggered flip-flop clocked by clk)
Path Group: clk
Path Type: min

Fanout     Cap    Slew   Delay    Time   Description
-----------------------------------------------------------------------------
                  0.15    0.00    0.00   clock clk (rise edge)
                          0.00    0.00   clock network delay (ideal)
                  0.15    0.00    0.00 ^ _419_/CLK (sky130_fd_sc_hd__dfrtp_2)
                  0.26    0.52    0.52 ^ _419_/Q (sky130_fd_sc_hd__dfrtp_2)
     2    0.05                           paddr[27] (net)
                  0.26    0.00    0.52 ^ _312_/A1 (sky130_fd_sc_hd__mux2_2)
                  0.04    0.19    0.70 ^ _312_/X (sky130_fd_sc_hd__mux2_2)
     1    0.00                           _137_ (net)
                  0.04    0.00    0.70 ^ _313_/A (sky130_fd_sc_hd__buf_1)
                  0.04    0.07    0.77 ^ _313_/X (sky130_fd_sc_hd__buf_1)
     1    0.00                           _030_ (net)
                  0.04    0.00    0.77 ^ _419_/D (sky130_fd_sc_hd__dfrtp_2)
                                  0.77   data arrival time

                  0.15    0.00    0.00   clock clk (rise edge)
                          0.00    0.00   clock network delay (ideal)
                          0.25    0.25   clock uncertainty
                          0.00    0.25   clock reconvergence pessimism
                                  0.25 ^ _419_/CLK (sky130_fd_sc_hd__dfrtp_2)
                         -0.02    0.23   library hold time
                                  0.23   data required time
-----------------------------------------------------------------------------
                                  0.23   data required time
                                 -0.77   data arrival time
-----------------------------------------------------------------------------
                                  0.54   slack (MET)


Startpoint: _441_ (rising edge-triggered flip-flop clocked by clk)
Endpoint: _441_ (rising edge-triggered flip-flop clocked by clk)
Path Group: clk
Path Type: min

Fanout     Cap    Slew   Delay    Time   Description
-----------------------------------------------------------------------------
                  0.15    0.00    0.00   clock clk (rise edge)
                          0.00    0.00   clock network delay (ideal)
                  0.15    0.00    0.00 ^ _441_/CLK (sky130_fd_sc_hd__dfrtp_2)
                  0.26    0.52    0.52 ^ _441_/Q (sky130_fd_sc_hd__dfrtp_2)
     2    0.05                           pwdata[17] (net)
                  0.26    0.00    0.52 ^ _359_/A1 (sky130_fd_sc_hd__mux2_2)
                  0.04    0.19    0.70 ^ _359_/X (sky130_fd_sc_hd__mux2_2)
     1    0.00                           _162_ (net)
                  0.04    0.00    0.70 ^ _360_/A (sky130_fd_sc_hd__buf_1)
                  0.04    0.07    0.77 ^ _360_/X (sky130_fd_sc_hd__buf_1)
     1    0.00                           _052_ (net)
                  0.04    0.00    0.77 ^ _441_/D (sky130_fd_sc_hd__dfrtp_2)
                                  0.77   data arrival time

                  0.15    0.00    0.00   clock clk (rise edge)
                          0.00    0.00   clock network delay (ideal)
                          0.25    0.25   clock uncertainty
                          0.00    0.25   clock reconvergence pessimism
                                  0.25 ^ _441_/CLK (sky130_fd_sc_hd__dfrtp_2)
                         -0.02    0.23   library hold time
                                  0.23   data required time
-----------------------------------------------------------------------------
                                  0.23   data required time
                                 -0.77   data arrival time
-----------------------------------------------------------------------------
                                  0.54   slack (MET)


Startpoint: _449_ (rising edge-triggered flip-flop clocked by clk)
Endpoint: _449_ (rising edge-triggered flip-flop clocked by clk)
Path Group: clk
Path Type: min

Fanout     Cap    Slew   Delay    Time   Description
-----------------------------------------------------------------------------
                  0.15    0.00    0.00   clock clk (rise edge)
                          0.00    0.00   clock network delay (ideal)
                  0.15    0.00    0.00 ^ _449_/CLK (sky130_fd_sc_hd__dfrtp_2)
                  0.26    0.52    0.52 ^ _449_/Q (sky130_fd_sc_hd__dfrtp_2)
     2    0.05                           pwdata[25] (net)
                  0.26    0.00    0.52 ^ _375_/A1 (sky130_fd_sc_hd__mux2_2)
                  0.04    0.19    0.71 ^ _375_/X (sky130_fd_sc_hd__mux2_2)
     1    0.00                           _170_ (net)
                  0.04    0.00    0.71 ^ _376_/A (sky130_fd_sc_hd__buf_1)
                  0.04    0.07    0.78 ^ _376_/X (sky130_fd_sc_hd__buf_1)
     1    0.00                           _060_ (net)
                  0.04    0.00    0.78 ^ _449_/D (sky130_fd_sc_hd__dfrtp_2)
                                  0.78   data arrival time

                  0.15    0.00    0.00   clock clk (rise edge)
                          0.00    0.00   clock network delay (ideal)
                          0.25    0.25   clock uncertainty
                          0.00    0.25   clock reconvergence pessimism
                                  0.25 ^ _449_/CLK (sky130_fd_sc_hd__dfrtp_2)
                         -0.02    0.23   library hold time
                                  0.23   data required time
-----------------------------------------------------------------------------
                                  0.23   data required time
                                 -0.78   data arrival time
-----------------------------------------------------------------------------
                                  0.54   slack (MET)


Startpoint: _424_ (rising edge-triggered flip-flop clocked by clk)
Endpoint: _424_ (rising edge-triggered flip-flop clocked by clk)
Path Group: clk
Path Type: min

Fanout     Cap    Slew   Delay    Time   Description
-----------------------------------------------------------------------------
                  0.15    0.00    0.00   clock clk (rise edge)
                          0.00    0.00   clock network delay (ideal)
                  0.15    0.00    0.00 ^ _424_/CLK (sky130_fd_sc_hd__dfrtp_2)
                  0.27    0.52    0.52 ^ _424_/Q (sky130_fd_sc_hd__dfrtp_2)
     2    0.05                           pwdata[0] (net)
                  0.27    0.00    0.52 ^ _323_/A1 (sky130_fd_sc_hd__mux2_2)
                  0.04    0.19    0.71 ^ _323_/X (sky130_fd_sc_hd__mux2_2)
     1    0.00                           _143_ (net)
                  0.04    0.00    0.71 ^ _324_/A (sky130_fd_sc_hd__buf_1)
                  0.04    0.07    0.78 ^ _324_/X (sky130_fd_sc_hd__buf_1)
     1    0.00                           _035_ (net)
                  0.04    0.00    0.78 ^ _424_/D (sky130_fd_sc_hd__dfrtp_2)
                                  0.78   data arrival time

                  0.15    0.00    0.00   clock clk (rise edge)
                          0.00    0.00   clock network delay (ideal)
                          0.25    0.25   clock uncertainty
                          0.00    0.25   clock reconvergence pessimism
                                  0.25 ^ _424_/CLK (sky130_fd_sc_hd__dfrtp_2)
                         -0.02    0.23   library hold time
                                  0.23   data required time
-----------------------------------------------------------------------------
                                  0.23   data required time
                                 -0.78   data arrival time
-----------------------------------------------------------------------------
                                  0.55   slack (MET)


Startpoint: _395_ (rising edge-triggered flip-flop clocked by clk)
Endpoint: _395_ (rising edge-triggered flip-flop clocked by clk)
Path Group: clk
Path Type: min

Fanout     Cap    Slew   Delay    Time   Description
-----------------------------------------------------------------------------
                  0.15    0.00    0.00   clock clk (rise edge)
                          0.00    0.00   clock network delay (ideal)
                  0.15    0.00    0.00 ^ _395_/CLK (sky130_fd_sc_hd__dfrtp_2)
                  0.27    0.52    0.52 ^ _395_/Q (sky130_fd_sc_hd__dfrtp_2)
     2    0.06                           paddr[3] (net)
                  0.27    0.00    0.52 ^ _261_/A1 (sky130_fd_sc_hd__mux2_2)
                  0.04    0.19    0.71 ^ _261_/X (sky130_fd_sc_hd__mux2_2)
     1    0.00                           _110_ (net)
                  0.04    0.00    0.71 ^ _262_/A (sky130_fd_sc_hd__buf_1)
                  0.04    0.07    0.78 ^ _262_/X (sky130_fd_sc_hd__buf_1)
     1    0.00                           _006_ (net)
                  0.04    0.00    0.78 ^ _395_/D (sky130_fd_sc_hd__dfrtp_2)
                                  0.78   data arrival time

                  0.15    0.00    0.00   clock clk (rise edge)
                          0.00    0.00   clock network delay (ideal)
                          0.25    0.25   clock uncertainty
                          0.00    0.25   clock reconvergence pessimism
                                  0.25 ^ _395_/CLK (sky130_fd_sc_hd__dfrtp_2)
                         -0.02    0.23   library hold time
                                  0.23   data required time
-----------------------------------------------------------------------------
                                  0.23   data required time
                                 -0.78   data arrival time
-----------------------------------------------------------------------------
                                  0.55   slack (MET)


Startpoint: _413_ (rising edge-triggered flip-flop clocked by clk)
Endpoint: _413_ (rising edge-triggered flip-flop clocked by clk)
Path Group: clk
Path Type: min

Fanout     Cap    Slew   Delay    Time   Description
-----------------------------------------------------------------------------
                  0.15    0.00    0.00   clock clk (rise edge)
                          0.00    0.00   clock network delay (ideal)
                  0.15    0.00    0.00 ^ _413_/CLK (sky130_fd_sc_hd__dfrtp_2)
                  0.27    0.52    0.52 ^ _413_/Q (sky130_fd_sc_hd__dfrtp_2)
     2    0.06                           paddr[21] (net)
                  0.27    0.00    0.52 ^ _300_/A1 (sky130_fd_sc_hd__mux2_2)
                  0.04    0.19    0.71 ^ _300_/X (sky130_fd_sc_hd__mux2_2)
     1    0.00                           _131_ (net)
                  0.04    0.00    0.71 ^ _301_/A (sky130_fd_sc_hd__buf_1)
                  0.04    0.07    0.78 ^ _301_/X (sky130_fd_sc_hd__buf_1)
     1    0.00                           _024_ (net)
                  0.04    0.00    0.78 ^ _413_/D (sky130_fd_sc_hd__dfrtp_2)
                                  0.78   data arrival time

                  0.15    0.00    0.00   clock clk (rise edge)
                          0.00    0.00   clock network delay (ideal)
                          0.25    0.25   clock uncertainty
                          0.00    0.25   clock reconvergence pessimism
                                  0.25 ^ _413_/CLK (sky130_fd_sc_hd__dfrtp_2)
                         -0.02    0.23   library hold time
                                  0.23   data required time
-----------------------------------------------------------------------------
                                  0.23   data required time
                                 -0.78   data arrival time
-----------------------------------------------------------------------------
                                  0.55   slack (MET)


Startpoint: _389_ (rising edge-triggered flip-flop clocked by clk)
Endpoint: _389_ (rising edge-triggered flip-flop clocked by clk)
Path Group: clk
Path Type: min

Fanout     Cap    Slew   Delay    Time   Description
-----------------------------------------------------------------------------
                  0.15    0.00    0.00   clock clk (rise edge)
                          0.00    0.00   clock network delay (ideal)
                  0.15    0.00    0.00 ^ _389_/CLK (sky130_fd_sc_hd__dfrtp_2)
                  0.27    0.52    0.52 ^ _389_/Q (sky130_fd_sc_hd__dfrtp_2)
     2    0.06                           pwrite (net)
                  0.27    0.00    0.52 ^ _251_/A1 (sky130_fd_sc_hd__mux2_2)
                  0.04    0.19    0.71 ^ _251_/X (sky130_fd_sc_hd__mux2_2)
     1    0.00                           _106_ (net)
                  0.04    0.00    0.71 ^ _252_/A (sky130_fd_sc_hd__buf_1)
                  0.04    0.07    0.78 ^ _252_/X (sky130_fd_sc_hd__buf_1)
     1    0.00                           _000_ (net)
                  0.04    0.00    0.78 ^ _389_/D (sky130_fd_sc_hd__dfrtp_2)
                                  0.78   data arrival time

                  0.15    0.00    0.00   clock clk (rise edge)
                          0.00    0.00   clock network delay (ideal)
                          0.25    0.25   clock uncertainty
                          0.00    0.25   clock reconvergence pessimism
                                  0.25 ^ _389_/CLK (sky130_fd_sc_hd__dfrtp_2)
                         -0.02    0.23   library hold time
                                  0.23   data required time
-----------------------------------------------------------------------------
                                  0.23   data required time
                                 -0.78   data arrival time
-----------------------------------------------------------------------------
                                  0.55   slack (MET)


Startpoint: _410_ (rising edge-triggered flip-flop clocked by clk)
Endpoint: _410_ (rising edge-triggered flip-flop clocked by clk)
Path Group: clk
Path Type: min

Fanout     Cap    Slew   Delay    Time   Description
-----------------------------------------------------------------------------
                  0.15    0.00    0.00   clock clk (rise edge)
                          0.00    0.00   clock network delay (ideal)
                  0.15    0.00    0.00 ^ _410_/CLK (sky130_fd_sc_hd__dfrtp_2)
                  0.27    0.52    0.52 ^ _410_/Q (sky130_fd_sc_hd__dfrtp_2)
     2    0.06                           paddr[18] (net)
                  0.27    0.00    0.52 ^ _294_/A1 (sky130_fd_sc_hd__mux2_2)
                  0.04    0.19    0.72 ^ _294_/X (sky130_fd_sc_hd__mux2_2)
     1    0.00                           _128_ (net)
                  0.04    0.00    0.72 ^ _295_/A (sky130_fd_sc_hd__buf_1)
                  0.04    0.07    0.79 ^ _295_/X (sky130_fd_sc_hd__buf_1)
     1    0.00                           _021_ (net)
                  0.04    0.00    0.79 ^ _410_/D (sky130_fd_sc_hd__dfrtp_2)
                                  0.79   data arrival time

                  0.15    0.00    0.00   clock clk (rise edge)
                          0.00    0.00   clock network delay (ideal)
                          0.25    0.25   clock uncertainty
                          0.00    0.25   clock reconvergence pessimism
                                  0.25 ^ _410_/CLK (sky130_fd_sc_hd__dfrtp_2)
                         -0.02    0.23   library hold time
                                  0.23   data required time
-----------------------------------------------------------------------------
                                  0.23   data required time
                                 -0.79   data arrival time
-----------------------------------------------------------------------------
                                  0.55   slack (MET)


Startpoint: _434_ (rising edge-triggered flip-flop clocked by clk)
Endpoint: _434_ (rising edge-triggered flip-flop clocked by clk)
Path Group: clk
Path Type: min

Fanout     Cap    Slew   Delay    Time   Description
-----------------------------------------------------------------------------
                  0.15    0.00    0.00   clock clk (rise edge)
                          0.00    0.00   clock network delay (ideal)
                  0.15    0.00    0.00 ^ _434_/CLK (sky130_fd_sc_hd__dfrtp_2)
                  0.27    0.53    0.53 ^ _434_/Q (sky130_fd_sc_hd__dfrtp_2)
     2    0.06                           pwdata[10] (net)
                  0.27    0.00    0.53 ^ _344_/A1 (sky130_fd_sc_hd__mux2_2)
                  0.04    0.19    0.72 ^ _344_/X (sky130_fd_sc_hd__mux2_2)
     1    0.00                           _154_ (net)
                  0.04    0.00    0.72 ^ _345_/A (sky130_fd_sc_hd__buf_1)
                  0.04    0.07    0.79 ^ _345_/X (sky130_fd_sc_hd__buf_1)
     1    0.00                           _045_ (net)
                  0.04    0.00    0.79 ^ _434_/D (sky130_fd_sc_hd__dfrtp_2)
                                  0.79   data arrival time

                  0.15    0.00    0.00   clock clk (rise edge)
                          0.00    0.00   clock network delay (ideal)
                          0.25    0.25   clock uncertainty
                          0.00    0.25   clock reconvergence pessimism
                                  0.25 ^ _434_/CLK (sky130_fd_sc_hd__dfrtp_2)
                         -0.02    0.23   library hold time
                                  0.23   data required time
-----------------------------------------------------------------------------
                                  0.23   data required time
                                 -0.79   data arrival time
-----------------------------------------------------------------------------
                                  0.56   slack (MET)


Startpoint: _404_ (rising edge-triggered flip-flop clocked by clk)
Endpoint: _404_ (rising edge-triggered flip-flop clocked by clk)
Path Group: clk
Path Type: min

Fanout     Cap    Slew   Delay    Time   Description
-----------------------------------------------------------------------------
                  0.15    0.00    0.00   clock clk (rise edge)
                          0.00    0.00   clock network delay (ideal)
                  0.15    0.00    0.00 ^ _404_/CLK (sky130_fd_sc_hd__dfrtp_2)
                  0.28    0.53    0.53 ^ _404_/Q (sky130_fd_sc_hd__dfrtp_2)
     2    0.06                           paddr[12] (net)
                  0.28    0.00    0.53 ^ _281_/A1 (sky130_fd_sc_hd__mux2_2)
                  0.04    0.19    0.72 ^ _281_/X (sky130_fd_sc_hd__mux2_2)
     1    0.00                           _121_ (net)
                  0.04    0.00    0.72 ^ _282_/A (sky130_fd_sc_hd__buf_1)
                  0.04    0.07    0.79 ^ _282_/X (sky130_fd_sc_hd__buf_1)
     1    0.00                           _015_ (net)
                  0.04    0.00    0.79 ^ _404_/D (sky130_fd_sc_hd__dfrtp_2)
                                  0.79   data arrival time

                  0.15    0.00    0.00   clock clk (rise edge)
                          0.00    0.00   clock network delay (ideal)
                          0.25    0.25   clock uncertainty
                          0.00    0.25   clock reconvergence pessimism
                                  0.25 ^ _404_/CLK (sky130_fd_sc_hd__dfrtp_2)
                         -0.02    0.23   library hold time
                                  0.23   data required time
-----------------------------------------------------------------------------
                                  0.23   data required time
                                 -0.79   data arrival time
-----------------------------------------------------------------------------
                                  0.56   slack (MET)


Startpoint: _418_ (rising edge-triggered flip-flop clocked by clk)
Endpoint: _418_ (rising edge-triggered flip-flop clocked by clk)
Path Group: clk
Path Type: min

Fanout     Cap    Slew   Delay    Time   Description
-----------------------------------------------------------------------------
                  0.15    0.00    0.00   clock clk (rise edge)
                          0.00    0.00   clock network delay (ideal)
                  0.15    0.00    0.00 ^ _418_/CLK (sky130_fd_sc_hd__dfrtp_2)
                  0.28    0.53    0.53 ^ _418_/Q (sky130_fd_sc_hd__dfrtp_2)
     2    0.06                           paddr[26] (net)
                  0.28    0.00    0.53 ^ _310_/A1 (sky130_fd_sc_hd__mux2_2)
                  0.04    0.19    0.72 ^ _310_/X (sky130_fd_sc_hd__mux2_2)
     1    0.00                           _136_ (net)
                  0.04    0.00    0.72 ^ _311_/A (sky130_fd_sc_hd__buf_1)
                  0.04    0.07    0.79 ^ _311_/X (sky130_fd_sc_hd__buf_1)
     1    0.00                           _029_ (net)
                  0.04    0.00    0.79 ^ _418_/D (sky130_fd_sc_hd__dfrtp_2)
                                  0.79   data arrival time

                  0.15    0.00    0.00   clock clk (rise edge)
                          0.00    0.00   clock network delay (ideal)
                          0.25    0.25   clock uncertainty
                          0.00    0.25   clock reconvergence pessimism
                                  0.25 ^ _418_/CLK (sky130_fd_sc_hd__dfrtp_2)
                         -0.02    0.23   library hold time
                                  0.23   data required time
-----------------------------------------------------------------------------
                                  0.23   data required time
                                 -0.79   data arrival time
-----------------------------------------------------------------------------
                                  0.56   slack (MET)


Startpoint: _439_ (rising edge-triggered flip-flop clocked by clk)
Endpoint: _439_ (rising edge-triggered flip-flop clocked by clk)
Path Group: clk
Path Type: min

Fanout     Cap    Slew   Delay    Time   Description
-----------------------------------------------------------------------------
                  0.15    0.00    0.00   clock clk (rise edge)
                          0.00    0.00   clock network delay (ideal)
                  0.15    0.00    0.00 ^ _439_/CLK (sky130_fd_sc_hd__dfrtp_2)
                  0.28    0.53    0.53 ^ _439_/Q (sky130_fd_sc_hd__dfrtp_2)
     2    0.06                           pwdata[15] (net)
                  0.28    0.00    0.53 ^ _354_/A1 (sky130_fd_sc_hd__mux2_2)
                  0.04    0.20    0.73 ^ _354_/X (sky130_fd_sc_hd__mux2_2)
     1    0.00                           _159_ (net)
                  0.04    0.00    0.73 ^ _355_/A (sky130_fd_sc_hd__buf_1)
                  0.04    0.07    0.80 ^ _355_/X (sky130_fd_sc_hd__buf_1)
     1    0.00                           _050_ (net)
                  0.04    0.00    0.80 ^ _439_/D (sky130_fd_sc_hd__dfrtp_2)
                                  0.80   data arrival time

                  0.15    0.00    0.00   clock clk (rise edge)
                          0.00    0.00   clock network delay (ideal)
                          0.25    0.25   clock uncertainty
                          0.00    0.25   clock reconvergence pessimism
                                  0.25 ^ _439_/CLK (sky130_fd_sc_hd__dfrtp_2)
                         -0.02    0.23   library hold time
                                  0.23   data required time
-----------------------------------------------------------------------------
                                  0.23   data required time
                                 -0.80   data arrival time
-----------------------------------------------------------------------------
                                  0.57   slack (MET)


Startpoint: _408_ (rising edge-triggered flip-flop clocked by clk)
Endpoint: _408_ (rising edge-triggered flip-flop clocked by clk)
Path Group: clk
Path Type: min

Fanout     Cap    Slew   Delay    Time   Description
-----------------------------------------------------------------------------
                  0.15    0.00    0.00   clock clk (rise edge)
                          0.00    0.00   clock network delay (ideal)
                  0.15    0.00    0.00 ^ _408_/CLK (sky130_fd_sc_hd__dfrtp_2)
                  0.29    0.54    0.54 ^ _408_/Q (sky130_fd_sc_hd__dfrtp_2)
     2    0.06                           paddr[16] (net)
                  0.29    0.00    0.54 ^ _289_/A1 (sky130_fd_sc_hd__mux2_2)
                  0.04    0.20    0.74 ^ _289_/X (sky130_fd_sc_hd__mux2_2)
     1    0.00                           _125_ (net)
                  0.04    0.00    0.74 ^ _290_/A (sky130_fd_sc_hd__buf_1)
                  0.04    0.07    0.81 ^ _290_/X (sky130_fd_sc_hd__buf_1)
     1    0.00                           _019_ (net)
                  0.04    0.00    0.81 ^ _408_/D (sky130_fd_sc_hd__dfrtp_2)
                                  0.81   data arrival time

                  0.15    0.00    0.00   clock clk (rise edge)
                          0.00    0.00   clock network delay (ideal)
                          0.25    0.25   clock uncertainty
                          0.00    0.25   clock reconvergence pessimism
                                  0.25 ^ _408_/CLK (sky130_fd_sc_hd__dfrtp_2)
                         -0.02    0.23   library hold time
                                  0.23   data required time
-----------------------------------------------------------------------------
                                  0.23   data required time
                                 -0.81   data arrival time
-----------------------------------------------------------------------------
                                  0.57   slack (MET)


Startpoint: _390_ (rising edge-triggered flip-flop clocked by clk)
Endpoint: _390_ (rising edge-triggered flip-flop clocked by clk)
Path Group: clk
Path Type: min

Fanout     Cap    Slew   Delay    Time   Description
-----------------------------------------------------------------------------
                  0.15    0.00    0.00   clock clk (rise edge)
                          0.00    0.00   clock network delay (ideal)
                  0.15    0.00    0.00 ^ _390_/CLK (sky130_fd_sc_hd__dfrtp_2)
                  0.06    0.37    0.37 ^ _390_/Q (sky130_fd_sc_hd__dfrtp_2)
     4    0.01                           state[0] (net)
                  0.06    0.00    0.37 ^ _249_/A (sky130_fd_sc_hd__or3b_2)
                  0.05    0.12    0.49 ^ _249_/X (sky130_fd_sc_hd__or3b_2)
     3    0.01                           _104_ (net)
                  0.05    0.00    0.49 ^ _250_/A (sky130_fd_sc_hd__buf_1)
                  0.83    0.60    1.08 ^ _250_/X (sky130_fd_sc_hd__buf_1)
    10    0.07                           _105_ (net)
                  0.83    0.00    1.08 ^ _253_/A (sky130_fd_sc_hd__inv_2)
                  0.09    0.03    1.11 v _253_/Y (sky130_fd_sc_hd__inv_2)
     1    0.00                           _001_ (net)
                  0.09    0.00    1.11 v _390_/D (sky130_fd_sc_hd__dfrtp_2)
                                  1.11   data arrival time

                  0.15    0.00    0.00   clock clk (rise edge)
                          0.00    0.00   clock network delay (ideal)
                          0.25    0.25   clock uncertainty
                          0.00    0.25   clock reconvergence pessimism
                                  0.25 ^ _390_/CLK (sky130_fd_sc_hd__dfrtp_2)
                         -0.04    0.21   library hold time
                                  0.21   data required time
-----------------------------------------------------------------------------
                                  0.21   data required time
                                 -1.11   data arrival time
-----------------------------------------------------------------------------
                                  0.90   slack (MET)


Startpoint: rstn (input port clocked by clk)
Endpoint: _450_ (removal check against rising-edge clock clk)
Path Group: asynchronous
Path Type: min

Fanout     Cap    Slew   Delay    Time   Description
-----------------------------------------------------------------------------
                  0.15    0.00    0.00   clock clk (rise edge)
                          0.00    0.00   clock network delay (ideal)
                          2.00    2.00 ^ input external delay
                  1.57    1.02    3.02 ^ rstn (in)
    68    0.35                           rstn (net)
                  1.57    0.00    3.02 ^ _450_/RESET_B (sky130_fd_sc_hd__dfrtp_2)
                                  3.02   data arrival time

                  0.15    0.00    0.00   clock clk (rise edge)
                          0.00    0.00   clock network delay (ideal)
                          0.25    0.25   clock uncertainty
                          0.00    0.25   clock reconvergence pessimism
                                  0.25 ^ _450_/CLK (sky130_fd_sc_hd__dfrtp_2)
                          0.76    1.01   library removal time
                                  1.01   data required time
-----------------------------------------------------------------------------
                                  1.01   data required time
                                 -3.02   data arrival time
-----------------------------------------------------------------------------
                                  2.01   slack (MET)


Startpoint: rstn (input port clocked by clk)
Endpoint: _406_ (removal check against rising-edge clock clk)
Path Group: asynchronous
Path Type: min

Fanout     Cap    Slew   Delay    Time   Description
-----------------------------------------------------------------------------
                  0.15    0.00    0.00   clock clk (rise edge)
                          0.00    0.00   clock network delay (ideal)
                          2.00    2.00 ^ input external delay
                  1.57    1.02    3.02 ^ rstn (in)
    68    0.35                           rstn (net)
                  1.57    0.00    3.02 ^ _406_/RESET_B (sky130_fd_sc_hd__dfrtp_2)
                                  3.02   data arrival time

                  0.15    0.00    0.00   clock clk (rise edge)
                          0.00    0.00   clock network delay (ideal)
                          0.25    0.25   clock uncertainty
                          0.00    0.25   clock reconvergence pessimism
                                  0.25 ^ _406_/CLK (sky130_fd_sc_hd__dfrtp_2)
                          0.76    1.01   library removal time
                                  1.01   data required time
-----------------------------------------------------------------------------
                                  1.01   data required time
                                 -3.02   data arrival time
-----------------------------------------------------------------------------
                                  2.01   slack (MET)


Startpoint: rstn (input port clocked by clk)
Endpoint: _402_ (removal check against rising-edge clock clk)
Path Group: asynchronous
Path Type: min

Fanout     Cap    Slew   Delay    Time   Description
-----------------------------------------------------------------------------
                  0.15    0.00    0.00   clock clk (rise edge)
                          0.00    0.00   clock network delay (ideal)
                          2.00    2.00 ^ input external delay
                  1.57    1.02    3.02 ^ rstn (in)
    68    0.35                           rstn (net)
                  1.57    0.00    3.02 ^ _402_/RESET_B (sky130_fd_sc_hd__dfrtp_2)
                                  3.02   data arrival time

                  0.15    0.00    0.00   clock clk (rise edge)
                          0.00    0.00   clock network delay (ideal)
                          0.25    0.25   clock uncertainty
                          0.00    0.25   clock reconvergence pessimism
                                  0.25 ^ _402_/CLK (sky130_fd_sc_hd__dfrtp_2)
                          0.76    1.01   library removal time
                                  1.01   data required time
-----------------------------------------------------------------------------
                                  1.01   data required time
                                 -3.02   data arrival time
-----------------------------------------------------------------------------
                                  2.01   slack (MET)


Startpoint: rstn (input port clocked by clk)
Endpoint: _422_ (removal check against rising-edge clock clk)
Path Group: asynchronous
Path Type: min

Fanout     Cap    Slew   Delay    Time   Description
-----------------------------------------------------------------------------
                  0.15    0.00    0.00   clock clk (rise edge)
                          0.00    0.00   clock network delay (ideal)
                          2.00    2.00 ^ input external delay
                  1.57    1.02    3.02 ^ rstn (in)
    68    0.35                           rstn (net)
                  1.57    0.00    3.02 ^ _422_/RESET_B (sky130_fd_sc_hd__dfrtp_2)
                                  3.02   data arrival time

                  0.15    0.00    0.00   clock clk (rise edge)
                          0.00    0.00   clock network delay (ideal)
                          0.25    0.25   clock uncertainty
                          0.00    0.25   clock reconvergence pessimism
                                  0.25 ^ _422_/CLK (sky130_fd_sc_hd__dfrtp_2)
                          0.76    1.01   library removal time
                                  1.01   data required time
-----------------------------------------------------------------------------
                                  1.01   data required time
                                 -3.02   data arrival time
-----------------------------------------------------------------------------
                                  2.01   slack (MET)


Startpoint: rstn (input port clocked by clk)
Endpoint: _401_ (removal check against rising-edge clock clk)
Path Group: asynchronous
Path Type: min

Fanout     Cap    Slew   Delay    Time   Description
-----------------------------------------------------------------------------
                  0.15    0.00    0.00   clock clk (rise edge)
                          0.00    0.00   clock network delay (ideal)
                          2.00    2.00 ^ input external delay
                  1.57    1.02    3.02 ^ rstn (in)
    68    0.35                           rstn (net)
                  1.57    0.00    3.02 ^ _401_/RESET_B (sky130_fd_sc_hd__dfrtp_2)
                                  3.02   data arrival time

                  0.15    0.00    0.00   clock clk (rise edge)
                          0.00    0.00   clock network delay (ideal)
                          0.25    0.25   clock uncertainty
                          0.00    0.25   clock reconvergence pessimism
                                  0.25 ^ _401_/CLK (sky130_fd_sc_hd__dfrtp_2)
                          0.76    1.01   library removal time
                                  1.01   data required time
-----------------------------------------------------------------------------
                                  1.01   data required time
                                 -3.02   data arrival time
-----------------------------------------------------------------------------
                                  2.01   slack (MET)


Startpoint: rstn (input port clocked by clk)
Endpoint: _452_ (removal check against rising-edge clock clk)
Path Group: asynchronous
Path Type: min

Fanout     Cap    Slew   Delay    Time   Description
-----------------------------------------------------------------------------
                  0.15    0.00    0.00   clock clk (rise edge)
                          0.00    0.00   clock network delay (ideal)
                          2.00    2.00 ^ input external delay
                  1.57    1.02    3.02 ^ rstn (in)
    68    0.35                           rstn (net)
                  1.57    0.00    3.02 ^ _452_/RESET_B (sky130_fd_sc_hd__dfrtp_2)
                                  3.02   data arrival time

                  0.15    0.00    0.00   clock clk (rise edge)
                          0.00    0.00   clock network delay (ideal)
                          0.25    0.25   clock uncertainty
                          0.00    0.25   clock reconvergence pessimism
                                  0.25 ^ _452_/CLK (sky130_fd_sc_hd__dfrtp_2)
                          0.76    1.01   library removal time
                                  1.01   data required time
-----------------------------------------------------------------------------
                                  1.01   data required time
                                 -3.02   data arrival time
-----------------------------------------------------------------------------
                                  2.01   slack (MET)


Startpoint: rstn (input port clocked by clk)
Endpoint: _455_ (removal check against rising-edge clock clk)
Path Group: asynchronous
Path Type: min

Fanout     Cap    Slew   Delay    Time   Description
-----------------------------------------------------------------------------
                  0.15    0.00    0.00   clock clk (rise edge)
                          0.00    0.00   clock network delay (ideal)
                          2.00    2.00 ^ input external delay
                  1.57    1.02    3.02 ^ rstn (in)
    68    0.35                           rstn (net)
                  1.57    0.00    3.02 ^ _455_/RESET_B (sky130_fd_sc_hd__dfrtp_2)
                                  3.02   data arrival time

                  0.15    0.00    0.00   clock clk (rise edge)
                          0.00    0.00   clock network delay (ideal)
                          0.25    0.25   clock uncertainty
                          0.00    0.25   clock reconvergence pessimism
                                  0.25 ^ _455_/CLK (sky130_fd_sc_hd__dfrtp_2)
                          0.76    1.01   library removal time
                                  1.01   data required time
-----------------------------------------------------------------------------
                                  1.01   data required time
                                 -3.02   data arrival time
-----------------------------------------------------------------------------
                                  2.01   slack (MET)


Startpoint: rstn (input port clocked by clk)
Endpoint: _392_ (removal check against rising-edge clock clk)
Path Group: asynchronous
Path Type: min

Fanout     Cap    Slew   Delay    Time   Description
-----------------------------------------------------------------------------
                  0.15    0.00    0.00   clock clk (rise edge)
                          0.00    0.00   clock network delay (ideal)
                          2.00    2.00 ^ input external delay
                  1.57    1.02    3.02 ^ rstn (in)
    68    0.35                           rstn (net)
                  1.57    0.00    3.02 ^ _392_/RESET_B (sky130_fd_sc_hd__dfrtp_2)
                                  3.02   data arrival time

                  0.15    0.00    0.00   clock clk (rise edge)
                          0.00    0.00   clock network delay (ideal)
                          0.25    0.25   clock uncertainty
                          0.00    0.25   clock reconvergence pessimism
                                  0.25 ^ _392_/CLK (sky130_fd_sc_hd__dfrtp_2)
                          0.76    1.01   library removal time
                                  1.01   data required time
-----------------------------------------------------------------------------
                                  1.01   data required time
                                 -3.02   data arrival time
-----------------------------------------------------------------------------
                                  2.02   slack (MET)


Startpoint: rstn (input port clocked by clk)
Endpoint: _435_ (removal check against rising-edge clock clk)
Path Group: asynchronous
Path Type: min

Fanout     Cap    Slew   Delay    Time   Description
-----------------------------------------------------------------------------
                  0.15    0.00    0.00   clock clk (rise edge)
                          0.00    0.00   clock network delay (ideal)
                          2.00    2.00 ^ input external delay
                  1.57    1.02    3.02 ^ rstn (in)
    68    0.35                           rstn (net)
                  1.57    0.00    3.02 ^ _435_/RESET_B (sky130_fd_sc_hd__dfrtp_2)
                                  3.02   data arrival time

                  0.15    0.00    0.00   clock clk (rise edge)
                          0.00    0.00   clock network delay (ideal)
                          0.25    0.25   clock uncertainty
                          0.00    0.25   clock reconvergence pessimism
                                  0.25 ^ _435_/CLK (sky130_fd_sc_hd__dfrtp_2)
                          0.76    1.01   library removal time
                                  1.01   data required time
-----------------------------------------------------------------------------
                                  1.01   data required time
                                 -3.02   data arrival time
-----------------------------------------------------------------------------
                                  2.02   slack (MET)


Startpoint: rstn (input port clocked by clk)
Endpoint: _429_ (removal check against rising-edge clock clk)
Path Group: asynchronous
Path Type: min

Fanout     Cap    Slew   Delay    Time   Description
-----------------------------------------------------------------------------
                  0.15    0.00    0.00   clock clk (rise edge)
                          0.00    0.00   clock network delay (ideal)
                          2.00    2.00 ^ input external delay
                  1.57    1.03    3.03 ^ rstn (in)
    68    0.35                           rstn (net)
                  1.57    0.00    3.03 ^ _429_/RESET_B (sky130_fd_sc_hd__dfrtp_2)
                                  3.03   data arrival time

                  0.15    0.00    0.00   clock clk (rise edge)
                          0.00    0.00   clock network delay (ideal)
                          0.25    0.25   clock uncertainty
                          0.00    0.25   clock reconvergence pessimism
                                  0.25 ^ _429_/CLK (sky130_fd_sc_hd__dfrtp_2)
                          0.76    1.01   library removal time
                                  1.01   data required time
-----------------------------------------------------------------------------
                                  1.01   data required time
                                 -3.03   data arrival time
-----------------------------------------------------------------------------
                                  2.02   slack (MET)


Startpoint: rstn (input port clocked by clk)
Endpoint: _428_ (removal check against rising-edge clock clk)
Path Group: asynchronous
Path Type: min

Fanout     Cap    Slew   Delay    Time   Description
-----------------------------------------------------------------------------
                  0.15    0.00    0.00   clock clk (rise edge)
                          0.00    0.00   clock network delay (ideal)
                          2.00    2.00 ^ input external delay
                  1.57    1.03    3.03 ^ rstn (in)
    68    0.35                           rstn (net)
                  1.57    0.00    3.03 ^ _428_/RESET_B (sky130_fd_sc_hd__dfrtp_2)
                                  3.03   data arrival time

                  0.15    0.00    0.00   clock clk (rise edge)
                          0.00    0.00   clock network delay (ideal)
                          0.25    0.25   clock uncertainty
                          0.00    0.25   clock reconvergence pessimism
                                  0.25 ^ _428_/CLK (sky130_fd_sc_hd__dfrtp_2)
                          0.76    1.01   library removal time
                                  1.01   data required time
-----------------------------------------------------------------------------
                                  1.01   data required time
                                 -3.03   data arrival time
-----------------------------------------------------------------------------
                                  2.02   slack (MET)


Startpoint: rstn (input port clocked by clk)
Endpoint: _412_ (removal check against rising-edge clock clk)
Path Group: asynchronous
Path Type: min

Fanout     Cap    Slew   Delay    Time   Description
-----------------------------------------------------------------------------
                  0.15    0.00    0.00   clock clk (rise edge)
                          0.00    0.00   clock network delay (ideal)
                          2.00    2.00 ^ input external delay
                  1.57    1.03    3.03 ^ rstn (in)
    68    0.35                           rstn (net)
                  1.57    0.00    3.03 ^ _412_/RESET_B (sky130_fd_sc_hd__dfrtp_2)
                                  3.03   data arrival time

                  0.15    0.00    0.00   clock clk (rise edge)
                          0.00    0.00   clock network delay (ideal)
                          0.25    0.25   clock uncertainty
                          0.00    0.25   clock reconvergence pessimism
                                  0.25 ^ _412_/CLK (sky130_fd_sc_hd__dfrtp_2)
                          0.76    1.01   library removal time
                                  1.01   data required time
-----------------------------------------------------------------------------
                                  1.01   data required time
                                 -3.03   data arrival time
-----------------------------------------------------------------------------
                                  2.02   slack (MET)


Startpoint: rstn (input port clocked by clk)
Endpoint: _442_ (removal check against rising-edge clock clk)
Path Group: asynchronous
Path Type: min

Fanout     Cap    Slew   Delay    Time   Description
-----------------------------------------------------------------------------
                  0.15    0.00    0.00   clock clk (rise edge)
                          0.00    0.00   clock network delay (ideal)
                          2.00    2.00 ^ input external delay
                  1.57    1.03    3.03 ^ rstn (in)
    68    0.35                           rstn (net)
                  1.57    0.00    3.03 ^ _442_/RESET_B (sky130_fd_sc_hd__dfrtp_2)
                                  3.03   data arrival time

                  0.15    0.00    0.00   clock clk (rise edge)
                          0.00    0.00   clock network delay (ideal)
                          0.25    0.25   clock uncertainty
                          0.00    0.25   clock reconvergence pessimism
                                  0.25 ^ _442_/CLK (sky130_fd_sc_hd__dfrtp_2)
                          0.76    1.01   library removal time
                                  1.01   data required time
-----------------------------------------------------------------------------
                                  1.01   data required time
                                 -3.03   data arrival time
-----------------------------------------------------------------------------
                                  2.02   slack (MET)


Startpoint: rstn (input port clocked by clk)
Endpoint: _431_ (removal check against rising-edge clock clk)
Path Group: asynchronous
Path Type: min

Fanout     Cap    Slew   Delay    Time   Description
-----------------------------------------------------------------------------
                  0.15    0.00    0.00   clock clk (rise edge)
                          0.00    0.00   clock network delay (ideal)
                          2.00    2.00 ^ input external delay
                  1.57    1.03    3.03 ^ rstn (in)
    68    0.35                           rstn (net)
                  1.57    0.00    3.03 ^ _431_/RESET_B (sky130_fd_sc_hd__dfrtp_2)
                                  3.03   data arrival time

                  0.15    0.00    0.00   clock clk (rise edge)
                          0.00    0.00   clock network delay (ideal)
                          0.25    0.25   clock uncertainty
                          0.00    0.25   clock reconvergence pessimism
                                  0.25 ^ _431_/CLK (sky130_fd_sc_hd__dfrtp_2)
                          0.76    1.01   library removal time
                                  1.01   data required time
-----------------------------------------------------------------------------
                                  1.01   data required time
                                 -3.03   data arrival time
-----------------------------------------------------------------------------
                                  2.02   slack (MET)


Startpoint: rstn (input port clocked by clk)
Endpoint: _443_ (removal check against rising-edge clock clk)
Path Group: asynchronous
Path Type: min

Fanout     Cap    Slew   Delay    Time   Description
-----------------------------------------------------------------------------
                  0.15    0.00    0.00   clock clk (rise edge)
                          0.00    0.00   clock network delay (ideal)
                          2.00    2.00 ^ input external delay
                  1.57    1.03    3.03 ^ rstn (in)
    68    0.35                           rstn (net)
                  1.57    0.00    3.03 ^ _443_/RESET_B (sky130_fd_sc_hd__dfrtp_2)
                                  3.03   data arrival time

                  0.15    0.00    0.00   clock clk (rise edge)
                          0.00    0.00   clock network delay (ideal)
                          0.25    0.25   clock uncertainty
                          0.00    0.25   clock reconvergence pessimism
                                  0.25 ^ _443_/CLK (sky130_fd_sc_hd__dfrtp_2)
                          0.76    1.01   library removal time
                                  1.01   data required time
-----------------------------------------------------------------------------
                                  1.01   data required time
                                 -3.03   data arrival time
-----------------------------------------------------------------------------
                                  2.02   slack (MET)


Startpoint: rstn (input port clocked by clk)
Endpoint: _393_ (removal check against rising-edge clock clk)
Path Group: asynchronous
Path Type: min

Fanout     Cap    Slew   Delay    Time   Description
-----------------------------------------------------------------------------
                  0.15    0.00    0.00   clock clk (rise edge)
                          0.00    0.00   clock network delay (ideal)
                          2.00    2.00 ^ input external delay
                  1.57    1.03    3.03 ^ rstn (in)
    68    0.35                           rstn (net)
                  1.57    0.00    3.03 ^ _393_/RESET_B (sky130_fd_sc_hd__dfrtp_2)
                                  3.03   data arrival time

                  0.15    0.00    0.00   clock clk (rise edge)
                          0.00    0.00   clock network delay (ideal)
                          0.25    0.25   clock uncertainty
                          0.00    0.25   clock reconvergence pessimism
                                  0.25 ^ _393_/CLK (sky130_fd_sc_hd__dfrtp_2)
                          0.76    1.01   library removal time
                                  1.01   data required time
-----------------------------------------------------------------------------
                                  1.01   data required time
                                 -3.03   data arrival time
-----------------------------------------------------------------------------
                                  2.02   slack (MET)


Startpoint: rstn (input port clocked by clk)
Endpoint: _396_ (removal check against rising-edge clock clk)
Path Group: asynchronous
Path Type: min

Fanout     Cap    Slew   Delay    Time   Description
-----------------------------------------------------------------------------
                  0.15    0.00    0.00   clock clk (rise edge)
                          0.00    0.00   clock network delay (ideal)
                          2.00    2.00 ^ input external delay
                  1.57    1.03    3.03 ^ rstn (in)
    68    0.35                           rstn (net)
                  1.57    0.00    3.03 ^ _396_/RESET_B (sky130_fd_sc_hd__dfrtp_2)
                                  3.03   data arrival time

                  0.15    0.00    0.00   clock clk (rise edge)
                          0.00    0.00   clock network delay (ideal)
                          0.25    0.25   clock uncertainty
                          0.00    0.25   clock reconvergence pessimism
                                  0.25 ^ _396_/CLK (sky130_fd_sc_hd__dfrtp_2)
                          0.76    1.01   library removal time
                                  1.01   data required time
-----------------------------------------------------------------------------
                                  1.01   data required time
                                 -3.03   data arrival time
-----------------------------------------------------------------------------
                                  2.02   slack (MET)


Startpoint: rstn (input port clocked by clk)
Endpoint: _391_ (removal check against rising-edge clock clk)
Path Group: asynchronous
Path Type: min

Fanout     Cap    Slew   Delay    Time   Description
-----------------------------------------------------------------------------
                  0.15    0.00    0.00   clock clk (rise edge)
                          0.00    0.00   clock network delay (ideal)
                          2.00    2.00 ^ input external delay
                  1.57    1.03    3.03 ^ rstn (in)
    68    0.35                           rstn (net)
                  1.57    0.00    3.03 ^ _391_/RESET_B (sky130_fd_sc_hd__dfrtp_2)
                                  3.03   data arrival time

                  0.15    0.00    0.00   clock clk (rise edge)
                          0.00    0.00   clock network delay (ideal)
                          0.25    0.25   clock uncertainty
                          0.00    0.25   clock reconvergence pessimism
                                  0.25 ^ _391_/CLK (sky130_fd_sc_hd__dfrtp_2)
                          0.76    1.01   library removal time
                                  1.01   data required time
-----------------------------------------------------------------------------
                                  1.01   data required time
                                 -3.03   data arrival time
-----------------------------------------------------------------------------
                                  2.02   slack (MET)


Startpoint: rstn (input port clocked by clk)
Endpoint: _390_ (removal check against rising-edge clock clk)
Path Group: asynchronous
Path Type: min

Fanout     Cap    Slew   Delay    Time   Description
-----------------------------------------------------------------------------
                  0.15    0.00    0.00   clock clk (rise edge)
                          0.00    0.00   clock network delay (ideal)
                          2.00    2.00 ^ input external delay
                  1.57    1.03    3.03 ^ rstn (in)
    68    0.35                           rstn (net)
                  1.57    0.00    3.03 ^ _390_/RESET_B (sky130_fd_sc_hd__dfrtp_2)
                                  3.03   data arrival time

                  0.15    0.00    0.00   clock clk (rise edge)
                          0.00    0.00   clock network delay (ideal)
                          0.25    0.25   clock uncertainty
                          0.00    0.25   clock reconvergence pessimism
                                  0.25 ^ _390_/CLK (sky130_fd_sc_hd__dfrtp_2)
                          0.76    1.01   library removal time
                                  1.01   data required time
-----------------------------------------------------------------------------
                                  1.01   data required time
                                 -3.03   data arrival time
-----------------------------------------------------------------------------
                                  2.03   slack (MET)


Startpoint: rstn (input port clocked by clk)
Endpoint: _440_ (removal check against rising-edge clock clk)
Path Group: asynchronous
Path Type: min

Fanout     Cap    Slew   Delay    Time   Description
-----------------------------------------------------------------------------
                  0.15    0.00    0.00   clock clk (rise edge)
                          0.00    0.00   clock network delay (ideal)
                          2.00    2.00 ^ input external delay
                  1.57    1.03    3.03 ^ rstn (in)
    68    0.35                           rstn (net)
                  1.57    0.00    3.03 ^ _440_/RESET_B (sky130_fd_sc_hd__dfrtp_2)
                                  3.03   data arrival time

                  0.15    0.00    0.00   clock clk (rise edge)
                          0.00    0.00   clock network delay (ideal)
                          0.25    0.25   clock uncertainty
                          0.00    0.25   clock reconvergence pessimism
                                  0.25 ^ _440_/CLK (sky130_fd_sc_hd__dfrtp_2)
                          0.76    1.01   library removal time
                                  1.01   data required time
-----------------------------------------------------------------------------
                                  1.01   data required time
                                 -3.03   data arrival time
-----------------------------------------------------------------------------
                                  2.03   slack (MET)


Startpoint: rstn (input port clocked by clk)
Endpoint: _446_ (removal check against rising-edge clock clk)
Path Group: asynchronous
Path Type: min

Fanout     Cap    Slew   Delay    Time   Description
-----------------------------------------------------------------------------
                  0.15    0.00    0.00   clock clk (rise edge)
                          0.00    0.00   clock network delay (ideal)
                          2.00    2.00 ^ input external delay
                  1.57    1.04    3.04 ^ rstn (in)
    68    0.35                           rstn (net)
                  1.57    0.00    3.04 ^ _446_/RESET_B (sky130_fd_sc_hd__dfrtp_2)
                                  3.04   data arrival time

                  0.15    0.00    0.00   clock clk (rise edge)
                          0.00    0.00   clock network delay (ideal)
                          0.25    0.25   clock uncertainty
                          0.00    0.25   clock reconvergence pessimism
                                  0.25 ^ _446_/CLK (sky130_fd_sc_hd__dfrtp_2)
                          0.76    1.01   library removal time
                                  1.01   data required time
-----------------------------------------------------------------------------
                                  1.01   data required time
                                 -3.04   data arrival time
-----------------------------------------------------------------------------
                                  2.03   slack (MET)


Startpoint: rstn (input port clocked by clk)
Endpoint: _408_ (removal check against rising-edge clock clk)
Path Group: asynchronous
Path Type: min

Fanout     Cap    Slew   Delay    Time   Description
-----------------------------------------------------------------------------
                  0.15    0.00    0.00   clock clk (rise edge)
                          0.00    0.00   clock network delay (ideal)
                          2.00    2.00 ^ input external delay
                  1.57    1.04    3.04 ^ rstn (in)
    68    0.35                           rstn (net)
                  1.57    0.00    3.04 ^ _408_/RESET_B (sky130_fd_sc_hd__dfrtp_2)
                                  3.04   data arrival time

                  0.15    0.00    0.00   clock clk (rise edge)
                          0.00    0.00   clock network delay (ideal)
                          0.25    0.25   clock uncertainty
                          0.00    0.25   clock reconvergence pessimism
                                  0.25 ^ _408_/CLK (sky130_fd_sc_hd__dfrtp_2)
                          0.76    1.01   library removal time
                                  1.01   data required time
-----------------------------------------------------------------------------
                                  1.01   data required time
                                 -3.04   data arrival time
-----------------------------------------------------------------------------
                                  2.03   slack (MET)


Startpoint: rstn (input port clocked by clk)
Endpoint: _404_ (removal check against rising-edge clock clk)
Path Group: asynchronous
Path Type: min

Fanout     Cap    Slew   Delay    Time   Description
-----------------------------------------------------------------------------
                  0.15    0.00    0.00   clock clk (rise edge)
                          0.00    0.00   clock network delay (ideal)
                          2.00    2.00 ^ input external delay
                  1.57    1.04    3.04 ^ rstn (in)
    68    0.35                           rstn (net)
                  1.57    0.00    3.04 ^ _404_/RESET_B (sky130_fd_sc_hd__dfrtp_2)
                                  3.04   data arrival time

                  0.15    0.00    0.00   clock clk (rise edge)
                          0.00    0.00   clock network delay (ideal)
                          0.25    0.25   clock uncertainty
                          0.00    0.25   clock reconvergence pessimism
                                  0.25 ^ _404_/CLK (sky130_fd_sc_hd__dfrtp_2)
                          0.76    1.01   library removal time
                                  1.01   data required time
-----------------------------------------------------------------------------
                                  1.01   data required time
                                 -3.04   data arrival time
-----------------------------------------------------------------------------
                                  2.03   slack (MET)


Startpoint: rstn (input port clocked by clk)
Endpoint: _409_ (removal check against rising-edge clock clk)
Path Group: asynchronous
Path Type: min

Fanout     Cap    Slew   Delay    Time   Description
-----------------------------------------------------------------------------
                  0.15    0.00    0.00   clock clk (rise edge)
                          0.00    0.00   clock network delay (ideal)
                          2.00    2.00 ^ input external delay
                  1.57    1.04    3.04 ^ rstn (in)
    68    0.35                           rstn (net)
                  1.57    0.00    3.04 ^ _409_/RESET_B (sky130_fd_sc_hd__dfrtp_2)
                                  3.04   data arrival time

                  0.15    0.00    0.00   clock clk (rise edge)
                          0.00    0.00   clock network delay (ideal)
                          0.25    0.25   clock uncertainty
                          0.00    0.25   clock reconvergence pessimism
                                  0.25 ^ _409_/CLK (sky130_fd_sc_hd__dfrtp_2)
                          0.76    1.01   library removal time
                                  1.01   data required time
-----------------------------------------------------------------------------
                                  1.01   data required time
                                 -3.04   data arrival time
-----------------------------------------------------------------------------
                                  2.03   slack (MET)


Startpoint: rstn (input port clocked by clk)
Endpoint: _420_ (removal check against rising-edge clock clk)
Path Group: asynchronous
Path Type: min

Fanout     Cap    Slew   Delay    Time   Description
-----------------------------------------------------------------------------
                  0.15    0.00    0.00   clock clk (rise edge)
                          0.00    0.00   clock network delay (ideal)
                          2.00    2.00 ^ input external delay
                  1.57    1.04    3.04 ^ rstn (in)
    68    0.35                           rstn (net)
                  1.57    0.00    3.04 ^ _420_/RESET_B (sky130_fd_sc_hd__dfrtp_2)
                                  3.04   data arrival time

                  0.15    0.00    0.00   clock clk (rise edge)
                          0.00    0.00   clock network delay (ideal)
                          0.25    0.25   clock uncertainty
                          0.00    0.25   clock reconvergence pessimism
                                  0.25 ^ _420_/CLK (sky130_fd_sc_hd__dfrtp_2)
                          0.76    1.01   library removal time
                                  1.01   data required time
-----------------------------------------------------------------------------
                                  1.01   data required time
                                 -3.04   data arrival time
-----------------------------------------------------------------------------
                                  2.03   slack (MET)


Startpoint: rstn (input port clocked by clk)
Endpoint: _421_ (removal check against rising-edge clock clk)
Path Group: asynchronous
Path Type: min

Fanout     Cap    Slew   Delay    Time   Description
-----------------------------------------------------------------------------
                  0.15    0.00    0.00   clock clk (rise edge)
                          0.00    0.00   clock network delay (ideal)
                          2.00    2.00 ^ input external delay
                  1.57    1.04    3.04 ^ rstn (in)
    68    0.35                           rstn (net)
                  1.57    0.00    3.04 ^ _421_/RESET_B (sky130_fd_sc_hd__dfrtp_2)
                                  3.04   data arrival time

                  0.15    0.00    0.00   clock clk (rise edge)
                          0.00    0.00   clock network delay (ideal)
                          0.25    0.25   clock uncertainty
                          0.00    0.25   clock reconvergence pessimism
                                  0.25 ^ _421_/CLK (sky130_fd_sc_hd__dfrtp_2)
                          0.76    1.01   library removal time
                                  1.01   data required time
-----------------------------------------------------------------------------
                                  1.01   data required time
                                 -3.04   data arrival time
-----------------------------------------------------------------------------
                                  2.03   slack (MET)


Startpoint: rstn (input port clocked by clk)
Endpoint: _424_ (removal check against rising-edge clock clk)
Path Group: asynchronous
Path Type: min

Fanout     Cap    Slew   Delay    Time   Description
-----------------------------------------------------------------------------
                  0.15    0.00    0.00   clock clk (rise edge)
                          0.00    0.00   clock network delay (ideal)
                          2.00    2.00 ^ input external delay
                  1.57    1.04    3.04 ^ rstn (in)
    68    0.35                           rstn (net)
                  1.57    0.00    3.04 ^ _424_/RESET_B (sky130_fd_sc_hd__dfrtp_2)
                                  3.04   data arrival time

                  0.15    0.00    0.00   clock clk (rise edge)
                          0.00    0.00   clock network delay (ideal)
                          0.25    0.25   clock uncertainty
                          0.00    0.25   clock reconvergence pessimism
                                  0.25 ^ _424_/CLK (sky130_fd_sc_hd__dfrtp_2)
                          0.76    1.01   library removal time
                                  1.01   data required time
-----------------------------------------------------------------------------
                                  1.01   data required time
                                 -3.04   data arrival time
-----------------------------------------------------------------------------
                                  2.03   slack (MET)


Startpoint: rstn (input port clocked by clk)
Endpoint: _403_ (removal check against rising-edge clock clk)
Path Group: asynchronous
Path Type: min

Fanout     Cap    Slew   Delay    Time   Description
-----------------------------------------------------------------------------
                  0.15    0.00    0.00   clock clk (rise edge)
                          0.00    0.00   clock network delay (ideal)
                          2.00    2.00 ^ input external delay
                  1.57    1.04    3.04 ^ rstn (in)
    68    0.35                           rstn (net)
                  1.57    0.00    3.04 ^ _403_/RESET_B (sky130_fd_sc_hd__dfrtp_2)
                                  3.04   data arrival time

                  0.15    0.00    0.00   clock clk (rise edge)
                          0.00    0.00   clock network delay (ideal)
                          0.25    0.25   clock uncertainty
                          0.00    0.25   clock reconvergence pessimism
                                  0.25 ^ _403_/CLK (sky130_fd_sc_hd__dfrtp_2)
                          0.76    1.01   library removal time
                                  1.01   data required time
-----------------------------------------------------------------------------
                                  1.01   data required time
                                 -3.04   data arrival time
-----------------------------------------------------------------------------
                                  2.03   slack (MET)


Startpoint: rstn (input port clocked by clk)
Endpoint: _425_ (removal check against rising-edge clock clk)
Path Group: asynchronous
Path Type: min

Fanout     Cap    Slew   Delay    Time   Description
-----------------------------------------------------------------------------
                  0.15    0.00    0.00   clock clk (rise edge)
                          0.00    0.00   clock network delay (ideal)
                          2.00    2.00 ^ input external delay
                  1.57    1.04    3.04 ^ rstn (in)
    68    0.35                           rstn (net)
                  1.57    0.00    3.04 ^ _425_/RESET_B (sky130_fd_sc_hd__dfrtp_2)
                                  3.04   data arrival time

                  0.15    0.00    0.00   clock clk (rise edge)
                          0.00    0.00   clock network delay (ideal)
                          0.25    0.25   clock uncertainty
                          0.00    0.25   clock reconvergence pessimism
                                  0.25 ^ _425_/CLK (sky130_fd_sc_hd__dfrtp_2)
                          0.76    1.01   library removal time
                                  1.01   data required time
-----------------------------------------------------------------------------
                                  1.01   data required time
                                 -3.04   data arrival time
-----------------------------------------------------------------------------
                                  2.03   slack (MET)


Startpoint: rstn (input port clocked by clk)
Endpoint: _427_ (removal check against rising-edge clock clk)
Path Group: asynchronous
Path Type: min

Fanout     Cap    Slew   Delay    Time   Description
-----------------------------------------------------------------------------
                  0.15    0.00    0.00   clock clk (rise edge)
                          0.00    0.00   clock network delay (ideal)
                          2.00    2.00 ^ input external delay
                  1.57    1.04    3.04 ^ rstn (in)
    68    0.35                           rstn (net)
                  1.57    0.00    3.04 ^ _427_/RESET_B (sky130_fd_sc_hd__dfrtp_2)
                                  3.04   data arrival time

                  0.15    0.00    0.00   clock clk (rise edge)
                          0.00    0.00   clock network delay (ideal)
                          0.25    0.25   clock uncertainty
                          0.00    0.25   clock reconvergence pessimism
                                  0.25 ^ _427_/CLK (sky130_fd_sc_hd__dfrtp_2)
                          0.76    1.01   library removal time
                                  1.01   data required time
-----------------------------------------------------------------------------
                                  1.01   data required time
                                 -3.04   data arrival time
-----------------------------------------------------------------------------
                                  2.03   slack (MET)


Startpoint: rstn (input port clocked by clk)
Endpoint: _434_ (removal check against rising-edge clock clk)
Path Group: asynchronous
Path Type: min

Fanout     Cap    Slew   Delay    Time   Description
-----------------------------------------------------------------------------
                  0.15    0.00    0.00   clock clk (rise edge)
                          0.00    0.00   clock network delay (ideal)
                          2.00    2.00 ^ input external delay
                  1.57    1.04    3.04 ^ rstn (in)
    68    0.35                           rstn (net)
                  1.57    0.00    3.04 ^ _434_/RESET_B (sky130_fd_sc_hd__dfrtp_2)
                                  3.04   data arrival time

                  0.15    0.00    0.00   clock clk (rise edge)
                          0.00    0.00   clock network delay (ideal)
                          0.25    0.25   clock uncertainty
                          0.00    0.25   clock reconvergence pessimism
                                  0.25 ^ _434_/CLK (sky130_fd_sc_hd__dfrtp_2)
                          0.76    1.01   library removal time
                                  1.01   data required time
-----------------------------------------------------------------------------
                                  1.01   data required time
                                 -3.04   data arrival time
-----------------------------------------------------------------------------
                                  2.03   slack (MET)


Startpoint: rstn (input port clocked by clk)
Endpoint: _400_ (removal check against rising-edge clock clk)
Path Group: asynchronous
Path Type: min

Fanout     Cap    Slew   Delay    Time   Description
-----------------------------------------------------------------------------
                  0.15    0.00    0.00   clock clk (rise edge)
                          0.00    0.00   clock network delay (ideal)
                          2.00    2.00 ^ input external delay
                  1.57    1.04    3.04 ^ rstn (in)
    68    0.35                           rstn (net)
                  1.57    0.00    3.04 ^ _400_/RESET_B (sky130_fd_sc_hd__dfrtp_2)
                                  3.04   data arrival time

                  0.15    0.00    0.00   clock clk (rise edge)
                          0.00    0.00   clock network delay (ideal)
                          0.25    0.25   clock uncertainty
                          0.00    0.25   clock reconvergence pessimism
                                  0.25 ^ _400_/CLK (sky130_fd_sc_hd__dfrtp_2)
                          0.76    1.01   library removal time
                                  1.01   data required time
-----------------------------------------------------------------------------
                                  1.01   data required time
                                 -3.04   data arrival time
-----------------------------------------------------------------------------
                                  2.03   slack (MET)


Startpoint: rstn (input port clocked by clk)
Endpoint: _432_ (removal check against rising-edge clock clk)
Path Group: asynchronous
Path Type: min

Fanout     Cap    Slew   Delay    Time   Description
-----------------------------------------------------------------------------
                  0.15    0.00    0.00   clock clk (rise edge)
                          0.00    0.00   clock network delay (ideal)
                          2.00    2.00 ^ input external delay
                  1.57    1.04    3.04 ^ rstn (in)
    68    0.35                           rstn (net)
                  1.57    0.00    3.04 ^ _432_/RESET_B (sky130_fd_sc_hd__dfrtp_2)
                                  3.04   data arrival time

                  0.15    0.00    0.00   clock clk (rise edge)
                          0.00    0.00   clock network delay (ideal)
                          0.25    0.25   clock uncertainty
                          0.00    0.25   clock reconvergence pessimism
                                  0.25 ^ _432_/CLK (sky130_fd_sc_hd__dfrtp_2)
                          0.76    1.01   library removal time
                                  1.01   data required time
-----------------------------------------------------------------------------
                                  1.01   data required time
                                 -3.04   data arrival time
-----------------------------------------------------------------------------
                                  2.03   slack (MET)


Startpoint: rstn (input port clocked by clk)
Endpoint: _414_ (removal check against rising-edge clock clk)
Path Group: asynchronous
Path Type: min

Fanout     Cap    Slew   Delay    Time   Description
-----------------------------------------------------------------------------
                  0.15    0.00    0.00   clock clk (rise edge)
                          0.00    0.00   clock network delay (ideal)
                          2.00    2.00 ^ input external delay
                  1.57    1.04    3.04 ^ rstn (in)
    68    0.35                           rstn (net)
                  1.57    0.00    3.04 ^ _414_/RESET_B (sky130_fd_sc_hd__dfrtp_2)
                                  3.04   data arrival time

                  0.15    0.00    0.00   clock clk (rise edge)
                          0.00    0.00   clock network delay (ideal)
                          0.25    0.25   clock uncertainty
                          0.00    0.25   clock reconvergence pessimism
                                  0.25 ^ _414_/CLK (sky130_fd_sc_hd__dfrtp_2)
                          0.76    1.01   library removal time
                                  1.01   data required time
-----------------------------------------------------------------------------
                                  1.01   data required time
                                 -3.04   data arrival time
-----------------------------------------------------------------------------
                                  2.03   slack (MET)


Startpoint: rstn (input port clocked by clk)
Endpoint: _438_ (removal check against rising-edge clock clk)
Path Group: asynchronous
Path Type: min

Fanout     Cap    Slew   Delay    Time   Description
-----------------------------------------------------------------------------
                  0.15    0.00    0.00   clock clk (rise edge)
                          0.00    0.00   clock network delay (ideal)
                          2.00    2.00 ^ input external delay
                  1.57    1.04    3.04 ^ rstn (in)
    68    0.35                           rstn (net)
                  1.57    0.00    3.04 ^ _438_/RESET_B (sky130_fd_sc_hd__dfrtp_2)
                                  3.04   data arrival time

                  0.15    0.00    0.00   clock clk (rise edge)
                          0.00    0.00   clock network delay (ideal)
                          0.25    0.25   clock uncertainty
                          0.00    0.25   clock reconvergence pessimism
                                  0.25 ^ _438_/CLK (sky130_fd_sc_hd__dfrtp_2)
                          0.76    1.01   library removal time
                                  1.01   data required time
-----------------------------------------------------------------------------
                                  1.01   data required time
                                 -3.04   data arrival time
-----------------------------------------------------------------------------
                                  2.04   slack (MET)


Startpoint: rstn (input port clocked by clk)
Endpoint: _441_ (removal check against rising-edge clock clk)
Path Group: asynchronous
Path Type: min

Fanout     Cap    Slew   Delay    Time   Description
-----------------------------------------------------------------------------
                  0.15    0.00    0.00   clock clk (rise edge)
                          0.00    0.00   clock network delay (ideal)
                          2.00    2.00 ^ input external delay
                  1.57    1.04    3.04 ^ rstn (in)
    68    0.35                           rstn (net)
                  1.57    0.00    3.04 ^ _441_/RESET_B (sky130_fd_sc_hd__dfrtp_2)
                                  3.04   data arrival time

                  0.15    0.00    0.00   clock clk (rise edge)
                          0.00    0.00   clock network delay (ideal)
                          0.25    0.25   clock uncertainty
                          0.00    0.25   clock reconvergence pessimism
                                  0.25 ^ _441_/CLK (sky130_fd_sc_hd__dfrtp_2)
                          0.76    1.01   library removal time
                                  1.01   data required time
-----------------------------------------------------------------------------
                                  1.01   data required time
                                 -3.04   data arrival time
-----------------------------------------------------------------------------
                                  2.04   slack (MET)


Startpoint: rstn (input port clocked by clk)
Endpoint: _411_ (removal check against rising-edge clock clk)
Path Group: asynchronous
Path Type: min

Fanout     Cap    Slew   Delay    Time   Description
-----------------------------------------------------------------------------
                  0.15    0.00    0.00   clock clk (rise edge)
                          0.00    0.00   clock network delay (ideal)
                          2.00    2.00 ^ input external delay
                  1.57    1.04    3.04 ^ rstn (in)
    68    0.35                           rstn (net)
                  1.57    0.00    3.04 ^ _411_/RESET_B (sky130_fd_sc_hd__dfrtp_2)
                                  3.04   data arrival time

                  0.15    0.00    0.00   clock clk (rise edge)
                          0.00    0.00   clock network delay (ideal)
                          0.25    0.25   clock uncertainty
                          0.00    0.25   clock reconvergence pessimism
                                  0.25 ^ _411_/CLK (sky130_fd_sc_hd__dfrtp_2)
                          0.76    1.01   library removal time
                                  1.01   data required time
-----------------------------------------------------------------------------
                                  1.01   data required time
                                 -3.04   data arrival time
-----------------------------------------------------------------------------
                                  2.04   slack (MET)


Startpoint: rstn (input port clocked by clk)
Endpoint: _447_ (removal check against rising-edge clock clk)
Path Group: asynchronous
Path Type: min

Fanout     Cap    Slew   Delay    Time   Description
-----------------------------------------------------------------------------
                  0.15    0.00    0.00   clock clk (rise edge)
                          0.00    0.00   clock network delay (ideal)
                          2.00    2.00 ^ input external delay
                  1.57    1.04    3.04 ^ rstn (in)
    68    0.35                           rstn (net)
                  1.57    0.00    3.04 ^ _447_/RESET_B (sky130_fd_sc_hd__dfrtp_2)
                                  3.04   data arrival time

                  0.15    0.00    0.00   clock clk (rise edge)
                          0.00    0.00   clock network delay (ideal)
                          0.25    0.25   clock uncertainty
                          0.00    0.25   clock reconvergence pessimism
                                  0.25 ^ _447_/CLK (sky130_fd_sc_hd__dfrtp_2)
                          0.76    1.01   library removal time
                                  1.01   data required time
-----------------------------------------------------------------------------
                                  1.01   data required time
                                 -3.04   data arrival time
-----------------------------------------------------------------------------
                                  2.04   slack (MET)


Startpoint: rstn (input port clocked by clk)
Endpoint: _449_ (removal check against rising-edge clock clk)
Path Group: asynchronous
Path Type: min

Fanout     Cap    Slew   Delay    Time   Description
-----------------------------------------------------------------------------
                  0.15    0.00    0.00   clock clk (rise edge)
                          0.00    0.00   clock network delay (ideal)
                          2.00    2.00 ^ input external delay
                  1.57    1.04    3.04 ^ rstn (in)
    68    0.35                           rstn (net)
                  1.57    0.00    3.04 ^ _449_/RESET_B (sky130_fd_sc_hd__dfrtp_2)
                                  3.04   data arrival time

                  0.15    0.00    0.00   clock clk (rise edge)
                          0.00    0.00   clock network delay (ideal)
                          0.25    0.25   clock uncertainty
                          0.00    0.25   clock reconvergence pessimism
                                  0.25 ^ _449_/CLK (sky130_fd_sc_hd__dfrtp_2)
                          0.76    1.01   library removal time
                                  1.01   data required time
-----------------------------------------------------------------------------
                                  1.01   data required time
                                 -3.04   data arrival time
-----------------------------------------------------------------------------
                                  2.04   slack (MET)


Startpoint: rstn (input port clocked by clk)
Endpoint: _389_ (removal check against rising-edge clock clk)
Path Group: asynchronous
Path Type: min

Fanout     Cap    Slew   Delay    Time   Description
-----------------------------------------------------------------------------
                  0.15    0.00    0.00   clock clk (rise edge)
                          0.00    0.00   clock network delay (ideal)
                          2.00    2.00 ^ input external delay
                  1.57    1.04    3.04 ^ rstn (in)
    68    0.35                           rstn (net)
                  1.57    0.00    3.04 ^ _389_/RESET_B (sky130_fd_sc_hd__dfrtp_2)
                                  3.04   data arrival time

                  0.15    0.00    0.00   clock clk (rise edge)
                          0.00    0.00   clock network delay (ideal)
                          0.25    0.25   clock uncertainty
                          0.00    0.25   clock reconvergence pessimism
                                  0.25 ^ _389_/CLK (sky130_fd_sc_hd__dfrtp_2)
                          0.76    1.01   library removal time
                                  1.01   data required time
-----------------------------------------------------------------------------
                                  1.01   data required time
                                 -3.04   data arrival time
-----------------------------------------------------------------------------
                                  2.04   slack (MET)


Startpoint: rstn (input port clocked by clk)
Endpoint: _413_ (removal check against rising-edge clock clk)
Path Group: asynchronous
Path Type: min

Fanout     Cap    Slew   Delay    Time   Description
-----------------------------------------------------------------------------
                  0.15    0.00    0.00   clock clk (rise edge)
                          0.00    0.00   clock network delay (ideal)
                          2.00    2.00 ^ input external delay
                  1.57    1.04    3.04 ^ rstn (in)
    68    0.35                           rstn (net)
                  1.57    0.00    3.04 ^ _413_/RESET_B (sky130_fd_sc_hd__dfrtp_2)
                                  3.04   data arrival time

                  0.15    0.00    0.00   clock clk (rise edge)
                          0.00    0.00   clock network delay (ideal)
                          0.25    0.25   clock uncertainty
                          0.00    0.25   clock reconvergence pessimism
                                  0.25 ^ _413_/CLK (sky130_fd_sc_hd__dfrtp_2)
                          0.76    1.01   library removal time
                                  1.01   data required time
-----------------------------------------------------------------------------
                                  1.01   data required time
                                 -3.04   data arrival time
-----------------------------------------------------------------------------
                                  2.04   slack (MET)


Startpoint: rstn (input port clocked by clk)
Endpoint: _415_ (removal check against rising-edge clock clk)
Path Group: asynchronous
Path Type: min

Fanout     Cap    Slew   Delay    Time   Description
-----------------------------------------------------------------------------
                  0.15    0.00    0.00   clock clk (rise edge)
                          0.00    0.00   clock network delay (ideal)
                          2.00    2.00 ^ input external delay
                  1.57    1.04    3.04 ^ rstn (in)
    68    0.35                           rstn (net)
                  1.57    0.00    3.04 ^ _415_/RESET_B (sky130_fd_sc_hd__dfrtp_2)
                                  3.04   data arrival time

                  0.15    0.00    0.00   clock clk (rise edge)
                          0.00    0.00   clock network delay (ideal)
                          0.25    0.25   clock uncertainty
                          0.00    0.25   clock reconvergence pessimism
                                  0.25 ^ _415_/CLK (sky130_fd_sc_hd__dfrtp_2)
                          0.76    1.01   library removal time
                                  1.01   data required time
-----------------------------------------------------------------------------
                                  1.01   data required time
                                 -3.04   data arrival time
-----------------------------------------------------------------------------
                                  2.04   slack (MET)


Startpoint: rstn (input port clocked by clk)
Endpoint: _418_ (removal check against rising-edge clock clk)
Path Group: asynchronous
Path Type: min

Fanout     Cap    Slew   Delay    Time   Description
-----------------------------------------------------------------------------
                  0.15    0.00    0.00   clock clk (rise edge)
                          0.00    0.00   clock network delay (ideal)
                          2.00    2.00 ^ input external delay
                  1.57    1.04    3.04 ^ rstn (in)
    68    0.35                           rstn (net)
                  1.57    0.00    3.04 ^ _418_/RESET_B (sky130_fd_sc_hd__dfrtp_2)
                                  3.04   data arrival time

                  0.15    0.00    0.00   clock clk (rise edge)
                          0.00    0.00   clock network delay (ideal)
                          0.25    0.25   clock uncertainty
                          0.00    0.25   clock reconvergence pessimism
                                  0.25 ^ _418_/CLK (sky130_fd_sc_hd__dfrtp_2)
                          0.76    1.01   library removal time
                                  1.01   data required time
-----------------------------------------------------------------------------
                                  1.01   data required time
                                 -3.04   data arrival time
-----------------------------------------------------------------------------
                                  2.04   slack (MET)


Startpoint: rstn (input port clocked by clk)
Endpoint: _417_ (removal check against rising-edge clock clk)
Path Group: asynchronous
Path Type: min

Fanout     Cap    Slew   Delay    Time   Description
-----------------------------------------------------------------------------
                  0.15    0.00    0.00   clock clk (rise edge)
                          0.00    0.00   clock network delay (ideal)
                          2.00    2.00 ^ input external delay
                  1.57    1.04    3.04 ^ rstn (in)
    68    0.35                           rstn (net)
                  1.57    0.00    3.04 ^ _417_/RESET_B (sky130_fd_sc_hd__dfrtp_2)
                                  3.04   data arrival time

                  0.15    0.00    0.00   clock clk (rise edge)
                          0.00    0.00   clock network delay (ideal)
                          0.25    0.25   clock uncertainty
                          0.00    0.25   clock reconvergence pessimism
                                  0.25 ^ _417_/CLK (sky130_fd_sc_hd__dfrtp_2)
                          0.76    1.01   library removal time
                                  1.01   data required time
-----------------------------------------------------------------------------
                                  1.01   data required time
                                 -3.04   data arrival time
-----------------------------------------------------------------------------
                                  2.04   slack (MET)


Startpoint: rstn (input port clocked by clk)
Endpoint: _410_ (removal check against rising-edge clock clk)
Path Group: asynchronous
Path Type: min

Fanout     Cap    Slew   Delay    Time   Description
-----------------------------------------------------------------------------
                  0.15    0.00    0.00   clock clk (rise edge)
                          0.00    0.00   clock network delay (ideal)
                          2.00    2.00 ^ input external delay
                  1.57    1.04    3.04 ^ rstn (in)
    68    0.35                           rstn (net)
                  1.57    0.00    3.04 ^ _410_/RESET_B (sky130_fd_sc_hd__dfrtp_2)
                                  3.04   data arrival time

                  0.15    0.00    0.00   clock clk (rise edge)
                          0.00    0.00   clock network delay (ideal)
                          0.25    0.25   clock uncertainty
                          0.00    0.25   clock reconvergence pessimism
                                  0.25 ^ _410_/CLK (sky130_fd_sc_hd__dfrtp_2)
                          0.76    1.01   library removal time
                                  1.01   data required time
-----------------------------------------------------------------------------
                                  1.01   data required time
                                 -3.04   data arrival time
-----------------------------------------------------------------------------
                                  2.04   slack (MET)


Startpoint: rstn (input port clocked by clk)
Endpoint: _439_ (removal check against rising-edge clock clk)
Path Group: asynchronous
Path Type: min

Fanout     Cap    Slew   Delay    Time   Description
-----------------------------------------------------------------------------
                  0.15    0.00    0.00   clock clk (rise edge)
                          0.00    0.00   clock network delay (ideal)
                          2.00    2.00 ^ input external delay
                  1.57    1.04    3.04 ^ rstn (in)
    68    0.35                           rstn (net)
                  1.57    0.00    3.04 ^ _439_/RESET_B (sky130_fd_sc_hd__dfrtp_2)
                                  3.04   data arrival time

                  0.15    0.00    0.00   clock clk (rise edge)
                          0.00    0.00   clock network delay (ideal)
                          0.25    0.25   clock uncertainty
                          0.00    0.25   clock reconvergence pessimism
                                  0.25 ^ _439_/CLK (sky130_fd_sc_hd__dfrtp_2)
                          0.76    1.01   library removal time
                                  1.01   data required time
-----------------------------------------------------------------------------
                                  1.01   data required time
                                 -3.04   data arrival time
-----------------------------------------------------------------------------
                                  2.04   slack (MET)


Startpoint: rstn (input port clocked by clk)
Endpoint: _419_ (removal check against rising-edge clock clk)
Path Group: asynchronous
Path Type: min

Fanout     Cap    Slew   Delay    Time   Description
-----------------------------------------------------------------------------
                  0.15    0.00    0.00   clock clk (rise edge)
                          0.00    0.00   clock network delay (ideal)
                          2.00    2.00 ^ input external delay
                  1.57    1.04    3.04 ^ rstn (in)
    68    0.35                           rstn (net)
                  1.57    0.00    3.04 ^ _419_/RESET_B (sky130_fd_sc_hd__dfrtp_2)
                                  3.04   data arrival time

                  0.15    0.00    0.00   clock clk (rise edge)
                          0.00    0.00   clock network delay (ideal)
                          0.25    0.25   clock uncertainty
                          0.00    0.25   clock reconvergence pessimism
                                  0.25 ^ _419_/CLK (sky130_fd_sc_hd__dfrtp_2)
                          0.76    1.01   library removal time
                                  1.01   data required time
-----------------------------------------------------------------------------
                                  1.01   data required time
                                 -3.04   data arrival time
-----------------------------------------------------------------------------
                                  2.04   slack (MET)


Startpoint: rstn (input port clocked by clk)
Endpoint: _437_ (removal check against rising-edge clock clk)
Path Group: asynchronous
Path Type: min

Fanout     Cap    Slew   Delay    Time   Description
-----------------------------------------------------------------------------
                  0.15    0.00    0.00   clock clk (rise edge)
                          0.00    0.00   clock network delay (ideal)
                          2.00    2.00 ^ input external delay
                  1.57    1.04    3.04 ^ rstn (in)
    68    0.35                           rstn (net)
                  1.57    0.00    3.04 ^ _437_/RESET_B (sky130_fd_sc_hd__dfrtp_2)
                                  3.04   data arrival time

                  0.15    0.00    0.00   clock clk (rise edge)
                          0.00    0.00   clock network delay (ideal)
                          0.25    0.25   clock uncertainty
                          0.00    0.25   clock reconvergence pessimism
                                  0.25 ^ _437_/CLK (sky130_fd_sc_hd__dfrtp_2)
                          0.76    1.01   library removal time
                                  1.01   data required time
-----------------------------------------------------------------------------
                                  1.01   data required time
                                 -3.04   data arrival time
-----------------------------------------------------------------------------
                                  2.04   slack (MET)


Startpoint: rstn (input port clocked by clk)
Endpoint: _395_ (removal check against rising-edge clock clk)
Path Group: asynchronous
Path Type: min

Fanout     Cap    Slew   Delay    Time   Description
-----------------------------------------------------------------------------
                  0.15    0.00    0.00   clock clk (rise edge)
                          0.00    0.00   clock network delay (ideal)
                          2.00    2.00 ^ input external delay
                  1.57    1.04    3.04 ^ rstn (in)
    68    0.35                           rstn (net)
                  1.57    0.00    3.04 ^ _395_/RESET_B (sky130_fd_sc_hd__dfrtp_2)
                                  3.04   data arrival time

                  0.15    0.00    0.00   clock clk (rise edge)
                          0.00    0.00   clock network delay (ideal)
                          0.25    0.25   clock uncertainty
                          0.00    0.25   clock reconvergence pessimism
                                  0.25 ^ _395_/CLK (sky130_fd_sc_hd__dfrtp_2)
                          0.76    1.01   library removal time
                                  1.01   data required time
-----------------------------------------------------------------------------
                                  1.01   data required time
                                 -3.04   data arrival time
-----------------------------------------------------------------------------
                                  2.04   slack (MET)


Startpoint: rstn (input port clocked by clk)
Endpoint: _398_ (removal check against rising-edge clock clk)
Path Group: asynchronous
Path Type: min

Fanout     Cap    Slew   Delay    Time   Description
-----------------------------------------------------------------------------
                  0.15    0.00    0.00   clock clk (rise edge)
                          0.00    0.00   clock network delay (ideal)
                          2.00    2.00 ^ input external delay
                  1.57    1.04    3.04 ^ rstn (in)
    68    0.35                           rstn (net)
                  1.57    0.00    3.04 ^ _398_/RESET_B (sky130_fd_sc_hd__dfrtp_2)
                                  3.04   data arrival time

                  0.15    0.00    0.00   clock clk (rise edge)
                          0.00    0.00   clock network delay (ideal)
                          0.25    0.25   clock uncertainty
                          0.00    0.25   clock reconvergence pessimism
                                  0.25 ^ _398_/CLK (sky130_fd_sc_hd__dfrtp_2)
                          0.76    1.01   library removal time
                                  1.01   data required time
-----------------------------------------------------------------------------
                                  1.01   data required time
                                 -3.04   data arrival time
-----------------------------------------------------------------------------
                                  2.04   slack (MET)


Startpoint: rstn (input port clocked by clk)
Endpoint: _407_ (removal check against rising-edge clock clk)
Path Group: asynchronous
Path Type: min

Fanout     Cap    Slew   Delay    Time   Description
-----------------------------------------------------------------------------
                  0.15    0.00    0.00   clock clk (rise edge)
                          0.00    0.00   clock network delay (ideal)
                          2.00    2.00 ^ input external delay
                  1.57    1.04    3.04 ^ rstn (in)
    68    0.35                           rstn (net)
                  1.57    0.00    3.04 ^ _407_/RESET_B (sky130_fd_sc_hd__dfrtp_2)
                                  3.04   data arrival time

                  0.15    0.00    0.00   clock clk (rise edge)
                          0.00    0.00   clock network delay (ideal)
                          0.25    0.25   clock uncertainty
                          0.00    0.25   clock reconvergence pessimism
                                  0.25 ^ _407_/CLK (sky130_fd_sc_hd__dfrtp_2)
                          0.76    1.01   library removal time
                                  1.01   data required time
-----------------------------------------------------------------------------
                                  1.01   data required time
                                 -3.04   data arrival time
-----------------------------------------------------------------------------
                                  2.04   slack (MET)


Startpoint: rstn (input port clocked by clk)
Endpoint: _405_ (removal check against rising-edge clock clk)
Path Group: asynchronous
Path Type: min

Fanout     Cap    Slew   Delay    Time   Description
-----------------------------------------------------------------------------
                  0.15    0.00    0.00   clock clk (rise edge)
                          0.00    0.00   clock network delay (ideal)
                          2.00    2.00 ^ input external delay
                  1.57    1.05    3.05 ^ rstn (in)
    68    0.35                           rstn (net)
                  1.57    0.00    3.05 ^ _405_/RESET_B (sky130_fd_sc_hd__dfrtp_2)
                                  3.05   data arrival time

                  0.15    0.00    0.00   clock clk (rise edge)
                          0.00    0.00   clock network delay (ideal)
                          0.25    0.25   clock uncertainty
                          0.00    0.25   clock reconvergence pessimism
                                  0.25 ^ _405_/CLK (sky130_fd_sc_hd__dfrtp_2)
                          0.76    1.01   library removal time
                                  1.01   data required time
-----------------------------------------------------------------------------
                                  1.01   data required time
                                 -3.05   data arrival time
-----------------------------------------------------------------------------
                                  2.04   slack (MET)


Startpoint: rstn (input port clocked by clk)
Endpoint: _394_ (removal check against rising-edge clock clk)
Path Group: asynchronous
Path Type: min

Fanout     Cap    Slew   Delay    Time   Description
-----------------------------------------------------------------------------
                  0.15    0.00    0.00   clock clk (rise edge)
                          0.00    0.00   clock network delay (ideal)
                          2.00    2.00 ^ input external delay
                  1.57    1.05    3.05 ^ rstn (in)
    68    0.35                           rstn (net)
                  1.57    0.00    3.05 ^ _394_/RESET_B (sky130_fd_sc_hd__dfrtp_2)
                                  3.05   data arrival time

                  0.15    0.00    0.00   clock clk (rise edge)
                          0.00    0.00   clock network delay (ideal)
                          0.25    0.25   clock uncertainty
                          0.00    0.25   clock reconvergence pessimism
                                  0.25 ^ _394_/CLK (sky130_fd_sc_hd__dfrtp_2)
                          0.76    1.01   library removal time
                                  1.01   data required time
-----------------------------------------------------------------------------
                                  1.01   data required time
                                 -3.05   data arrival time
-----------------------------------------------------------------------------
                                  2.04   slack (MET)


Startpoint: rstn (input port clocked by clk)
Endpoint: _423_ (removal check against rising-edge clock clk)
Path Group: asynchronous
Path Type: min

Fanout     Cap    Slew   Delay    Time   Description
-----------------------------------------------------------------------------
                  0.15    0.00    0.00   clock clk (rise edge)
                          0.00    0.00   clock network delay (ideal)
                          2.00    2.00 ^ input external delay
                  1.57    1.05    3.05 ^ rstn (in)
    68    0.35                           rstn (net)
                  1.57    0.00    3.05 ^ _423_/RESET_B (sky130_fd_sc_hd__dfrtp_2)
                                  3.05   data arrival time

                  0.15    0.00    0.00   clock clk (rise edge)
                          0.00    0.00   clock network delay (ideal)
                          0.25    0.25   clock uncertainty
                          0.00    0.25   clock reconvergence pessimism
                                  0.25 ^ _423_/CLK (sky130_fd_sc_hd__dfrtp_2)
                          0.76    1.01   library removal time
                                  1.01   data required time
-----------------------------------------------------------------------------
                                  1.01   data required time
                                 -3.05   data arrival time
-----------------------------------------------------------------------------
                                  2.04   slack (MET)


Startpoint: rstn (input port clocked by clk)
Endpoint: _426_ (removal check against rising-edge clock clk)
Path Group: asynchronous
Path Type: min

Fanout     Cap    Slew   Delay    Time   Description
-----------------------------------------------------------------------------
                  0.15    0.00    0.00   clock clk (rise edge)
                          0.00    0.00   clock network delay (ideal)
                          2.00    2.00 ^ input external delay
                  1.57    1.05    3.05 ^ rstn (in)
    68    0.35                           rstn (net)
                  1.57    0.00    3.05 ^ _426_/RESET_B (sky130_fd_sc_hd__dfrtp_2)
                                  3.05   data arrival time

                  0.15    0.00    0.00   clock clk (rise edge)
                          0.00    0.00   clock network delay (ideal)
                          0.25    0.25   clock uncertainty
                          0.00    0.25   clock reconvergence pessimism
                                  0.25 ^ _426_/CLK (sky130_fd_sc_hd__dfrtp_2)
                          0.76    1.01   library removal time
                                  1.01   data required time
-----------------------------------------------------------------------------
                                  1.01   data required time
                                 -3.05   data arrival time
-----------------------------------------------------------------------------
                                  2.04   slack (MET)


Startpoint: rstn (input port clocked by clk)
Endpoint: _416_ (removal check against rising-edge clock clk)
Path Group: asynchronous
Path Type: min

Fanout     Cap    Slew   Delay    Time   Description
-----------------------------------------------------------------------------
                  0.15    0.00    0.00   clock clk (rise edge)
                          0.00    0.00   clock network delay (ideal)
                          2.00    2.00 ^ input external delay
                  1.57    1.05    3.05 ^ rstn (in)
    68    0.35                           rstn (net)
                  1.57    0.00    3.05 ^ _416_/RESET_B (sky130_fd_sc_hd__dfrtp_2)
                                  3.05   data arrival time

                  0.15    0.00    0.00   clock clk (rise edge)
                          0.00    0.00   clock network delay (ideal)
                          0.25    0.25   clock uncertainty
                          0.00    0.25   clock reconvergence pessimism
                                  0.25 ^ _416_/CLK (sky130_fd_sc_hd__dfrtp_2)
                          0.76    1.01   library removal time
                                  1.01   data required time
-----------------------------------------------------------------------------
                                  1.01   data required time
                                 -3.05   data arrival time
-----------------------------------------------------------------------------
                                  2.04   slack (MET)


Startpoint: rstn (input port clocked by clk)
Endpoint: _444_ (removal check against rising-edge clock clk)
Path Group: asynchronous
Path Type: min

Fanout     Cap    Slew   Delay    Time   Description
-----------------------------------------------------------------------------
                  0.15    0.00    0.00   clock clk (rise edge)
                          0.00    0.00   clock network delay (ideal)
                          2.00    2.00 ^ input external delay
                  1.57    1.05    3.05 ^ rstn (in)
    68    0.35                           rstn (net)
                  1.57    0.00    3.05 ^ _444_/RESET_B (sky130_fd_sc_hd__dfrtp_2)
                                  3.05   data arrival time

                  0.15    0.00    0.00   clock clk (rise edge)
                          0.00    0.00   clock network delay (ideal)
                          0.25    0.25   clock uncertainty
                          0.00    0.25   clock reconvergence pessimism
                                  0.25 ^ _444_/CLK (sky130_fd_sc_hd__dfrtp_2)
                          0.76    1.01   library removal time
                                  1.01   data required time
-----------------------------------------------------------------------------
                                  1.01   data required time
                                 -3.05   data arrival time
-----------------------------------------------------------------------------
                                  2.04   slack (MET)


Startpoint: rstn (input port clocked by clk)
Endpoint: _397_ (removal check against rising-edge clock clk)
Path Group: asynchronous
Path Type: min

Fanout     Cap    Slew   Delay    Time   Description
-----------------------------------------------------------------------------
                  0.15    0.00    0.00   clock clk (rise edge)
                          0.00    0.00   clock network delay (ideal)
                          2.00    2.00 ^ input external delay
                  1.57    1.05    3.05 ^ rstn (in)
    68    0.35                           rstn (net)
                  1.57    0.00    3.05 ^ _397_/RESET_B (sky130_fd_sc_hd__dfrtp_2)
                                  3.05   data arrival time

                  0.15    0.00    0.00   clock clk (rise edge)
                          0.00    0.00   clock network delay (ideal)
                          0.25    0.25   clock uncertainty
                          0.00    0.25   clock reconvergence pessimism
                                  0.25 ^ _397_/CLK (sky130_fd_sc_hd__dfrtp_2)
                          0.76    1.01   library removal time
                                  1.01   data required time
-----------------------------------------------------------------------------
                                  1.01   data required time
                                 -3.05   data arrival time
-----------------------------------------------------------------------------
                                  2.04   slack (MET)


Startpoint: rstn (input port clocked by clk)
Endpoint: _433_ (removal check against rising-edge clock clk)
Path Group: asynchronous
Path Type: min

Fanout     Cap    Slew   Delay    Time   Description
-----------------------------------------------------------------------------
                  0.15    0.00    0.00   clock clk (rise edge)
                          0.00    0.00   clock network delay (ideal)
                          2.00    2.00 ^ input external delay
                  1.57    1.05    3.05 ^ rstn (in)
    68    0.35                           rstn (net)
                  1.57    0.00    3.05 ^ _433_/RESET_B (sky130_fd_sc_hd__dfrtp_2)
                                  3.05   data arrival time

                  0.15    0.00    0.00   clock clk (rise edge)
                          0.00    0.00   clock network delay (ideal)
                          0.25    0.25   clock uncertainty
                          0.00    0.25   clock reconvergence pessimism
                                  0.25 ^ _433_/CLK (sky130_fd_sc_hd__dfrtp_2)
                          0.76    1.01   library removal time
                                  1.01   data required time
-----------------------------------------------------------------------------
                                  1.01   data required time
                                 -3.05   data arrival time
-----------------------------------------------------------------------------
                                  2.04   slack (MET)


Startpoint: rstn (input port clocked by clk)
Endpoint: _436_ (removal check against rising-edge clock clk)
Path Group: asynchronous
Path Type: min

Fanout     Cap    Slew   Delay    Time   Description
-----------------------------------------------------------------------------
                  0.15    0.00    0.00   clock clk (rise edge)
                          0.00    0.00   clock network delay (ideal)
                          2.00    2.00 ^ input external delay
                  1.57    1.05    3.05 ^ rstn (in)
    68    0.35                           rstn (net)
                  1.57    0.00    3.05 ^ _436_/RESET_B (sky130_fd_sc_hd__dfrtp_2)
                                  3.05   data arrival time

                  0.15    0.00    0.00   clock clk (rise edge)
                          0.00    0.00   clock network delay (ideal)
                          0.25    0.25   clock uncertainty
                          0.00    0.25   clock reconvergence pessimism
                                  0.25 ^ _436_/CLK (sky130_fd_sc_hd__dfrtp_2)
                          0.76    1.01   library removal time
                                  1.01   data required time
-----------------------------------------------------------------------------
                                  1.01   data required time
                                 -3.05   data arrival time
-----------------------------------------------------------------------------
                                  2.04   slack (MET)


Startpoint: rstn (input port clocked by clk)
Endpoint: _399_ (removal check against rising-edge clock clk)
Path Group: asynchronous
Path Type: min

Fanout     Cap    Slew   Delay    Time   Description
-----------------------------------------------------------------------------
                  0.15    0.00    0.00   clock clk (rise edge)
                          0.00    0.00   clock network delay (ideal)
                          2.00    2.00 ^ input external delay
                  1.57    1.05    3.05 ^ rstn (in)
    68    0.35                           rstn (net)
                  1.57    0.00    3.05 ^ _399_/RESET_B (sky130_fd_sc_hd__dfrtp_2)
                                  3.05   data arrival time

                  0.15    0.00    0.00   clock clk (rise edge)
                          0.00    0.00   clock network delay (ideal)
                          0.25    0.25   clock uncertainty
                          0.00    0.25   clock reconvergence pessimism
                                  0.25 ^ _399_/CLK (sky130_fd_sc_hd__dfrtp_2)
                          0.76    1.01   library removal time
                                  1.01   data required time
-----------------------------------------------------------------------------
                                  1.01   data required time
                                 -3.05   data arrival time
-----------------------------------------------------------------------------
                                  2.04   slack (MET)


Startpoint: rstn (input port clocked by clk)
Endpoint: _448_ (removal check against rising-edge clock clk)
Path Group: asynchronous
Path Type: min

Fanout     Cap    Slew   Delay    Time   Description
-----------------------------------------------------------------------------
                  0.15    0.00    0.00   clock clk (rise edge)
                          0.00    0.00   clock network delay (ideal)
                          2.00    2.00 ^ input external delay
                  1.57    1.05    3.05 ^ rstn (in)
    68    0.35                           rstn (net)
                  1.57    0.00    3.05 ^ _448_/RESET_B (sky130_fd_sc_hd__dfrtp_2)
                                  3.05   data arrival time

                  0.15    0.00    0.00   clock clk (rise edge)
                          0.00    0.00   clock network delay (ideal)
                          0.25    0.25   clock uncertainty
                          0.00    0.25   clock reconvergence pessimism
                                  0.25 ^ _448_/CLK (sky130_fd_sc_hd__dfrtp_2)
                          0.76    1.01   library removal time
                                  1.01   data required time
-----------------------------------------------------------------------------
                                  1.01   data required time
                                 -3.05   data arrival time
-----------------------------------------------------------------------------
                                  2.04   slack (MET)


Startpoint: rstn (input port clocked by clk)
Endpoint: _451_ (removal check against rising-edge clock clk)
Path Group: asynchronous
Path Type: min

Fanout     Cap    Slew   Delay    Time   Description
-----------------------------------------------------------------------------
                  0.15    0.00    0.00   clock clk (rise edge)
                          0.00    0.00   clock network delay (ideal)
                          2.00    2.00 ^ input external delay
                  1.57    1.05    3.05 ^ rstn (in)
    68    0.35                           rstn (net)
                  1.57    0.00    3.05 ^ _451_/RESET_B (sky130_fd_sc_hd__dfrtp_2)
                                  3.05   data arrival time

                  0.15    0.00    0.00   clock clk (rise edge)
                          0.00    0.00   clock network delay (ideal)
                          0.25    0.25   clock uncertainty
                          0.00    0.25   clock reconvergence pessimism
                                  0.25 ^ _451_/CLK (sky130_fd_sc_hd__dfrtp_2)
                          0.76    1.01   library removal time
                                  1.01   data required time
-----------------------------------------------------------------------------
                                  1.01   data required time
                                 -3.05   data arrival time
-----------------------------------------------------------------------------
                                  2.04   slack (MET)


Startpoint: rstn (input port clocked by clk)
Endpoint: _445_ (removal check against rising-edge clock clk)
Path Group: asynchronous
Path Type: min

Fanout     Cap    Slew   Delay    Time   Description
-----------------------------------------------------------------------------
                  0.15    0.00    0.00   clock clk (rise edge)
                          0.00    0.00   clock network delay (ideal)
                          2.00    2.00 ^ input external delay
                  1.57    1.05    3.05 ^ rstn (in)
    68    0.35                           rstn (net)
                  1.57    0.00    3.05 ^ _445_/RESET_B (sky130_fd_sc_hd__dfrtp_2)
                                  3.05   data arrival time

                  0.15    0.00    0.00   clock clk (rise edge)
                          0.00    0.00   clock network delay (ideal)
                          0.25    0.25   clock uncertainty
                          0.00    0.25   clock reconvergence pessimism
                                  0.25 ^ _445_/CLK (sky130_fd_sc_hd__dfrtp_2)
                          0.76    1.01   library removal time
                                  1.01   data required time
-----------------------------------------------------------------------------
                                  1.01   data required time
                                 -3.05   data arrival time
-----------------------------------------------------------------------------
                                  2.04   slack (MET)


Startpoint: rstn (input port clocked by clk)
Endpoint: _430_ (removal check against rising-edge clock clk)
Path Group: asynchronous
Path Type: min

Fanout     Cap    Slew   Delay    Time   Description
-----------------------------------------------------------------------------
                  0.15    0.00    0.00   clock clk (rise edge)
                          0.00    0.00   clock network delay (ideal)
                          2.00    2.00 ^ input external delay
                  1.57    1.05    3.05 ^ rstn (in)
    68    0.35                           rstn (net)
                  1.57    0.00    3.05 ^ _430_/RESET_B (sky130_fd_sc_hd__dfrtp_2)
                                  3.05   data arrival time

                  0.15    0.00    0.00   clock clk (rise edge)
                          0.00    0.00   clock network delay (ideal)
                          0.25    0.25   clock uncertainty
                          0.00    0.25   clock reconvergence pessimism
                                  0.25 ^ _430_/CLK (sky130_fd_sc_hd__dfrtp_2)
                          0.76    1.01   library removal time
                                  1.01   data required time
-----------------------------------------------------------------------------
                                  1.01   data required time
                                 -3.05   data arrival time
-----------------------------------------------------------------------------
                                  2.04   slack (MET)


Startpoint: rstn (input port clocked by clk)
Endpoint: _453_ (removal check against rising-edge clock clk)
Path Group: asynchronous
Path Type: min

Fanout     Cap    Slew   Delay    Time   Description
-----------------------------------------------------------------------------
                  0.15    0.00    0.00   clock clk (rise edge)
                          0.00    0.00   clock network delay (ideal)
                          2.00    2.00 ^ input external delay
                  1.57    1.05    3.05 ^ rstn (in)
    68    0.35                           rstn (net)
                  1.57    0.00    3.05 ^ _453_/RESET_B (sky130_fd_sc_hd__dfrtp_2)
                                  3.05   data arrival time

                  0.15    0.00    0.00   clock clk (rise edge)
                          0.00    0.00   clock network delay (ideal)
                          0.25    0.25   clock uncertainty
                          0.00    0.25   clock reconvergence pessimism
                                  0.25 ^ _453_/CLK (sky130_fd_sc_hd__dfrtp_2)
                          0.76    1.01   library removal time
                                  1.01   data required time
-----------------------------------------------------------------------------
                                  1.01   data required time
                                 -3.05   data arrival time
-----------------------------------------------------------------------------
                                  2.04   slack (MET)


Startpoint: rstn (input port clocked by clk)
Endpoint: _454_ (removal check against rising-edge clock clk)
Path Group: asynchronous
Path Type: min

Fanout     Cap    Slew   Delay    Time   Description
-----------------------------------------------------------------------------
                  0.15    0.00    0.00   clock clk (rise edge)
                          0.00    0.00   clock network delay (ideal)
                          2.00    2.00 ^ input external delay
                  1.57    1.05    3.05 ^ rstn (in)
    68    0.35                           rstn (net)
                  1.57    0.00    3.05 ^ _454_/RESET_B (sky130_fd_sc_hd__dfrtp_2)
                                  3.05   data arrival time

                  0.15    0.00    0.00   clock clk (rise edge)
                          0.00    0.00   clock network delay (ideal)
                          0.25    0.25   clock uncertainty
                          0.00    0.25   clock reconvergence pessimism
                                  0.25 ^ _454_/CLK (sky130_fd_sc_hd__dfrtp_2)
                          0.76    1.01   library removal time
                                  1.01   data required time
-----------------------------------------------------------------------------
                                  1.01   data required time
                                 -3.05   data arrival time
-----------------------------------------------------------------------------
                                  2.04   slack (MET)


Startpoint: _422_ (rising edge-triggered flip-flop clocked by clk)
Endpoint: paddr[30] (output port clocked by clk)
Path Group: clk
Path Type: min

Fanout     Cap    Slew   Delay    Time   Description
-----------------------------------------------------------------------------
                  0.15    0.00    0.00   clock clk (rise edge)
                          0.00    0.00   clock network delay (ideal)
                  0.15    0.00    0.00 ^ _422_/CLK (sky130_fd_sc_hd__dfrtp_2)
                  0.18    0.47    0.47 ^ _422_/Q (sky130_fd_sc_hd__dfrtp_2)
     2    0.04                           paddr[30] (net)
                  0.18    0.00    0.47 ^ paddr[30] (out)
                                  0.47   data arrival time

                  0.15    0.00    0.00   clock clk (rise edge)
                          0.00    0.00   clock network delay (ideal)
                          0.25    0.25   clock uncertainty
                          0.00    0.25   clock reconvergence pessimism
                         -2.00   -1.75   output external delay
                                 -1.75   data required time
-----------------------------------------------------------------------------
                                 -1.75   data required time
                                 -0.47   data arrival time
-----------------------------------------------------------------------------
                                  2.22   slack (MET)


Startpoint: _402_ (rising edge-triggered flip-flop clocked by clk)
Endpoint: paddr[10] (output port clocked by clk)
Path Group: clk
Path Type: min

Fanout     Cap    Slew   Delay    Time   Description
-----------------------------------------------------------------------------
                  0.15    0.00    0.00   clock clk (rise edge)
                          0.00    0.00   clock network delay (ideal)
                  0.15    0.00    0.00 ^ _402_/CLK (sky130_fd_sc_hd__dfrtp_2)
                  0.18    0.47    0.47 ^ _402_/Q (sky130_fd_sc_hd__dfrtp_2)
     2    0.04                           paddr[10] (net)
                  0.18    0.00    0.47 ^ paddr[10] (out)
                                  0.47   data arrival time

                  0.15    0.00    0.00   clock clk (rise edge)
                          0.00    0.00   clock network delay (ideal)
                          0.25    0.25   clock uncertainty
                          0.00    0.25   clock reconvergence pessimism
                         -2.00   -1.75   output external delay
                                 -1.75   data required time
-----------------------------------------------------------------------------
                                 -1.75   data required time
                                 -0.47   data arrival time
-----------------------------------------------------------------------------
                                  2.22   slack (MET)


Startpoint: _393_ (rising edge-triggered flip-flop clocked by clk)
Endpoint: paddr[1] (output port clocked by clk)
Path Group: clk
Path Type: min

Fanout     Cap    Slew   Delay    Time   Description
-----------------------------------------------------------------------------
                  0.15    0.00    0.00   clock clk (rise edge)
                          0.00    0.00   clock network delay (ideal)
                  0.15    0.00    0.00 ^ _393_/CLK (sky130_fd_sc_hd__dfrtp_2)
                  0.18    0.47    0.47 ^ _393_/Q (sky130_fd_sc_hd__dfrtp_2)
     2    0.04                           paddr[1] (net)
                  0.18    0.00    0.47 ^ paddr[1] (out)
                                  0.47   data arrival time

                  0.15    0.00    0.00   clock clk (rise edge)
                          0.00    0.00   clock network delay (ideal)
                          0.25    0.25   clock uncertainty
                          0.00    0.25   clock reconvergence pessimism
                         -2.00   -1.75   output external delay
                                 -1.75   data required time
-----------------------------------------------------------------------------
                                 -1.75   data required time
                                 -0.47   data arrival time
-----------------------------------------------------------------------------
                                  2.22   slack (MET)


Startpoint: _429_ (rising edge-triggered flip-flop clocked by clk)
Endpoint: pwdata[5] (output port clocked by clk)
Path Group: clk
Path Type: min

Fanout     Cap    Slew   Delay    Time   Description
-----------------------------------------------------------------------------
                  0.15    0.00    0.00   clock clk (rise edge)
                          0.00    0.00   clock network delay (ideal)
                  0.15    0.00    0.00 ^ _429_/CLK (sky130_fd_sc_hd__dfrtp_2)
                  0.18    0.47    0.47 ^ _429_/Q (sky130_fd_sc_hd__dfrtp_2)
     2    0.04                           pwdata[5] (net)
                  0.18    0.00    0.47 ^ pwdata[5] (out)
                                  0.47   data arrival time

                  0.15    0.00    0.00   clock clk (rise edge)
                          0.00    0.00   clock network delay (ideal)
                          0.25    0.25   clock uncertainty
                          0.00    0.25   clock reconvergence pessimism
                         -2.00   -1.75   output external delay
                                 -1.75   data required time
-----------------------------------------------------------------------------
                                 -1.75   data required time
                                 -0.47   data arrival time
-----------------------------------------------------------------------------
                                  2.22   slack (MET)


Startpoint: _443_ (rising edge-triggered flip-flop clocked by clk)
Endpoint: pwdata[19] (output port clocked by clk)
Path Group: clk
Path Type: min

Fanout     Cap    Slew   Delay    Time   Description
-----------------------------------------------------------------------------
                  0.15    0.00    0.00   clock clk (rise edge)
                          0.00    0.00   clock network delay (ideal)
                  0.15    0.00    0.00 ^ _443_/CLK (sky130_fd_sc_hd__dfrtp_2)
                  0.18    0.47    0.47 ^ _443_/Q (sky130_fd_sc_hd__dfrtp_2)
     2    0.04                           pwdata[19] (net)
                  0.18    0.00    0.47 ^ pwdata[19] (out)
                                  0.47   data arrival time

                  0.15    0.00    0.00   clock clk (rise edge)
                          0.00    0.00   clock network delay (ideal)
                          0.25    0.25   clock uncertainty
                          0.00    0.25   clock reconvergence pessimism
                         -2.00   -1.75   output external delay
                                 -1.75   data required time
-----------------------------------------------------------------------------
                                 -1.75   data required time
                                 -0.47   data arrival time
-----------------------------------------------------------------------------
                                  2.22   slack (MET)


Startpoint: _396_ (rising edge-triggered flip-flop clocked by clk)
Endpoint: paddr[4] (output port clocked by clk)
Path Group: clk
Path Type: min

Fanout     Cap    Slew   Delay    Time   Description
-----------------------------------------------------------------------------
                  0.15    0.00    0.00   clock clk (rise edge)
                          0.00    0.00   clock network delay (ideal)
                  0.15    0.00    0.00 ^ _396_/CLK (sky130_fd_sc_hd__dfrtp_2)
                  0.18    0.47    0.47 ^ _396_/Q (sky130_fd_sc_hd__dfrtp_2)
     2    0.04                           paddr[4] (net)
                  0.18    0.00    0.47 ^ paddr[4] (out)
                                  0.47   data arrival time

                  0.15    0.00    0.00   clock clk (rise edge)
                          0.00    0.00   clock network delay (ideal)
                          0.25    0.25   clock uncertainty
                          0.00    0.25   clock reconvergence pessimism
                         -2.00   -1.75   output external delay
                                 -1.75   data required time
-----------------------------------------------------------------------------
                                 -1.75   data required time
                                 -0.47   data arrival time
-----------------------------------------------------------------------------
                                  2.22   slack (MET)


Startpoint: _412_ (rising edge-triggered flip-flop clocked by clk)
Endpoint: paddr[20] (output port clocked by clk)
Path Group: clk
Path Type: min

Fanout     Cap    Slew   Delay    Time   Description
-----------------------------------------------------------------------------
                  0.15    0.00    0.00   clock clk (rise edge)
                          0.00    0.00   clock network delay (ideal)
                  0.15    0.00    0.00 ^ _412_/CLK (sky130_fd_sc_hd__dfrtp_2)
                  0.19    0.47    0.47 ^ _412_/Q (sky130_fd_sc_hd__dfrtp_2)
     2    0.04                           paddr[20] (net)
                  0.19    0.00    0.47 ^ paddr[20] (out)
                                  0.47   data arrival time

                  0.15    0.00    0.00   clock clk (rise edge)
                          0.00    0.00   clock network delay (ideal)
                          0.25    0.25   clock uncertainty
                          0.00    0.25   clock reconvergence pessimism
                         -2.00   -1.75   output external delay
                                 -1.75   data required time
-----------------------------------------------------------------------------
                                 -1.75   data required time
                                 -0.47   data arrival time
-----------------------------------------------------------------------------
                                  2.22   slack (MET)


Startpoint: _448_ (rising edge-triggered flip-flop clocked by clk)
Endpoint: pwdata[24] (output port clocked by clk)
Path Group: clk
Path Type: min

Fanout     Cap    Slew   Delay    Time   Description
-----------------------------------------------------------------------------
                  0.15    0.00    0.00   clock clk (rise edge)
                          0.00    0.00   clock network delay (ideal)
                  0.15    0.00    0.00 ^ _448_/CLK (sky130_fd_sc_hd__dfrtp_2)
                  0.19    0.47    0.47 ^ _448_/Q (sky130_fd_sc_hd__dfrtp_2)
     2    0.04                           pwdata[24] (net)
                  0.19    0.00    0.47 ^ pwdata[24] (out)
                                  0.47   data arrival time

                  0.15    0.00    0.00   clock clk (rise edge)
                          0.00    0.00   clock network delay (ideal)
                          0.25    0.25   clock uncertainty
                          0.00    0.25   clock reconvergence pessimism
                         -2.00   -1.75   output external delay
                                 -1.75   data required time
-----------------------------------------------------------------------------
                                 -1.75   data required time
                                 -0.47   data arrival time
-----------------------------------------------------------------------------
                                  2.22   slack (MET)


Startpoint: _397_ (rising edge-triggered flip-flop clocked by clk)
Endpoint: paddr[5] (output port clocked by clk)
Path Group: clk
Path Type: min

Fanout     Cap    Slew   Delay    Time   Description
-----------------------------------------------------------------------------
                  0.15    0.00    0.00   clock clk (rise edge)
                          0.00    0.00   clock network delay (ideal)
                  0.15    0.00    0.00 ^ _397_/CLK (sky130_fd_sc_hd__dfrtp_2)
                  0.19    0.47    0.47 ^ _397_/Q (sky130_fd_sc_hd__dfrtp_2)
     2    0.04                           paddr[5] (net)
                  0.19    0.00    0.47 ^ paddr[5] (out)
                                  0.47   data arrival time

                  0.15    0.00    0.00   clock clk (rise edge)
                          0.00    0.00   clock network delay (ideal)
                          0.25    0.25   clock uncertainty
                          0.00    0.25   clock reconvergence pessimism
                         -2.00   -1.75   output external delay
                                 -1.75   data required time
-----------------------------------------------------------------------------
                                 -1.75   data required time
                                 -0.47   data arrival time
-----------------------------------------------------------------------------
                                  2.22   slack (MET)


Startpoint: _436_ (rising edge-triggered flip-flop clocked by clk)
Endpoint: pwdata[12] (output port clocked by clk)
Path Group: clk
Path Type: min

Fanout     Cap    Slew   Delay    Time   Description
-----------------------------------------------------------------------------
                  0.15    0.00    0.00   clock clk (rise edge)
                          0.00    0.00   clock network delay (ideal)
                  0.15    0.00    0.00 ^ _436_/CLK (sky130_fd_sc_hd__dfrtp_2)
                  0.19    0.47    0.47 ^ _436_/Q (sky130_fd_sc_hd__dfrtp_2)
     2    0.04                           pwdata[12] (net)
                  0.19    0.00    0.48 ^ pwdata[12] (out)
                                  0.48   data arrival time

                  0.15    0.00    0.00   clock clk (rise edge)
                          0.00    0.00   clock network delay (ideal)
                          0.25    0.25   clock uncertainty
                          0.00    0.25   clock reconvergence pessimism
                         -2.00   -1.75   output external delay
                                 -1.75   data required time
-----------------------------------------------------------------------------
                                 -1.75   data required time
                                 -0.48   data arrival time
-----------------------------------------------------------------------------
                                  2.23   slack (MET)


Startpoint: _392_ (rising edge-triggered flip-flop clocked by clk)
Endpoint: paddr[0] (output port clocked by clk)
Path Group: clk
Path Type: min

Fanout     Cap    Slew   Delay    Time   Description
-----------------------------------------------------------------------------
                  0.15    0.00    0.00   clock clk (rise edge)
                          0.00    0.00   clock network delay (ideal)
                  0.15    0.00    0.00 ^ _392_/CLK (sky130_fd_sc_hd__dfrtp_2)
                  0.19    0.48    0.48 ^ _392_/Q (sky130_fd_sc_hd__dfrtp_2)
     2    0.04                           paddr[0] (net)
                  0.19    0.00    0.48 ^ paddr[0] (out)
                                  0.48   data arrival time

                  0.15    0.00    0.00   clock clk (rise edge)
                          0.00    0.00   clock network delay (ideal)
                          0.25    0.25   clock uncertainty
                          0.00    0.25   clock reconvergence pessimism
                         -2.00   -1.75   output external delay
                                 -1.75   data required time
-----------------------------------------------------------------------------
                                 -1.75   data required time
                                 -0.48   data arrival time
-----------------------------------------------------------------------------
                                  2.23   slack (MET)


Startpoint: _453_ (rising edge-triggered flip-flop clocked by clk)
Endpoint: pwdata[29] (output port clocked by clk)
Path Group: clk
Path Type: min

Fanout     Cap    Slew   Delay    Time   Description
-----------------------------------------------------------------------------
                  0.15    0.00    0.00   clock clk (rise edge)
                          0.00    0.00   clock network delay (ideal)
                  0.15    0.00    0.00 ^ _453_/CLK (sky130_fd_sc_hd__dfrtp_2)
                  0.19    0.48    0.48 ^ _453_/Q (sky130_fd_sc_hd__dfrtp_2)
     2    0.04                           pwdata[29] (net)
                  0.19    0.00    0.48 ^ pwdata[29] (out)
                                  0.48   data arrival time

                  0.15    0.00    0.00   clock clk (rise edge)
                          0.00    0.00   clock network delay (ideal)
                          0.25    0.25   clock uncertainty
                          0.00    0.25   clock reconvergence pessimism
                         -2.00   -1.75   output external delay
                                 -1.75   data required time
-----------------------------------------------------------------------------
                                 -1.75   data required time
                                 -0.48   data arrival time
-----------------------------------------------------------------------------
                                  2.23   slack (MET)


Startpoint: _428_ (rising edge-triggered flip-flop clocked by clk)
Endpoint: pwdata[4] (output port clocked by clk)
Path Group: clk
Path Type: min

Fanout     Cap    Slew   Delay    Time   Description
-----------------------------------------------------------------------------
                  0.15    0.00    0.00   clock clk (rise edge)
                          0.00    0.00   clock network delay (ideal)
                  0.15    0.00    0.00 ^ _428_/CLK (sky130_fd_sc_hd__dfrtp_2)
                  0.19    0.48    0.48 ^ _428_/Q (sky130_fd_sc_hd__dfrtp_2)
     2    0.04                           pwdata[4] (net)
                  0.19    0.00    0.48 ^ pwdata[4] (out)
                                  0.48   data arrival time

                  0.15    0.00    0.00   clock clk (rise edge)
                          0.00    0.00   clock network delay (ideal)
                          0.25    0.25   clock uncertainty
                          0.00    0.25   clock reconvergence pessimism
                         -2.00   -1.75   output external delay
                                 -1.75   data required time
-----------------------------------------------------------------------------
                                 -1.75   data required time
                                 -0.48   data arrival time
-----------------------------------------------------------------------------
                                  2.23   slack (MET)


Startpoint: _454_ (rising edge-triggered flip-flop clocked by clk)
Endpoint: pwdata[30] (output port clocked by clk)
Path Group: clk
Path Type: min

Fanout     Cap    Slew   Delay    Time   Description
-----------------------------------------------------------------------------
                  0.15    0.00    0.00   clock clk (rise edge)
                          0.00    0.00   clock network delay (ideal)
                  0.15    0.00    0.00 ^ _454_/CLK (sky130_fd_sc_hd__dfrtp_2)
                  0.19    0.48    0.48 ^ _454_/Q (sky130_fd_sc_hd__dfrtp_2)
     2    0.04                           pwdata[30] (net)
                  0.19    0.00    0.48 ^ pwdata[30] (out)
                                  0.48   data arrival time

                  0.15    0.00    0.00   clock clk (rise edge)
                          0.00    0.00   clock network delay (ideal)
                          0.25    0.25   clock uncertainty
                          0.00    0.25   clock reconvergence pessimism
                         -2.00   -1.75   output external delay
                                 -1.75   data required time
-----------------------------------------------------------------------------
                                 -1.75   data required time
                                 -0.48   data arrival time
-----------------------------------------------------------------------------
                                  2.23   slack (MET)


Startpoint: _451_ (rising edge-triggered flip-flop clocked by clk)
Endpoint: pwdata[27] (output port clocked by clk)
Path Group: clk
Path Type: min

Fanout     Cap    Slew   Delay    Time   Description
-----------------------------------------------------------------------------
                  0.15    0.00    0.00   clock clk (rise edge)
                          0.00    0.00   clock network delay (ideal)
                  0.15    0.00    0.00 ^ _451_/CLK (sky130_fd_sc_hd__dfrtp_2)
                  0.19    0.48    0.48 ^ _451_/Q (sky130_fd_sc_hd__dfrtp_2)
     2    0.04                           pwdata[27] (net)
                  0.19    0.00    0.48 ^ pwdata[27] (out)
                                  0.48   data arrival time

                  0.15    0.00    0.00   clock clk (rise edge)
                          0.00    0.00   clock network delay (ideal)
                          0.25    0.25   clock uncertainty
                          0.00    0.25   clock reconvergence pessimism
                         -2.00   -1.75   output external delay
                                 -1.75   data required time
-----------------------------------------------------------------------------
                                 -1.75   data required time
                                 -0.48   data arrival time
-----------------------------------------------------------------------------
                                  2.23   slack (MET)


Startpoint: _435_ (rising edge-triggered flip-flop clocked by clk)
Endpoint: pwdata[11] (output port clocked by clk)
Path Group: clk
Path Type: min

Fanout     Cap    Slew   Delay    Time   Description
-----------------------------------------------------------------------------
                  0.15    0.00    0.00   clock clk (rise edge)
                          0.00    0.00   clock network delay (ideal)
                  0.15    0.00    0.00 ^ _435_/CLK (sky130_fd_sc_hd__dfrtp_2)
                  0.19    0.48    0.48 ^ _435_/Q (sky130_fd_sc_hd__dfrtp_2)
     2    0.04                           pwdata[11] (net)
                  0.19    0.00    0.48 ^ pwdata[11] (out)
                                  0.48   data arrival time

                  0.15    0.00    0.00   clock clk (rise edge)
                          0.00    0.00   clock network delay (ideal)
                          0.25    0.25   clock uncertainty
                          0.00    0.25   clock reconvergence pessimism
                         -2.00   -1.75   output external delay
                                 -1.75   data required time
-----------------------------------------------------------------------------
                                 -1.75   data required time
                                 -0.48   data arrival time
-----------------------------------------------------------------------------
                                  2.23   slack (MET)


Startpoint: _416_ (rising edge-triggered flip-flop clocked by clk)
Endpoint: paddr[24] (output port clocked by clk)
Path Group: clk
Path Type: min

Fanout     Cap    Slew   Delay    Time   Description
-----------------------------------------------------------------------------
                  0.15    0.00    0.00   clock clk (rise edge)
                          0.00    0.00   clock network delay (ideal)
                  0.15    0.00    0.00 ^ _416_/CLK (sky130_fd_sc_hd__dfrtp_2)
                  0.20    0.48    0.48 ^ _416_/Q (sky130_fd_sc_hd__dfrtp_2)
     2    0.04                           paddr[24] (net)
                  0.20    0.00    0.48 ^ paddr[24] (out)
                                  0.48   data arrival time

                  0.15    0.00    0.00   clock clk (rise edge)
                          0.00    0.00   clock network delay (ideal)
                          0.25    0.25   clock uncertainty
                          0.00    0.25   clock reconvergence pessimism
                         -2.00   -1.75   output external delay
                                 -1.75   data required time
-----------------------------------------------------------------------------
                                 -1.75   data required time
                                 -0.48   data arrival time
-----------------------------------------------------------------------------
                                  2.23   slack (MET)


Startpoint: _432_ (rising edge-triggered flip-flop clocked by clk)
Endpoint: pwdata[8] (output port clocked by clk)
Path Group: clk
Path Type: min

Fanout     Cap    Slew   Delay    Time   Description
-----------------------------------------------------------------------------
                  0.15    0.00    0.00   clock clk (rise edge)
                          0.00    0.00   clock network delay (ideal)
                  0.15    0.00    0.00 ^ _432_/CLK (sky130_fd_sc_hd__dfrtp_2)
                  0.20    0.48    0.48 ^ _432_/Q (sky130_fd_sc_hd__dfrtp_2)
     2    0.04                           pwdata[8] (net)
                  0.20    0.00    0.48 ^ pwdata[8] (out)
                                  0.48   data arrival time

                  0.15    0.00    0.00   clock clk (rise edge)
                          0.00    0.00   clock network delay (ideal)
                          0.25    0.25   clock uncertainty
                          0.00    0.25   clock reconvergence pessimism
                         -2.00   -1.75   output external delay
                                 -1.75   data required time
-----------------------------------------------------------------------------
                                 -1.75   data required time
                                 -0.48   data arrival time
-----------------------------------------------------------------------------
                                  2.23   slack (MET)


Startpoint: _406_ (rising edge-triggered flip-flop clocked by clk)
Endpoint: paddr[14] (output port clocked by clk)
Path Group: clk
Path Type: min

Fanout     Cap    Slew   Delay    Time   Description
-----------------------------------------------------------------------------
                  0.15    0.00    0.00   clock clk (rise edge)
                          0.00    0.00   clock network delay (ideal)
                  0.15    0.00    0.00 ^ _406_/CLK (sky130_fd_sc_hd__dfrtp_2)
                  0.20    0.48    0.48 ^ _406_/Q (sky130_fd_sc_hd__dfrtp_2)
     2    0.04                           paddr[14] (net)
                  0.20    0.00    0.48 ^ paddr[14] (out)
                                  0.48   data arrival time

                  0.15    0.00    0.00   clock clk (rise edge)
                          0.00    0.00   clock network delay (ideal)
                          0.25    0.25   clock uncertainty
                          0.00    0.25   clock reconvergence pessimism
                         -2.00   -1.75   output external delay
                                 -1.75   data required time
-----------------------------------------------------------------------------
                                 -1.75   data required time
                                 -0.48   data arrival time
-----------------------------------------------------------------------------
                                  2.23   slack (MET)


Startpoint: _452_ (rising edge-triggered flip-flop clocked by clk)
Endpoint: pwdata[28] (output port clocked by clk)
Path Group: clk
Path Type: min

Fanout     Cap    Slew   Delay    Time   Description
-----------------------------------------------------------------------------
                  0.15    0.00    0.00   clock clk (rise edge)
                          0.00    0.00   clock network delay (ideal)
                  0.15    0.00    0.00 ^ _452_/CLK (sky130_fd_sc_hd__dfrtp_2)
                  0.20    0.48    0.48 ^ _452_/Q (sky130_fd_sc_hd__dfrtp_2)
     2    0.04                           pwdata[28] (net)
                  0.20    0.00    0.48 ^ pwdata[28] (out)
                                  0.48   data arrival time

                  0.15    0.00    0.00   clock clk (rise edge)
                          0.00    0.00   clock network delay (ideal)
                          0.25    0.25   clock uncertainty
                          0.00    0.25   clock reconvergence pessimism
                         -2.00   -1.75   output external delay
                                 -1.75   data required time
-----------------------------------------------------------------------------
                                 -1.75   data required time
                                 -0.48   data arrival time
-----------------------------------------------------------------------------
                                  2.23   slack (MET)


Startpoint: _430_ (rising edge-triggered flip-flop clocked by clk)
Endpoint: pwdata[6] (output port clocked by clk)
Path Group: clk
Path Type: min

Fanout     Cap    Slew   Delay    Time   Description
-----------------------------------------------------------------------------
                  0.15    0.00    0.00   clock clk (rise edge)
                          0.00    0.00   clock network delay (ideal)
                  0.15    0.00    0.00 ^ _430_/CLK (sky130_fd_sc_hd__dfrtp_2)
                  0.21    0.49    0.49 ^ _430_/Q (sky130_fd_sc_hd__dfrtp_2)
     2    0.04                           pwdata[6] (net)
                  0.21    0.00    0.49 ^ pwdata[6] (out)
                                  0.49   data arrival time

                  0.15    0.00    0.00   clock clk (rise edge)
                          0.00    0.00   clock network delay (ideal)
                          0.25    0.25   clock uncertainty
                          0.00    0.25   clock reconvergence pessimism
                         -2.00   -1.75   output external delay
                                 -1.75   data required time
-----------------------------------------------------------------------------
                                 -1.75   data required time
                                 -0.49   data arrival time
-----------------------------------------------------------------------------
                                  2.24   slack (MET)


Startpoint: _426_ (rising edge-triggered flip-flop clocked by clk)
Endpoint: pwdata[2] (output port clocked by clk)
Path Group: clk
Path Type: min

Fanout     Cap    Slew   Delay    Time   Description
-----------------------------------------------------------------------------
                  0.15    0.00    0.00   clock clk (rise edge)
                          0.00    0.00   clock network delay (ideal)
                  0.15    0.00    0.00 ^ _426_/CLK (sky130_fd_sc_hd__dfrtp_2)
                  0.21    0.49    0.49 ^ _426_/Q (sky130_fd_sc_hd__dfrtp_2)
     2    0.04                           pwdata[2] (net)
                  0.21    0.00    0.49 ^ pwdata[2] (out)
                                  0.49   data arrival time

                  0.15    0.00    0.00   clock clk (rise edge)
                          0.00    0.00   clock network delay (ideal)
                          0.25    0.25   clock uncertainty
                          0.00    0.25   clock reconvergence pessimism
                         -2.00   -1.75   output external delay
                                 -1.75   data required time
-----------------------------------------------------------------------------
                                 -1.75   data required time
                                 -0.49   data arrival time
-----------------------------------------------------------------------------
                                  2.24   slack (MET)


Startpoint: _433_ (rising edge-triggered flip-flop clocked by clk)
Endpoint: pwdata[9] (output port clocked by clk)
Path Group: clk
Path Type: min

Fanout     Cap    Slew   Delay    Time   Description
-----------------------------------------------------------------------------
                  0.15    0.00    0.00   clock clk (rise edge)
                          0.00    0.00   clock network delay (ideal)
                  0.15    0.00    0.00 ^ _433_/CLK (sky130_fd_sc_hd__dfrtp_2)
                  0.21    0.49    0.49 ^ _433_/Q (sky130_fd_sc_hd__dfrtp_2)
     2    0.04                           pwdata[9] (net)
                  0.21    0.00    0.49 ^ pwdata[9] (out)
                                  0.49   data arrival time

                  0.15    0.00    0.00   clock clk (rise edge)
                          0.00    0.00   clock network delay (ideal)
                          0.25    0.25   clock uncertainty
                          0.00    0.25   clock reconvergence pessimism
                         -2.00   -1.75   output external delay
                                 -1.75   data required time
-----------------------------------------------------------------------------
                                 -1.75   data required time
                                 -0.49   data arrival time
-----------------------------------------------------------------------------
                                  2.24   slack (MET)


Startpoint: _407_ (rising edge-triggered flip-flop clocked by clk)
Endpoint: paddr[15] (output port clocked by clk)
Path Group: clk
Path Type: min

Fanout     Cap    Slew   Delay    Time   Description
-----------------------------------------------------------------------------
                  0.15    0.00    0.00   clock clk (rise edge)
                          0.00    0.00   clock network delay (ideal)
                  0.15    0.00    0.00 ^ _407_/CLK (sky130_fd_sc_hd__dfrtp_2)
                  0.21    0.49    0.49 ^ _407_/Q (sky130_fd_sc_hd__dfrtp_2)
     2    0.04                           paddr[15] (net)
                  0.21    0.00    0.49 ^ paddr[15] (out)
                                  0.49   data arrival time

                  0.15    0.00    0.00   clock clk (rise edge)
                          0.00    0.00   clock network delay (ideal)
                          0.25    0.25   clock uncertainty
                          0.00    0.25   clock reconvergence pessimism
                         -2.00   -1.75   output external delay
                                 -1.75   data required time
-----------------------------------------------------------------------------
                                 -1.75   data required time
                                 -0.49   data arrival time
-----------------------------------------------------------------------------
                                  2.24   slack (MET)


Startpoint: _450_ (rising edge-triggered flip-flop clocked by clk)
Endpoint: pwdata[26] (output port clocked by clk)
Path Group: clk
Path Type: min

Fanout     Cap    Slew   Delay    Time   Description
-----------------------------------------------------------------------------
                  0.15    0.00    0.00   clock clk (rise edge)
                          0.00    0.00   clock network delay (ideal)
                  0.15    0.00    0.00 ^ _450_/CLK (sky130_fd_sc_hd__dfrtp_2)
                  0.21    0.49    0.49 ^ _450_/Q (sky130_fd_sc_hd__dfrtp_2)
     2    0.04                           pwdata[26] (net)
                  0.21    0.00    0.49 ^ pwdata[26] (out)
                                  0.49   data arrival time

                  0.15    0.00    0.00   clock clk (rise edge)
                          0.00    0.00   clock network delay (ideal)
                          0.25    0.25   clock uncertainty
                          0.00    0.25   clock reconvergence pessimism
                         -2.00   -1.75   output external delay
                                 -1.75   data required time
-----------------------------------------------------------------------------
                                 -1.75   data required time
                                 -0.49   data arrival time
-----------------------------------------------------------------------------
                                  2.24   slack (MET)


Startpoint: _423_ (rising edge-triggered flip-flop clocked by clk)
Endpoint: paddr[31] (output port clocked by clk)
Path Group: clk
Path Type: min

Fanout     Cap    Slew   Delay    Time   Description
-----------------------------------------------------------------------------
                  0.15    0.00    0.00   clock clk (rise edge)
                          0.00    0.00   clock network delay (ideal)
                  0.15    0.00    0.00 ^ _423_/CLK (sky130_fd_sc_hd__dfrtp_2)
                  0.21    0.49    0.49 ^ _423_/Q (sky130_fd_sc_hd__dfrtp_2)
     2    0.04                           paddr[31] (net)
                  0.21    0.00    0.49 ^ paddr[31] (out)
                                  0.49   data arrival time

                  0.15    0.00    0.00   clock clk (rise edge)
                          0.00    0.00   clock network delay (ideal)
                          0.25    0.25   clock uncertainty
                          0.00    0.25   clock reconvergence pessimism
                         -2.00   -1.75   output external delay
                                 -1.75   data required time
-----------------------------------------------------------------------------
                                 -1.75   data required time
                                 -0.49   data arrival time
-----------------------------------------------------------------------------
                                  2.24   slack (MET)


Startpoint: _444_ (rising edge-triggered flip-flop clocked by clk)
Endpoint: pwdata[20] (output port clocked by clk)
Path Group: clk
Path Type: min

Fanout     Cap    Slew   Delay    Time   Description
-----------------------------------------------------------------------------
                  0.15    0.00    0.00   clock clk (rise edge)
                          0.00    0.00   clock network delay (ideal)
                  0.15    0.00    0.00 ^ _444_/CLK (sky130_fd_sc_hd__dfrtp_2)
                  0.22    0.49    0.49 ^ _444_/Q (sky130_fd_sc_hd__dfrtp_2)
     2    0.04                           pwdata[20] (net)
                  0.22    0.00    0.49 ^ pwdata[20] (out)
                                  0.49   data arrival time

                  0.15    0.00    0.00   clock clk (rise edge)
                          0.00    0.00   clock network delay (ideal)
                          0.25    0.25   clock uncertainty
                          0.00    0.25   clock reconvergence pessimism
                         -2.00   -1.75   output external delay
                                 -1.75   data required time
-----------------------------------------------------------------------------
                                 -1.75   data required time
                                 -0.49   data arrival time
-----------------------------------------------------------------------------
                                  2.24   slack (MET)


Startpoint: _400_ (rising edge-triggered flip-flop clocked by clk)
Endpoint: paddr[8] (output port clocked by clk)
Path Group: clk
Path Type: min

Fanout     Cap    Slew   Delay    Time   Description
-----------------------------------------------------------------------------
                  0.15    0.00    0.00   clock clk (rise edge)
                          0.00    0.00   clock network delay (ideal)
                  0.15    0.00    0.00 ^ _400_/CLK (sky130_fd_sc_hd__dfrtp_2)
                  0.22    0.49    0.49 ^ _400_/Q (sky130_fd_sc_hd__dfrtp_2)
     2    0.04                           paddr[8] (net)
                  0.22    0.00    0.50 ^ paddr[8] (out)
                                  0.50   data arrival time

                  0.15    0.00    0.00   clock clk (rise edge)
                          0.00    0.00   clock network delay (ideal)
                          0.25    0.25   clock uncertainty
                          0.00    0.25   clock reconvergence pessimism
                         -2.00   -1.75   output external delay
                                 -1.75   data required time
-----------------------------------------------------------------------------
                                 -1.75   data required time
                                 -0.50   data arrival time
-----------------------------------------------------------------------------
                                  2.25   slack (MET)


Startpoint: _445_ (rising edge-triggered flip-flop clocked by clk)
Endpoint: pwdata[21] (output port clocked by clk)
Path Group: clk
Path Type: min

Fanout     Cap    Slew   Delay    Time   Description
-----------------------------------------------------------------------------
                  0.15    0.00    0.00   clock clk (rise edge)
                          0.00    0.00   clock network delay (ideal)
                  0.15    0.00    0.00 ^ _445_/CLK (sky130_fd_sc_hd__dfrtp_2)
                  0.22    0.49    0.49 ^ _445_/Q (sky130_fd_sc_hd__dfrtp_2)
     2    0.04                           pwdata[21] (net)
                  0.22    0.00    0.50 ^ pwdata[21] (out)
                                  0.50   data arrival time

                  0.15    0.00    0.00   clock clk (rise edge)
                          0.00    0.00   clock network delay (ideal)
                          0.25    0.25   clock uncertainty
                          0.00    0.25   clock reconvergence pessimism
                         -2.00   -1.75   output external delay
                                 -1.75   data required time
-----------------------------------------------------------------------------
                                 -1.75   data required time
                                 -0.50   data arrival time
-----------------------------------------------------------------------------
                                  2.25   slack (MET)


Startpoint: _431_ (rising edge-triggered flip-flop clocked by clk)
Endpoint: pwdata[7] (output port clocked by clk)
Path Group: clk
Path Type: min

Fanout     Cap    Slew   Delay    Time   Description
-----------------------------------------------------------------------------
                  0.15    0.00    0.00   clock clk (rise edge)
                          0.00    0.00   clock network delay (ideal)
                  0.15    0.00    0.00 ^ _431_/CLK (sky130_fd_sc_hd__dfrtp_2)
                  0.22    0.49    0.49 ^ _431_/Q (sky130_fd_sc_hd__dfrtp_2)
     2    0.04                           pwdata[7] (net)
                  0.22    0.00    0.50 ^ pwdata[7] (out)
                                  0.50   data arrival time

                  0.15    0.00    0.00   clock clk (rise edge)
                          0.00    0.00   clock network delay (ideal)
                          0.25    0.25   clock uncertainty
                          0.00    0.25   clock reconvergence pessimism
                         -2.00   -1.75   output external delay
                                 -1.75   data required time
-----------------------------------------------------------------------------
                                 -1.75   data required time
                                 -0.50   data arrival time
-----------------------------------------------------------------------------
                                  2.25   slack (MET)


Startpoint: _421_ (rising edge-triggered flip-flop clocked by clk)
Endpoint: paddr[29] (output port clocked by clk)
Path Group: clk
Path Type: min

Fanout     Cap    Slew   Delay    Time   Description
-----------------------------------------------------------------------------
                  0.15    0.00    0.00   clock clk (rise edge)
                          0.00    0.00   clock network delay (ideal)
                  0.15    0.00    0.00 ^ _421_/CLK (sky130_fd_sc_hd__dfrtp_2)
                  0.22    0.49    0.49 ^ _421_/Q (sky130_fd_sc_hd__dfrtp_2)
     2    0.05                           paddr[29] (net)
                  0.22    0.00    0.50 ^ paddr[29] (out)
                                  0.50   data arrival time

                  0.15    0.00    0.00   clock clk (rise edge)
                          0.00    0.00   clock network delay (ideal)
                          0.25    0.25   clock uncertainty
                          0.00    0.25   clock reconvergence pessimism
                         -2.00   -1.75   output external delay
                                 -1.75   data required time
-----------------------------------------------------------------------------
                                 -1.75   data required time
                                 -0.50   data arrival time
-----------------------------------------------------------------------------
                                  2.25   slack (MET)


Startpoint: _455_ (rising edge-triggered flip-flop clocked by clk)
Endpoint: pwdata[31] (output port clocked by clk)
Path Group: clk
Path Type: min

Fanout     Cap    Slew   Delay    Time   Description
-----------------------------------------------------------------------------
                  0.15    0.00    0.00   clock clk (rise edge)
                          0.00    0.00   clock network delay (ideal)
                  0.15    0.00    0.00 ^ _455_/CLK (sky130_fd_sc_hd__dfrtp_2)
                  0.22    0.49    0.49 ^ _455_/Q (sky130_fd_sc_hd__dfrtp_2)
     2    0.05                           pwdata[31] (net)
                  0.22    0.00    0.50 ^ pwdata[31] (out)
                                  0.50   data arrival time

                  0.15    0.00    0.00   clock clk (rise edge)
                          0.00    0.00   clock network delay (ideal)
                          0.25    0.25   clock uncertainty
                          0.00    0.25   clock reconvergence pessimism
                         -2.00   -1.75   output external delay
                                 -1.75   data required time
-----------------------------------------------------------------------------
                                 -1.75   data required time
                                 -0.50   data arrival time
-----------------------------------------------------------------------------
                                  2.25   slack (MET)


Startpoint: _417_ (rising edge-triggered flip-flop clocked by clk)
Endpoint: paddr[25] (output port clocked by clk)
Path Group: clk
Path Type: min

Fanout     Cap    Slew   Delay    Time   Description
-----------------------------------------------------------------------------
                  0.15    0.00    0.00   clock clk (rise edge)
                          0.00    0.00   clock network delay (ideal)
                  0.15    0.00    0.00 ^ _417_/CLK (sky130_fd_sc_hd__dfrtp_2)
                  0.22    0.50    0.50 ^ _417_/Q (sky130_fd_sc_hd__dfrtp_2)
     2    0.05                           paddr[25] (net)
                  0.22    0.00    0.50 ^ paddr[25] (out)
                                  0.50   data arrival time

                  0.15    0.00    0.00   clock clk (rise edge)
                          0.00    0.00   clock network delay (ideal)
                          0.25    0.25   clock uncertainty
                          0.00    0.25   clock reconvergence pessimism
                         -2.00   -1.75   output external delay
                                 -1.75   data required time
-----------------------------------------------------------------------------
                                 -1.75   data required time
                                 -0.50   data arrival time
-----------------------------------------------------------------------------
                                  2.25   slack (MET)


Startpoint: _414_ (rising edge-triggered flip-flop clocked by clk)
Endpoint: paddr[22] (output port clocked by clk)
Path Group: clk
Path Type: min

Fanout     Cap    Slew   Delay    Time   Description
-----------------------------------------------------------------------------
                  0.15    0.00    0.00   clock clk (rise edge)
                          0.00    0.00   clock network delay (ideal)
                  0.15    0.00    0.00 ^ _414_/CLK (sky130_fd_sc_hd__dfrtp_2)
                  0.23    0.50    0.50 ^ _414_/Q (sky130_fd_sc_hd__dfrtp_2)
     2    0.05                           paddr[22] (net)
                  0.23    0.00    0.50 ^ paddr[22] (out)
                                  0.50   data arrival time

                  0.15    0.00    0.00   clock clk (rise edge)
                          0.00    0.00   clock network delay (ideal)
                          0.25    0.25   clock uncertainty
                          0.00    0.25   clock reconvergence pessimism
                         -2.00   -1.75   output external delay
                                 -1.75   data required time
-----------------------------------------------------------------------------
                                 -1.75   data required time
                                 -0.50   data arrival time
-----------------------------------------------------------------------------
                                  2.25   slack (MET)


Startpoint: _442_ (rising edge-triggered flip-flop clocked by clk)
Endpoint: pwdata[18] (output port clocked by clk)
Path Group: clk
Path Type: min

Fanout     Cap    Slew   Delay    Time   Description
-----------------------------------------------------------------------------
                  0.15    0.00    0.00   clock clk (rise edge)
                          0.00    0.00   clock network delay (ideal)
                  0.15    0.00    0.00 ^ _442_/CLK (sky130_fd_sc_hd__dfrtp_2)
                  0.23    0.50    0.50 ^ _442_/Q (sky130_fd_sc_hd__dfrtp_2)
     2    0.05                           pwdata[18] (net)
                  0.23    0.00    0.50 ^ pwdata[18] (out)
                                  0.50   data arrival time

                  0.15    0.00    0.00   clock clk (rise edge)
                          0.00    0.00   clock network delay (ideal)
                          0.25    0.25   clock uncertainty
                          0.00    0.25   clock reconvergence pessimism
                         -2.00   -1.75   output external delay
                                 -1.75   data required time
-----------------------------------------------------------------------------
                                 -1.75   data required time
                                 -0.50   data arrival time
-----------------------------------------------------------------------------
                                  2.25   slack (MET)


Startpoint: _440_ (rising edge-triggered flip-flop clocked by clk)
Endpoint: pwdata[16] (output port clocked by clk)
Path Group: clk
Path Type: min

Fanout     Cap    Slew   Delay    Time   Description
-----------------------------------------------------------------------------
                  0.15    0.00    0.00   clock clk (rise edge)
                          0.00    0.00   clock network delay (ideal)
                  0.15    0.00    0.00 ^ _440_/CLK (sky130_fd_sc_hd__dfrtp_2)
                  0.23    0.50    0.50 ^ _440_/Q (sky130_fd_sc_hd__dfrtp_2)
     2    0.05                           pwdata[16] (net)
                  0.23    0.00    0.50 ^ pwdata[16] (out)
                                  0.50   data arrival time

                  0.15    0.00    0.00   clock clk (rise edge)
                          0.00    0.00   clock network delay (ideal)
                          0.25    0.25   clock uncertainty
                          0.00    0.25   clock reconvergence pessimism
                         -2.00   -1.75   output external delay
                                 -1.75   data required time
-----------------------------------------------------------------------------
                                 -1.75   data required time
                                 -0.50   data arrival time
-----------------------------------------------------------------------------
                                  2.25   slack (MET)


Startpoint: _399_ (rising edge-triggered flip-flop clocked by clk)
Endpoint: paddr[7] (output port clocked by clk)
Path Group: clk
Path Type: min

Fanout     Cap    Slew   Delay    Time   Description
-----------------------------------------------------------------------------
                  0.15    0.00    0.00   clock clk (rise edge)
                          0.00    0.00   clock network delay (ideal)
                  0.15    0.00    0.00 ^ _399_/CLK (sky130_fd_sc_hd__dfrtp_2)
                  0.23    0.50    0.50 ^ _399_/Q (sky130_fd_sc_hd__dfrtp_2)
     2    0.05                           paddr[7] (net)
                  0.23    0.01    0.50 ^ paddr[7] (out)
                                  0.50   data arrival time

                  0.15    0.00    0.00   clock clk (rise edge)
                          0.00    0.00   clock network delay (ideal)
                          0.25    0.25   clock uncertainty
                          0.00    0.25   clock reconvergence pessimism
                         -2.00   -1.75   output external delay
                                 -1.75   data required time
-----------------------------------------------------------------------------
                                 -1.75   data required time
                                 -0.50   data arrival time
-----------------------------------------------------------------------------
                                  2.25   slack (MET)


Startpoint: _437_ (rising edge-triggered flip-flop clocked by clk)
Endpoint: pwdata[13] (output port clocked by clk)
Path Group: clk
Path Type: min

Fanout     Cap    Slew   Delay    Time   Description
-----------------------------------------------------------------------------
                  0.15    0.00    0.00   clock clk (rise edge)
                          0.00    0.00   clock network delay (ideal)
                  0.15    0.00    0.00 ^ _437_/CLK (sky130_fd_sc_hd__dfrtp_2)
                  0.23    0.50    0.50 ^ _437_/Q (sky130_fd_sc_hd__dfrtp_2)
     2    0.05                           pwdata[13] (net)
                  0.23    0.01    0.50 ^ pwdata[13] (out)
                                  0.50   data arrival time

                  0.15    0.00    0.00   clock clk (rise edge)
                          0.00    0.00   clock network delay (ideal)
                          0.25    0.25   clock uncertainty
                          0.00    0.25   clock reconvergence pessimism
                         -2.00   -1.75   output external delay
                                 -1.75   data required time
-----------------------------------------------------------------------------
                                 -1.75   data required time
                                 -0.50   data arrival time
-----------------------------------------------------------------------------
                                  2.25   slack (MET)


Startpoint: _394_ (rising edge-triggered flip-flop clocked by clk)
Endpoint: paddr[2] (output port clocked by clk)
Path Group: clk
Path Type: min

Fanout     Cap    Slew   Delay    Time   Description
-----------------------------------------------------------------------------
                  0.15    0.00    0.00   clock clk (rise edge)
                          0.00    0.00   clock network delay (ideal)
                  0.15    0.00    0.00 ^ _394_/CLK (sky130_fd_sc_hd__dfrtp_2)
                  0.23    0.50    0.50 ^ _394_/Q (sky130_fd_sc_hd__dfrtp_2)
     2    0.05                           paddr[2] (net)
                  0.23    0.01    0.51 ^ paddr[2] (out)
                                  0.51   data arrival time

                  0.15    0.00    0.00   clock clk (rise edge)
                          0.00    0.00   clock network delay (ideal)
                          0.25    0.25   clock uncertainty
                          0.00    0.25   clock reconvergence pessimism
                         -2.00   -1.75   output external delay
                                 -1.75   data required time
-----------------------------------------------------------------------------
                                 -1.75   data required time
                                 -0.51   data arrival time
-----------------------------------------------------------------------------
                                  2.26   slack (MET)


Startpoint: _446_ (rising edge-triggered flip-flop clocked by clk)
Endpoint: pwdata[22] (output port clocked by clk)
Path Group: clk
Path Type: min

Fanout     Cap    Slew   Delay    Time   Description
-----------------------------------------------------------------------------
                  0.15    0.00    0.00   clock clk (rise edge)
                          0.00    0.00   clock network delay (ideal)
                  0.15    0.00    0.00 ^ _446_/CLK (sky130_fd_sc_hd__dfrtp_2)
                  0.23    0.50    0.50 ^ _446_/Q (sky130_fd_sc_hd__dfrtp_2)
     2    0.05                           pwdata[22] (net)
                  0.23    0.01    0.51 ^ pwdata[22] (out)
                                  0.51   data arrival time

                  0.15    0.00    0.00   clock clk (rise edge)
                          0.00    0.00   clock network delay (ideal)
                          0.25    0.25   clock uncertainty
                          0.00    0.25   clock reconvergence pessimism
                         -2.00   -1.75   output external delay
                                 -1.75   data required time
-----------------------------------------------------------------------------
                                 -1.75   data required time
                                 -0.51   data arrival time
-----------------------------------------------------------------------------
                                  2.26   slack (MET)


Startpoint: _427_ (rising edge-triggered flip-flop clocked by clk)
Endpoint: pwdata[3] (output port clocked by clk)
Path Group: clk
Path Type: min

Fanout     Cap    Slew   Delay    Time   Description
-----------------------------------------------------------------------------
                  0.15    0.00    0.00   clock clk (rise edge)
                          0.00    0.00   clock network delay (ideal)
                  0.15    0.00    0.00 ^ _427_/CLK (sky130_fd_sc_hd__dfrtp_2)
                  0.23    0.50    0.50 ^ _427_/Q (sky130_fd_sc_hd__dfrtp_2)
     2    0.05                           pwdata[3] (net)
                  0.23    0.01    0.51 ^ pwdata[3] (out)
                                  0.51   data arrival time

                  0.15    0.00    0.00   clock clk (rise edge)
                          0.00    0.00   clock network delay (ideal)
                          0.25    0.25   clock uncertainty
                          0.00    0.25   clock reconvergence pessimism
                         -2.00   -1.75   output external delay
                                 -1.75   data required time
-----------------------------------------------------------------------------
                                 -1.75   data required time
                                 -0.51   data arrival time
-----------------------------------------------------------------------------
                                  2.26   slack (MET)


Startpoint: _401_ (rising edge-triggered flip-flop clocked by clk)
Endpoint: paddr[9] (output port clocked by clk)
Path Group: clk
Path Type: min

Fanout     Cap    Slew   Delay    Time   Description
-----------------------------------------------------------------------------
                  0.15    0.00    0.00   clock clk (rise edge)
                          0.00    0.00   clock network delay (ideal)
                  0.15    0.00    0.00 ^ _401_/CLK (sky130_fd_sc_hd__dfrtp_2)
                  0.24    0.50    0.50 ^ _401_/Q (sky130_fd_sc_hd__dfrtp_2)
     2    0.05                           paddr[9] (net)
                  0.24    0.01    0.51 ^ paddr[9] (out)
                                  0.51   data arrival time

                  0.15    0.00    0.00   clock clk (rise edge)
                          0.00    0.00   clock network delay (ideal)
                          0.25    0.25   clock uncertainty
                          0.00    0.25   clock reconvergence pessimism
                         -2.00   -1.75   output external delay
                                 -1.75   data required time
-----------------------------------------------------------------------------
                                 -1.75   data required time
                                 -0.51   data arrival time
-----------------------------------------------------------------------------
                                  2.26   slack (MET)


Startpoint: _447_ (rising edge-triggered flip-flop clocked by clk)
Endpoint: pwdata[23] (output port clocked by clk)
Path Group: clk
Path Type: min

Fanout     Cap    Slew   Delay    Time   Description
-----------------------------------------------------------------------------
                  0.15    0.00    0.00   clock clk (rise edge)
                          0.00    0.00   clock network delay (ideal)
                  0.15    0.00    0.00 ^ _447_/CLK (sky130_fd_sc_hd__dfrtp_2)
                  0.24    0.50    0.50 ^ _447_/Q (sky130_fd_sc_hd__dfrtp_2)
     2    0.05                           pwdata[23] (net)
                  0.24    0.01    0.51 ^ pwdata[23] (out)
                                  0.51   data arrival time

                  0.15    0.00    0.00   clock clk (rise edge)
                          0.00    0.00   clock network delay (ideal)
                          0.25    0.25   clock uncertainty
                          0.00    0.25   clock reconvergence pessimism
                         -2.00   -1.75   output external delay
                                 -1.75   data required time
-----------------------------------------------------------------------------
                                 -1.75   data required time
                                 -0.51   data arrival time
-----------------------------------------------------------------------------
                                  2.26   slack (MET)


Startpoint: _438_ (rising edge-triggered flip-flop clocked by clk)
Endpoint: pwdata[14] (output port clocked by clk)
Path Group: clk
Path Type: min

Fanout     Cap    Slew   Delay    Time   Description
-----------------------------------------------------------------------------
                  0.15    0.00    0.00   clock clk (rise edge)
                          0.00    0.00   clock network delay (ideal)
                  0.15    0.00    0.00 ^ _438_/CLK (sky130_fd_sc_hd__dfrtp_2)
                  0.24    0.51    0.51 ^ _438_/Q (sky130_fd_sc_hd__dfrtp_2)
     2    0.05                           pwdata[14] (net)
                  0.24    0.01    0.51 ^ pwdata[14] (out)
                                  0.51   data arrival time

                  0.15    0.00    0.00   clock clk (rise edge)
                          0.00    0.00   clock network delay (ideal)
                          0.25    0.25   clock uncertainty
                          0.00    0.25   clock reconvergence pessimism
                         -2.00   -1.75   output external delay
                                 -1.75   data required time
-----------------------------------------------------------------------------
                                 -1.75   data required time
                                 -0.51   data arrival time
-----------------------------------------------------------------------------
                                  2.26   slack (MET)


Startpoint: _411_ (rising edge-triggered flip-flop clocked by clk)
Endpoint: paddr[19] (output port clocked by clk)
Path Group: clk
Path Type: min

Fanout     Cap    Slew   Delay    Time   Description
-----------------------------------------------------------------------------
                  0.15    0.00    0.00   clock clk (rise edge)
                          0.00    0.00   clock network delay (ideal)
                  0.15    0.00    0.00 ^ _411_/CLK (sky130_fd_sc_hd__dfrtp_2)
                  0.14    0.51    0.51 v _411_/Q (sky130_fd_sc_hd__dfrtp_2)
     2    0.05                           paddr[19] (net)
                  0.14    0.01    0.51 v paddr[19] (out)
                                  0.51   data arrival time

                  0.15    0.00    0.00   clock clk (rise edge)
                          0.00    0.00   clock network delay (ideal)
                          0.25    0.25   clock uncertainty
                          0.00    0.25   clock reconvergence pessimism
                         -2.00   -1.75   output external delay
                                 -1.75   data required time
-----------------------------------------------------------------------------
                                 -1.75   data required time
                                 -0.51   data arrival time
-----------------------------------------------------------------------------
                                  2.26   slack (MET)


Startpoint: _405_ (rising edge-triggered flip-flop clocked by clk)
Endpoint: paddr[13] (output port clocked by clk)
Path Group: clk
Path Type: min

Fanout     Cap    Slew   Delay    Time   Description
-----------------------------------------------------------------------------
                  0.15    0.00    0.00   clock clk (rise edge)
                          0.00    0.00   clock network delay (ideal)
                  0.15    0.00    0.00 ^ _405_/CLK (sky130_fd_sc_hd__dfrtp_2)
                  0.14    0.51    0.51 v _405_/Q (sky130_fd_sc_hd__dfrtp_2)
     2    0.05                           paddr[13] (net)
                  0.15    0.01    0.52 v paddr[13] (out)
                                  0.52   data arrival time

                  0.15    0.00    0.00   clock clk (rise edge)
                          0.00    0.00   clock network delay (ideal)
                          0.25    0.25   clock uncertainty
                          0.00    0.25   clock reconvergence pessimism
                         -2.00   -1.75   output external delay
                                 -1.75   data required time
-----------------------------------------------------------------------------
                                 -1.75   data required time
                                 -0.52   data arrival time
-----------------------------------------------------------------------------
                                  2.27   slack (MET)


Startpoint: _425_ (rising edge-triggered flip-flop clocked by clk)
Endpoint: pwdata[1] (output port clocked by clk)
Path Group: clk
Path Type: min

Fanout     Cap    Slew   Delay    Time   Description
-----------------------------------------------------------------------------
                  0.15    0.00    0.00   clock clk (rise edge)
                          0.00    0.00   clock network delay (ideal)
                  0.15    0.00    0.00 ^ _425_/CLK (sky130_fd_sc_hd__dfrtp_2)
                  0.15    0.51    0.51 v _425_/Q (sky130_fd_sc_hd__dfrtp_2)
     2    0.05                           pwdata[1] (net)
                  0.15    0.01    0.52 v pwdata[1] (out)
                                  0.52   data arrival time

                  0.15    0.00    0.00   clock clk (rise edge)
                          0.00    0.00   clock network delay (ideal)
                          0.25    0.25   clock uncertainty
                          0.00    0.25   clock reconvergence pessimism
                         -2.00   -1.75   output external delay
                                 -1.75   data required time
-----------------------------------------------------------------------------
                                 -1.75   data required time
                                 -0.52   data arrival time
-----------------------------------------------------------------------------
                                  2.27   slack (MET)


Startpoint: _403_ (rising edge-triggered flip-flop clocked by clk)
Endpoint: paddr[11] (output port clocked by clk)
Path Group: clk
Path Type: min

Fanout     Cap    Slew   Delay    Time   Description
-----------------------------------------------------------------------------
                  0.15    0.00    0.00   clock clk (rise edge)
                          0.00    0.00   clock network delay (ideal)
                  0.15    0.00    0.00 ^ _403_/CLK (sky130_fd_sc_hd__dfrtp_2)
                  0.15    0.51    0.51 v _403_/Q (sky130_fd_sc_hd__dfrtp_2)
     2    0.05                           paddr[11] (net)
                  0.15    0.01    0.52 v paddr[11] (out)
                                  0.52   data arrival time

                  0.15    0.00    0.00   clock clk (rise edge)
                          0.00    0.00   clock network delay (ideal)
                          0.25    0.25   clock uncertainty
                          0.00    0.25   clock reconvergence pessimism
                         -2.00   -1.75   output external delay
                                 -1.75   data required time
-----------------------------------------------------------------------------
                                 -1.75   data required time
                                 -0.52   data arrival time
-----------------------------------------------------------------------------
                                  2.27   slack (MET)


Startpoint: _398_ (rising edge-triggered flip-flop clocked by clk)
Endpoint: paddr[6] (output port clocked by clk)
Path Group: clk
Path Type: min

Fanout     Cap    Slew   Delay    Time   Description
-----------------------------------------------------------------------------
                  0.15    0.00    0.00   clock clk (rise edge)
                          0.00    0.00   clock network delay (ideal)
                  0.15    0.00    0.00 ^ _398_/CLK (sky130_fd_sc_hd__dfrtp_2)
                  0.15    0.51    0.51 v _398_/Q (sky130_fd_sc_hd__dfrtp_2)
     2    0.05                           paddr[6] (net)
                  0.15    0.01    0.52 v paddr[6] (out)
                                  0.52   data arrival time

                  0.15    0.00    0.00   clock clk (rise edge)
                          0.00    0.00   clock network delay (ideal)
                          0.25    0.25   clock uncertainty
                          0.00    0.25   clock reconvergence pessimism
                         -2.00   -1.75   output external delay
                                 -1.75   data required time
-----------------------------------------------------------------------------
                                 -1.75   data required time
                                 -0.52   data arrival time
-----------------------------------------------------------------------------
                                  2.27   slack (MET)


Startpoint: _409_ (rising edge-triggered flip-flop clocked by clk)
Endpoint: paddr[17] (output port clocked by clk)
Path Group: clk
Path Type: min

Fanout     Cap    Slew   Delay    Time   Description
-----------------------------------------------------------------------------
                  0.15    0.00    0.00   clock clk (rise edge)
                          0.00    0.00   clock network delay (ideal)
                  0.15    0.00    0.00 ^ _409_/CLK (sky130_fd_sc_hd__dfrtp_2)
                  0.15    0.51    0.51 v _409_/Q (sky130_fd_sc_hd__dfrtp_2)
     2    0.05                           paddr[17] (net)
                  0.15    0.01    0.52 v paddr[17] (out)
                                  0.52   data arrival time

                  0.15    0.00    0.00   clock clk (rise edge)
                          0.00    0.00   clock network delay (ideal)
                          0.25    0.25   clock uncertainty
                          0.00    0.25   clock reconvergence pessimism
                         -2.00   -1.75   output external delay
                                 -1.75   data required time
-----------------------------------------------------------------------------
                                 -1.75   data required time
                                 -0.52   data arrival time
-----------------------------------------------------------------------------
                                  2.27   slack (MET)


Startpoint: _415_ (rising edge-triggered flip-flop clocked by clk)
Endpoint: paddr[23] (output port clocked by clk)
Path Group: clk
Path Type: min

Fanout     Cap    Slew   Delay    Time   Description
-----------------------------------------------------------------------------
                  0.15    0.00    0.00   clock clk (rise edge)
                          0.00    0.00   clock network delay (ideal)
                  0.15    0.00    0.00 ^ _415_/CLK (sky130_fd_sc_hd__dfrtp_2)
                  0.15    0.51    0.51 v _415_/Q (sky130_fd_sc_hd__dfrtp_2)
     2    0.05                           paddr[23] (net)
                  0.15    0.01    0.52 v paddr[23] (out)
                                  0.52   data arrival time

                  0.15    0.00    0.00   clock clk (rise edge)
                          0.00    0.00   clock network delay (ideal)
                          0.25    0.25   clock uncertainty
                          0.00    0.25   clock reconvergence pessimism
                         -2.00   -1.75   output external delay
                                 -1.75   data required time
-----------------------------------------------------------------------------
                                 -1.75   data required time
                                 -0.52   data arrival time
-----------------------------------------------------------------------------
                                  2.27   slack (MET)


Startpoint: _420_ (rising edge-triggered flip-flop clocked by clk)
Endpoint: paddr[28] (output port clocked by clk)
Path Group: clk
Path Type: min

Fanout     Cap    Slew   Delay    Time   Description
-----------------------------------------------------------------------------
                  0.15    0.00    0.00   clock clk (rise edge)
                          0.00    0.00   clock network delay (ideal)
                  0.15    0.00    0.00 ^ _420_/CLK (sky130_fd_sc_hd__dfrtp_2)
                  0.15    0.51    0.51 v _420_/Q (sky130_fd_sc_hd__dfrtp_2)
     2    0.05                           paddr[28] (net)
                  0.15    0.01    0.52 v paddr[28] (out)
                                  0.52   data arrival time

                  0.15    0.00    0.00   clock clk (rise edge)
                          0.00    0.00   clock network delay (ideal)
                          0.25    0.25   clock uncertainty
                          0.00    0.25   clock reconvergence pessimism
                         -2.00   -1.75   output external delay
                                 -1.75   data required time
-----------------------------------------------------------------------------
                                 -1.75   data required time
                                 -0.52   data arrival time
-----------------------------------------------------------------------------
                                  2.27   slack (MET)


Startpoint: _419_ (rising edge-triggered flip-flop clocked by clk)
Endpoint: paddr[27] (output port clocked by clk)
Path Group: clk
Path Type: min

Fanout     Cap    Slew   Delay    Time   Description
-----------------------------------------------------------------------------
                  0.15    0.00    0.00   clock clk (rise edge)
                          0.00    0.00   clock network delay (ideal)
                  0.15    0.00    0.00 ^ _419_/CLK (sky130_fd_sc_hd__dfrtp_2)
                  0.15    0.51    0.51 v _419_/Q (sky130_fd_sc_hd__dfrtp_2)
     2    0.05                           paddr[27] (net)
                  0.15    0.01    0.52 v paddr[27] (out)
                                  0.52   data arrival time

                  0.15    0.00    0.00   clock clk (rise edge)
                          0.00    0.00   clock network delay (ideal)
                          0.25    0.25   clock uncertainty
                          0.00    0.25   clock reconvergence pessimism
                         -2.00   -1.75   output external delay
                                 -1.75   data required time
-----------------------------------------------------------------------------
                                 -1.75   data required time
                                 -0.52   data arrival time
-----------------------------------------------------------------------------
                                  2.27   slack (MET)


Startpoint: _441_ (rising edge-triggered flip-flop clocked by clk)
Endpoint: pwdata[17] (output port clocked by clk)
Path Group: clk
Path Type: min

Fanout     Cap    Slew   Delay    Time   Description
-----------------------------------------------------------------------------
                  0.15    0.00    0.00   clock clk (rise edge)
                          0.00    0.00   clock network delay (ideal)
                  0.15    0.00    0.00 ^ _441_/CLK (sky130_fd_sc_hd__dfrtp_2)
                  0.15    0.51    0.51 v _441_/Q (sky130_fd_sc_hd__dfrtp_2)
     2    0.05                           pwdata[17] (net)
                  0.15    0.01    0.52 v pwdata[17] (out)
                                  0.52   data arrival time

                  0.15    0.00    0.00   clock clk (rise edge)
                          0.00    0.00   clock network delay (ideal)
                          0.25    0.25   clock uncertainty
                          0.00    0.25   clock reconvergence pessimism
                         -2.00   -1.75   output external delay
                                 -1.75   data required time
-----------------------------------------------------------------------------
                                 -1.75   data required time
                                 -0.52   data arrival time
-----------------------------------------------------------------------------
                                  2.27   slack (MET)


Startpoint: _449_ (rising edge-triggered flip-flop clocked by clk)
Endpoint: pwdata[25] (output port clocked by clk)
Path Group: clk
Path Type: min

Fanout     Cap    Slew   Delay    Time   Description
-----------------------------------------------------------------------------
                  0.15    0.00    0.00   clock clk (rise edge)
                          0.00    0.00   clock network delay (ideal)
                  0.15    0.00    0.00 ^ _449_/CLK (sky130_fd_sc_hd__dfrtp_2)
                  0.15    0.51    0.51 v _449_/Q (sky130_fd_sc_hd__dfrtp_2)
     2    0.05                           pwdata[25] (net)
                  0.15    0.01    0.52 v pwdata[25] (out)
                                  0.52   data arrival time

                  0.15    0.00    0.00   clock clk (rise edge)
                          0.00    0.00   clock network delay (ideal)
                          0.25    0.25   clock uncertainty
                          0.00    0.25   clock reconvergence pessimism
                         -2.00   -1.75   output external delay
                                 -1.75   data required time
-----------------------------------------------------------------------------
                                 -1.75   data required time
                                 -0.52   data arrival time
-----------------------------------------------------------------------------
                                  2.27   slack (MET)


Startpoint: _424_ (rising edge-triggered flip-flop clocked by clk)
Endpoint: pwdata[0] (output port clocked by clk)
Path Group: clk
Path Type: min

Fanout     Cap    Slew   Delay    Time   Description
-----------------------------------------------------------------------------
                  0.15    0.00    0.00   clock clk (rise edge)
                          0.00    0.00   clock network delay (ideal)
                  0.15    0.00    0.00 ^ _424_/CLK (sky130_fd_sc_hd__dfrtp_2)
                  0.15    0.51    0.51 v _424_/Q (sky130_fd_sc_hd__dfrtp_2)
     2    0.05                           pwdata[0] (net)
                  0.15    0.01    0.52 v pwdata[0] (out)
                                  0.52   data arrival time

                  0.15    0.00    0.00   clock clk (rise edge)
                          0.00    0.00   clock network delay (ideal)
                          0.25    0.25   clock uncertainty
                          0.00    0.25   clock reconvergence pessimism
                         -2.00   -1.75   output external delay
                                 -1.75   data required time
-----------------------------------------------------------------------------
                                 -1.75   data required time
                                 -0.52   data arrival time
-----------------------------------------------------------------------------
                                  2.27   slack (MET)


Startpoint: _395_ (rising edge-triggered flip-flop clocked by clk)
Endpoint: paddr[3] (output port clocked by clk)
Path Group: clk
Path Type: min

Fanout     Cap    Slew   Delay    Time   Description
-----------------------------------------------------------------------------
                  0.15    0.00    0.00   clock clk (rise edge)
                          0.00    0.00   clock network delay (ideal)
                  0.15    0.00    0.00 ^ _395_/CLK (sky130_fd_sc_hd__dfrtp_2)
                  0.15    0.51    0.51 v _395_/Q (sky130_fd_sc_hd__dfrtp_2)
     2    0.06                           paddr[3] (net)
                  0.16    0.01    0.52 v paddr[3] (out)
                                  0.52   data arrival time

                  0.15    0.00    0.00   clock clk (rise edge)
                          0.00    0.00   clock network delay (ideal)
                          0.25    0.25   clock uncertainty
                          0.00    0.25   clock reconvergence pessimism
                         -2.00   -1.75   output external delay
                                 -1.75   data required time
-----------------------------------------------------------------------------
                                 -1.75   data required time
                                 -0.52   data arrival time
-----------------------------------------------------------------------------
                                  2.27   slack (MET)


Startpoint: _413_ (rising edge-triggered flip-flop clocked by clk)
Endpoint: paddr[21] (output port clocked by clk)
Path Group: clk
Path Type: min

Fanout     Cap    Slew   Delay    Time   Description
-----------------------------------------------------------------------------
                  0.15    0.00    0.00   clock clk (rise edge)
                          0.00    0.00   clock network delay (ideal)
                  0.15    0.00    0.00 ^ _413_/CLK (sky130_fd_sc_hd__dfrtp_2)
                  0.15    0.51    0.51 v _413_/Q (sky130_fd_sc_hd__dfrtp_2)
     2    0.06                           paddr[21] (net)
                  0.16    0.01    0.52 v paddr[21] (out)
                                  0.52   data arrival time

                  0.15    0.00    0.00   clock clk (rise edge)
                          0.00    0.00   clock network delay (ideal)
                          0.25    0.25   clock uncertainty
                          0.00    0.25   clock reconvergence pessimism
                         -2.00   -1.75   output external delay
                                 -1.75   data required time
-----------------------------------------------------------------------------
                                 -1.75   data required time
                                 -0.52   data arrival time
-----------------------------------------------------------------------------
                                  2.27   slack (MET)


Startpoint: _389_ (rising edge-triggered flip-flop clocked by clk)
Endpoint: pwrite (output port clocked by clk)
Path Group: clk
Path Type: min

Fanout     Cap    Slew   Delay    Time   Description
-----------------------------------------------------------------------------
                  0.15    0.00    0.00   clock clk (rise edge)
                          0.00    0.00   clock network delay (ideal)
                  0.15    0.00    0.00 ^ _389_/CLK (sky130_fd_sc_hd__dfrtp_2)
                  0.15    0.51    0.51 v _389_/Q (sky130_fd_sc_hd__dfrtp_2)
     2    0.06                           pwrite (net)
                  0.16    0.01    0.52 v pwrite (out)
                                  0.52   data arrival time

                  0.15    0.00    0.00   clock clk (rise edge)
                          0.00    0.00   clock network delay (ideal)
                          0.25    0.25   clock uncertainty
                          0.00    0.25   clock reconvergence pessimism
                         -2.00   -1.75   output external delay
                                 -1.75   data required time
-----------------------------------------------------------------------------
                                 -1.75   data required time
                                 -0.52   data arrival time
-----------------------------------------------------------------------------
                                  2.27   slack (MET)


Startpoint: _410_ (rising edge-triggered flip-flop clocked by clk)
Endpoint: paddr[18] (output port clocked by clk)
Path Group: clk
Path Type: min

Fanout     Cap    Slew   Delay    Time   Description
-----------------------------------------------------------------------------
                  0.15    0.00    0.00   clock clk (rise edge)
                          0.00    0.00   clock network delay (ideal)
                  0.15    0.00    0.00 ^ _410_/CLK (sky130_fd_sc_hd__dfrtp_2)
                  0.16    0.52    0.52 v _410_/Q (sky130_fd_sc_hd__dfrtp_2)
     2    0.06                           paddr[18] (net)
                  0.16    0.01    0.53 v paddr[18] (out)
                                  0.53   data arrival time

                  0.15    0.00    0.00   clock clk (rise edge)
                          0.00    0.00   clock network delay (ideal)
                          0.25    0.25   clock uncertainty
                          0.00    0.25   clock reconvergence pessimism
                         -2.00   -1.75   output external delay
                                 -1.75   data required time
-----------------------------------------------------------------------------
                                 -1.75   data required time
                                 -0.53   data arrival time
-----------------------------------------------------------------------------
                                  2.28   slack (MET)


Startpoint: _434_ (rising edge-triggered flip-flop clocked by clk)
Endpoint: pwdata[10] (output port clocked by clk)
Path Group: clk
Path Type: min

Fanout     Cap    Slew   Delay    Time   Description
-----------------------------------------------------------------------------
                  0.15    0.00    0.00   clock clk (rise edge)
                          0.00    0.00   clock network delay (ideal)
                  0.15    0.00    0.00 ^ _434_/CLK (sky130_fd_sc_hd__dfrtp_2)
                  0.16    0.52    0.52 v _434_/Q (sky130_fd_sc_hd__dfrtp_2)
     2    0.06                           pwdata[10] (net)
                  0.16    0.01    0.53 v pwdata[10] (out)
                                  0.53   data arrival time

                  0.15    0.00    0.00   clock clk (rise edge)
                          0.00    0.00   clock network delay (ideal)
                          0.25    0.25   clock uncertainty
                          0.00    0.25   clock reconvergence pessimism
                         -2.00   -1.75   output external delay
                                 -1.75   data required time
-----------------------------------------------------------------------------
                                 -1.75   data required time
                                 -0.53   data arrival time
-----------------------------------------------------------------------------
                                  2.28   slack (MET)


Startpoint: _404_ (rising edge-triggered flip-flop clocked by clk)
Endpoint: paddr[12] (output port clocked by clk)
Path Group: clk
Path Type: min

Fanout     Cap    Slew   Delay    Time   Description
-----------------------------------------------------------------------------
                  0.15    0.00    0.00   clock clk (rise edge)
                          0.00    0.00   clock network delay (ideal)
                  0.15    0.00    0.00 ^ _404_/CLK (sky130_fd_sc_hd__dfrtp_2)
                  0.16    0.52    0.52 v _404_/Q (sky130_fd_sc_hd__dfrtp_2)
     2    0.06                           paddr[12] (net)
                  0.16    0.01    0.53 v paddr[12] (out)
                                  0.53   data arrival time

                  0.15    0.00    0.00   clock clk (rise edge)
                          0.00    0.00   clock network delay (ideal)
                          0.25    0.25   clock uncertainty
                          0.00    0.25   clock reconvergence pessimism
                         -2.00   -1.75   output external delay
                                 -1.75   data required time
-----------------------------------------------------------------------------
                                 -1.75   data required time
                                 -0.53   data arrival time
-----------------------------------------------------------------------------
                                  2.28   slack (MET)


Startpoint: _418_ (rising edge-triggered flip-flop clocked by clk)
Endpoint: paddr[26] (output port clocked by clk)
Path Group: clk
Path Type: min

Fanout     Cap    Slew   Delay    Time   Description
-----------------------------------------------------------------------------
                  0.15    0.00    0.00   clock clk (rise edge)
                          0.00    0.00   clock network delay (ideal)
                  0.15    0.00    0.00 ^ _418_/CLK (sky130_fd_sc_hd__dfrtp_2)
                  0.16    0.52    0.52 v _418_/Q (sky130_fd_sc_hd__dfrtp_2)
     2    0.06                           paddr[26] (net)
                  0.16    0.01    0.53 v paddr[26] (out)
                                  0.53   data arrival time

                  0.15    0.00    0.00   clock clk (rise edge)
                          0.00    0.00   clock network delay (ideal)
                          0.25    0.25   clock uncertainty
                          0.00    0.25   clock reconvergence pessimism
                         -2.00   -1.75   output external delay
                                 -1.75   data required time
-----------------------------------------------------------------------------
                                 -1.75   data required time
                                 -0.53   data arrival time
-----------------------------------------------------------------------------
                                  2.28   slack (MET)


Startpoint: _439_ (rising edge-triggered flip-flop clocked by clk)
Endpoint: pwdata[15] (output port clocked by clk)
Path Group: clk
Path Type: min

Fanout     Cap    Slew   Delay    Time   Description
-----------------------------------------------------------------------------
                  0.15    0.00    0.00   clock clk (rise edge)
                          0.00    0.00   clock network delay (ideal)
                  0.15    0.00    0.00 ^ _439_/CLK (sky130_fd_sc_hd__dfrtp_2)
                  0.16    0.52    0.52 v _439_/Q (sky130_fd_sc_hd__dfrtp_2)
     2    0.06                           pwdata[15] (net)
                  0.16    0.01    0.53 v pwdata[15] (out)
                                  0.53   data arrival time

                  0.15    0.00    0.00   clock clk (rise edge)
                          0.00    0.00   clock network delay (ideal)
                          0.25    0.25   clock uncertainty
                          0.00    0.25   clock reconvergence pessimism
                         -2.00   -1.75   output external delay
                                 -1.75   data required time
-----------------------------------------------------------------------------
                                 -1.75   data required time
                                 -0.53   data arrival time
-----------------------------------------------------------------------------
                                  2.28   slack (MET)


Startpoint: _408_ (rising edge-triggered flip-flop clocked by clk)
Endpoint: paddr[16] (output port clocked by clk)
Path Group: clk
Path Type: min

Fanout     Cap    Slew   Delay    Time   Description
-----------------------------------------------------------------------------
                  0.15    0.00    0.00   clock clk (rise edge)
                          0.00    0.00   clock network delay (ideal)
                  0.15    0.00    0.00 ^ _408_/CLK (sky130_fd_sc_hd__dfrtp_2)
                  0.17    0.52    0.52 v _408_/Q (sky130_fd_sc_hd__dfrtp_2)
     2    0.06                           paddr[16] (net)
                  0.17    0.01    0.54 v paddr[16] (out)
                                  0.54   data arrival time

                  0.15    0.00    0.00   clock clk (rise edge)
                          0.00    0.00   clock network delay (ideal)
                          0.25    0.25   clock uncertainty
                          0.00    0.25   clock reconvergence pessimism
                         -2.00   -1.75   output external delay
                                 -1.75   data required time
-----------------------------------------------------------------------------
                                 -1.75   data required time
                                 -0.54   data arrival time
-----------------------------------------------------------------------------
                                  2.29   slack (MET)


Startpoint: _390_ (rising edge-triggered flip-flop clocked by clk)
Endpoint: penable (output port clocked by clk)
Path Group: clk
Path Type: min

Fanout     Cap    Slew   Delay    Time   Description
-----------------------------------------------------------------------------
                  0.15    0.00    0.00   clock clk (rise edge)
                          0.00    0.00   clock network delay (ideal)
                  0.15    0.00    0.00 ^ _390_/CLK (sky130_fd_sc_hd__dfrtp_2)
                  0.06    0.37    0.37 ^ _390_/Q (sky130_fd_sc_hd__dfrtp_2)
     4    0.01                           state[0] (net)
                  0.06    0.00    0.37 ^ _177_/A (sky130_fd_sc_hd__or2b_2)
                  0.08    0.13    0.50 ^ _177_/X (sky130_fd_sc_hd__or2b_2)
     3    0.01                           _067_ (net)
                  0.08    0.00    0.50 ^ _178_/A (sky130_fd_sc_hd__inv_2)
                  0.09    0.09    0.60 v _178_/Y (sky130_fd_sc_hd__inv_2)
     1    0.04                           penable (net)
                  0.09    0.00    0.60 v penable (out)
                                  0.60   data arrival time

                  0.15    0.00    0.00   clock clk (rise edge)
                          0.00    0.00   clock network delay (ideal)
                          0.25    0.25   clock uncertainty
                          0.00    0.25   clock reconvergence pessimism
                         -2.00   -1.75   output external delay
                                 -1.75   data required time
-----------------------------------------------------------------------------
                                 -1.75   data required time
                                 -0.60   data arrival time
-----------------------------------------------------------------------------
                                  2.35   slack (MET)


Startpoint: _391_ (rising edge-triggered flip-flop clocked by clk)
Endpoint: psel (output port clocked by clk)
Path Group: clk
Path Type: min

Fanout     Cap    Slew   Delay    Time   Description
-----------------------------------------------------------------------------
                  0.15    0.00    0.00   clock clk (rise edge)
                          0.00    0.00   clock network delay (ideal)
                  0.15    0.00    0.00 ^ _391_/CLK (sky130_fd_sc_hd__dfrtp_2)
                  0.06    0.37    0.37 ^ _391_/Q (sky130_fd_sc_hd__dfrtp_2)
     4    0.01                           state[1] (net)
                  0.06    0.00    0.37 ^ _179_/A (sky130_fd_sc_hd__or2b_2)
                  0.06    0.12    0.49 ^ _179_/X (sky130_fd_sc_hd__or2b_2)
     2    0.01                           _068_ (net)
                  0.06    0.00    0.49 ^ _180_/B (sky130_fd_sc_hd__nand2_2)
                  0.17    0.15    0.64 v _180_/Y (sky130_fd_sc_hd__nand2_2)
     1    0.04                           psel (net)
                  0.17    0.00    0.64 v psel (out)
                                  0.64   data arrival time

                  0.15    0.00    0.00   clock clk (rise edge)
                          0.00    0.00   clock network delay (ideal)
                          0.25    0.25   clock uncertainty
                          0.00    0.25   clock reconvergence pessimism
                         -2.00   -1.75   output external delay
                                 -1.75   data required time
-----------------------------------------------------------------------------
                                 -1.75   data required time
                                 -0.64   data arrival time
-----------------------------------------------------------------------------
                                  2.39   slack (MET)


Startpoint: clk (clock source 'clk')
Endpoint: pclk (output port clocked by clk)
Path Group: clk
Path Type: min

Fanout     Cap    Slew   Delay    Time   Description
-----------------------------------------------------------------------------
                  0.15    0.00    0.00   clock clk (rise edge)
                  0.58    0.37    0.37 ^ clk (in)
    68    0.13                           clk (net)
                  0.58    0.00    0.37 ^ _456_/A (sky130_fd_sc_hd__buf_2)
                  0.17    0.30    0.67 ^ _456_/X (sky130_fd_sc_hd__buf_2)
     1    0.03                           pclk (net)
                  0.17    0.00    0.67 ^ pclk (out)
                                  0.67   data arrival time

                  0.15    0.00    0.00   clock clk (rise edge)
                          0.00    0.00   clock network delay (ideal)
                          0.25    0.25   clock uncertainty
                          0.00    0.25   clock reconvergence pessimism
                         -2.00   -1.75   output external delay
                                 -1.75   data required time
-----------------------------------------------------------------------------
                                 -1.75   data required time
                                 -0.67   data arrival time
-----------------------------------------------------------------------------
                                  2.42   slack (MET)


Startpoint: _390_ (rising edge-triggered flip-flop clocked by clk)
Endpoint: m_rdata[30] (output port clocked by clk)
Path Group: clk
Path Type: min

Fanout     Cap    Slew   Delay    Time   Description
-----------------------------------------------------------------------------
                  0.15    0.00    0.00   clock clk (rise edge)
                          0.00    0.00   clock network delay (ideal)
                  0.15    0.00    0.00 ^ _390_/CLK (sky130_fd_sc_hd__dfrtp_2)
                  0.06    0.37    0.37 ^ _390_/Q (sky130_fd_sc_hd__dfrtp_2)
     4    0.01                           state[0] (net)
                  0.06    0.00    0.37 ^ _181_/A_N (sky130_fd_sc_hd__and3b_2)
                  0.08    0.24    0.61 v _181_/X (sky130_fd_sc_hd__and3b_2)
     6    0.02                           _069_ (net)
                  0.08    0.00    0.61 v _245_/B (sky130_fd_sc_hd__and2_2)
                  0.03    0.19    0.80 v _245_/X (sky130_fd_sc_hd__and2_2)
     1    0.00                           _102_ (net)
                  0.03    0.00    0.80 v _246_/A (sky130_fd_sc_hd__buf_1)
                  0.25    0.24    1.03 v _246_/X (sky130_fd_sc_hd__buf_1)
     1    0.04                           m_rdata[30] (net)
                  0.25    0.00    1.04 v m_rdata[30] (out)
                                  1.04   data arrival time

                  0.15    0.00    0.00   clock clk (rise edge)
                          0.00    0.00   clock network delay (ideal)
                          0.25    0.25   clock uncertainty
                          0.00    0.25   clock reconvergence pessimism
                         -2.00   -1.75   output external delay
                                 -1.75   data required time
-----------------------------------------------------------------------------
                                 -1.75   data required time
                                 -1.04   data arrival time
-----------------------------------------------------------------------------
                                  2.79   slack (MET)


Startpoint: _390_ (rising edge-triggered flip-flop clocked by clk)
Endpoint: m_ready (output port clocked by clk)
Path Group: clk
Path Type: min

Fanout     Cap    Slew   Delay    Time   Description
-----------------------------------------------------------------------------
                  0.15    0.00    0.00   clock clk (rise edge)
                          0.00    0.00   clock network delay (ideal)
                  0.15    0.00    0.00 ^ _390_/CLK (sky130_fd_sc_hd__dfrtp_2)
                  0.06    0.37    0.37 ^ _390_/Q (sky130_fd_sc_hd__dfrtp_2)
     4    0.01                           state[0] (net)
                  0.06    0.00    0.37 ^ _181_/A_N (sky130_fd_sc_hd__and3b_2)
                  0.08    0.24    0.61 v _181_/X (sky130_fd_sc_hd__and3b_2)
     6    0.02                           _069_ (net)
                  0.08    0.00    0.61 v _182_/A (sky130_fd_sc_hd__buf_1)
                  0.52    0.44    1.05 v _182_/X (sky130_fd_sc_hd__buf_1)
    10    0.09                           m_ready (net)
                  0.52    0.01    1.06 v m_ready (out)
                                  1.06   data arrival time

                  0.15    0.00    0.00   clock clk (rise edge)
                          0.00    0.00   clock network delay (ideal)
                          0.25    0.25   clock uncertainty
                          0.00    0.25   clock reconvergence pessimism
                         -2.00   -1.75   output external delay
                                 -1.75   data required time
-----------------------------------------------------------------------------
                                 -1.75   data required time
                                 -1.06   data arrival time
-----------------------------------------------------------------------------
                                  2.81   slack (MET)


Startpoint: _390_ (rising edge-triggered flip-flop clocked by clk)
Endpoint: m_rdata[29] (output port clocked by clk)
Path Group: clk
Path Type: min

Fanout     Cap    Slew   Delay    Time   Description
-----------------------------------------------------------------------------
                  0.15    0.00    0.00   clock clk (rise edge)
                          0.00    0.00   clock network delay (ideal)
                  0.15    0.00    0.00 ^ _390_/CLK (sky130_fd_sc_hd__dfrtp_2)
                  0.06    0.37    0.37 ^ _390_/Q (sky130_fd_sc_hd__dfrtp_2)
     4    0.01                           state[0] (net)
                  0.06    0.00    0.37 ^ _181_/A_N (sky130_fd_sc_hd__and3b_2)
                  0.08    0.24    0.61 v _181_/X (sky130_fd_sc_hd__and3b_2)
     6    0.02                           _069_ (net)
                  0.08    0.00    0.61 v _243_/B (sky130_fd_sc_hd__and2_2)
                  0.03    0.19    0.80 v _243_/X (sky130_fd_sc_hd__and2_2)
     1    0.00                           _101_ (net)
                  0.03    0.00    0.80 v _244_/A (sky130_fd_sc_hd__buf_1)
                  0.29    0.26    1.06 v _244_/X (sky130_fd_sc_hd__buf_1)
     1    0.05                           m_rdata[29] (net)
                  0.29    0.01    1.07 v m_rdata[29] (out)
                                  1.07   data arrival time

                  0.15    0.00    0.00   clock clk (rise edge)
                          0.00    0.00   clock network delay (ideal)
                          0.25    0.25   clock uncertainty
                          0.00    0.25   clock reconvergence pessimism
                         -2.00   -1.75   output external delay
                                 -1.75   data required time
-----------------------------------------------------------------------------
                                 -1.75   data required time
                                 -1.07   data arrival time
-----------------------------------------------------------------------------
                                  2.82   slack (MET)


Startpoint: _390_ (rising edge-triggered flip-flop clocked by clk)
Endpoint: m_rdata[31] (output port clocked by clk)
Path Group: clk
Path Type: min

Fanout     Cap    Slew   Delay    Time   Description
-----------------------------------------------------------------------------
                  0.15    0.00    0.00   clock clk (rise edge)
                          0.00    0.00   clock network delay (ideal)
                  0.15    0.00    0.00 ^ _390_/CLK (sky130_fd_sc_hd__dfrtp_2)
                  0.06    0.37    0.37 ^ _390_/Q (sky130_fd_sc_hd__dfrtp_2)
     4    0.01                           state[0] (net)
                  0.06    0.00    0.37 ^ _181_/A_N (sky130_fd_sc_hd__and3b_2)
                  0.08    0.24    0.61 v _181_/X (sky130_fd_sc_hd__and3b_2)
     6    0.02                           _069_ (net)
                  0.08    0.00    0.61 v _247_/B (sky130_fd_sc_hd__and2_2)
                  0.03    0.19    0.80 v _247_/X (sky130_fd_sc_hd__and2_2)
     1    0.00                           _103_ (net)
                  0.03    0.00    0.80 v _248_/A (sky130_fd_sc_hd__buf_1)
                  0.30    0.27    1.07 v _248_/X (sky130_fd_sc_hd__buf_1)
     1    0.05                           m_rdata[31] (net)
                  0.30    0.01    1.08 v m_rdata[31] (out)
                                  1.08   data arrival time

                  0.15    0.00    0.00   clock clk (rise edge)
                          0.00    0.00   clock network delay (ideal)
                          0.25    0.25   clock uncertainty
                          0.00    0.25   clock reconvergence pessimism
                         -2.00   -1.75   output external delay
                                 -1.75   data required time
-----------------------------------------------------------------------------
                                 -1.75   data required time
                                 -1.08   data arrival time
-----------------------------------------------------------------------------
                                  2.83   slack (MET)


Startpoint: _390_ (rising edge-triggered flip-flop clocked by clk)
Endpoint: m_rdata[13] (output port clocked by clk)
Path Group: clk
Path Type: min

Fanout     Cap    Slew   Delay    Time   Description
-----------------------------------------------------------------------------
                  0.15    0.00    0.00   clock clk (rise edge)
                          0.00    0.00   clock network delay (ideal)
                  0.15    0.00    0.00 ^ _390_/CLK (sky130_fd_sc_hd__dfrtp_2)
                  0.06    0.37    0.37 ^ _390_/Q (sky130_fd_sc_hd__dfrtp_2)
     4    0.01                           state[0] (net)
                  0.06    0.00    0.37 ^ _181_/A_N (sky130_fd_sc_hd__and3b_2)
                  0.08    0.24    0.61 v _181_/X (sky130_fd_sc_hd__and3b_2)
     6    0.02                           _069_ (net)
                  0.08    0.00    0.61 v _201_/A (sky130_fd_sc_hd__buf_1)
                  0.30    0.29    0.90 v _201_/X (sky130_fd_sc_hd__buf_1)
    10    0.05                           _079_ (net)
                  0.30    0.00    0.91 v _210_/B (sky130_fd_sc_hd__and2_2)
                  0.03    0.28    1.19 v _210_/X (sky130_fd_sc_hd__and2_2)
     1    0.00                           _084_ (net)
                  0.03    0.00    1.19 v _211_/A (sky130_fd_sc_hd__buf_1)
                  0.21    0.21    1.40 v _211_/X (sky130_fd_sc_hd__buf_1)
     1    0.04                           m_rdata[13] (net)
                  0.21    0.00    1.41 v m_rdata[13] (out)
                                  1.41   data arrival time

                  0.15    0.00    0.00   clock clk (rise edge)
                          0.00    0.00   clock network delay (ideal)
                          0.25    0.25   clock uncertainty
                          0.00    0.25   clock reconvergence pessimism
                         -2.00   -1.75   output external delay
                                 -1.75   data required time
-----------------------------------------------------------------------------
                                 -1.75   data required time
                                 -1.41   data arrival time
-----------------------------------------------------------------------------
                                  3.16   slack (MET)


Startpoint: _390_ (rising edge-triggered flip-flop clocked by clk)
Endpoint: m_rdata[9] (output port clocked by clk)
Path Group: clk
Path Type: min

Fanout     Cap    Slew   Delay    Time   Description
-----------------------------------------------------------------------------
                  0.15    0.00    0.00   clock clk (rise edge)
                          0.00    0.00   clock network delay (ideal)
                  0.15    0.00    0.00 ^ _390_/CLK (sky130_fd_sc_hd__dfrtp_2)
                  0.06    0.37    0.37 ^ _390_/Q (sky130_fd_sc_hd__dfrtp_2)
     4    0.01                           state[0] (net)
                  0.06    0.00    0.37 ^ _181_/A_N (sky130_fd_sc_hd__and3b_2)
                  0.08    0.24    0.61 v _181_/X (sky130_fd_sc_hd__and3b_2)
     6    0.02                           _069_ (net)
                  0.08    0.00    0.61 v _201_/A (sky130_fd_sc_hd__buf_1)
                  0.30    0.29    0.90 v _201_/X (sky130_fd_sc_hd__buf_1)
    10    0.05                           _079_ (net)
                  0.30    0.00    0.91 v _202_/B (sky130_fd_sc_hd__and2_2)
                  0.03    0.28    1.19 v _202_/X (sky130_fd_sc_hd__and2_2)
     1    0.00                           _080_ (net)
                  0.03    0.00    1.19 v _203_/A (sky130_fd_sc_hd__buf_1)
                  0.25    0.24    1.42 v _203_/X (sky130_fd_sc_hd__buf_1)
     1    0.04                           m_rdata[9] (net)
                  0.25    0.00    1.43 v m_rdata[9] (out)
                                  1.43   data arrival time

                  0.15    0.00    0.00   clock clk (rise edge)
                          0.00    0.00   clock network delay (ideal)
                          0.25    0.25   clock uncertainty
                          0.00    0.25   clock reconvergence pessimism
                         -2.00   -1.75   output external delay
                                 -1.75   data required time
-----------------------------------------------------------------------------
                                 -1.75   data required time
                                 -1.43   data arrival time
-----------------------------------------------------------------------------
                                  3.18   slack (MET)


Startpoint: _390_ (rising edge-triggered flip-flop clocked by clk)
Endpoint: m_rdata[18] (output port clocked by clk)
Path Group: clk
Path Type: min

Fanout     Cap    Slew   Delay    Time   Description
-----------------------------------------------------------------------------
                  0.15    0.00    0.00   clock clk (rise edge)
                          0.00    0.00   clock network delay (ideal)
                  0.15    0.00    0.00 ^ _390_/CLK (sky130_fd_sc_hd__dfrtp_2)
                  0.06    0.37    0.37 ^ _390_/Q (sky130_fd_sc_hd__dfrtp_2)
     4    0.01                           state[0] (net)
                  0.06    0.00    0.37 ^ _181_/A_N (sky130_fd_sc_hd__and3b_2)
                  0.08    0.24    0.61 v _181_/X (sky130_fd_sc_hd__and3b_2)
     6    0.02                           _069_ (net)
                  0.08    0.00    0.61 v _201_/A (sky130_fd_sc_hd__buf_1)
                  0.30    0.29    0.90 v _201_/X (sky130_fd_sc_hd__buf_1)
    10    0.05                           _079_ (net)
                  0.30    0.00    0.90 v _220_/B (sky130_fd_sc_hd__and2_2)
                  0.03    0.28    1.19 v _220_/X (sky130_fd_sc_hd__and2_2)
     1    0.00                           _089_ (net)
                  0.03    0.00    1.19 v _221_/A (sky130_fd_sc_hd__buf_1)
                  0.25    0.24    1.43 v _221_/X (sky130_fd_sc_hd__buf_1)
     1    0.04                           m_rdata[18] (net)
                  0.25    0.00    1.43 v m_rdata[18] (out)
                                  1.43   data arrival time

                  0.15    0.00    0.00   clock clk (rise edge)
                          0.00    0.00   clock network delay (ideal)
                          0.25    0.25   clock uncertainty
                          0.00    0.25   clock reconvergence pessimism
                         -2.00   -1.75   output external delay
                                 -1.75   data required time
-----------------------------------------------------------------------------
                                 -1.75   data required time
                                 -1.43   data arrival time
-----------------------------------------------------------------------------
                                  3.18   slack (MET)


Startpoint: _390_ (rising edge-triggered flip-flop clocked by clk)
Endpoint: m_rdata[10] (output port clocked by clk)
Path Group: clk
Path Type: min

Fanout     Cap    Slew   Delay    Time   Description
-----------------------------------------------------------------------------
                  0.15    0.00    0.00   clock clk (rise edge)
                          0.00    0.00   clock network delay (ideal)
                  0.15    0.00    0.00 ^ _390_/CLK (sky130_fd_sc_hd__dfrtp_2)
                  0.06    0.37    0.37 ^ _390_/Q (sky130_fd_sc_hd__dfrtp_2)
     4    0.01                           state[0] (net)
                  0.06    0.00    0.37 ^ _181_/A_N (sky130_fd_sc_hd__and3b_2)
                  0.08    0.24    0.61 v _181_/X (sky130_fd_sc_hd__and3b_2)
     6    0.02                           _069_ (net)
                  0.08    0.00    0.61 v _201_/A (sky130_fd_sc_hd__buf_1)
                  0.30    0.29    0.90 v _201_/X (sky130_fd_sc_hd__buf_1)
    10    0.05                           _079_ (net)
                  0.30    0.00    0.90 v _204_/B (sky130_fd_sc_hd__and2_2)
                  0.03    0.28    1.19 v _204_/X (sky130_fd_sc_hd__and2_2)
     1    0.00                           _081_ (net)
                  0.03    0.00    1.19 v _205_/A (sky130_fd_sc_hd__buf_1)
                  0.26    0.24    1.43 v _205_/X (sky130_fd_sc_hd__buf_1)
     1    0.04                           m_rdata[10] (net)
                  0.26    0.00    1.43 v m_rdata[10] (out)
                                  1.43   data arrival time

                  0.15    0.00    0.00   clock clk (rise edge)
                          0.00    0.00   clock network delay (ideal)
                          0.25    0.25   clock uncertainty
                          0.00    0.25   clock reconvergence pessimism
                         -2.00   -1.75   output external delay
                                 -1.75   data required time
-----------------------------------------------------------------------------
                                 -1.75   data required time
                                 -1.43   data arrival time
-----------------------------------------------------------------------------
                                  3.18   slack (MET)


Startpoint: _390_ (rising edge-triggered flip-flop clocked by clk)
Endpoint: m_rdata[11] (output port clocked by clk)
Path Group: clk
Path Type: min

Fanout     Cap    Slew   Delay    Time   Description
-----------------------------------------------------------------------------
                  0.15    0.00    0.00   clock clk (rise edge)
                          0.00    0.00   clock network delay (ideal)
                  0.15    0.00    0.00 ^ _390_/CLK (sky130_fd_sc_hd__dfrtp_2)
                  0.06    0.37    0.37 ^ _390_/Q (sky130_fd_sc_hd__dfrtp_2)
     4    0.01                           state[0] (net)
                  0.06    0.00    0.37 ^ _181_/A_N (sky130_fd_sc_hd__and3b_2)
                  0.08    0.24    0.61 v _181_/X (sky130_fd_sc_hd__and3b_2)
     6    0.02                           _069_ (net)
                  0.08    0.00    0.61 v _201_/A (sky130_fd_sc_hd__buf_1)
                  0.30    0.29    0.90 v _201_/X (sky130_fd_sc_hd__buf_1)
    10    0.05                           _079_ (net)
                  0.30    0.00    0.91 v _206_/B (sky130_fd_sc_hd__and2_2)
                  0.03    0.28    1.19 v _206_/X (sky130_fd_sc_hd__and2_2)
     1    0.00                           _082_ (net)
                  0.03    0.00    1.19 v _207_/A (sky130_fd_sc_hd__buf_1)
                  0.26    0.24    1.43 v _207_/X (sky130_fd_sc_hd__buf_1)
     1    0.04                           m_rdata[11] (net)
                  0.26    0.00    1.44 v m_rdata[11] (out)
                                  1.44   data arrival time

                  0.15    0.00    0.00   clock clk (rise edge)
                          0.00    0.00   clock network delay (ideal)
                          0.25    0.25   clock uncertainty
                          0.00    0.25   clock reconvergence pessimism
                         -2.00   -1.75   output external delay
                                 -1.75   data required time
-----------------------------------------------------------------------------
                                 -1.75   data required time
                                 -1.44   data arrival time
-----------------------------------------------------------------------------
                                  3.19   slack (MET)


Startpoint: _390_ (rising edge-triggered flip-flop clocked by clk)
Endpoint: m_rdata[16] (output port clocked by clk)
Path Group: clk
Path Type: min

Fanout     Cap    Slew   Delay    Time   Description
-----------------------------------------------------------------------------
                  0.15    0.00    0.00   clock clk (rise edge)
                          0.00    0.00   clock network delay (ideal)
                  0.15    0.00    0.00 ^ _390_/CLK (sky130_fd_sc_hd__dfrtp_2)
                  0.06    0.37    0.37 ^ _390_/Q (sky130_fd_sc_hd__dfrtp_2)
     4    0.01                           state[0] (net)
                  0.06    0.00    0.37 ^ _181_/A_N (sky130_fd_sc_hd__and3b_2)
                  0.08    0.24    0.61 v _181_/X (sky130_fd_sc_hd__and3b_2)
     6    0.02                           _069_ (net)
                  0.08    0.00    0.61 v _201_/A (sky130_fd_sc_hd__buf_1)
                  0.30    0.29    0.90 v _201_/X (sky130_fd_sc_hd__buf_1)
    10    0.05                           _079_ (net)
                  0.30    0.00    0.90 v _216_/B (sky130_fd_sc_hd__and2_2)
                  0.03    0.28    1.19 v _216_/X (sky130_fd_sc_hd__and2_2)
     1    0.00                           _087_ (net)
                  0.03    0.00    1.19 v _217_/A (sky130_fd_sc_hd__buf_1)
                  0.26    0.24    1.43 v _217_/X (sky130_fd_sc_hd__buf_1)
     1    0.04                           m_rdata[16] (net)
                  0.26    0.00    1.44 v m_rdata[16] (out)
                                  1.44   data arrival time

                  0.15    0.00    0.00   clock clk (rise edge)
                          0.00    0.00   clock network delay (ideal)
                          0.25    0.25   clock uncertainty
                          0.00    0.25   clock reconvergence pessimism
                         -2.00   -1.75   output external delay
                                 -1.75   data required time
-----------------------------------------------------------------------------
                                 -1.75   data required time
                                 -1.44   data arrival time
-----------------------------------------------------------------------------
                                  3.19   slack (MET)


Startpoint: _390_ (rising edge-triggered flip-flop clocked by clk)
Endpoint: m_rdata[12] (output port clocked by clk)
Path Group: clk
Path Type: min

Fanout     Cap    Slew   Delay    Time   Description
-----------------------------------------------------------------------------
                  0.15    0.00    0.00   clock clk (rise edge)
                          0.00    0.00   clock network delay (ideal)
                  0.15    0.00    0.00 ^ _390_/CLK (sky130_fd_sc_hd__dfrtp_2)
                  0.06    0.37    0.37 ^ _390_/Q (sky130_fd_sc_hd__dfrtp_2)
     4    0.01                           state[0] (net)
                  0.06    0.00    0.37 ^ _181_/A_N (sky130_fd_sc_hd__and3b_2)
                  0.08    0.24    0.61 v _181_/X (sky130_fd_sc_hd__and3b_2)
     6    0.02                           _069_ (net)
                  0.08    0.00    0.61 v _201_/A (sky130_fd_sc_hd__buf_1)
                  0.30    0.29    0.90 v _201_/X (sky130_fd_sc_hd__buf_1)
    10    0.05                           _079_ (net)
                  0.30    0.00    0.91 v _208_/B (sky130_fd_sc_hd__and2_2)
                  0.03    0.28    1.19 v _208_/X (sky130_fd_sc_hd__and2_2)
     1    0.00                           _083_ (net)
                  0.03    0.00    1.19 v _209_/A (sky130_fd_sc_hd__buf_1)
                  0.26    0.24    1.43 v _209_/X (sky130_fd_sc_hd__buf_1)
     1    0.04                           m_rdata[12] (net)
                  0.26    0.00    1.44 v m_rdata[12] (out)
                                  1.44   data arrival time

                  0.15    0.00    0.00   clock clk (rise edge)
                          0.00    0.00   clock network delay (ideal)
                          0.25    0.25   clock uncertainty
                          0.00    0.25   clock reconvergence pessimism
                         -2.00   -1.75   output external delay
                                 -1.75   data required time
-----------------------------------------------------------------------------
                                 -1.75   data required time
                                 -1.44   data arrival time
-----------------------------------------------------------------------------
                                  3.19   slack (MET)


Startpoint: _390_ (rising edge-triggered flip-flop clocked by clk)
Endpoint: m_rdata[17] (output port clocked by clk)
Path Group: clk
Path Type: min

Fanout     Cap    Slew   Delay    Time   Description
-----------------------------------------------------------------------------
                  0.15    0.00    0.00   clock clk (rise edge)
                          0.00    0.00   clock network delay (ideal)
                  0.15    0.00    0.00 ^ _390_/CLK (sky130_fd_sc_hd__dfrtp_2)
                  0.06    0.37    0.37 ^ _390_/Q (sky130_fd_sc_hd__dfrtp_2)
     4    0.01                           state[0] (net)
                  0.06    0.00    0.37 ^ _181_/A_N (sky130_fd_sc_hd__and3b_2)
                  0.08    0.24    0.61 v _181_/X (sky130_fd_sc_hd__and3b_2)
     6    0.02                           _069_ (net)
                  0.08    0.00    0.61 v _201_/A (sky130_fd_sc_hd__buf_1)
                  0.30    0.29    0.90 v _201_/X (sky130_fd_sc_hd__buf_1)
    10    0.05                           _079_ (net)
                  0.30    0.00    0.91 v _218_/B (sky130_fd_sc_hd__and2_2)
                  0.03    0.28    1.19 v _218_/X (sky130_fd_sc_hd__and2_2)
     1    0.00                           _088_ (net)
                  0.03    0.00    1.19 v _219_/A (sky130_fd_sc_hd__buf_1)
                  0.26    0.25    1.43 v _219_/X (sky130_fd_sc_hd__buf_1)
     1    0.05                           m_rdata[17] (net)
                  0.26    0.00    1.44 v m_rdata[17] (out)
                                  1.44   data arrival time

                  0.15    0.00    0.00   clock clk (rise edge)
                          0.00    0.00   clock network delay (ideal)
                          0.25    0.25   clock uncertainty
                          0.00    0.25   clock reconvergence pessimism
                         -2.00   -1.75   output external delay
                                 -1.75   data required time
-----------------------------------------------------------------------------
                                 -1.75   data required time
                                 -1.44   data arrival time
-----------------------------------------------------------------------------
                                  3.19   slack (MET)


Startpoint: _390_ (rising edge-triggered flip-flop clocked by clk)
Endpoint: m_rdata[14] (output port clocked by clk)
Path Group: clk
Path Type: min

Fanout     Cap    Slew   Delay    Time   Description
-----------------------------------------------------------------------------
                  0.15    0.00    0.00   clock clk (rise edge)
                          0.00    0.00   clock network delay (ideal)
                  0.15    0.00    0.00 ^ _390_/CLK (sky130_fd_sc_hd__dfrtp_2)
                  0.06    0.37    0.37 ^ _390_/Q (sky130_fd_sc_hd__dfrtp_2)
     4    0.01                           state[0] (net)
                  0.06    0.00    0.37 ^ _181_/A_N (sky130_fd_sc_hd__and3b_2)
                  0.08    0.24    0.61 v _181_/X (sky130_fd_sc_hd__and3b_2)
     6    0.02                           _069_ (net)
                  0.08    0.00    0.61 v _201_/A (sky130_fd_sc_hd__buf_1)
                  0.30    0.29    0.90 v _201_/X (sky130_fd_sc_hd__buf_1)
    10    0.05                           _079_ (net)
                  0.30    0.00    0.90 v _212_/B (sky130_fd_sc_hd__and2_2)
                  0.03    0.28    1.19 v _212_/X (sky130_fd_sc_hd__and2_2)
     1    0.00                           _085_ (net)
                  0.03    0.00    1.19 v _213_/A (sky130_fd_sc_hd__buf_1)
                  0.27    0.25    1.43 v _213_/X (sky130_fd_sc_hd__buf_1)
     1    0.05                           m_rdata[14] (net)
                  0.27    0.01    1.44 v m_rdata[14] (out)
                                  1.44   data arrival time

                  0.15    0.00    0.00   clock clk (rise edge)
                          0.00    0.00   clock network delay (ideal)
                          0.25    0.25   clock uncertainty
                          0.00    0.25   clock reconvergence pessimism
                         -2.00   -1.75   output external delay
                                 -1.75   data required time
-----------------------------------------------------------------------------
                                 -1.75   data required time
                                 -1.44   data arrival time
-----------------------------------------------------------------------------
                                  3.19   slack (MET)


Startpoint: _390_ (rising edge-triggered flip-flop clocked by clk)
Endpoint: m_rdata[23] (output port clocked by clk)
Path Group: clk
Path Type: min

Fanout     Cap    Slew   Delay    Time   Description
-----------------------------------------------------------------------------
                  0.15    0.00    0.00   clock clk (rise edge)
                          0.00    0.00   clock network delay (ideal)
                  0.15    0.00    0.00 ^ _390_/CLK (sky130_fd_sc_hd__dfrtp_2)
                  0.06    0.37    0.37 ^ _390_/Q (sky130_fd_sc_hd__dfrtp_2)
     4    0.01                           state[0] (net)
                  0.06    0.00    0.37 ^ _181_/A_N (sky130_fd_sc_hd__and3b_2)
                  0.08    0.24    0.61 v _181_/X (sky130_fd_sc_hd__and3b_2)
     6    0.02                           _069_ (net)
                  0.08    0.00    0.61 v _222_/A (sky130_fd_sc_hd__buf_1)
                  0.36    0.34    0.95 v _222_/X (sky130_fd_sc_hd__buf_1)
    10    0.06                           _090_ (net)
                  0.36    0.01    0.95 v _231_/B (sky130_fd_sc_hd__and2_2)
                  0.03    0.31    1.26 v _231_/X (sky130_fd_sc_hd__and2_2)
     1    0.00                           _095_ (net)
                  0.03    0.00    1.26 v _232_/A (sky130_fd_sc_hd__buf_1)
                  0.20    0.21    1.47 v _232_/X (sky130_fd_sc_hd__buf_1)
     1    0.03                           m_rdata[23] (net)
                  0.20    0.00    1.47 v m_rdata[23] (out)
                                  1.47   data arrival time

                  0.15    0.00    0.00   clock clk (rise edge)
                          0.00    0.00   clock network delay (ideal)
                          0.25    0.25   clock uncertainty
                          0.00    0.25   clock reconvergence pessimism
                         -2.00   -1.75   output external delay
                                 -1.75   data required time
-----------------------------------------------------------------------------
                                 -1.75   data required time
                                 -1.47   data arrival time
-----------------------------------------------------------------------------
                                  3.22   slack (MET)


Startpoint: _390_ (rising edge-triggered flip-flop clocked by clk)
Endpoint: m_rdata[21] (output port clocked by clk)
Path Group: clk
Path Type: min

Fanout     Cap    Slew   Delay    Time   Description
-----------------------------------------------------------------------------
                  0.15    0.00    0.00   clock clk (rise edge)
                          0.00    0.00   clock network delay (ideal)
                  0.15    0.00    0.00 ^ _390_/CLK (sky130_fd_sc_hd__dfrtp_2)
                  0.06    0.37    0.37 ^ _390_/Q (sky130_fd_sc_hd__dfrtp_2)
     4    0.01                           state[0] (net)
                  0.06    0.00    0.37 ^ _181_/A_N (sky130_fd_sc_hd__and3b_2)
                  0.08    0.24    0.61 v _181_/X (sky130_fd_sc_hd__and3b_2)
     6    0.02                           _069_ (net)
                  0.08    0.00    0.61 v _222_/A (sky130_fd_sc_hd__buf_1)
                  0.36    0.34    0.95 v _222_/X (sky130_fd_sc_hd__buf_1)
    10    0.06                           _090_ (net)
                  0.36    0.01    0.95 v _227_/B (sky130_fd_sc_hd__and2_2)
                  0.03    0.31    1.26 v _227_/X (sky130_fd_sc_hd__and2_2)
     1    0.00                           _093_ (net)
                  0.03    0.00    1.26 v _228_/A (sky130_fd_sc_hd__buf_1)
                  0.21    0.21    1.47 v _228_/X (sky130_fd_sc_hd__buf_1)
     1    0.04                           m_rdata[21] (net)
                  0.21    0.00    1.47 v m_rdata[21] (out)
                                  1.47   data arrival time

                  0.15    0.00    0.00   clock clk (rise edge)
                          0.00    0.00   clock network delay (ideal)
                          0.25    0.25   clock uncertainty
                          0.00    0.25   clock reconvergence pessimism
                         -2.00   -1.75   output external delay
                                 -1.75   data required time
-----------------------------------------------------------------------------
                                 -1.75   data required time
                                 -1.47   data arrival time
-----------------------------------------------------------------------------
                                  3.22   slack (MET)


Startpoint: _390_ (rising edge-triggered flip-flop clocked by clk)
Endpoint: m_rdata[15] (output port clocked by clk)
Path Group: clk
Path Type: min

Fanout     Cap    Slew   Delay    Time   Description
-----------------------------------------------------------------------------
                  0.15    0.00    0.00   clock clk (rise edge)
                          0.00    0.00   clock network delay (ideal)
                  0.15    0.00    0.00 ^ _390_/CLK (sky130_fd_sc_hd__dfrtp_2)
                  0.06    0.37    0.37 ^ _390_/Q (sky130_fd_sc_hd__dfrtp_2)
     4    0.01                           state[0] (net)
                  0.06    0.00    0.37 ^ _181_/A_N (sky130_fd_sc_hd__and3b_2)
                  0.08    0.24    0.61 v _181_/X (sky130_fd_sc_hd__and3b_2)
     6    0.02                           _069_ (net)
                  0.08    0.00    0.61 v _201_/A (sky130_fd_sc_hd__buf_1)
                  0.30    0.29    0.90 v _201_/X (sky130_fd_sc_hd__buf_1)
    10    0.05                           _079_ (net)
                  0.30    0.00    0.90 v _214_/B (sky130_fd_sc_hd__and2_2)
                  0.03    0.28    1.19 v _214_/X (sky130_fd_sc_hd__and2_2)
     1    0.00                           _086_ (net)
                  0.03    0.00    1.19 v _215_/A (sky130_fd_sc_hd__buf_1)
                  0.31    0.28    1.47 v _215_/X (sky130_fd_sc_hd__buf_1)
     1    0.05                           m_rdata[15] (net)
                  0.31    0.01    1.48 v m_rdata[15] (out)
                                  1.48   data arrival time

                  0.15    0.00    0.00   clock clk (rise edge)
                          0.00    0.00   clock network delay (ideal)
                          0.25    0.25   clock uncertainty
                          0.00    0.25   clock reconvergence pessimism
                         -2.00   -1.75   output external delay
                                 -1.75   data required time
-----------------------------------------------------------------------------
                                 -1.75   data required time
                                 -1.48   data arrival time
-----------------------------------------------------------------------------
                                  3.23   slack (MET)


Startpoint: _390_ (rising edge-triggered flip-flop clocked by clk)
Endpoint: m_rdata[28] (output port clocked by clk)
Path Group: clk
Path Type: min

Fanout     Cap    Slew   Delay    Time   Description
-----------------------------------------------------------------------------
                  0.15    0.00    0.00   clock clk (rise edge)
                          0.00    0.00   clock network delay (ideal)
                  0.15    0.00    0.00 ^ _390_/CLK (sky130_fd_sc_hd__dfrtp_2)
                  0.06    0.37    0.37 ^ _390_/Q (sky130_fd_sc_hd__dfrtp_2)
     4    0.01                           state[0] (net)
                  0.06    0.00    0.37 ^ _181_/A_N (sky130_fd_sc_hd__and3b_2)
                  0.08    0.24    0.61 v _181_/X (sky130_fd_sc_hd__and3b_2)
     6    0.02                           _069_ (net)
                  0.08    0.00    0.61 v _222_/A (sky130_fd_sc_hd__buf_1)
                  0.36    0.34    0.95 v _222_/X (sky130_fd_sc_hd__buf_1)
    10    0.06                           _090_ (net)
                  0.36    0.00    0.95 v _241_/B (sky130_fd_sc_hd__and2_2)
                  0.03    0.31    1.26 v _241_/X (sky130_fd_sc_hd__and2_2)
     1    0.00                           _100_ (net)
                  0.03    0.00    1.26 v _242_/A (sky130_fd_sc_hd__buf_1)
                  0.24    0.23    1.49 v _242_/X (sky130_fd_sc_hd__buf_1)
     1    0.04                           m_rdata[28] (net)
                  0.24    0.00    1.49 v m_rdata[28] (out)
                                  1.49   data arrival time

                  0.15    0.00    0.00   clock clk (rise edge)
                          0.00    0.00   clock network delay (ideal)
                          0.25    0.25   clock uncertainty
                          0.00    0.25   clock reconvergence pessimism
                         -2.00   -1.75   output external delay
                                 -1.75   data required time
-----------------------------------------------------------------------------
                                 -1.75   data required time
                                 -1.49   data arrival time
-----------------------------------------------------------------------------
                                  3.24   slack (MET)


Startpoint: _390_ (rising edge-triggered flip-flop clocked by clk)
Endpoint: m_rdata[19] (output port clocked by clk)
Path Group: clk
Path Type: min

Fanout     Cap    Slew   Delay    Time   Description
-----------------------------------------------------------------------------
                  0.15    0.00    0.00   clock clk (rise edge)
                          0.00    0.00   clock network delay (ideal)
                  0.15    0.00    0.00 ^ _390_/CLK (sky130_fd_sc_hd__dfrtp_2)
                  0.06    0.37    0.37 ^ _390_/Q (sky130_fd_sc_hd__dfrtp_2)
     4    0.01                           state[0] (net)
                  0.06    0.00    0.37 ^ _181_/A_N (sky130_fd_sc_hd__and3b_2)
                  0.08    0.24    0.61 v _181_/X (sky130_fd_sc_hd__and3b_2)
     6    0.02                           _069_ (net)
                  0.08    0.00    0.61 v _222_/A (sky130_fd_sc_hd__buf_1)
                  0.36    0.34    0.95 v _222_/X (sky130_fd_sc_hd__buf_1)
    10    0.06                           _090_ (net)
                  0.36    0.01    0.95 v _223_/B (sky130_fd_sc_hd__and2_2)
                  0.03    0.31    1.26 v _223_/X (sky130_fd_sc_hd__and2_2)
     1    0.00                           _091_ (net)
                  0.03    0.00    1.26 v _224_/A (sky130_fd_sc_hd__buf_1)
                  0.24    0.23    1.49 v _224_/X (sky130_fd_sc_hd__buf_1)
     1    0.04                           m_rdata[19] (net)
                  0.24    0.00    1.50 v m_rdata[19] (out)
                                  1.50   data arrival time

                  0.15    0.00    0.00   clock clk (rise edge)
                          0.00    0.00   clock network delay (ideal)
                          0.25    0.25   clock uncertainty
                          0.00    0.25   clock reconvergence pessimism
                         -2.00   -1.75   output external delay
                                 -1.75   data required time
-----------------------------------------------------------------------------
                                 -1.75   data required time
                                 -1.50   data arrival time
-----------------------------------------------------------------------------
                                  3.25   slack (MET)


Startpoint: _390_ (rising edge-triggered flip-flop clocked by clk)
Endpoint: m_rdata[26] (output port clocked by clk)
Path Group: clk
Path Type: min

Fanout     Cap    Slew   Delay    Time   Description
-----------------------------------------------------------------------------
                  0.15    0.00    0.00   clock clk (rise edge)
                          0.00    0.00   clock network delay (ideal)
                  0.15    0.00    0.00 ^ _390_/CLK (sky130_fd_sc_hd__dfrtp_2)
                  0.06    0.37    0.37 ^ _390_/Q (sky130_fd_sc_hd__dfrtp_2)
     4    0.01                           state[0] (net)
                  0.06    0.00    0.37 ^ _181_/A_N (sky130_fd_sc_hd__and3b_2)
                  0.08    0.24    0.61 v _181_/X (sky130_fd_sc_hd__and3b_2)
     6    0.02                           _069_ (net)
                  0.08    0.00    0.61 v _222_/A (sky130_fd_sc_hd__buf_1)
                  0.36    0.34    0.95 v _222_/X (sky130_fd_sc_hd__buf_1)
    10    0.06                           _090_ (net)
                  0.36    0.00    0.95 v _237_/B (sky130_fd_sc_hd__and2_2)
                  0.03    0.31    1.26 v _237_/X (sky130_fd_sc_hd__and2_2)
     1    0.00                           _098_ (net)
                  0.03    0.00    1.26 v _238_/A (sky130_fd_sc_hd__buf_1)
                  0.26    0.25    1.51 v _238_/X (sky130_fd_sc_hd__buf_1)
     1    0.05                           m_rdata[26] (net)
                  0.26    0.01    1.51 v m_rdata[26] (out)
                                  1.51   data arrival time

                  0.15    0.00    0.00   clock clk (rise edge)
                          0.00    0.00   clock network delay (ideal)
                          0.25    0.25   clock uncertainty
                          0.00    0.25   clock reconvergence pessimism
                         -2.00   -1.75   output external delay
                                 -1.75   data required time
-----------------------------------------------------------------------------
                                 -1.75   data required time
                                 -1.51   data arrival time
-----------------------------------------------------------------------------
                                  3.26   slack (MET)


Startpoint: _390_ (rising edge-triggered flip-flop clocked by clk)
Endpoint: m_rdata[25] (output port clocked by clk)
Path Group: clk
Path Type: min

Fanout     Cap    Slew   Delay    Time   Description
-----------------------------------------------------------------------------
                  0.15    0.00    0.00   clock clk (rise edge)
                          0.00    0.00   clock network delay (ideal)
                  0.15    0.00    0.00 ^ _390_/CLK (sky130_fd_sc_hd__dfrtp_2)
                  0.06    0.37    0.37 ^ _390_/Q (sky130_fd_sc_hd__dfrtp_2)
     4    0.01                           state[0] (net)
                  0.06    0.00    0.37 ^ _181_/A_N (sky130_fd_sc_hd__and3b_2)
                  0.08    0.24    0.61 v _181_/X (sky130_fd_sc_hd__and3b_2)
     6    0.02                           _069_ (net)
                  0.08    0.00    0.61 v _222_/A (sky130_fd_sc_hd__buf_1)
                  0.36    0.34    0.95 v _222_/X (sky130_fd_sc_hd__buf_1)
    10    0.06                           _090_ (net)
                  0.36    0.00    0.95 v _235_/B (sky130_fd_sc_hd__and2_2)
                  0.03    0.31    1.26 v _235_/X (sky130_fd_sc_hd__and2_2)
     1    0.00                           _097_ (net)
                  0.03    0.00    1.26 v _236_/A (sky130_fd_sc_hd__buf_1)
                  0.26    0.25    1.51 v _236_/X (sky130_fd_sc_hd__buf_1)
     1    0.04                           m_rdata[25] (net)
                  0.26    0.00    1.51 v m_rdata[25] (out)
                                  1.51   data arrival time

                  0.15    0.00    0.00   clock clk (rise edge)
                          0.00    0.00   clock network delay (ideal)
                          0.25    0.25   clock uncertainty
                          0.00    0.25   clock reconvergence pessimism
                         -2.00   -1.75   output external delay
                                 -1.75   data required time
-----------------------------------------------------------------------------
                                 -1.75   data required time
                                 -1.51   data arrival time
-----------------------------------------------------------------------------
                                  3.26   slack (MET)


Startpoint: _390_ (rising edge-triggered flip-flop clocked by clk)
Endpoint: m_rdata[27] (output port clocked by clk)
Path Group: clk
Path Type: min

Fanout     Cap    Slew   Delay    Time   Description
-----------------------------------------------------------------------------
                  0.15    0.00    0.00   clock clk (rise edge)
                          0.00    0.00   clock network delay (ideal)
                  0.15    0.00    0.00 ^ _390_/CLK (sky130_fd_sc_hd__dfrtp_2)
                  0.06    0.37    0.37 ^ _390_/Q (sky130_fd_sc_hd__dfrtp_2)
     4    0.01                           state[0] (net)
                  0.06    0.00    0.37 ^ _181_/A_N (sky130_fd_sc_hd__and3b_2)
                  0.08    0.24    0.61 v _181_/X (sky130_fd_sc_hd__and3b_2)
     6    0.02                           _069_ (net)
                  0.08    0.00    0.61 v _222_/A (sky130_fd_sc_hd__buf_1)
                  0.36    0.34    0.95 v _222_/X (sky130_fd_sc_hd__buf_1)
    10    0.06                           _090_ (net)
                  0.36    0.01    0.95 v _239_/B (sky130_fd_sc_hd__and2_2)
                  0.03    0.31    1.26 v _239_/X (sky130_fd_sc_hd__and2_2)
     1    0.00                           _099_ (net)
                  0.03    0.00    1.26 v _240_/A (sky130_fd_sc_hd__buf_1)
                  0.27    0.25    1.51 v _240_/X (sky130_fd_sc_hd__buf_1)
     1    0.05                           m_rdata[27] (net)
                  0.27    0.01    1.52 v m_rdata[27] (out)
                                  1.52   data arrival time

                  0.15    0.00    0.00   clock clk (rise edge)
                          0.00    0.00   clock network delay (ideal)
                          0.25    0.25   clock uncertainty
                          0.00    0.25   clock reconvergence pessimism
                         -2.00   -1.75   output external delay
                                 -1.75   data required time
-----------------------------------------------------------------------------
                                 -1.75   data required time
                                 -1.52   data arrival time
-----------------------------------------------------------------------------
                                  3.27   slack (MET)


Startpoint: _390_ (rising edge-triggered flip-flop clocked by clk)
Endpoint: m_rdata[22] (output port clocked by clk)
Path Group: clk
Path Type: min

Fanout     Cap    Slew   Delay    Time   Description
-----------------------------------------------------------------------------
                  0.15    0.00    0.00   clock clk (rise edge)
                          0.00    0.00   clock network delay (ideal)
                  0.15    0.00    0.00 ^ _390_/CLK (sky130_fd_sc_hd__dfrtp_2)
                  0.06    0.37    0.37 ^ _390_/Q (sky130_fd_sc_hd__dfrtp_2)
     4    0.01                           state[0] (net)
                  0.06    0.00    0.37 ^ _181_/A_N (sky130_fd_sc_hd__and3b_2)
                  0.08    0.24    0.61 v _181_/X (sky130_fd_sc_hd__and3b_2)
     6    0.02                           _069_ (net)
                  0.08    0.00    0.61 v _222_/A (sky130_fd_sc_hd__buf_1)
                  0.36    0.34    0.95 v _222_/X (sky130_fd_sc_hd__buf_1)
    10    0.06                           _090_ (net)
                  0.36    0.00    0.95 v _229_/B (sky130_fd_sc_hd__and2_2)
                  0.03    0.31    1.26 v _229_/X (sky130_fd_sc_hd__and2_2)
     1    0.00                           _094_ (net)
                  0.03    0.00    1.26 v _230_/A (sky130_fd_sc_hd__buf_1)
                  0.27    0.25    1.51 v _230_/X (sky130_fd_sc_hd__buf_1)
     1    0.05                           m_rdata[22] (net)
                  0.27    0.01    1.52 v m_rdata[22] (out)
                                  1.52   data arrival time

                  0.15    0.00    0.00   clock clk (rise edge)
                          0.00    0.00   clock network delay (ideal)
                          0.25    0.25   clock uncertainty
                          0.00    0.25   clock reconvergence pessimism
                         -2.00   -1.75   output external delay
                                 -1.75   data required time
-----------------------------------------------------------------------------
                                 -1.75   data required time
                                 -1.52   data arrival time
-----------------------------------------------------------------------------
                                  3.27   slack (MET)


Startpoint: _390_ (rising edge-triggered flip-flop clocked by clk)
Endpoint: m_rdata[20] (output port clocked by clk)
Path Group: clk
Path Type: min

Fanout     Cap    Slew   Delay    Time   Description
-----------------------------------------------------------------------------
                  0.15    0.00    0.00   clock clk (rise edge)
                          0.00    0.00   clock network delay (ideal)
                  0.15    0.00    0.00 ^ _390_/CLK (sky130_fd_sc_hd__dfrtp_2)
                  0.06    0.37    0.37 ^ _390_/Q (sky130_fd_sc_hd__dfrtp_2)
     4    0.01                           state[0] (net)
                  0.06    0.00    0.37 ^ _181_/A_N (sky130_fd_sc_hd__and3b_2)
                  0.08    0.24    0.61 v _181_/X (sky130_fd_sc_hd__and3b_2)
     6    0.02                           _069_ (net)
                  0.08    0.00    0.61 v _222_/A (sky130_fd_sc_hd__buf_1)
                  0.36    0.34    0.95 v _222_/X (sky130_fd_sc_hd__buf_1)
    10    0.06                           _090_ (net)
                  0.36    0.00    0.95 v _225_/B (sky130_fd_sc_hd__and2_2)
                  0.03    0.31    1.26 v _225_/X (sky130_fd_sc_hd__and2_2)
     1    0.00                           _092_ (net)
                  0.03    0.00    1.26 v _226_/A (sky130_fd_sc_hd__buf_1)
                  0.30    0.27    1.53 v _226_/X (sky130_fd_sc_hd__buf_1)
     1    0.05                           m_rdata[20] (net)
                  0.30    0.01    1.54 v m_rdata[20] (out)
                                  1.54   data arrival time

                  0.15    0.00    0.00   clock clk (rise edge)
                          0.00    0.00   clock network delay (ideal)
                          0.25    0.25   clock uncertainty
                          0.00    0.25   clock reconvergence pessimism
                         -2.00   -1.75   output external delay
                                 -1.75   data required time
-----------------------------------------------------------------------------
                                 -1.75   data required time
                                 -1.54   data arrival time
-----------------------------------------------------------------------------
                                  3.29   slack (MET)


Startpoint: _390_ (rising edge-triggered flip-flop clocked by clk)
Endpoint: m_rdata[24] (output port clocked by clk)
Path Group: clk
Path Type: min

Fanout     Cap    Slew   Delay    Time   Description
-----------------------------------------------------------------------------
                  0.15    0.00    0.00   clock clk (rise edge)
                          0.00    0.00   clock network delay (ideal)
                  0.15    0.00    0.00 ^ _390_/CLK (sky130_fd_sc_hd__dfrtp_2)
                  0.06    0.37    0.37 ^ _390_/Q (sky130_fd_sc_hd__dfrtp_2)
     4    0.01                           state[0] (net)
                  0.06    0.00    0.37 ^ _181_/A_N (sky130_fd_sc_hd__and3b_2)
                  0.08    0.24    0.61 v _181_/X (sky130_fd_sc_hd__and3b_2)
     6    0.02                           _069_ (net)
                  0.08    0.00    0.61 v _222_/A (sky130_fd_sc_hd__buf_1)
                  0.36    0.34    0.95 v _222_/X (sky130_fd_sc_hd__buf_1)
    10    0.06                           _090_ (net)
                  0.36    0.00    0.95 v _233_/B (sky130_fd_sc_hd__and2_2)
                  0.03    0.31    1.26 v _233_/X (sky130_fd_sc_hd__and2_2)
     1    0.00                           _096_ (net)
                  0.03    0.00    1.26 v _234_/A (sky130_fd_sc_hd__buf_1)
                  0.30    0.27    1.53 v _234_/X (sky130_fd_sc_hd__buf_1)
     1    0.05                           m_rdata[24] (net)
                  0.30    0.01    1.54 v m_rdata[24] (out)
                                  1.54   data arrival time

                  0.15    0.00    0.00   clock clk (rise edge)
                          0.00    0.00   clock network delay (ideal)
                          0.25    0.25   clock uncertainty
                          0.00    0.25   clock reconvergence pessimism
                         -2.00   -1.75   output external delay
                                 -1.75   data required time
-----------------------------------------------------------------------------
                                 -1.75   data required time
                                 -1.54   data arrival time
-----------------------------------------------------------------------------
                                  3.29   slack (MET)


Startpoint: _390_ (rising edge-triggered flip-flop clocked by clk)
Endpoint: m_rdata[2] (output port clocked by clk)
Path Group: clk
Path Type: min

Fanout     Cap    Slew   Delay    Time   Description
-----------------------------------------------------------------------------
                  0.15    0.00    0.00   clock clk (rise edge)
                          0.00    0.00   clock network delay (ideal)
                  0.15    0.00    0.00 ^ _390_/CLK (sky130_fd_sc_hd__dfrtp_2)
                  0.06    0.37    0.37 ^ _390_/Q (sky130_fd_sc_hd__dfrtp_2)
     4    0.01                           state[0] (net)
                  0.06    0.00    0.37 ^ _181_/A_N (sky130_fd_sc_hd__and3b_2)
                  0.08    0.24    0.61 v _181_/X (sky130_fd_sc_hd__and3b_2)
     6    0.02                           _069_ (net)
                  0.08    0.00    0.61 v _182_/A (sky130_fd_sc_hd__buf_1)
                  0.52    0.44    1.05 v _182_/X (sky130_fd_sc_hd__buf_1)
    10    0.09                           m_ready (net)
                  0.52    0.00    1.05 v _187_/B (sky130_fd_sc_hd__and2_2)
                  0.03    0.37    1.43 v _187_/X (sky130_fd_sc_hd__and2_2)
     1    0.00                           _072_ (net)
                  0.03    0.00    1.43 v _188_/A (sky130_fd_sc_hd__buf_1)
                  0.21    0.21    1.64 v _188_/X (sky130_fd_sc_hd__buf_1)
     1    0.04                           m_rdata[2] (net)
                  0.21    0.00    1.64 v m_rdata[2] (out)
                                  1.64   data arrival time

                  0.15    0.00    0.00   clock clk (rise edge)
                          0.00    0.00   clock network delay (ideal)
                          0.25    0.25   clock uncertainty
                          0.00    0.25   clock reconvergence pessimism
                         -2.00   -1.75   output external delay
                                 -1.75   data required time
-----------------------------------------------------------------------------
                                 -1.75   data required time
                                 -1.64   data arrival time
-----------------------------------------------------------------------------
                                  3.39   slack (MET)


Startpoint: _390_ (rising edge-triggered flip-flop clocked by clk)
Endpoint: m_rdata[3] (output port clocked by clk)
Path Group: clk
Path Type: min

Fanout     Cap    Slew   Delay    Time   Description
-----------------------------------------------------------------------------
                  0.15    0.00    0.00   clock clk (rise edge)
                          0.00    0.00   clock network delay (ideal)
                  0.15    0.00    0.00 ^ _390_/CLK (sky130_fd_sc_hd__dfrtp_2)
                  0.06    0.37    0.37 ^ _390_/Q (sky130_fd_sc_hd__dfrtp_2)
     4    0.01                           state[0] (net)
                  0.06    0.00    0.37 ^ _181_/A_N (sky130_fd_sc_hd__and3b_2)
                  0.08    0.24    0.61 v _181_/X (sky130_fd_sc_hd__and3b_2)
     6    0.02                           _069_ (net)
                  0.08    0.00    0.61 v _182_/A (sky130_fd_sc_hd__buf_1)
                  0.52    0.44    1.05 v _182_/X (sky130_fd_sc_hd__buf_1)
    10    0.09                           m_ready (net)
                  0.52    0.01    1.06 v _189_/B (sky130_fd_sc_hd__and2_2)
                  0.03    0.38    1.43 v _189_/X (sky130_fd_sc_hd__and2_2)
     1    0.00                           _073_ (net)
                  0.03    0.00    1.43 v _190_/A (sky130_fd_sc_hd__buf_1)
                  0.21    0.21    1.65 v _190_/X (sky130_fd_sc_hd__buf_1)
     1    0.04                           m_rdata[3] (net)
                  0.21    0.00    1.65 v m_rdata[3] (out)
                                  1.65   data arrival time

                  0.15    0.00    0.00   clock clk (rise edge)
                          0.00    0.00   clock network delay (ideal)
                          0.25    0.25   clock uncertainty
                          0.00    0.25   clock reconvergence pessimism
                         -2.00   -1.75   output external delay
                                 -1.75   data required time
-----------------------------------------------------------------------------
                                 -1.75   data required time
                                 -1.65   data arrival time
-----------------------------------------------------------------------------
                                  3.40   slack (MET)


Startpoint: _390_ (rising edge-triggered flip-flop clocked by clk)
Endpoint: m_rdata[6] (output port clocked by clk)
Path Group: clk
Path Type: min

Fanout     Cap    Slew   Delay    Time   Description
-----------------------------------------------------------------------------
                  0.15    0.00    0.00   clock clk (rise edge)
                          0.00    0.00   clock network delay (ideal)
                  0.15    0.00    0.00 ^ _390_/CLK (sky130_fd_sc_hd__dfrtp_2)
                  0.06    0.37    0.37 ^ _390_/Q (sky130_fd_sc_hd__dfrtp_2)
     4    0.01                           state[0] (net)
                  0.06    0.00    0.37 ^ _181_/A_N (sky130_fd_sc_hd__and3b_2)
                  0.08    0.24    0.61 v _181_/X (sky130_fd_sc_hd__and3b_2)
     6    0.02                           _069_ (net)
                  0.08    0.00    0.61 v _182_/A (sky130_fd_sc_hd__buf_1)
                  0.52    0.44    1.05 v _182_/X (sky130_fd_sc_hd__buf_1)
    10    0.09                           m_ready (net)
                  0.52    0.01    1.06 v _195_/B (sky130_fd_sc_hd__and2_2)
                  0.03    0.37    1.44 v _195_/X (sky130_fd_sc_hd__and2_2)
     1    0.00                           _076_ (net)
                  0.03    0.00    1.44 v _196_/A (sky130_fd_sc_hd__buf_1)
                  0.23    0.23    1.66 v _196_/X (sky130_fd_sc_hd__buf_1)
     1    0.04                           m_rdata[6] (net)
                  0.23    0.00    1.67 v m_rdata[6] (out)
                                  1.67   data arrival time

                  0.15    0.00    0.00   clock clk (rise edge)
                          0.00    0.00   clock network delay (ideal)
                          0.25    0.25   clock uncertainty
                          0.00    0.25   clock reconvergence pessimism
                         -2.00   -1.75   output external delay
                                 -1.75   data required time
-----------------------------------------------------------------------------
                                 -1.75   data required time
                                 -1.67   data arrival time
-----------------------------------------------------------------------------
                                  3.42   slack (MET)


Startpoint: _390_ (rising edge-triggered flip-flop clocked by clk)
Endpoint: m_rdata[7] (output port clocked by clk)
Path Group: clk
Path Type: min

Fanout     Cap    Slew   Delay    Time   Description
-----------------------------------------------------------------------------
                  0.15    0.00    0.00   clock clk (rise edge)
                          0.00    0.00   clock network delay (ideal)
                  0.15    0.00    0.00 ^ _390_/CLK (sky130_fd_sc_hd__dfrtp_2)
                  0.06    0.37    0.37 ^ _390_/Q (sky130_fd_sc_hd__dfrtp_2)
     4    0.01                           state[0] (net)
                  0.06    0.00    0.37 ^ _181_/A_N (sky130_fd_sc_hd__and3b_2)
                  0.08    0.24    0.61 v _181_/X (sky130_fd_sc_hd__and3b_2)
     6    0.02                           _069_ (net)
                  0.08    0.00    0.61 v _182_/A (sky130_fd_sc_hd__buf_1)
                  0.52    0.44    1.05 v _182_/X (sky130_fd_sc_hd__buf_1)
    10    0.09                           m_ready (net)
                  0.52    0.01    1.06 v _197_/B (sky130_fd_sc_hd__and2_2)
                  0.03    0.37    1.43 v _197_/X (sky130_fd_sc_hd__and2_2)
     1    0.00                           _077_ (net)
                  0.03    0.00    1.43 v _198_/A (sky130_fd_sc_hd__buf_1)
                  0.24    0.23    1.66 v _198_/X (sky130_fd_sc_hd__buf_1)
     1    0.04                           m_rdata[7] (net)
                  0.24    0.00    1.67 v m_rdata[7] (out)
                                  1.67   data arrival time

                  0.15    0.00    0.00   clock clk (rise edge)
                          0.00    0.00   clock network delay (ideal)
                          0.25    0.25   clock uncertainty
                          0.00    0.25   clock reconvergence pessimism
                         -2.00   -1.75   output external delay
                                 -1.75   data required time
-----------------------------------------------------------------------------
                                 -1.75   data required time
                                 -1.67   data arrival time
-----------------------------------------------------------------------------
                                  3.42   slack (MET)


Startpoint: _390_ (rising edge-triggered flip-flop clocked by clk)
Endpoint: m_rdata[0] (output port clocked by clk)
Path Group: clk
Path Type: min

Fanout     Cap    Slew   Delay    Time   Description
-----------------------------------------------------------------------------
                  0.15    0.00    0.00   clock clk (rise edge)
                          0.00    0.00   clock network delay (ideal)
                  0.15    0.00    0.00 ^ _390_/CLK (sky130_fd_sc_hd__dfrtp_2)
                  0.06    0.37    0.37 ^ _390_/Q (sky130_fd_sc_hd__dfrtp_2)
     4    0.01                           state[0] (net)
                  0.06    0.00    0.37 ^ _181_/A_N (sky130_fd_sc_hd__and3b_2)
                  0.08    0.24    0.61 v _181_/X (sky130_fd_sc_hd__and3b_2)
     6    0.02                           _069_ (net)
                  0.08    0.00    0.61 v _182_/A (sky130_fd_sc_hd__buf_1)
                  0.52    0.44    1.05 v _182_/X (sky130_fd_sc_hd__buf_1)
    10    0.09                           m_ready (net)
                  0.52    0.01    1.06 v _183_/B (sky130_fd_sc_hd__and2_2)
                  0.03    0.37    1.43 v _183_/X (sky130_fd_sc_hd__and2_2)
     1    0.00                           _070_ (net)
                  0.03    0.00    1.43 v _184_/A (sky130_fd_sc_hd__buf_1)
                  0.26    0.25    1.68 v _184_/X (sky130_fd_sc_hd__buf_1)
     1    0.05                           m_rdata[0] (net)
                  0.26    0.01    1.68 v m_rdata[0] (out)
                                  1.68   data arrival time

                  0.15    0.00    0.00   clock clk (rise edge)
                          0.00    0.00   clock network delay (ideal)
                          0.25    0.25   clock uncertainty
                          0.00    0.25   clock reconvergence pessimism
                         -2.00   -1.75   output external delay
                                 -1.75   data required time
-----------------------------------------------------------------------------
                                 -1.75   data required time
                                 -1.68   data arrival time
-----------------------------------------------------------------------------
                                  3.43   slack (MET)


Startpoint: _390_ (rising edge-triggered flip-flop clocked by clk)
Endpoint: m_rdata[5] (output port clocked by clk)
Path Group: clk
Path Type: min

Fanout     Cap    Slew   Delay    Time   Description
-----------------------------------------------------------------------------
                  0.15    0.00    0.00   clock clk (rise edge)
                          0.00    0.00   clock network delay (ideal)
                  0.15    0.00    0.00 ^ _390_/CLK (sky130_fd_sc_hd__dfrtp_2)
                  0.06    0.37    0.37 ^ _390_/Q (sky130_fd_sc_hd__dfrtp_2)
     4    0.01                           state[0] (net)
                  0.06    0.00    0.37 ^ _181_/A_N (sky130_fd_sc_hd__and3b_2)
                  0.08    0.24    0.61 v _181_/X (sky130_fd_sc_hd__and3b_2)
     6    0.02                           _069_ (net)
                  0.08    0.00    0.61 v _182_/A (sky130_fd_sc_hd__buf_1)
                  0.52    0.44    1.05 v _182_/X (sky130_fd_sc_hd__buf_1)
    10    0.09                           m_ready (net)
                  0.52    0.01    1.06 v _193_/B (sky130_fd_sc_hd__and2_2)
                  0.03    0.38    1.43 v _193_/X (sky130_fd_sc_hd__and2_2)
     1    0.00                           _075_ (net)
                  0.03    0.00    1.43 v _194_/A (sky130_fd_sc_hd__buf_1)
                  0.28    0.26    1.69 v _194_/X (sky130_fd_sc_hd__buf_1)
     1    0.05                           m_rdata[5] (net)
                  0.28    0.01    1.70 v m_rdata[5] (out)
                                  1.70   data arrival time

                  0.15    0.00    0.00   clock clk (rise edge)
                          0.00    0.00   clock network delay (ideal)
                          0.25    0.25   clock uncertainty
                          0.00    0.25   clock reconvergence pessimism
                         -2.00   -1.75   output external delay
                                 -1.75   data required time
-----------------------------------------------------------------------------
                                 -1.75   data required time
                                 -1.70   data arrival time
-----------------------------------------------------------------------------
                                  3.45   slack (MET)


Startpoint: _390_ (rising edge-triggered flip-flop clocked by clk)
Endpoint: m_rdata[1] (output port clocked by clk)
Path Group: clk
Path Type: min

Fanout     Cap    Slew   Delay    Time   Description
-----------------------------------------------------------------------------
                  0.15    0.00    0.00   clock clk (rise edge)
                          0.00    0.00   clock network delay (ideal)
                  0.15    0.00    0.00 ^ _390_/CLK (sky130_fd_sc_hd__dfrtp_2)
                  0.06    0.37    0.37 ^ _390_/Q (sky130_fd_sc_hd__dfrtp_2)
     4    0.01                           state[0] (net)
                  0.06    0.00    0.37 ^ _181_/A_N (sky130_fd_sc_hd__and3b_2)
                  0.08    0.24    0.61 v _181_/X (sky130_fd_sc_hd__and3b_2)
     6    0.02                           _069_ (net)
                  0.08    0.00    0.61 v _182_/A (sky130_fd_sc_hd__buf_1)
                  0.52    0.44    1.05 v _182_/X (sky130_fd_sc_hd__buf_1)
    10    0.09                           m_ready (net)
                  0.52    0.00    1.06 v _185_/B (sky130_fd_sc_hd__and2_2)
                  0.03    0.37    1.43 v _185_/X (sky130_fd_sc_hd__and2_2)
     1    0.00                           _071_ (net)
                  0.03    0.00    1.43 v _186_/A (sky130_fd_sc_hd__buf_1)
                  0.29    0.26    1.69 v _186_/X (sky130_fd_sc_hd__buf_1)
     1    0.05                           m_rdata[1] (net)
                  0.29    0.01    1.70 v m_rdata[1] (out)
                                  1.70   data arrival time

                  0.15    0.00    0.00   clock clk (rise edge)
                          0.00    0.00   clock network delay (ideal)
                          0.25    0.25   clock uncertainty
                          0.00    0.25   clock reconvergence pessimism
                         -2.00   -1.75   output external delay
                                 -1.75   data required time
-----------------------------------------------------------------------------
                                 -1.75   data required time
                                 -1.70   data arrival time
-----------------------------------------------------------------------------
                                  3.45   slack (MET)


Startpoint: _390_ (rising edge-triggered flip-flop clocked by clk)
Endpoint: m_rdata[4] (output port clocked by clk)
Path Group: clk
Path Type: min

Fanout     Cap    Slew   Delay    Time   Description
-----------------------------------------------------------------------------
                  0.15    0.00    0.00   clock clk (rise edge)
                          0.00    0.00   clock network delay (ideal)
                  0.15    0.00    0.00 ^ _390_/CLK (sky130_fd_sc_hd__dfrtp_2)
                  0.06    0.37    0.37 ^ _390_/Q (sky130_fd_sc_hd__dfrtp_2)
     4    0.01                           state[0] (net)
                  0.06    0.00    0.37 ^ _181_/A_N (sky130_fd_sc_hd__and3b_2)
                  0.08    0.24    0.61 v _181_/X (sky130_fd_sc_hd__and3b_2)
     6    0.02                           _069_ (net)
                  0.08    0.00    0.61 v _182_/A (sky130_fd_sc_hd__buf_1)
                  0.52    0.44    1.05 v _182_/X (sky130_fd_sc_hd__buf_1)
    10    0.09                           m_ready (net)
                  0.52    0.01    1.06 v _191_/B (sky130_fd_sc_hd__and2_2)
                  0.03    0.38    1.43 v _191_/X (sky130_fd_sc_hd__and2_2)
     1    0.00                           _074_ (net)
                  0.03    0.00    1.43 v _192_/A (sky130_fd_sc_hd__buf_1)
                  0.31    0.28    1.71 v _192_/X (sky130_fd_sc_hd__buf_1)
     1    0.05                           m_rdata[4] (net)
                  0.31    0.01    1.72 v m_rdata[4] (out)
                                  1.72   data arrival time

                  0.15    0.00    0.00   clock clk (rise edge)
                          0.00    0.00   clock network delay (ideal)
                          0.25    0.25   clock uncertainty
                          0.00    0.25   clock reconvergence pessimism
                         -2.00   -1.75   output external delay
                                 -1.75   data required time
-----------------------------------------------------------------------------
                                 -1.75   data required time
                                 -1.72   data arrival time
-----------------------------------------------------------------------------
                                  3.47   slack (MET)


Startpoint: _390_ (rising edge-triggered flip-flop clocked by clk)
Endpoint: m_rdata[8] (output port clocked by clk)
Path Group: clk
Path Type: min

Fanout     Cap    Slew   Delay    Time   Description
-----------------------------------------------------------------------------
                  0.15    0.00    0.00   clock clk (rise edge)
                          0.00    0.00   clock network delay (ideal)
                  0.15    0.00    0.00 ^ _390_/CLK (sky130_fd_sc_hd__dfrtp_2)
                  0.06    0.37    0.37 ^ _390_/Q (sky130_fd_sc_hd__dfrtp_2)
     4    0.01                           state[0] (net)
                  0.06    0.00    0.37 ^ _181_/A_N (sky130_fd_sc_hd__and3b_2)
                  0.08    0.24    0.61 v _181_/X (sky130_fd_sc_hd__and3b_2)
     6    0.02                           _069_ (net)
                  0.08    0.00    0.61 v _182_/A (sky130_fd_sc_hd__buf_1)
                  0.52    0.44    1.05 v _182_/X (sky130_fd_sc_hd__buf_1)
    10    0.09                           m_ready (net)
                  0.52    0.00    1.06 v _199_/B (sky130_fd_sc_hd__and2_2)
                  0.03    0.38    1.43 v _199_/X (sky130_fd_sc_hd__and2_2)
     1    0.00                           _078_ (net)
                  0.03    0.00    1.43 v _200_/A (sky130_fd_sc_hd__buf_1)
                  0.31    0.28    1.71 v _200_/X (sky130_fd_sc_hd__buf_1)
     1    0.05                           m_rdata[8] (net)
                  0.31    0.01    1.72 v m_rdata[8] (out)
                                  1.72   data arrival time

                  0.15    0.00    0.00   clock clk (rise edge)
                          0.00    0.00   clock network delay (ideal)
                          0.25    0.25   clock uncertainty
                          0.00    0.25   clock reconvergence pessimism
                         -2.00   -1.75   output external delay
                                 -1.75   data required time
-----------------------------------------------------------------------------
                                 -1.75   data required time
                                 -1.72   data arrival time
-----------------------------------------------------------------------------
                                  3.47   slack (MET)


Startpoint: rstn (input port clocked by clk)
Endpoint: presetn (output port clocked by clk)
Path Group: clk
Path Type: min

Fanout     Cap    Slew   Delay    Time   Description
-----------------------------------------------------------------------------
                  0.15    0.00    0.00   clock clk (rise edge)
                          0.00    0.00   clock network delay (ideal)
                          2.00    2.00 v input external delay
                  0.77    0.56    2.56 v rstn (in)
    68    0.35                           rstn (net)
                  0.77    0.00    2.56 v _457_/A (sky130_fd_sc_hd__buf_2)
                  0.11    0.42    2.97 v _457_/X (sky130_fd_sc_hd__buf_2)
     1    0.04                           presetn (net)
                  0.11    0.00    2.97 v presetn (out)
                                  2.97   data arrival time

                  0.15    0.00    0.00   clock clk (rise edge)
                          0.00    0.00   clock network delay (ideal)
                          0.25    0.25   clock uncertainty
                          0.00    0.25   clock reconvergence pessimism
                         -2.00   -1.75   output external delay
                                 -1.75   data required time
-----------------------------------------------------------------------------
                                 -1.75   data required time
                                 -2.97   data arrival time
-----------------------------------------------------------------------------
                                  4.72   slack (MET)



