
===========================================================================
report_checks -path_delay min (Hold)
============================================================================
======================= Typical Corner ===================================

Startpoint: _392_ (rising edge-triggered flip-flop clocked by clk)
Endpoint: _392_ (rising edge-triggered flip-flop clocked by clk)
Path Group: clk
Path Type: min

Fanout     Cap    Slew   Delay    Time   Description
-----------------------------------------------------------------------------
                          0.00    0.00   clock clk (rise edge)
                          0.00    0.00   clock source latency
                  0.22    0.14    0.14 ^ clk (in)
     1    0.05                           clk (net)
                  0.22    0.00    0.14 ^ clkbuf_0_clk/A (sky130_fd_sc_hd__clkbuf_16)
                  0.14    0.25    0.39 ^ clkbuf_0_clk/X (sky130_fd_sc_hd__clkbuf_16)
     8    0.13                           clknet_0_clk (net)
                  0.14    0.00    0.39 ^ clkbuf_3_7__f_clk/A (sky130_fd_sc_hd__clkbuf_16)
                  0.09    0.18    0.58 ^ clkbuf_3_7__f_clk/X (sky130_fd_sc_hd__clkbuf_16)
     9    0.07                           clknet_3_7__leaf_clk (net)
                  0.09    0.00    0.58 ^ _392_/CLK (sky130_fd_sc_hd__dfrtp_1)
                  0.10    0.36    0.94 ^ _392_/Q (sky130_fd_sc_hd__dfrtp_1)
     2    0.01                           net134 (net)
                  0.10    0.00    0.94 ^ _255_/A1 (sky130_fd_sc_hd__mux2_1)
                  0.04    0.13    1.07 ^ _255_/X (sky130_fd_sc_hd__mux2_1)
     1    0.00                           _107_ (net)
                  0.04    0.00    1.07 ^ _256_/A (sky130_fd_sc_hd__clkbuf_1)
                  0.04    0.07    1.14 ^ _256_/X (sky130_fd_sc_hd__clkbuf_1)
     1    0.00                           _003_ (net)
                  0.04    0.00    1.14 ^ _392_/D (sky130_fd_sc_hd__dfrtp_1)
                                  1.14   data arrival time

                          0.00    0.00   clock clk (rise edge)
                          0.00    0.00   clock source latency
                  0.22    0.16    0.16 ^ clk (in)
     1    0.05                           clk (net)
                  0.22    0.00    0.16 ^ clkbuf_0_clk/A (sky130_fd_sc_hd__clkbuf_16)
                  0.14    0.27    0.43 ^ clkbuf_0_clk/X (sky130_fd_sc_hd__clkbuf_16)
     8    0.13                           clknet_0_clk (net)
                  0.14    0.00    0.43 ^ clkbuf_3_7__f_clk/A (sky130_fd_sc_hd__clkbuf_16)
                  0.09    0.20    0.64 ^ clkbuf_3_7__f_clk/X (sky130_fd_sc_hd__clkbuf_16)
     9    0.07                           clknet_3_7__leaf_clk (net)
                  0.09    0.00    0.64 ^ _392_/CLK (sky130_fd_sc_hd__dfrtp_1)
                          0.25    0.89   clock uncertainty
                         -0.06    0.83   clock reconvergence pessimism
                         -0.03    0.80   library hold time
                                  0.80   data required time
-----------------------------------------------------------------------------
                                  0.80   data required time
                                 -1.14   data arrival time
-----------------------------------------------------------------------------
                                  0.34   slack (MET)


Startpoint: _454_ (rising edge-triggered flip-flop clocked by clk)
Endpoint: _454_ (rising edge-triggered flip-flop clocked by clk)
Path Group: clk
Path Type: min

Fanout     Cap    Slew   Delay    Time   Description
-----------------------------------------------------------------------------
                          0.00    0.00   clock clk (rise edge)
                          0.00    0.00   clock source latency
                  0.22    0.14    0.14 ^ clk (in)
     1    0.05                           clk (net)
                  0.22    0.00    0.14 ^ clkbuf_0_clk/A (sky130_fd_sc_hd__clkbuf_16)
                  0.14    0.25    0.39 ^ clkbuf_0_clk/X (sky130_fd_sc_hd__clkbuf_16)
     8    0.13                           clknet_0_clk (net)
                  0.14    0.00    0.39 ^ clkbuf_3_0__f_clk/A (sky130_fd_sc_hd__clkbuf_16)
                  0.07    0.17    0.56 ^ clkbuf_3_0__f_clk/X (sky130_fd_sc_hd__clkbuf_16)
     7    0.05                           clknet_3_0__leaf_clk (net)
                  0.07    0.00    0.57 ^ _454_/CLK (sky130_fd_sc_hd__dfrtp_1)
                  0.10    0.35    0.92 ^ _454_/Q (sky130_fd_sc_hd__dfrtp_1)
     2    0.01                           net193 (net)
                  0.10    0.00    0.92 ^ _385_/A1 (sky130_fd_sc_hd__mux2_1)
                  0.05    0.13    1.05 ^ _385_/X (sky130_fd_sc_hd__mux2_1)
     1    0.00                           _175_ (net)
                  0.05    0.00    1.05 ^ _386_/A (sky130_fd_sc_hd__clkbuf_1)
                  0.04    0.07    1.13 ^ _386_/X (sky130_fd_sc_hd__clkbuf_1)
     1    0.00                           _065_ (net)
                  0.04    0.00    1.13 ^ _454_/D (sky130_fd_sc_hd__dfrtp_1)
                                  1.13   data arrival time

                          0.00    0.00   clock clk (rise edge)
                          0.00    0.00   clock source latency
                  0.22    0.16    0.16 ^ clk (in)
     1    0.05                           clk (net)
                  0.22    0.00    0.16 ^ clkbuf_0_clk/A (sky130_fd_sc_hd__clkbuf_16)
                  0.14    0.27    0.43 ^ clkbuf_0_clk/X (sky130_fd_sc_hd__clkbuf_16)
     8    0.13                           clknet_0_clk (net)
                  0.14    0.00    0.43 ^ clkbuf_3_0__f_clk/A (sky130_fd_sc_hd__clkbuf_16)
                  0.07    0.19    0.62 ^ clkbuf_3_0__f_clk/X (sky130_fd_sc_hd__clkbuf_16)
     7    0.05                           clknet_3_0__leaf_clk (net)
                  0.07    0.00    0.62 ^ _454_/CLK (sky130_fd_sc_hd__dfrtp_1)
                          0.25    0.87   clock uncertainty
                         -0.06    0.82   clock reconvergence pessimism
                         -0.03    0.78   library hold time
                                  0.78   data required time
-----------------------------------------------------------------------------
                                  0.78   data required time
                                 -1.13   data arrival time
-----------------------------------------------------------------------------
                                  0.34   slack (MET)


Startpoint: _451_ (rising edge-triggered flip-flop clocked by clk)
Endpoint: _451_ (rising edge-triggered flip-flop clocked by clk)
Path Group: clk
Path Type: min

Fanout     Cap    Slew   Delay    Time   Description
-----------------------------------------------------------------------------
                          0.00    0.00   clock clk (rise edge)
                          0.00    0.00   clock source latency
                  0.22    0.14    0.14 ^ clk (in)
     1    0.05                           clk (net)
                  0.22    0.00    0.14 ^ clkbuf_0_clk/A (sky130_fd_sc_hd__clkbuf_16)
                  0.14    0.25    0.39 ^ clkbuf_0_clk/X (sky130_fd_sc_hd__clkbuf_16)
     8    0.13                           clknet_0_clk (net)
                  0.14    0.00    0.39 ^ clkbuf_3_2__f_clk/A (sky130_fd_sc_hd__clkbuf_16)
                  0.06    0.17    0.56 ^ clkbuf_3_2__f_clk/X (sky130_fd_sc_hd__clkbuf_16)
     7    0.04                           clknet_3_2__leaf_clk (net)
                  0.06    0.00    0.56 ^ _451_/CLK (sky130_fd_sc_hd__dfrtp_1)
                  0.11    0.36    0.92 ^ _451_/Q (sky130_fd_sc_hd__dfrtp_1)
     2    0.01                           net189 (net)
                  0.11    0.00    0.92 ^ _379_/A1 (sky130_fd_sc_hd__mux2_1)
                  0.04    0.13    1.05 ^ _379_/X (sky130_fd_sc_hd__mux2_1)
     1    0.00                           _172_ (net)
                  0.04    0.00    1.05 ^ _380_/A (sky130_fd_sc_hd__clkbuf_1)
                  0.04    0.07    1.13 ^ _380_/X (sky130_fd_sc_hd__clkbuf_1)
     1    0.00                           _062_ (net)
                  0.04    0.00    1.13 ^ _451_/D (sky130_fd_sc_hd__dfrtp_1)
                                  1.13   data arrival time

                          0.00    0.00   clock clk (rise edge)
                          0.00    0.00   clock source latency
                  0.22    0.16    0.16 ^ clk (in)
     1    0.05                           clk (net)
                  0.22    0.00    0.16 ^ clkbuf_0_clk/A (sky130_fd_sc_hd__clkbuf_16)
                  0.14    0.27    0.43 ^ clkbuf_0_clk/X (sky130_fd_sc_hd__clkbuf_16)
     8    0.13                           clknet_0_clk (net)
                  0.14    0.00    0.43 ^ clkbuf_3_2__f_clk/A (sky130_fd_sc_hd__clkbuf_16)
                  0.06    0.18    0.62 ^ clkbuf_3_2__f_clk/X (sky130_fd_sc_hd__clkbuf_16)
     7    0.04                           clknet_3_2__leaf_clk (net)
                  0.06    0.00    0.62 ^ _451_/CLK (sky130_fd_sc_hd__dfrtp_1)
                          0.25    0.87   clock uncertainty
                         -0.06    0.81   clock reconvergence pessimism
                         -0.03    0.78   library hold time
                                  0.78   data required time
-----------------------------------------------------------------------------
                                  0.78   data required time
                                 -1.13   data arrival time
-----------------------------------------------------------------------------
                                  0.35   slack (MET)


Startpoint: _432_ (rising edge-triggered flip-flop clocked by clk)
Endpoint: _432_ (rising edge-triggered flip-flop clocked by clk)
Path Group: clk
Path Type: min

Fanout     Cap    Slew   Delay    Time   Description
-----------------------------------------------------------------------------
                          0.00    0.00   clock clk (rise edge)
                          0.00    0.00   clock source latency
                  0.22    0.14    0.14 ^ clk (in)
     1    0.05                           clk (net)
                  0.22    0.00    0.14 ^ clkbuf_0_clk/A (sky130_fd_sc_hd__clkbuf_16)
                  0.14    0.25    0.39 ^ clkbuf_0_clk/X (sky130_fd_sc_hd__clkbuf_16)
     8    0.13                           clknet_0_clk (net)
                  0.14    0.00    0.39 ^ clkbuf_3_5__f_clk/A (sky130_fd_sc_hd__clkbuf_16)
                  0.08    0.18    0.57 ^ clkbuf_3_5__f_clk/X (sky130_fd_sc_hd__clkbuf_16)
    10    0.06                           clknet_3_5__leaf_clk (net)
                  0.08    0.00    0.57 ^ _432_/CLK (sky130_fd_sc_hd__dfrtp_1)
                  0.12    0.37    0.94 ^ _432_/Q (sky130_fd_sc_hd__dfrtp_1)
     2    0.01                           net200 (net)
                  0.12    0.00    0.94 ^ _340_/A1 (sky130_fd_sc_hd__mux2_1)
                  0.04    0.13    1.07 ^ _340_/X (sky130_fd_sc_hd__mux2_1)
     1    0.00                           _152_ (net)
                  0.04    0.00    1.07 ^ _341_/A (sky130_fd_sc_hd__clkbuf_1)
                  0.04    0.07    1.15 ^ _341_/X (sky130_fd_sc_hd__clkbuf_1)
     1    0.00                           _043_ (net)
                  0.04    0.00    1.15 ^ _432_/D (sky130_fd_sc_hd__dfrtp_1)
                                  1.15   data arrival time

                          0.00    0.00   clock clk (rise edge)
                          0.00    0.00   clock source latency
                  0.22    0.16    0.16 ^ clk (in)
     1    0.05                           clk (net)
                  0.22    0.00    0.16 ^ clkbuf_0_clk/A (sky130_fd_sc_hd__clkbuf_16)
                  0.14    0.27    0.43 ^ clkbuf_0_clk/X (sky130_fd_sc_hd__clkbuf_16)
     8    0.13                           clknet_0_clk (net)
                  0.14    0.00    0.43 ^ clkbuf_3_5__f_clk/A (sky130_fd_sc_hd__clkbuf_16)
                  0.08    0.20    0.63 ^ clkbuf_3_5__f_clk/X (sky130_fd_sc_hd__clkbuf_16)
    10    0.06                           clknet_3_5__leaf_clk (net)
                  0.08    0.00    0.63 ^ _432_/CLK (sky130_fd_sc_hd__dfrtp_1)
                          0.25    0.88   clock uncertainty
                         -0.06    0.82   clock reconvergence pessimism
                         -0.03    0.79   library hold time
                                  0.79   data required time
-----------------------------------------------------------------------------
                                  0.79   data required time
                                 -1.15   data arrival time
-----------------------------------------------------------------------------
                                  0.35   slack (MET)


Startpoint: _436_ (rising edge-triggered flip-flop clocked by clk)
Endpoint: _436_ (rising edge-triggered flip-flop clocked by clk)
Path Group: clk
Path Type: min

Fanout     Cap    Slew   Delay    Time   Description
-----------------------------------------------------------------------------
                          0.00    0.00   clock clk (rise edge)
                          0.00    0.00   clock source latency
                  0.22    0.14    0.14 ^ clk (in)
     1    0.05                           clk (net)
                  0.22    0.00    0.14 ^ clkbuf_0_clk/A (sky130_fd_sc_hd__clkbuf_16)
                  0.14    0.25    0.39 ^ clkbuf_0_clk/X (sky130_fd_sc_hd__clkbuf_16)
     8    0.13                           clknet_0_clk (net)
                  0.14    0.00    0.39 ^ clkbuf_3_2__f_clk/A (sky130_fd_sc_hd__clkbuf_16)
                  0.06    0.17    0.56 ^ clkbuf_3_2__f_clk/X (sky130_fd_sc_hd__clkbuf_16)
     7    0.04                           clknet_3_2__leaf_clk (net)
                  0.06    0.00    0.56 ^ _436_/CLK (sky130_fd_sc_hd__dfrtp_1)
                  0.09    0.35    0.91 ^ _436_/Q (sky130_fd_sc_hd__dfrtp_1)
     2    0.01                           net173 (net)
                  0.09    0.00    0.91 ^ _348_/A1 (sky130_fd_sc_hd__mux2_1)
                  0.06    0.14    1.05 ^ _348_/X (sky130_fd_sc_hd__mux2_1)
     1    0.00                           _156_ (net)
                  0.06    0.00    1.05 ^ _349_/A (sky130_fd_sc_hd__clkbuf_1)
                  0.05    0.09    1.13 ^ _349_/X (sky130_fd_sc_hd__clkbuf_1)
     1    0.00                           _047_ (net)
                  0.05    0.00    1.13 ^ _436_/D (sky130_fd_sc_hd__dfrtp_1)
                                  1.13   data arrival time

                          0.00    0.00   clock clk (rise edge)
                          0.00    0.00   clock source latency
                  0.22    0.16    0.16 ^ clk (in)
     1    0.05                           clk (net)
                  0.22    0.00    0.16 ^ clkbuf_0_clk/A (sky130_fd_sc_hd__clkbuf_16)
                  0.14    0.27    0.43 ^ clkbuf_0_clk/X (sky130_fd_sc_hd__clkbuf_16)
     8    0.13                           clknet_0_clk (net)
                  0.14    0.00    0.43 ^ clkbuf_3_2__f_clk/A (sky130_fd_sc_hd__clkbuf_16)
                  0.06    0.18    0.62 ^ clkbuf_3_2__f_clk/X (sky130_fd_sc_hd__clkbuf_16)
     7    0.04                           clknet_3_2__leaf_clk (net)
                  0.06    0.00    0.62 ^ _436_/CLK (sky130_fd_sc_hd__dfrtp_1)
                          0.25    0.87   clock uncertainty
                         -0.06    0.81   clock reconvergence pessimism
                         -0.03    0.78   library hold time
                                  0.78   data required time
-----------------------------------------------------------------------------
                                  0.78   data required time
                                 -1.13   data arrival time
-----------------------------------------------------------------------------
                                  0.36   slack (MET)


Startpoint: _416_ (rising edge-triggered flip-flop clocked by clk)
Endpoint: _416_ (rising edge-triggered flip-flop clocked by clk)
Path Group: clk
Path Type: min

Fanout     Cap    Slew   Delay    Time   Description
-----------------------------------------------------------------------------
                          0.00    0.00   clock clk (rise edge)
                          0.00    0.00   clock source latency
                  0.22    0.14    0.14 ^ clk (in)
     1    0.05                           clk (net)
                  0.22    0.00    0.14 ^ clkbuf_0_clk/A (sky130_fd_sc_hd__clkbuf_16)
                  0.14    0.25    0.39 ^ clkbuf_0_clk/X (sky130_fd_sc_hd__clkbuf_16)
     8    0.13                           clknet_0_clk (net)
                  0.14    0.00    0.39 ^ clkbuf_3_2__f_clk/A (sky130_fd_sc_hd__clkbuf_16)
                  0.06    0.17    0.56 ^ clkbuf_3_2__f_clk/X (sky130_fd_sc_hd__clkbuf_16)
     7    0.04                           clknet_3_2__leaf_clk (net)
                  0.06    0.00    0.56 ^ _416_/CLK (sky130_fd_sc_hd__dfrtp_1)
                  0.12    0.36    0.92 ^ _416_/Q (sky130_fd_sc_hd__dfrtp_1)
     2    0.01                           net150 (net)
                  0.12    0.00    0.92 ^ _306_/A1 (sky130_fd_sc_hd__mux2_1)
                  0.04    0.14    1.06 ^ _306_/X (sky130_fd_sc_hd__mux2_1)
     1    0.00                           _134_ (net)
                  0.04    0.00    1.06 ^ _307_/A (sky130_fd_sc_hd__clkbuf_1)
                  0.04    0.08    1.14 ^ _307_/X (sky130_fd_sc_hd__clkbuf_1)
     1    0.00                           _027_ (net)
                  0.04    0.00    1.14 ^ _416_/D (sky130_fd_sc_hd__dfrtp_1)
                                  1.14   data arrival time

                          0.00    0.00   clock clk (rise edge)
                          0.00    0.00   clock source latency
                  0.22    0.16    0.16 ^ clk (in)
     1    0.05                           clk (net)
                  0.22    0.00    0.16 ^ clkbuf_0_clk/A (sky130_fd_sc_hd__clkbuf_16)
                  0.14    0.27    0.43 ^ clkbuf_0_clk/X (sky130_fd_sc_hd__clkbuf_16)
     8    0.13                           clknet_0_clk (net)
                  0.14    0.00    0.43 ^ clkbuf_3_2__f_clk/A (sky130_fd_sc_hd__clkbuf_16)
                  0.06    0.18    0.62 ^ clkbuf_3_2__f_clk/X (sky130_fd_sc_hd__clkbuf_16)
     7    0.04                           clknet_3_2__leaf_clk (net)
                  0.06    0.00    0.62 ^ _416_/CLK (sky130_fd_sc_hd__dfrtp_1)
                          0.25    0.87   clock uncertainty
                         -0.06    0.81   clock reconvergence pessimism
                         -0.03    0.78   library hold time
                                  0.78   data required time
-----------------------------------------------------------------------------
                                  0.78   data required time
                                 -1.14   data arrival time
-----------------------------------------------------------------------------
                                  0.36   slack (MET)


Startpoint: _453_ (rising edge-triggered flip-flop clocked by clk)
Endpoint: _453_ (rising edge-triggered flip-flop clocked by clk)
Path Group: clk
Path Type: min

Fanout     Cap    Slew   Delay    Time   Description
-----------------------------------------------------------------------------
                          0.00    0.00   clock clk (rise edge)
                          0.00    0.00   clock source latency
                  0.22    0.14    0.14 ^ clk (in)
     1    0.05                           clk (net)
                  0.22    0.00    0.14 ^ clkbuf_0_clk/A (sky130_fd_sc_hd__clkbuf_16)
                  0.14    0.25    0.39 ^ clkbuf_0_clk/X (sky130_fd_sc_hd__clkbuf_16)
     8    0.13                           clknet_0_clk (net)
                  0.14    0.00    0.39 ^ clkbuf_3_0__f_clk/A (sky130_fd_sc_hd__clkbuf_16)
                  0.07    0.17    0.56 ^ clkbuf_3_0__f_clk/X (sky130_fd_sc_hd__clkbuf_16)
     7    0.05                           clknet_3_0__leaf_clk (net)
                  0.07    0.00    0.57 ^ _453_/CLK (sky130_fd_sc_hd__dfrtp_1)
                  0.12    0.37    0.93 ^ _453_/Q (sky130_fd_sc_hd__dfrtp_1)
     2    0.01                           net191 (net)
                  0.12    0.00    0.93 ^ _383_/A1 (sky130_fd_sc_hd__mux2_1)
                  0.04    0.14    1.07 ^ _383_/X (sky130_fd_sc_hd__mux2_1)
     1    0.00                           _174_ (net)
                  0.04    0.00    1.07 ^ _384_/A (sky130_fd_sc_hd__clkbuf_1)
                  0.04    0.07    1.15 ^ _384_/X (sky130_fd_sc_hd__clkbuf_1)
     1    0.00                           _064_ (net)
                  0.04    0.00    1.15 ^ _453_/D (sky130_fd_sc_hd__dfrtp_1)
                                  1.15   data arrival time

                          0.00    0.00   clock clk (rise edge)
                          0.00    0.00   clock source latency
                  0.22    0.16    0.16 ^ clk (in)
     1    0.05                           clk (net)
                  0.22    0.00    0.16 ^ clkbuf_0_clk/A (sky130_fd_sc_hd__clkbuf_16)
                  0.14    0.27    0.43 ^ clkbuf_0_clk/X (sky130_fd_sc_hd__clkbuf_16)
     8    0.13                           clknet_0_clk (net)
                  0.14    0.00    0.43 ^ clkbuf_3_0__f_clk/A (sky130_fd_sc_hd__clkbuf_16)
                  0.07    0.19    0.62 ^ clkbuf_3_0__f_clk/X (sky130_fd_sc_hd__clkbuf_16)
     7    0.05                           clknet_3_0__leaf_clk (net)
                  0.07    0.00    0.62 ^ _453_/CLK (sky130_fd_sc_hd__dfrtp_1)
                          0.25    0.87   clock uncertainty
                         -0.06    0.82   clock reconvergence pessimism
                         -0.03    0.78   library hold time
                                  0.78   data required time
-----------------------------------------------------------------------------
                                  0.78   data required time
                                 -1.15   data arrival time
-----------------------------------------------------------------------------
                                  0.36   slack (MET)


Startpoint: _435_ (rising edge-triggered flip-flop clocked by clk)
Endpoint: _435_ (rising edge-triggered flip-flop clocked by clk)
Path Group: clk
Path Type: min

Fanout     Cap    Slew   Delay    Time   Description
-----------------------------------------------------------------------------
                          0.00    0.00   clock clk (rise edge)
                          0.00    0.00   clock source latency
                  0.22    0.14    0.14 ^ clk (in)
     1    0.05                           clk (net)
                  0.22    0.00    0.14 ^ clkbuf_0_clk/A (sky130_fd_sc_hd__clkbuf_16)
                  0.14    0.25    0.39 ^ clkbuf_0_clk/X (sky130_fd_sc_hd__clkbuf_16)
     8    0.13                           clknet_0_clk (net)
                  0.14    0.00    0.39 ^ clkbuf_3_7__f_clk/A (sky130_fd_sc_hd__clkbuf_16)
                  0.09    0.18    0.58 ^ clkbuf_3_7__f_clk/X (sky130_fd_sc_hd__clkbuf_16)
     9    0.07                           clknet_3_7__leaf_clk (net)
                  0.09    0.00    0.58 ^ _435_/CLK (sky130_fd_sc_hd__dfrtp_1)
                  0.12    0.38    0.95 ^ _435_/Q (sky130_fd_sc_hd__dfrtp_1)
     2    0.01                           net172 (net)
                  0.12    0.00    0.95 ^ _346_/A1 (sky130_fd_sc_hd__mux2_1)
                  0.04    0.13    1.09 ^ _346_/X (sky130_fd_sc_hd__mux2_1)
     1    0.00                           _155_ (net)
                  0.04    0.00    1.09 ^ _347_/A (sky130_fd_sc_hd__clkbuf_1)
                  0.04    0.07    1.16 ^ _347_/X (sky130_fd_sc_hd__clkbuf_1)
     1    0.00                           _046_ (net)
                  0.04    0.00    1.16 ^ _435_/D (sky130_fd_sc_hd__dfrtp_1)
                                  1.16   data arrival time

                          0.00    0.00   clock clk (rise edge)
                          0.00    0.00   clock source latency
                  0.22    0.16    0.16 ^ clk (in)
     1    0.05                           clk (net)
                  0.22    0.00    0.16 ^ clkbuf_0_clk/A (sky130_fd_sc_hd__clkbuf_16)
                  0.14    0.27    0.43 ^ clkbuf_0_clk/X (sky130_fd_sc_hd__clkbuf_16)
     8    0.13                           clknet_0_clk (net)
                  0.14    0.00    0.43 ^ clkbuf_3_7__f_clk/A (sky130_fd_sc_hd__clkbuf_16)
                  0.09    0.20    0.64 ^ clkbuf_3_7__f_clk/X (sky130_fd_sc_hd__clkbuf_16)
     9    0.07                           clknet_3_7__leaf_clk (net)
                  0.09    0.00    0.64 ^ _435_/CLK (sky130_fd_sc_hd__dfrtp_1)
                          0.25    0.89   clock uncertainty
                         -0.06    0.83   clock reconvergence pessimism
                         -0.03    0.80   library hold time
                                  0.80   data required time
-----------------------------------------------------------------------------
                                  0.80   data required time
                                 -1.16   data arrival time
-----------------------------------------------------------------------------
                                  0.36   slack (MET)


Startpoint: _430_ (rising edge-triggered flip-flop clocked by clk)
Endpoint: _430_ (rising edge-triggered flip-flop clocked by clk)
Path Group: clk
Path Type: min

Fanout     Cap    Slew   Delay    Time   Description
-----------------------------------------------------------------------------
                          0.00    0.00   clock clk (rise edge)
                          0.00    0.00   clock source latency
                  0.22    0.14    0.14 ^ clk (in)
     1    0.05                           clk (net)
                  0.22    0.00    0.14 ^ clkbuf_0_clk/A (sky130_fd_sc_hd__clkbuf_16)
                  0.14    0.25    0.39 ^ clkbuf_0_clk/X (sky130_fd_sc_hd__clkbuf_16)
     8    0.13                           clknet_0_clk (net)
                  0.14    0.00    0.39 ^ clkbuf_3_2__f_clk/A (sky130_fd_sc_hd__clkbuf_16)
                  0.06    0.17    0.56 ^ clkbuf_3_2__f_clk/X (sky130_fd_sc_hd__clkbuf_16)
     7    0.04                           clknet_3_2__leaf_clk (net)
                  0.06    0.00    0.56 ^ _430_/CLK (sky130_fd_sc_hd__dfrtp_1)
                  0.12    0.37    0.93 ^ _430_/Q (sky130_fd_sc_hd__dfrtp_1)
     2    0.01                           net198 (net)
                  0.12    0.00    0.93 ^ _336_/A1 (sky130_fd_sc_hd__mux2_1)
                  0.04    0.14    1.07 ^ _336_/X (sky130_fd_sc_hd__mux2_1)
     1    0.00                           _150_ (net)
                  0.04    0.00    1.07 ^ _337_/A (sky130_fd_sc_hd__clkbuf_1)
                  0.04    0.07    1.14 ^ _337_/X (sky130_fd_sc_hd__clkbuf_1)
     1    0.00                           _041_ (net)
                  0.04    0.00    1.14 ^ _430_/D (sky130_fd_sc_hd__dfrtp_1)
                                  1.14   data arrival time

                          0.00    0.00   clock clk (rise edge)
                          0.00    0.00   clock source latency
                  0.22    0.16    0.16 ^ clk (in)
     1    0.05                           clk (net)
                  0.22    0.00    0.16 ^ clkbuf_0_clk/A (sky130_fd_sc_hd__clkbuf_16)
                  0.14    0.27    0.43 ^ clkbuf_0_clk/X (sky130_fd_sc_hd__clkbuf_16)
     8    0.13                           clknet_0_clk (net)
                  0.14    0.00    0.43 ^ clkbuf_3_2__f_clk/A (sky130_fd_sc_hd__clkbuf_16)
                  0.06    0.18    0.62 ^ clkbuf_3_2__f_clk/X (sky130_fd_sc_hd__clkbuf_16)
     7    0.04                           clknet_3_2__leaf_clk (net)
                  0.06    0.00    0.62 ^ _430_/CLK (sky130_fd_sc_hd__dfrtp_1)
                          0.25    0.87   clock uncertainty
                         -0.06    0.81   clock reconvergence pessimism
                         -0.03    0.78   library hold time
                                  0.78   data required time
-----------------------------------------------------------------------------
                                  0.78   data required time
                                 -1.14   data arrival time
-----------------------------------------------------------------------------
                                  0.36   slack (MET)


Startpoint: _394_ (rising edge-triggered flip-flop clocked by clk)
Endpoint: _394_ (rising edge-triggered flip-flop clocked by clk)
Path Group: clk
Path Type: min

Fanout     Cap    Slew   Delay    Time   Description
-----------------------------------------------------------------------------
                          0.00    0.00   clock clk (rise edge)
                          0.00    0.00   clock source latency
                  0.22    0.14    0.14 ^ clk (in)
     1    0.05                           clk (net)
                  0.22    0.00    0.14 ^ clkbuf_0_clk/A (sky130_fd_sc_hd__clkbuf_16)
                  0.14    0.25    0.39 ^ clkbuf_0_clk/X (sky130_fd_sc_hd__clkbuf_16)
     8    0.13                           clknet_0_clk (net)
                  0.14    0.00    0.39 ^ clkbuf_3_3__f_clk/A (sky130_fd_sc_hd__clkbuf_16)
                  0.06    0.16    0.56 ^ clkbuf_3_3__f_clk/X (sky130_fd_sc_hd__clkbuf_16)
     5    0.04                           clknet_3_3__leaf_clk (net)
                  0.06    0.00    0.56 ^ _394_/CLK (sky130_fd_sc_hd__dfrtp_2)
                  0.11    0.38    0.94 ^ _394_/Q (sky130_fd_sc_hd__dfrtp_2)
     2    0.02                           net156 (net)
                  0.11    0.00    0.94 ^ _259_/A1 (sky130_fd_sc_hd__mux2_1)
                  0.04    0.13    1.07 ^ _259_/X (sky130_fd_sc_hd__mux2_1)
     1    0.00                           _109_ (net)
                  0.04    0.00    1.07 ^ _260_/A (sky130_fd_sc_hd__clkbuf_1)
                  0.04    0.07    1.14 ^ _260_/X (sky130_fd_sc_hd__clkbuf_1)
     1    0.00                           _005_ (net)
                  0.04    0.00    1.14 ^ _394_/D (sky130_fd_sc_hd__dfrtp_2)
                                  1.14   data arrival time

                          0.00    0.00   clock clk (rise edge)
                          0.00    0.00   clock source latency
                  0.22    0.16    0.16 ^ clk (in)
     1    0.05                           clk (net)
                  0.22    0.00    0.16 ^ clkbuf_0_clk/A (sky130_fd_sc_hd__clkbuf_16)
                  0.14    0.27    0.43 ^ clkbuf_0_clk/X (sky130_fd_sc_hd__clkbuf_16)
     8    0.13                           clknet_0_clk (net)
                  0.14    0.00    0.43 ^ clkbuf_3_3__f_clk/A (sky130_fd_sc_hd__clkbuf_16)
                  0.06    0.18    0.61 ^ clkbuf_3_3__f_clk/X (sky130_fd_sc_hd__clkbuf_16)
     5    0.04                           clknet_3_3__leaf_clk (net)
                  0.06    0.00    0.62 ^ _394_/CLK (sky130_fd_sc_hd__dfrtp_2)
                          0.25    0.87   clock uncertainty
                         -0.06    0.81   clock reconvergence pessimism
                         -0.03    0.78   library hold time
                                  0.78   data required time
-----------------------------------------------------------------------------
                                  0.78   data required time
                                 -1.14   data arrival time
-----------------------------------------------------------------------------
                                  0.36   slack (MET)


Startpoint: _406_ (rising edge-triggered flip-flop clocked by clk)
Endpoint: _406_ (rising edge-triggered flip-flop clocked by clk)
Path Group: clk
Path Type: min

Fanout     Cap    Slew   Delay    Time   Description
-----------------------------------------------------------------------------
                          0.00    0.00   clock clk (rise edge)
                          0.00    0.00   clock source latency
                  0.22    0.14    0.14 ^ clk (in)
     1    0.05                           clk (net)
                  0.22    0.00    0.14 ^ clkbuf_0_clk/A (sky130_fd_sc_hd__clkbuf_16)
                  0.14    0.25    0.39 ^ clkbuf_0_clk/X (sky130_fd_sc_hd__clkbuf_16)
     8    0.13                           clknet_0_clk (net)
                  0.14    0.00    0.39 ^ clkbuf_3_5__f_clk/A (sky130_fd_sc_hd__clkbuf_16)
                  0.08    0.18    0.57 ^ clkbuf_3_5__f_clk/X (sky130_fd_sc_hd__clkbuf_16)
    10    0.06                           clknet_3_5__leaf_clk (net)
                  0.08    0.00    0.58 ^ _406_/CLK (sky130_fd_sc_hd__dfrtp_1)
                  0.14    0.38    0.96 ^ _406_/Q (sky130_fd_sc_hd__dfrtp_1)
     2    0.01                           net139 (net)
                  0.14    0.00    0.96 ^ _285_/A1 (sky130_fd_sc_hd__mux2_1)
                  0.04    0.14    1.10 ^ _285_/X (sky130_fd_sc_hd__mux2_1)
     1    0.00                           _123_ (net)
                  0.04    0.00    1.10 ^ _286_/A (sky130_fd_sc_hd__clkbuf_1)
                  0.04    0.07    1.17 ^ _286_/X (sky130_fd_sc_hd__clkbuf_1)
     1    0.00                           _017_ (net)
                  0.04    0.00    1.17 ^ _406_/D (sky130_fd_sc_hd__dfrtp_1)
                                  1.17   data arrival time

                          0.00    0.00   clock clk (rise edge)
                          0.00    0.00   clock source latency
                  0.22    0.16    0.16 ^ clk (in)
     1    0.05                           clk (net)
                  0.22    0.00    0.16 ^ clkbuf_0_clk/A (sky130_fd_sc_hd__clkbuf_16)
                  0.14    0.27    0.43 ^ clkbuf_0_clk/X (sky130_fd_sc_hd__clkbuf_16)
     8    0.13                           clknet_0_clk (net)
                  0.14    0.00    0.43 ^ clkbuf_3_5__f_clk/A (sky130_fd_sc_hd__clkbuf_16)
                  0.08    0.20    0.63 ^ clkbuf_3_5__f_clk/X (sky130_fd_sc_hd__clkbuf_16)
    10    0.06                           clknet_3_5__leaf_clk (net)
                  0.08    0.01    0.64 ^ _406_/CLK (sky130_fd_sc_hd__dfrtp_1)
                          0.25    0.89   clock uncertainty
                         -0.06    0.83   clock reconvergence pessimism
                         -0.03    0.80   library hold time
                                  0.80   data required time
-----------------------------------------------------------------------------
                                  0.80   data required time
                                 -1.17   data arrival time
-----------------------------------------------------------------------------
                                  0.37   slack (MET)


Startpoint: _452_ (rising edge-triggered flip-flop clocked by clk)
Endpoint: _452_ (rising edge-triggered flip-flop clocked by clk)
Path Group: clk
Path Type: min

Fanout     Cap    Slew   Delay    Time   Description
-----------------------------------------------------------------------------
                          0.00    0.00   clock clk (rise edge)
                          0.00    0.00   clock source latency
                  0.22    0.14    0.14 ^ clk (in)
     1    0.05                           clk (net)
                  0.22    0.00    0.14 ^ clkbuf_0_clk/A (sky130_fd_sc_hd__clkbuf_16)
                  0.14    0.25    0.39 ^ clkbuf_0_clk/X (sky130_fd_sc_hd__clkbuf_16)
     8    0.13                           clknet_0_clk (net)
                  0.14    0.00    0.39 ^ clkbuf_3_7__f_clk/A (sky130_fd_sc_hd__clkbuf_16)
                  0.09    0.18    0.58 ^ clkbuf_3_7__f_clk/X (sky130_fd_sc_hd__clkbuf_16)
     9    0.07                           clknet_3_7__leaf_clk (net)
                  0.09    0.00    0.58 ^ _452_/CLK (sky130_fd_sc_hd__dfrtp_1)
                  0.14    0.39    0.96 ^ _452_/Q (sky130_fd_sc_hd__dfrtp_1)
     2    0.01                           net190 (net)
                  0.14    0.00    0.96 ^ _381_/A1 (sky130_fd_sc_hd__mux2_1)
                  0.04    0.14    1.11 ^ _381_/X (sky130_fd_sc_hd__mux2_1)
     1    0.00                           _173_ (net)
                  0.04    0.00    1.11 ^ _382_/A (sky130_fd_sc_hd__clkbuf_1)
                  0.04    0.07    1.18 ^ _382_/X (sky130_fd_sc_hd__clkbuf_1)
     1    0.00                           _063_ (net)
                  0.04    0.00    1.18 ^ _452_/D (sky130_fd_sc_hd__dfrtp_1)
                                  1.18   data arrival time

                          0.00    0.00   clock clk (rise edge)
                          0.00    0.00   clock source latency
                  0.22    0.16    0.16 ^ clk (in)
     1    0.05                           clk (net)
                  0.22    0.00    0.16 ^ clkbuf_0_clk/A (sky130_fd_sc_hd__clkbuf_16)
                  0.14    0.27    0.43 ^ clkbuf_0_clk/X (sky130_fd_sc_hd__clkbuf_16)
     8    0.13                           clknet_0_clk (net)
                  0.14    0.00    0.43 ^ clkbuf_3_7__f_clk/A (sky130_fd_sc_hd__clkbuf_16)
                  0.09    0.20    0.64 ^ clkbuf_3_7__f_clk/X (sky130_fd_sc_hd__clkbuf_16)
     9    0.07                           clknet_3_7__leaf_clk (net)
                  0.09    0.00    0.64 ^ _452_/CLK (sky130_fd_sc_hd__dfrtp_1)
                          0.25    0.89   clock uncertainty
                         -0.06    0.83   clock reconvergence pessimism
                         -0.03    0.80   library hold time
                                  0.80   data required time
-----------------------------------------------------------------------------
                                  0.80   data required time
                                 -1.18   data arrival time
-----------------------------------------------------------------------------
                                  0.38   slack (MET)


Startpoint: _437_ (rising edge-triggered flip-flop clocked by clk)
Endpoint: _437_ (rising edge-triggered flip-flop clocked by clk)
Path Group: clk
Path Type: min

Fanout     Cap    Slew   Delay    Time   Description
-----------------------------------------------------------------------------
                          0.00    0.00   clock clk (rise edge)
                          0.00    0.00   clock source latency
                  0.22    0.14    0.14 ^ clk (in)
     1    0.05                           clk (net)
                  0.22    0.00    0.14 ^ clkbuf_0_clk/A (sky130_fd_sc_hd__clkbuf_16)
                  0.14    0.25    0.39 ^ clkbuf_0_clk/X (sky130_fd_sc_hd__clkbuf_16)
     8    0.13                           clknet_0_clk (net)
                  0.14    0.00    0.39 ^ clkbuf_3_6__f_clk/A (sky130_fd_sc_hd__clkbuf_16)
                  0.06    0.17    0.56 ^ clkbuf_3_6__f_clk/X (sky130_fd_sc_hd__clkbuf_16)
     7    0.04                           clknet_3_6__leaf_clk (net)
                  0.06    0.00    0.56 ^ _437_/CLK (sky130_fd_sc_hd__dfrtp_2)
                  0.12    0.39    0.95 ^ _437_/Q (sky130_fd_sc_hd__dfrtp_2)
     2    0.02                           net174 (net)
                  0.12    0.00    0.95 ^ _350_/A1 (sky130_fd_sc_hd__mux2_1)
                  0.04    0.14    1.09 ^ _350_/X (sky130_fd_sc_hd__mux2_1)
     1    0.00                           _157_ (net)
                  0.04    0.00    1.09 ^ _351_/A (sky130_fd_sc_hd__clkbuf_1)
                  0.04    0.07    1.16 ^ _351_/X (sky130_fd_sc_hd__clkbuf_1)
     1    0.00                           _048_ (net)
                  0.04    0.00    1.16 ^ _437_/D (sky130_fd_sc_hd__dfrtp_2)
                                  1.16   data arrival time

                          0.00    0.00   clock clk (rise edge)
                          0.00    0.00   clock source latency
                  0.22    0.16    0.16 ^ clk (in)
     1    0.05                           clk (net)
                  0.22    0.00    0.16 ^ clkbuf_0_clk/A (sky130_fd_sc_hd__clkbuf_16)
                  0.14    0.27    0.43 ^ clkbuf_0_clk/X (sky130_fd_sc_hd__clkbuf_16)
     8    0.13                           clknet_0_clk (net)
                  0.14    0.00    0.43 ^ clkbuf_3_6__f_clk/A (sky130_fd_sc_hd__clkbuf_16)
                  0.06    0.19    0.62 ^ clkbuf_3_6__f_clk/X (sky130_fd_sc_hd__clkbuf_16)
     7    0.04                           clknet_3_6__leaf_clk (net)
                  0.06    0.00    0.62 ^ _437_/CLK (sky130_fd_sc_hd__dfrtp_2)
                          0.25    0.87   clock uncertainty
                         -0.06    0.81   clock reconvergence pessimism
                         -0.03    0.78   library hold time
                                  0.78   data required time
-----------------------------------------------------------------------------
                                  0.78   data required time
                                 -1.16   data arrival time
-----------------------------------------------------------------------------
                                  0.38   slack (MET)


Startpoint: _390_ (rising edge-triggered flip-flop clocked by clk)
Endpoint: _391_ (rising edge-triggered flip-flop clocked by clk)
Path Group: clk
Path Type: min

Fanout     Cap    Slew   Delay    Time   Description
-----------------------------------------------------------------------------
                          0.00    0.00   clock clk (rise edge)
                          0.00    0.00   clock source latency
                  0.22    0.14    0.14 ^ clk (in)
     1    0.05                           clk (net)
                  0.22    0.00    0.14 ^ clkbuf_0_clk/A (sky130_fd_sc_hd__clkbuf_16)
                  0.14    0.25    0.39 ^ clkbuf_0_clk/X (sky130_fd_sc_hd__clkbuf_16)
     8    0.13                           clknet_0_clk (net)
                  0.14    0.00    0.39 ^ clkbuf_3_7__f_clk/A (sky130_fd_sc_hd__clkbuf_16)
                  0.09    0.18    0.58 ^ clkbuf_3_7__f_clk/X (sky130_fd_sc_hd__clkbuf_16)
     9    0.07                           clknet_3_7__leaf_clk (net)
                  0.09    0.00    0.58 ^ _390_/CLK (sky130_fd_sc_hd__dfrtp_1)
                  0.11    0.37    0.95 ^ _390_/Q (sky130_fd_sc_hd__dfrtp_1)
     4    0.01                           state[0] (net)
                  0.11    0.00    0.95 ^ _177_/A (sky130_fd_sc_hd__or2b_1)
                  0.12    0.16    1.11 ^ _177_/X (sky130_fd_sc_hd__or2b_1)
     3    0.01                           _067_ (net)
                  0.12    0.00    1.11 ^ _254_/A2 (sky130_fd_sc_hd__o21ai_1)
                  0.05    0.08    1.19 v _254_/Y (sky130_fd_sc_hd__o21ai_1)
     1    0.01                           _002_ (net)
                  0.05    0.00    1.19 v _391_/D (sky130_fd_sc_hd__dfrtp_1)
                                  1.19   data arrival time

                          0.00    0.00   clock clk (rise edge)
                          0.00    0.00   clock source latency
                  0.22    0.16    0.16 ^ clk (in)
     1    0.05                           clk (net)
                  0.22    0.00    0.16 ^ clkbuf_0_clk/A (sky130_fd_sc_hd__clkbuf_16)
                  0.14    0.27    0.43 ^ clkbuf_0_clk/X (sky130_fd_sc_hd__clkbuf_16)
     8    0.13                           clknet_0_clk (net)
                  0.14    0.00    0.43 ^ clkbuf_3_5__f_clk/A (sky130_fd_sc_hd__clkbuf_16)
                  0.08    0.20    0.63 ^ clkbuf_3_5__f_clk/X (sky130_fd_sc_hd__clkbuf_16)
    10    0.06                           clknet_3_5__leaf_clk (net)
                  0.08    0.00    0.64 ^ _391_/CLK (sky130_fd_sc_hd__dfrtp_1)
                          0.25    0.89   clock uncertainty
                         -0.04    0.84   clock reconvergence pessimism
                         -0.04    0.80   library hold time
                                  0.80   data required time
-----------------------------------------------------------------------------
                                  0.80   data required time
                                 -1.19   data arrival time
-----------------------------------------------------------------------------
                                  0.39   slack (MET)


Startpoint: _427_ (rising edge-triggered flip-flop clocked by clk)
Endpoint: _427_ (rising edge-triggered flip-flop clocked by clk)
Path Group: clk
Path Type: min

Fanout     Cap    Slew   Delay    Time   Description
-----------------------------------------------------------------------------
                          0.00    0.00   clock clk (rise edge)
                          0.00    0.00   clock source latency
                  0.22    0.14    0.14 ^ clk (in)
     1    0.05                           clk (net)
                  0.22    0.00    0.14 ^ clkbuf_0_clk/A (sky130_fd_sc_hd__clkbuf_16)
                  0.14    0.25    0.39 ^ clkbuf_0_clk/X (sky130_fd_sc_hd__clkbuf_16)
     8    0.13                           clknet_0_clk (net)
                  0.14    0.00    0.39 ^ clkbuf_3_4__f_clk/A (sky130_fd_sc_hd__clkbuf_16)
                  0.08    0.18    0.57 ^ clkbuf_3_4__f_clk/X (sky130_fd_sc_hd__clkbuf_16)
    14    0.06                           clknet_3_4__leaf_clk (net)
                  0.08    0.00    0.57 ^ _427_/CLK (sky130_fd_sc_hd__dfrtp_2)
                  0.12    0.39    0.97 ^ _427_/Q (sky130_fd_sc_hd__dfrtp_2)
     2    0.02                           net195 (net)
                  0.12    0.00    0.97 ^ _329_/A1 (sky130_fd_sc_hd__mux2_1)
                  0.05    0.14    1.11 ^ _329_/X (sky130_fd_sc_hd__mux2_1)
     1    0.00                           _146_ (net)
                  0.05    0.00    1.11 ^ _330_/A (sky130_fd_sc_hd__clkbuf_1)
                  0.04    0.08    1.19 ^ _330_/X (sky130_fd_sc_hd__clkbuf_1)
     1    0.00                           _038_ (net)
                  0.04    0.00    1.19 ^ _427_/D (sky130_fd_sc_hd__dfrtp_2)
                                  1.19   data arrival time

                          0.00    0.00   clock clk (rise edge)
                          0.00    0.00   clock source latency
                  0.22    0.16    0.16 ^ clk (in)
     1    0.05                           clk (net)
                  0.22    0.00    0.16 ^ clkbuf_0_clk/A (sky130_fd_sc_hd__clkbuf_16)
                  0.14    0.27    0.43 ^ clkbuf_0_clk/X (sky130_fd_sc_hd__clkbuf_16)
     8    0.13                           clknet_0_clk (net)
                  0.14    0.00    0.43 ^ clkbuf_3_4__f_clk/A (sky130_fd_sc_hd__clkbuf_16)
                  0.08    0.20    0.63 ^ clkbuf_3_4__f_clk/X (sky130_fd_sc_hd__clkbuf_16)
    14    0.06                           clknet_3_4__leaf_clk (net)
                  0.08    0.00    0.63 ^ _427_/CLK (sky130_fd_sc_hd__dfrtp_2)
                          0.25    0.88   clock uncertainty
                         -0.06    0.82   clock reconvergence pessimism
                         -0.03    0.79   library hold time
                                  0.79   data required time
-----------------------------------------------------------------------------
                                  0.79   data required time
                                 -1.19   data arrival time
-----------------------------------------------------------------------------
                                  0.40   slack (MET)


Startpoint: _423_ (rising edge-triggered flip-flop clocked by clk)
Endpoint: _423_ (rising edge-triggered flip-flop clocked by clk)
Path Group: clk
Path Type: min

Fanout     Cap    Slew   Delay    Time   Description
-----------------------------------------------------------------------------
                          0.00    0.00   clock clk (rise edge)
                          0.00    0.00   clock source latency
                  0.22    0.14    0.14 ^ clk (in)
     1    0.05                           clk (net)
                  0.22    0.00    0.14 ^ clkbuf_0_clk/A (sky130_fd_sc_hd__clkbuf_16)
                  0.14    0.25    0.39 ^ clkbuf_0_clk/X (sky130_fd_sc_hd__clkbuf_16)
     8    0.13                           clknet_0_clk (net)
                  0.14    0.00    0.39 ^ clkbuf_3_4__f_clk/A (sky130_fd_sc_hd__clkbuf_16)
                  0.08    0.18    0.57 ^ clkbuf_3_4__f_clk/X (sky130_fd_sc_hd__clkbuf_16)
    14    0.06                           clknet_3_4__leaf_clk (net)
                  0.08    0.00    0.57 ^ _423_/CLK (sky130_fd_sc_hd__dfrtp_1)
                  0.15    0.39    0.96 ^ _423_/Q (sky130_fd_sc_hd__dfrtp_1)
     2    0.02                           net158 (net)
                  0.15    0.00    0.96 ^ _321_/A1 (sky130_fd_sc_hd__mux2_1)
                  0.04    0.14    1.11 ^ _321_/X (sky130_fd_sc_hd__mux2_1)
     1    0.00                           _142_ (net)
                  0.04    0.00    1.11 ^ _322_/A (sky130_fd_sc_hd__clkbuf_1)
                  0.05    0.08    1.19 ^ _322_/X (sky130_fd_sc_hd__clkbuf_1)
     1    0.00                           _034_ (net)
                  0.05    0.00    1.19 ^ _423_/D (sky130_fd_sc_hd__dfrtp_1)
                                  1.19   data arrival time

                          0.00    0.00   clock clk (rise edge)
                          0.00    0.00   clock source latency
                  0.22    0.16    0.16 ^ clk (in)
     1    0.05                           clk (net)
                  0.22    0.00    0.16 ^ clkbuf_0_clk/A (sky130_fd_sc_hd__clkbuf_16)
                  0.14    0.27    0.43 ^ clkbuf_0_clk/X (sky130_fd_sc_hd__clkbuf_16)
     8    0.13                           clknet_0_clk (net)
                  0.14    0.00    0.43 ^ clkbuf_3_4__f_clk/A (sky130_fd_sc_hd__clkbuf_16)
                  0.08    0.20    0.63 ^ clkbuf_3_4__f_clk/X (sky130_fd_sc_hd__clkbuf_16)
    14    0.06                           clknet_3_4__leaf_clk (net)
                  0.08    0.00    0.63 ^ _423_/CLK (sky130_fd_sc_hd__dfrtp_1)
                          0.25    0.88   clock uncertainty
                         -0.06    0.82   clock reconvergence pessimism
                         -0.03    0.79   library hold time
                                  0.79   data required time
-----------------------------------------------------------------------------
                                  0.79   data required time
                                 -1.19   data arrival time
-----------------------------------------------------------------------------
                                  0.40   slack (MET)


Startpoint: _450_ (rising edge-triggered flip-flop clocked by clk)
Endpoint: _450_ (rising edge-triggered flip-flop clocked by clk)
Path Group: clk
Path Type: min

Fanout     Cap    Slew   Delay    Time   Description
-----------------------------------------------------------------------------
                          0.00    0.00   clock clk (rise edge)
                          0.00    0.00   clock source latency
                  0.22    0.14    0.14 ^ clk (in)
     1    0.05                           clk (net)
                  0.22    0.00    0.14 ^ clkbuf_0_clk/A (sky130_fd_sc_hd__clkbuf_16)
                  0.14    0.25    0.39 ^ clkbuf_0_clk/X (sky130_fd_sc_hd__clkbuf_16)
     8    0.13                           clknet_0_clk (net)
                  0.14    0.00    0.39 ^ clkbuf_3_5__f_clk/A (sky130_fd_sc_hd__clkbuf_16)
                  0.08    0.18    0.57 ^ clkbuf_3_5__f_clk/X (sky130_fd_sc_hd__clkbuf_16)
    10    0.06                           clknet_3_5__leaf_clk (net)
                  0.08    0.00    0.58 ^ _450_/CLK (sky130_fd_sc_hd__dfrtp_1)
                  0.17    0.40    0.98 ^ _450_/Q (sky130_fd_sc_hd__dfrtp_1)
     2    0.02                           net188 (net)
                  0.17    0.00    0.98 ^ _377_/A1 (sky130_fd_sc_hd__mux2_1)
                  0.04    0.15    1.12 ^ _377_/X (sky130_fd_sc_hd__mux2_1)
     1    0.00                           _171_ (net)
                  0.04    0.00    1.12 ^ _378_/A (sky130_fd_sc_hd__clkbuf_1)
                  0.04    0.07    1.20 ^ _378_/X (sky130_fd_sc_hd__clkbuf_1)
     1    0.00                           _061_ (net)
                  0.04    0.00    1.20 ^ _450_/D (sky130_fd_sc_hd__dfrtp_1)
                                  1.20   data arrival time

                          0.00    0.00   clock clk (rise edge)
                          0.00    0.00   clock source latency
                  0.22    0.16    0.16 ^ clk (in)
     1    0.05                           clk (net)
                  0.22    0.00    0.16 ^ clkbuf_0_clk/A (sky130_fd_sc_hd__clkbuf_16)
                  0.14    0.27    0.43 ^ clkbuf_0_clk/X (sky130_fd_sc_hd__clkbuf_16)
     8    0.13                           clknet_0_clk (net)
                  0.14    0.00    0.43 ^ clkbuf_3_5__f_clk/A (sky130_fd_sc_hd__clkbuf_16)
                  0.08    0.20    0.63 ^ clkbuf_3_5__f_clk/X (sky130_fd_sc_hd__clkbuf_16)
    10    0.06                           clknet_3_5__leaf_clk (net)
                  0.08    0.01    0.64 ^ _450_/CLK (sky130_fd_sc_hd__dfrtp_1)
                          0.25    0.89   clock uncertainty
                         -0.06    0.83   clock reconvergence pessimism
                         -0.03    0.80   library hold time
                                  0.80   data required time
-----------------------------------------------------------------------------
                                  0.80   data required time
                                 -1.20   data arrival time
-----------------------------------------------------------------------------
                                  0.40   slack (MET)


Startpoint: _433_ (rising edge-triggered flip-flop clocked by clk)
Endpoint: _433_ (rising edge-triggered flip-flop clocked by clk)
Path Group: clk
Path Type: min

Fanout     Cap    Slew   Delay    Time   Description
-----------------------------------------------------------------------------
                          0.00    0.00   clock clk (rise edge)
                          0.00    0.00   clock source latency
                  0.22    0.14    0.14 ^ clk (in)
     1    0.05                           clk (net)
                  0.22    0.00    0.14 ^ clkbuf_0_clk/A (sky130_fd_sc_hd__clkbuf_16)
                  0.14    0.25    0.39 ^ clkbuf_0_clk/X (sky130_fd_sc_hd__clkbuf_16)
     8    0.13                           clknet_0_clk (net)
                  0.14    0.00    0.39 ^ clkbuf_3_2__f_clk/A (sky130_fd_sc_hd__clkbuf_16)
                  0.06    0.17    0.56 ^ clkbuf_3_2__f_clk/X (sky130_fd_sc_hd__clkbuf_16)
     7    0.04                           clknet_3_2__leaf_clk (net)
                  0.06    0.00    0.56 ^ _433_/CLK (sky130_fd_sc_hd__dfrtp_1)
                  0.15    0.38    0.95 ^ _433_/Q (sky130_fd_sc_hd__dfrtp_1)
     2    0.02                           net201 (net)
                  0.15    0.00    0.95 ^ _342_/A1 (sky130_fd_sc_hd__mux2_1)
                  0.05    0.15    1.10 ^ _342_/X (sky130_fd_sc_hd__mux2_1)
     1    0.00                           _153_ (net)
                  0.05    0.00    1.10 ^ _343_/A (sky130_fd_sc_hd__clkbuf_1)
                  0.05    0.08    1.18 ^ _343_/X (sky130_fd_sc_hd__clkbuf_1)
     1    0.00                           _044_ (net)
                  0.05    0.00    1.18 ^ _433_/D (sky130_fd_sc_hd__dfrtp_1)
                                  1.18   data arrival time

                          0.00    0.00   clock clk (rise edge)
                          0.00    0.00   clock source latency
                  0.22    0.16    0.16 ^ clk (in)
     1    0.05                           clk (net)
                  0.22    0.00    0.16 ^ clkbuf_0_clk/A (sky130_fd_sc_hd__clkbuf_16)
                  0.14    0.27    0.43 ^ clkbuf_0_clk/X (sky130_fd_sc_hd__clkbuf_16)
     8    0.13                           clknet_0_clk (net)
                  0.14    0.00    0.43 ^ clkbuf_3_2__f_clk/A (sky130_fd_sc_hd__clkbuf_16)
                  0.06    0.18    0.62 ^ clkbuf_3_2__f_clk/X (sky130_fd_sc_hd__clkbuf_16)
     7    0.04                           clknet_3_2__leaf_clk (net)
                  0.06    0.00    0.62 ^ _433_/CLK (sky130_fd_sc_hd__dfrtp_1)
                          0.25    0.87   clock uncertainty
                         -0.06    0.81   clock reconvergence pessimism
                         -0.03    0.78   library hold time
                                  0.78   data required time
-----------------------------------------------------------------------------
                                  0.78   data required time
                                 -1.18   data arrival time
-----------------------------------------------------------------------------
                                  0.40   slack (MET)


Startpoint: _417_ (rising edge-triggered flip-flop clocked by clk)
Endpoint: _417_ (rising edge-triggered flip-flop clocked by clk)
Path Group: clk
Path Type: min

Fanout     Cap    Slew   Delay    Time   Description
-----------------------------------------------------------------------------
                          0.00    0.00   clock clk (rise edge)
                          0.00    0.00   clock source latency
                  0.22    0.14    0.14 ^ clk (in)
     1    0.05                           clk (net)
                  0.22    0.00    0.14 ^ clkbuf_0_clk/A (sky130_fd_sc_hd__clkbuf_16)
                  0.14    0.25    0.39 ^ clkbuf_0_clk/X (sky130_fd_sc_hd__clkbuf_16)
     8    0.13                           clknet_0_clk (net)
                  0.14    0.00    0.39 ^ clkbuf_3_1__f_clk/A (sky130_fd_sc_hd__clkbuf_16)
                  0.05    0.16    0.55 ^ clkbuf_3_1__f_clk/X (sky130_fd_sc_hd__clkbuf_16)
     9    0.03                           clknet_3_1__leaf_clk (net)
                  0.05    0.00    0.55 ^ _417_/CLK (sky130_fd_sc_hd__dfrtp_1)
                  0.18    0.40    0.96 ^ _417_/Q (sky130_fd_sc_hd__dfrtp_1)
     2    0.02                           net151 (net)
                  0.18    0.00    0.96 ^ _308_/A1 (sky130_fd_sc_hd__mux2_1)
                  0.04    0.15    1.10 ^ _308_/X (sky130_fd_sc_hd__mux2_1)
     1    0.00                           _135_ (net)
                  0.04    0.00    1.10 ^ _309_/A (sky130_fd_sc_hd__clkbuf_1)
                  0.04    0.07    1.18 ^ _309_/X (sky130_fd_sc_hd__clkbuf_1)
     1    0.00                           _028_ (net)
                  0.04    0.00    1.18 ^ _417_/D (sky130_fd_sc_hd__dfrtp_1)
                                  1.18   data arrival time

                          0.00    0.00   clock clk (rise edge)
                          0.00    0.00   clock source latency
                  0.22    0.16    0.16 ^ clk (in)
     1    0.05                           clk (net)
                  0.22    0.00    0.16 ^ clkbuf_0_clk/A (sky130_fd_sc_hd__clkbuf_16)
                  0.14    0.27    0.43 ^ clkbuf_0_clk/X (sky130_fd_sc_hd__clkbuf_16)
     8    0.13                           clknet_0_clk (net)
                  0.14    0.00    0.43 ^ clkbuf_3_1__f_clk/A (sky130_fd_sc_hd__clkbuf_16)
                  0.05    0.18    0.61 ^ clkbuf_3_1__f_clk/X (sky130_fd_sc_hd__clkbuf_16)
     9    0.03                           clknet_3_1__leaf_clk (net)
                  0.05    0.00    0.61 ^ _417_/CLK (sky130_fd_sc_hd__dfrtp_1)
                          0.25    0.86   clock uncertainty
                         -0.06    0.80   clock reconvergence pessimism
                         -0.03    0.77   library hold time
                                  0.77   data required time
-----------------------------------------------------------------------------
                                  0.77   data required time
                                 -1.18   data arrival time
-----------------------------------------------------------------------------
                                  0.41   slack (MET)


Startpoint: _407_ (rising edge-triggered flip-flop clocked by clk)
Endpoint: _407_ (rising edge-triggered flip-flop clocked by clk)
Path Group: clk
Path Type: min

Fanout     Cap    Slew   Delay    Time   Description
-----------------------------------------------------------------------------
                          0.00    0.00   clock clk (rise edge)
                          0.00    0.00   clock source latency
                  0.22    0.14    0.14 ^ clk (in)
     1    0.05                           clk (net)
                  0.22    0.00    0.14 ^ clkbuf_0_clk/A (sky130_fd_sc_hd__clkbuf_16)
                  0.14    0.25    0.39 ^ clkbuf_0_clk/X (sky130_fd_sc_hd__clkbuf_16)
     8    0.13                           clknet_0_clk (net)
                  0.14    0.00    0.39 ^ clkbuf_3_5__f_clk/A (sky130_fd_sc_hd__clkbuf_16)
                  0.08    0.18    0.57 ^ clkbuf_3_5__f_clk/X (sky130_fd_sc_hd__clkbuf_16)
    10    0.06                           clknet_3_5__leaf_clk (net)
                  0.08    0.00    0.57 ^ _407_/CLK (sky130_fd_sc_hd__dfrtp_1)
                  0.17    0.40    0.98 ^ _407_/Q (sky130_fd_sc_hd__dfrtp_1)
     2    0.02                           net140 (net)
                  0.17    0.00    0.98 ^ _287_/A1 (sky130_fd_sc_hd__mux2_1)
                  0.04    0.15    1.13 ^ _287_/X (sky130_fd_sc_hd__mux2_1)
     1    0.00                           _124_ (net)
                  0.04    0.00    1.13 ^ _288_/A (sky130_fd_sc_hd__clkbuf_1)
                  0.04    0.07    1.20 ^ _288_/X (sky130_fd_sc_hd__clkbuf_1)
     1    0.00                           _018_ (net)
                  0.04    0.00    1.20 ^ _407_/D (sky130_fd_sc_hd__dfrtp_1)
                                  1.20   data arrival time

                          0.00    0.00   clock clk (rise edge)
                          0.00    0.00   clock source latency
                  0.22    0.16    0.16 ^ clk (in)
     1    0.05                           clk (net)
                  0.22    0.00    0.16 ^ clkbuf_0_clk/A (sky130_fd_sc_hd__clkbuf_16)
                  0.14    0.27    0.43 ^ clkbuf_0_clk/X (sky130_fd_sc_hd__clkbuf_16)
     8    0.13                           clknet_0_clk (net)
                  0.14    0.00    0.43 ^ clkbuf_3_5__f_clk/A (sky130_fd_sc_hd__clkbuf_16)
                  0.08    0.20    0.63 ^ clkbuf_3_5__f_clk/X (sky130_fd_sc_hd__clkbuf_16)
    10    0.06                           clknet_3_5__leaf_clk (net)
                  0.08    0.00    0.63 ^ _407_/CLK (sky130_fd_sc_hd__dfrtp_1)
                          0.25    0.88   clock uncertainty
                         -0.06    0.82   clock reconvergence pessimism
                         -0.03    0.79   library hold time
                                  0.79   data required time
-----------------------------------------------------------------------------
                                  0.79   data required time
                                 -1.20   data arrival time
-----------------------------------------------------------------------------
                                  0.41   slack (MET)


Startpoint: _455_ (rising edge-triggered flip-flop clocked by clk)
Endpoint: _455_ (rising edge-triggered flip-flop clocked by clk)
Path Group: clk
Path Type: min

Fanout     Cap    Slew   Delay    Time   Description
-----------------------------------------------------------------------------
                          0.00    0.00   clock clk (rise edge)
                          0.00    0.00   clock source latency
                  0.22    0.14    0.14 ^ clk (in)
     1    0.05                           clk (net)
                  0.22    0.00    0.14 ^ clkbuf_0_clk/A (sky130_fd_sc_hd__clkbuf_16)
                  0.14    0.25    0.39 ^ clkbuf_0_clk/X (sky130_fd_sc_hd__clkbuf_16)
     8    0.13                           clknet_0_clk (net)
                  0.14    0.00    0.39 ^ clkbuf_3_6__f_clk/A (sky130_fd_sc_hd__clkbuf_16)
                  0.06    0.17    0.56 ^ clkbuf_3_6__f_clk/X (sky130_fd_sc_hd__clkbuf_16)
     7    0.04                           clknet_3_6__leaf_clk (net)
                  0.06    0.00    0.56 ^ _455_/CLK (sky130_fd_sc_hd__dfrtp_1)
                  0.18    0.41    0.97 ^ _455_/Q (sky130_fd_sc_hd__dfrtp_1)
     2    0.02                           net194 (net)
                  0.18    0.00    0.97 ^ _387_/A1 (sky130_fd_sc_hd__mux2_1)
                  0.04    0.15    1.12 ^ _387_/X (sky130_fd_sc_hd__mux2_1)
     1    0.00                           _176_ (net)
                  0.04    0.00    1.12 ^ _388_/A (sky130_fd_sc_hd__clkbuf_1)
                  0.04    0.07    1.19 ^ _388_/X (sky130_fd_sc_hd__clkbuf_1)
     1    0.00                           _066_ (net)
                  0.04    0.00    1.19 ^ _455_/D (sky130_fd_sc_hd__dfrtp_1)
                                  1.19   data arrival time

                          0.00    0.00   clock clk (rise edge)
                          0.00    0.00   clock source latency
                  0.22    0.16    0.16 ^ clk (in)
     1    0.05                           clk (net)
                  0.22    0.00    0.16 ^ clkbuf_0_clk/A (sky130_fd_sc_hd__clkbuf_16)
                  0.14    0.27    0.43 ^ clkbuf_0_clk/X (sky130_fd_sc_hd__clkbuf_16)
     8    0.13                           clknet_0_clk (net)
                  0.14    0.00    0.43 ^ clkbuf_3_6__f_clk/A (sky130_fd_sc_hd__clkbuf_16)
                  0.06    0.19    0.62 ^ clkbuf_3_6__f_clk/X (sky130_fd_sc_hd__clkbuf_16)
     7    0.04                           clknet_3_6__leaf_clk (net)
                  0.06    0.00    0.62 ^ _455_/CLK (sky130_fd_sc_hd__dfrtp_1)
                          0.25    0.87   clock uncertainty
                         -0.06    0.81   clock reconvergence pessimism
                         -0.03    0.78   library hold time
                                  0.78   data required time
-----------------------------------------------------------------------------
                                  0.78   data required time
                                 -1.19   data arrival time
-----------------------------------------------------------------------------
                                  0.41   slack (MET)


Startpoint: _442_ (rising edge-triggered flip-flop clocked by clk)
Endpoint: _442_ (rising edge-triggered flip-flop clocked by clk)
Path Group: clk
Path Type: min

Fanout     Cap    Slew   Delay    Time   Description
-----------------------------------------------------------------------------
                          0.00    0.00   clock clk (rise edge)
                          0.00    0.00   clock source latency
                  0.22    0.14    0.14 ^ clk (in)
     1    0.05                           clk (net)
                  0.22    0.00    0.14 ^ clkbuf_0_clk/A (sky130_fd_sc_hd__clkbuf_16)
                  0.14    0.25    0.39 ^ clkbuf_0_clk/X (sky130_fd_sc_hd__clkbuf_16)
     8    0.13                           clknet_0_clk (net)
                  0.14    0.00    0.39 ^ clkbuf_3_6__f_clk/A (sky130_fd_sc_hd__clkbuf_16)
                  0.06    0.17    0.56 ^ clkbuf_3_6__f_clk/X (sky130_fd_sc_hd__clkbuf_16)
     7    0.04                           clknet_3_6__leaf_clk (net)
                  0.06    0.00    0.56 ^ _442_/CLK (sky130_fd_sc_hd__dfrtp_2)
                  0.15    0.41    0.98 ^ _442_/Q (sky130_fd_sc_hd__dfrtp_2)
     2    0.03                           net179 (net)
                  0.15    0.00    0.98 ^ _361_/A1 (sky130_fd_sc_hd__mux2_1)
                  0.04    0.14    1.12 ^ _361_/X (sky130_fd_sc_hd__mux2_1)
     1    0.00                           _163_ (net)
                  0.04    0.00    1.12 ^ _362_/A (sky130_fd_sc_hd__clkbuf_1)
                  0.04    0.07    1.19 ^ _362_/X (sky130_fd_sc_hd__clkbuf_1)
     1    0.00                           _053_ (net)
                  0.04    0.00    1.19 ^ _442_/D (sky130_fd_sc_hd__dfrtp_2)
                                  1.19   data arrival time

                          0.00    0.00   clock clk (rise edge)
                          0.00    0.00   clock source latency
                  0.22    0.16    0.16 ^ clk (in)
     1    0.05                           clk (net)
                  0.22    0.00    0.16 ^ clkbuf_0_clk/A (sky130_fd_sc_hd__clkbuf_16)
                  0.14    0.27    0.43 ^ clkbuf_0_clk/X (sky130_fd_sc_hd__clkbuf_16)
     8    0.13                           clknet_0_clk (net)
                  0.14    0.00    0.43 ^ clkbuf_3_6__f_clk/A (sky130_fd_sc_hd__clkbuf_16)
                  0.06    0.19    0.62 ^ clkbuf_3_6__f_clk/X (sky130_fd_sc_hd__clkbuf_16)
     7    0.04                           clknet_3_6__leaf_clk (net)
                  0.06    0.00    0.62 ^ _442_/CLK (sky130_fd_sc_hd__dfrtp_2)
                          0.25    0.87   clock uncertainty
                         -0.06    0.81   clock reconvergence pessimism
                         -0.03    0.78   library hold time
                                  0.78   data required time
-----------------------------------------------------------------------------
                                  0.78   data required time
                                 -1.19   data arrival time
-----------------------------------------------------------------------------
                                  0.41   slack (MET)


Startpoint: _400_ (rising edge-triggered flip-flop clocked by clk)
Endpoint: _400_ (rising edge-triggered flip-flop clocked by clk)
Path Group: clk
Path Type: min

Fanout     Cap    Slew   Delay    Time   Description
-----------------------------------------------------------------------------
                          0.00    0.00   clock clk (rise edge)
                          0.00    0.00   clock source latency
                  0.22    0.14    0.14 ^ clk (in)
     1    0.05                           clk (net)
                  0.22    0.00    0.14 ^ clkbuf_0_clk/A (sky130_fd_sc_hd__clkbuf_16)
                  0.14    0.25    0.39 ^ clkbuf_0_clk/X (sky130_fd_sc_hd__clkbuf_16)
     8    0.13                           clknet_0_clk (net)
                  0.14    0.00    0.39 ^ clkbuf_3_5__f_clk/A (sky130_fd_sc_hd__clkbuf_16)
                  0.08    0.18    0.57 ^ clkbuf_3_5__f_clk/X (sky130_fd_sc_hd__clkbuf_16)
    10    0.06                           clknet_3_5__leaf_clk (net)
                  0.08    0.00    0.57 ^ _400_/CLK (sky130_fd_sc_hd__dfrtp_1)
                  0.18    0.41    0.98 ^ _400_/Q (sky130_fd_sc_hd__dfrtp_1)
     2    0.02                           net164 (net)
                  0.18    0.00    0.98 ^ _273_/A1 (sky130_fd_sc_hd__mux2_1)
                  0.04    0.15    1.13 ^ _273_/X (sky130_fd_sc_hd__mux2_1)
     1    0.00                           _117_ (net)
                  0.04    0.00    1.13 ^ _274_/A (sky130_fd_sc_hd__clkbuf_1)
                  0.04    0.08    1.21 ^ _274_/X (sky130_fd_sc_hd__clkbuf_1)
     1    0.00                           _011_ (net)
                  0.04    0.00    1.21 ^ _400_/D (sky130_fd_sc_hd__dfrtp_1)
                                  1.21   data arrival time

                          0.00    0.00   clock clk (rise edge)
                          0.00    0.00   clock source latency
                  0.22    0.16    0.16 ^ clk (in)
     1    0.05                           clk (net)
                  0.22    0.00    0.16 ^ clkbuf_0_clk/A (sky130_fd_sc_hd__clkbuf_16)
                  0.14    0.27    0.43 ^ clkbuf_0_clk/X (sky130_fd_sc_hd__clkbuf_16)
     8    0.13                           clknet_0_clk (net)
                  0.14    0.00    0.43 ^ clkbuf_3_5__f_clk/A (sky130_fd_sc_hd__clkbuf_16)
                  0.08    0.20    0.63 ^ clkbuf_3_5__f_clk/X (sky130_fd_sc_hd__clkbuf_16)
    10    0.06                           clknet_3_5__leaf_clk (net)
                  0.08    0.00    0.63 ^ _400_/CLK (sky130_fd_sc_hd__dfrtp_1)
                          0.25    0.88   clock uncertainty
                         -0.06    0.82   clock reconvergence pessimism
                         -0.03    0.79   library hold time
                                  0.79   data required time
-----------------------------------------------------------------------------
                                  0.79   data required time
                                 -1.21   data arrival time
-----------------------------------------------------------------------------
                                  0.42   slack (MET)


Startpoint: _446_ (rising edge-triggered flip-flop clocked by clk)
Endpoint: _446_ (rising edge-triggered flip-flop clocked by clk)
Path Group: clk
Path Type: min

Fanout     Cap    Slew   Delay    Time   Description
-----------------------------------------------------------------------------
                          0.00    0.00   clock clk (rise edge)
                          0.00    0.00   clock source latency
                  0.22    0.14    0.14 ^ clk (in)
     1    0.05                           clk (net)
                  0.22    0.00    0.14 ^ clkbuf_0_clk/A (sky130_fd_sc_hd__clkbuf_16)
                  0.14    0.25    0.39 ^ clkbuf_0_clk/X (sky130_fd_sc_hd__clkbuf_16)
     8    0.13                           clknet_0_clk (net)
                  0.14    0.00    0.39 ^ clkbuf_3_4__f_clk/A (sky130_fd_sc_hd__clkbuf_16)
                  0.08    0.18    0.57 ^ clkbuf_3_4__f_clk/X (sky130_fd_sc_hd__clkbuf_16)
    14    0.06                           clknet_3_4__leaf_clk (net)
                  0.08    0.00    0.57 ^ _446_/CLK (sky130_fd_sc_hd__dfrtp_1)
                  0.18    0.41    0.98 ^ _446_/Q (sky130_fd_sc_hd__dfrtp_1)
     2    0.02                           net184 (net)
                  0.18    0.00    0.98 ^ _369_/A1 (sky130_fd_sc_hd__mux2_1)
                  0.04    0.15    1.13 ^ _369_/X (sky130_fd_sc_hd__mux2_1)
     1    0.00                           _167_ (net)
                  0.04    0.00    1.13 ^ _370_/A (sky130_fd_sc_hd__clkbuf_1)
                  0.05    0.08    1.21 ^ _370_/X (sky130_fd_sc_hd__clkbuf_1)
     1    0.00                           _057_ (net)
                  0.05    0.00    1.21 ^ _446_/D (sky130_fd_sc_hd__dfrtp_1)
                                  1.21   data arrival time

                          0.00    0.00   clock clk (rise edge)
                          0.00    0.00   clock source latency
                  0.22    0.16    0.16 ^ clk (in)
     1    0.05                           clk (net)
                  0.22    0.00    0.16 ^ clkbuf_0_clk/A (sky130_fd_sc_hd__clkbuf_16)
                  0.14    0.27    0.43 ^ clkbuf_0_clk/X (sky130_fd_sc_hd__clkbuf_16)
     8    0.13                           clknet_0_clk (net)
                  0.14    0.00    0.43 ^ clkbuf_3_4__f_clk/A (sky130_fd_sc_hd__clkbuf_16)
                  0.08    0.20    0.63 ^ clkbuf_3_4__f_clk/X (sky130_fd_sc_hd__clkbuf_16)
    14    0.06                           clknet_3_4__leaf_clk (net)
                  0.08    0.00    0.63 ^ _446_/CLK (sky130_fd_sc_hd__dfrtp_1)
                          0.25    0.88   clock uncertainty
                         -0.06    0.82   clock reconvergence pessimism
                         -0.03    0.79   library hold time
                                  0.79   data required time
-----------------------------------------------------------------------------
                                  0.79   data required time
                                 -1.21   data arrival time
-----------------------------------------------------------------------------
                                  0.42   slack (MET)


Startpoint: _440_ (rising edge-triggered flip-flop clocked by clk)
Endpoint: _440_ (rising edge-triggered flip-flop clocked by clk)
Path Group: clk
Path Type: min

Fanout     Cap    Slew   Delay    Time   Description
-----------------------------------------------------------------------------
                          0.00    0.00   clock clk (rise edge)
                          0.00    0.00   clock source latency
                  0.22    0.14    0.14 ^ clk (in)
     1    0.05                           clk (net)
                  0.22    0.00    0.14 ^ clkbuf_0_clk/A (sky130_fd_sc_hd__clkbuf_16)
                  0.14    0.25    0.39 ^ clkbuf_0_clk/X (sky130_fd_sc_hd__clkbuf_16)
     8    0.13                           clknet_0_clk (net)
                  0.14    0.00    0.39 ^ clkbuf_3_7__f_clk/A (sky130_fd_sc_hd__clkbuf_16)
                  0.09    0.18    0.58 ^ clkbuf_3_7__f_clk/X (sky130_fd_sc_hd__clkbuf_16)
     9    0.07                           clknet_3_7__leaf_clk (net)
                  0.09    0.00    0.58 ^ _440_/CLK (sky130_fd_sc_hd__dfrtp_1)
                  0.18    0.41    0.99 ^ _440_/Q (sky130_fd_sc_hd__dfrtp_1)
     2    0.02                           net177 (net)
                  0.18    0.00    0.99 ^ _357_/A1 (sky130_fd_sc_hd__mux2_1)
                  0.04    0.15    1.15 ^ _357_/X (sky130_fd_sc_hd__mux2_1)
     1    0.00                           _161_ (net)
                  0.04    0.00    1.15 ^ _358_/A (sky130_fd_sc_hd__clkbuf_1)
                  0.04    0.07    1.22 ^ _358_/X (sky130_fd_sc_hd__clkbuf_1)
     1    0.00                           _051_ (net)
                  0.04    0.00    1.22 ^ _440_/D (sky130_fd_sc_hd__dfrtp_1)
                                  1.22   data arrival time

                          0.00    0.00   clock clk (rise edge)
                          0.00    0.00   clock source latency
                  0.22    0.16    0.16 ^ clk (in)
     1    0.05                           clk (net)
                  0.22    0.00    0.16 ^ clkbuf_0_clk/A (sky130_fd_sc_hd__clkbuf_16)
                  0.14    0.27    0.43 ^ clkbuf_0_clk/X (sky130_fd_sc_hd__clkbuf_16)
     8    0.13                           clknet_0_clk (net)
                  0.14    0.00    0.43 ^ clkbuf_3_7__f_clk/A (sky130_fd_sc_hd__clkbuf_16)
                  0.09    0.20    0.64 ^ clkbuf_3_7__f_clk/X (sky130_fd_sc_hd__clkbuf_16)
     9    0.07                           clknet_3_7__leaf_clk (net)
                  0.09    0.00    0.64 ^ _440_/CLK (sky130_fd_sc_hd__dfrtp_1)
                          0.25    0.89   clock uncertainty
                         -0.06    0.83   clock reconvergence pessimism
                         -0.03    0.80   library hold time
                                  0.80   data required time
-----------------------------------------------------------------------------
                                  0.80   data required time
                                 -1.22   data arrival time
-----------------------------------------------------------------------------
                                  0.42   slack (MET)


Startpoint: _403_ (rising edge-triggered flip-flop clocked by clk)
Endpoint: _403_ (rising edge-triggered flip-flop clocked by clk)
Path Group: clk
Path Type: min

Fanout     Cap    Slew   Delay    Time   Description
-----------------------------------------------------------------------------
                          0.00    0.00   clock clk (rise edge)
                          0.00    0.00   clock source latency
                  0.22    0.14    0.14 ^ clk (in)
     1    0.05                           clk (net)
                  0.22    0.00    0.14 ^ clkbuf_0_clk/A (sky130_fd_sc_hd__clkbuf_16)
                  0.14    0.25    0.39 ^ clkbuf_0_clk/X (sky130_fd_sc_hd__clkbuf_16)
     8    0.13                           clknet_0_clk (net)
                  0.14    0.00    0.39 ^ clkbuf_3_5__f_clk/A (sky130_fd_sc_hd__clkbuf_16)
                  0.08    0.18    0.57 ^ clkbuf_3_5__f_clk/X (sky130_fd_sc_hd__clkbuf_16)
    10    0.06                           clknet_3_5__leaf_clk (net)
                  0.08    0.00    0.57 ^ _403_/CLK (sky130_fd_sc_hd__dfrtp_4)
                  0.11    0.44    1.01 ^ _403_/Q (sky130_fd_sc_hd__dfrtp_4)
     2    0.03                           net136 (net)
                  0.11    0.00    1.01 ^ _279_/A1 (sky130_fd_sc_hd__mux2_1)
                  0.04    0.13    1.14 ^ _279_/X (sky130_fd_sc_hd__mux2_1)
     1    0.00                           _120_ (net)
                  0.04    0.00    1.14 ^ _280_/A (sky130_fd_sc_hd__clkbuf_1)
                  0.04    0.07    1.22 ^ _280_/X (sky130_fd_sc_hd__clkbuf_1)
     1    0.00                           _014_ (net)
                  0.04    0.00    1.22 ^ _403_/D (sky130_fd_sc_hd__dfrtp_4)
                                  1.22   data arrival time

                          0.00    0.00   clock clk (rise edge)
                          0.00    0.00   clock source latency
                  0.22    0.16    0.16 ^ clk (in)
     1    0.05                           clk (net)
                  0.22    0.00    0.16 ^ clkbuf_0_clk/A (sky130_fd_sc_hd__clkbuf_16)
                  0.14    0.27    0.43 ^ clkbuf_0_clk/X (sky130_fd_sc_hd__clkbuf_16)
     8    0.13                           clknet_0_clk (net)
                  0.14    0.00    0.43 ^ clkbuf_3_5__f_clk/A (sky130_fd_sc_hd__clkbuf_16)
                  0.08    0.20    0.63 ^ clkbuf_3_5__f_clk/X (sky130_fd_sc_hd__clkbuf_16)
    10    0.06                           clknet_3_5__leaf_clk (net)
                  0.08    0.00    0.63 ^ _403_/CLK (sky130_fd_sc_hd__dfrtp_4)
                          0.25    0.88   clock uncertainty
                         -0.06    0.82   clock reconvergence pessimism
                         -0.03    0.79   library hold time
                                  0.79   data required time
-----------------------------------------------------------------------------
                                  0.79   data required time
                                 -1.22   data arrival time
-----------------------------------------------------------------------------
                                  0.42   slack (MET)


Startpoint: _401_ (rising edge-triggered flip-flop clocked by clk)
Endpoint: _401_ (rising edge-triggered flip-flop clocked by clk)
Path Group: clk
Path Type: min

Fanout     Cap    Slew   Delay    Time   Description
-----------------------------------------------------------------------------
                          0.00    0.00   clock clk (rise edge)
                          0.00    0.00   clock source latency
                  0.22    0.14    0.14 ^ clk (in)
     1    0.05                           clk (net)
                  0.22    0.00    0.14 ^ clkbuf_0_clk/A (sky130_fd_sc_hd__clkbuf_16)
                  0.14    0.25    0.39 ^ clkbuf_0_clk/X (sky130_fd_sc_hd__clkbuf_16)
     8    0.13                           clknet_0_clk (net)
                  0.14    0.00    0.39 ^ clkbuf_3_5__f_clk/A (sky130_fd_sc_hd__clkbuf_16)
                  0.08    0.18    0.57 ^ clkbuf_3_5__f_clk/X (sky130_fd_sc_hd__clkbuf_16)
    10    0.06                           clknet_3_5__leaf_clk (net)
                  0.08    0.00    0.58 ^ _401_/CLK (sky130_fd_sc_hd__dfrtp_2)
                  0.15    0.42    0.99 ^ _401_/Q (sky130_fd_sc_hd__dfrtp_2)
     2    0.03                           net165 (net)
                  0.15    0.00    0.99 ^ _275_/A1 (sky130_fd_sc_hd__mux2_1)
                  0.04    0.14    1.14 ^ _275_/X (sky130_fd_sc_hd__mux2_1)
     1    0.00                           _118_ (net)
                  0.04    0.00    1.14 ^ _276_/A (sky130_fd_sc_hd__clkbuf_1)
                  0.05    0.08    1.22 ^ _276_/X (sky130_fd_sc_hd__clkbuf_1)
     1    0.00                           _012_ (net)
                  0.05    0.00    1.22 ^ _401_/D (sky130_fd_sc_hd__dfrtp_2)
                                  1.22   data arrival time

                          0.00    0.00   clock clk (rise edge)
                          0.00    0.00   clock source latency
                  0.22    0.16    0.16 ^ clk (in)
     1    0.05                           clk (net)
                  0.22    0.00    0.16 ^ clkbuf_0_clk/A (sky130_fd_sc_hd__clkbuf_16)
                  0.14    0.27    0.43 ^ clkbuf_0_clk/X (sky130_fd_sc_hd__clkbuf_16)
     8    0.13                           clknet_0_clk (net)
                  0.14    0.00    0.43 ^ clkbuf_3_5__f_clk/A (sky130_fd_sc_hd__clkbuf_16)
                  0.08    0.20    0.63 ^ clkbuf_3_5__f_clk/X (sky130_fd_sc_hd__clkbuf_16)
    10    0.06                           clknet_3_5__leaf_clk (net)
                  0.08    0.01    0.64 ^ _401_/CLK (sky130_fd_sc_hd__dfrtp_2)
                          0.25    0.89   clock uncertainty
                         -0.06    0.83   clock reconvergence pessimism
                         -0.03    0.80   library hold time
                                  0.80   data required time
-----------------------------------------------------------------------------
                                  0.80   data required time
                                 -1.22   data arrival time
-----------------------------------------------------------------------------
                                  0.42   slack (MET)


Startpoint: _398_ (rising edge-triggered flip-flop clocked by clk)
Endpoint: _398_ (rising edge-triggered flip-flop clocked by clk)
Path Group: clk
Path Type: min

Fanout     Cap    Slew   Delay    Time   Description
-----------------------------------------------------------------------------
                          0.00    0.00   clock clk (rise edge)
                          0.00    0.00   clock source latency
                  0.22    0.14    0.14 ^ clk (in)
     1    0.05                           clk (net)
                  0.22    0.00    0.14 ^ clkbuf_0_clk/A (sky130_fd_sc_hd__clkbuf_16)
                  0.14    0.25    0.39 ^ clkbuf_0_clk/X (sky130_fd_sc_hd__clkbuf_16)
     8    0.13                           clknet_0_clk (net)
                  0.14    0.00    0.39 ^ clkbuf_3_3__f_clk/A (sky130_fd_sc_hd__clkbuf_16)
                  0.06    0.16    0.56 ^ clkbuf_3_3__f_clk/X (sky130_fd_sc_hd__clkbuf_16)
     5    0.04                           clknet_3_3__leaf_clk (net)
                  0.06    0.00    0.56 ^ _398_/CLK (sky130_fd_sc_hd__dfrtp_2)
                  0.16    0.42    0.98 ^ _398_/Q (sky130_fd_sc_hd__dfrtp_2)
     2    0.03                           net162 (net)
                  0.16    0.00    0.98 ^ _267_/A1 (sky130_fd_sc_hd__mux2_1)
                  0.04    0.15    1.13 ^ _267_/X (sky130_fd_sc_hd__mux2_1)
     1    0.00                           _113_ (net)
                  0.04    0.00    1.13 ^ _268_/A (sky130_fd_sc_hd__clkbuf_1)
                  0.04    0.07    1.20 ^ _268_/X (sky130_fd_sc_hd__clkbuf_1)
     1    0.00                           _009_ (net)
                  0.04    0.00    1.20 ^ _398_/D (sky130_fd_sc_hd__dfrtp_2)
                                  1.20   data arrival time

                          0.00    0.00   clock clk (rise edge)
                          0.00    0.00   clock source latency
                  0.22    0.16    0.16 ^ clk (in)
     1    0.05                           clk (net)
                  0.22    0.00    0.16 ^ clkbuf_0_clk/A (sky130_fd_sc_hd__clkbuf_16)
                  0.14    0.27    0.43 ^ clkbuf_0_clk/X (sky130_fd_sc_hd__clkbuf_16)
     8    0.13                           clknet_0_clk (net)
                  0.14    0.00    0.43 ^ clkbuf_3_3__f_clk/A (sky130_fd_sc_hd__clkbuf_16)
                  0.06    0.18    0.61 ^ clkbuf_3_3__f_clk/X (sky130_fd_sc_hd__clkbuf_16)
     5    0.04                           clknet_3_3__leaf_clk (net)
                  0.06    0.00    0.62 ^ _398_/CLK (sky130_fd_sc_hd__dfrtp_2)
                          0.25    0.87   clock uncertainty
                         -0.06    0.81   clock reconvergence pessimism
                         -0.03    0.78   library hold time
                                  0.78   data required time
-----------------------------------------------------------------------------
                                  0.78   data required time
                                 -1.20   data arrival time
-----------------------------------------------------------------------------
                                  0.42   slack (MET)


Startpoint: _399_ (rising edge-triggered flip-flop clocked by clk)
Endpoint: _399_ (rising edge-triggered flip-flop clocked by clk)
Path Group: clk
Path Type: min

Fanout     Cap    Slew   Delay    Time   Description
-----------------------------------------------------------------------------
                          0.00    0.00   clock clk (rise edge)
                          0.00    0.00   clock source latency
                  0.22    0.14    0.14 ^ clk (in)
     1    0.05                           clk (net)
                  0.22    0.00    0.14 ^ clkbuf_0_clk/A (sky130_fd_sc_hd__clkbuf_16)
                  0.14    0.25    0.39 ^ clkbuf_0_clk/X (sky130_fd_sc_hd__clkbuf_16)
     8    0.13                           clknet_0_clk (net)
                  0.14    0.00    0.39 ^ clkbuf_3_0__f_clk/A (sky130_fd_sc_hd__clkbuf_16)
                  0.07    0.17    0.56 ^ clkbuf_3_0__f_clk/X (sky130_fd_sc_hd__clkbuf_16)
     7    0.05                           clknet_3_0__leaf_clk (net)
                  0.07    0.00    0.57 ^ _399_/CLK (sky130_fd_sc_hd__dfrtp_2)
                  0.16    0.42    0.99 ^ _399_/Q (sky130_fd_sc_hd__dfrtp_2)
     2    0.03                           net163 (net)
                  0.16    0.00    0.99 ^ _269_/A1 (sky130_fd_sc_hd__mux2_1)
                  0.04    0.15    1.13 ^ _269_/X (sky130_fd_sc_hd__mux2_1)
     1    0.00                           _114_ (net)
                  0.04    0.00    1.13 ^ _270_/A (sky130_fd_sc_hd__clkbuf_1)
                  0.04    0.08    1.21 ^ _270_/X (sky130_fd_sc_hd__clkbuf_1)
     1    0.00                           _010_ (net)
                  0.04    0.00    1.21 ^ _399_/D (sky130_fd_sc_hd__dfrtp_2)
                                  1.21   data arrival time

                          0.00    0.00   clock clk (rise edge)
                          0.00    0.00   clock source latency
                  0.22    0.16    0.16 ^ clk (in)
     1    0.05                           clk (net)
                  0.22    0.00    0.16 ^ clkbuf_0_clk/A (sky130_fd_sc_hd__clkbuf_16)
                  0.14    0.27    0.43 ^ clkbuf_0_clk/X (sky130_fd_sc_hd__clkbuf_16)
     8    0.13                           clknet_0_clk (net)
                  0.14    0.00    0.43 ^ clkbuf_3_0__f_clk/A (sky130_fd_sc_hd__clkbuf_16)
                  0.07    0.19    0.62 ^ clkbuf_3_0__f_clk/X (sky130_fd_sc_hd__clkbuf_16)
     7    0.05                           clknet_3_0__leaf_clk (net)
                  0.07    0.00    0.63 ^ _399_/CLK (sky130_fd_sc_hd__dfrtp_2)
                          0.25    0.88   clock uncertainty
                         -0.06    0.82   clock reconvergence pessimism
                         -0.03    0.78   library hold time
                                  0.78   data required time
-----------------------------------------------------------------------------
                                  0.78   data required time
                                 -1.21   data arrival time
-----------------------------------------------------------------------------
                                  0.42   slack (MET)


Startpoint: _447_ (rising edge-triggered flip-flop clocked by clk)
Endpoint: _447_ (rising edge-triggered flip-flop clocked by clk)
Path Group: clk
Path Type: min

Fanout     Cap    Slew   Delay    Time   Description
-----------------------------------------------------------------------------
                          0.00    0.00   clock clk (rise edge)
                          0.00    0.00   clock source latency
                  0.22    0.14    0.14 ^ clk (in)
     1    0.05                           clk (net)
                  0.22    0.00    0.14 ^ clkbuf_0_clk/A (sky130_fd_sc_hd__clkbuf_16)
                  0.14    0.25    0.39 ^ clkbuf_0_clk/X (sky130_fd_sc_hd__clkbuf_16)
     8    0.13                           clknet_0_clk (net)
                  0.14    0.00    0.39 ^ clkbuf_3_1__f_clk/A (sky130_fd_sc_hd__clkbuf_16)
                  0.05    0.16    0.55 ^ clkbuf_3_1__f_clk/X (sky130_fd_sc_hd__clkbuf_16)
     9    0.03                           clknet_3_1__leaf_clk (net)
                  0.05    0.00    0.55 ^ _447_/CLK (sky130_fd_sc_hd__dfrtp_2)
                  0.13    0.40    0.95 ^ _447_/Q (sky130_fd_sc_hd__dfrtp_2)
     2    0.02                           net185 (net)
                  0.13    0.00    0.95 ^ _371_/A1 (sky130_fd_sc_hd__mux2_1)
                  0.06    0.15    1.10 ^ _371_/X (sky130_fd_sc_hd__mux2_1)
     1    0.00                           _168_ (net)
                  0.06    0.00    1.10 ^ _372_/A (sky130_fd_sc_hd__clkbuf_1)
                  0.06    0.09    1.19 ^ _372_/X (sky130_fd_sc_hd__clkbuf_1)
     1    0.00                           _058_ (net)
                  0.06    0.00    1.19 ^ _447_/D (sky130_fd_sc_hd__dfrtp_2)
                                  1.19   data arrival time

                          0.00    0.00   clock clk (rise edge)
                          0.00    0.00   clock source latency
                  0.22    0.16    0.16 ^ clk (in)
     1    0.05                           clk (net)
                  0.22    0.00    0.16 ^ clkbuf_0_clk/A (sky130_fd_sc_hd__clkbuf_16)
                  0.14    0.27    0.43 ^ clkbuf_0_clk/X (sky130_fd_sc_hd__clkbuf_16)
     8    0.13                           clknet_0_clk (net)
                  0.14    0.00    0.43 ^ clkbuf_3_1__f_clk/A (sky130_fd_sc_hd__clkbuf_16)
                  0.05    0.18    0.61 ^ clkbuf_3_1__f_clk/X (sky130_fd_sc_hd__clkbuf_16)
     9    0.03                           clknet_3_1__leaf_clk (net)
                  0.05    0.00    0.61 ^ _447_/CLK (sky130_fd_sc_hd__dfrtp_2)
                          0.25    0.86   clock uncertainty
                         -0.06    0.80   clock reconvergence pessimism
                         -0.04    0.77   library hold time
                                  0.77   data required time
-----------------------------------------------------------------------------
                                  0.77   data required time
                                 -1.19   data arrival time
-----------------------------------------------------------------------------
                                  0.42   slack (MET)


Startpoint: _415_ (rising edge-triggered flip-flop clocked by clk)
Endpoint: _415_ (rising edge-triggered flip-flop clocked by clk)
Path Group: clk
Path Type: min

Fanout     Cap    Slew   Delay    Time   Description
-----------------------------------------------------------------------------
                          0.00    0.00   clock clk (rise edge)
                          0.00    0.00   clock source latency
                  0.22    0.14    0.14 ^ clk (in)
     1    0.05                           clk (net)
                  0.22    0.00    0.14 ^ clkbuf_0_clk/A (sky130_fd_sc_hd__clkbuf_16)
                  0.14    0.25    0.39 ^ clkbuf_0_clk/X (sky130_fd_sc_hd__clkbuf_16)
     8    0.13                           clknet_0_clk (net)
                  0.14    0.00    0.39 ^ clkbuf_3_1__f_clk/A (sky130_fd_sc_hd__clkbuf_16)
                  0.05    0.16    0.55 ^ clkbuf_3_1__f_clk/X (sky130_fd_sc_hd__clkbuf_16)
     9    0.03                           clknet_3_1__leaf_clk (net)
                  0.05    0.00    0.55 ^ _415_/CLK (sky130_fd_sc_hd__dfrtp_4)
                  0.11    0.43    0.99 ^ _415_/Q (sky130_fd_sc_hd__dfrtp_4)
     2    0.03                           net149 (net)
                  0.11    0.00    0.99 ^ _304_/A1 (sky130_fd_sc_hd__mux2_1)
                  0.04    0.13    1.12 ^ _304_/X (sky130_fd_sc_hd__mux2_1)
     1    0.00                           _133_ (net)
                  0.04    0.00    1.12 ^ _305_/A (sky130_fd_sc_hd__clkbuf_1)
                  0.04    0.07    1.20 ^ _305_/X (sky130_fd_sc_hd__clkbuf_1)
     1    0.00                           _026_ (net)
                  0.04    0.00    1.20 ^ _415_/D (sky130_fd_sc_hd__dfrtp_4)
                                  1.20   data arrival time

                          0.00    0.00   clock clk (rise edge)
                          0.00    0.00   clock source latency
                  0.22    0.16    0.16 ^ clk (in)
     1    0.05                           clk (net)
                  0.22    0.00    0.16 ^ clkbuf_0_clk/A (sky130_fd_sc_hd__clkbuf_16)
                  0.14    0.27    0.43 ^ clkbuf_0_clk/X (sky130_fd_sc_hd__clkbuf_16)
     8    0.13                           clknet_0_clk (net)
                  0.14    0.00    0.43 ^ clkbuf_3_1__f_clk/A (sky130_fd_sc_hd__clkbuf_16)
                  0.05    0.18    0.61 ^ clkbuf_3_1__f_clk/X (sky130_fd_sc_hd__clkbuf_16)
     9    0.03                           clknet_3_1__leaf_clk (net)
                  0.05    0.00    0.61 ^ _415_/CLK (sky130_fd_sc_hd__dfrtp_4)
                          0.25    0.86   clock uncertainty
                         -0.06    0.80   clock reconvergence pessimism
                         -0.03    0.77   library hold time
                                  0.77   data required time
-----------------------------------------------------------------------------
                                  0.77   data required time
                                 -1.20   data arrival time
-----------------------------------------------------------------------------
                                  0.42   slack (MET)


Startpoint: _426_ (rising edge-triggered flip-flop clocked by clk)
Endpoint: _426_ (rising edge-triggered flip-flop clocked by clk)
Path Group: clk
Path Type: min

Fanout     Cap    Slew   Delay    Time   Description
-----------------------------------------------------------------------------
                          0.00    0.00   clock clk (rise edge)
                          0.00    0.00   clock source latency
                  0.22    0.14    0.14 ^ clk (in)
     1    0.05                           clk (net)
                  0.22    0.00    0.14 ^ clkbuf_0_clk/A (sky130_fd_sc_hd__clkbuf_16)
                  0.14    0.25    0.39 ^ clkbuf_0_clk/X (sky130_fd_sc_hd__clkbuf_16)
     8    0.13                           clknet_0_clk (net)
                  0.14    0.00    0.39 ^ clkbuf_3_4__f_clk/A (sky130_fd_sc_hd__clkbuf_16)
                  0.08    0.18    0.57 ^ clkbuf_3_4__f_clk/X (sky130_fd_sc_hd__clkbuf_16)
    14    0.06                           clknet_3_4__leaf_clk (net)
                  0.08    0.00    0.57 ^ _426_/CLK (sky130_fd_sc_hd__dfrtp_1)
                  0.19    0.42    0.99 ^ _426_/Q (sky130_fd_sc_hd__dfrtp_1)
     2    0.02                           net192 (net)
                  0.19    0.00    0.99 ^ _327_/A1 (sky130_fd_sc_hd__mux2_1)
                  0.05    0.16    1.15 ^ _327_/X (sky130_fd_sc_hd__mux2_1)
     1    0.00                           _145_ (net)
                  0.05    0.00    1.15 ^ _328_/A (sky130_fd_sc_hd__clkbuf_1)
                  0.04    0.07    1.22 ^ _328_/X (sky130_fd_sc_hd__clkbuf_1)
     1    0.00                           _037_ (net)
                  0.04    0.00    1.22 ^ _426_/D (sky130_fd_sc_hd__dfrtp_1)
                                  1.22   data arrival time

                          0.00    0.00   clock clk (rise edge)
                          0.00    0.00   clock source latency
                  0.22    0.16    0.16 ^ clk (in)
     1    0.05                           clk (net)
                  0.22    0.00    0.16 ^ clkbuf_0_clk/A (sky130_fd_sc_hd__clkbuf_16)
                  0.14    0.27    0.43 ^ clkbuf_0_clk/X (sky130_fd_sc_hd__clkbuf_16)
     8    0.13                           clknet_0_clk (net)
                  0.14    0.00    0.43 ^ clkbuf_3_4__f_clk/A (sky130_fd_sc_hd__clkbuf_16)
                  0.08    0.20    0.63 ^ clkbuf_3_4__f_clk/X (sky130_fd_sc_hd__clkbuf_16)
    14    0.06                           clknet_3_4__leaf_clk (net)
                  0.08    0.00    0.63 ^ _426_/CLK (sky130_fd_sc_hd__dfrtp_1)
                          0.25    0.88   clock uncertainty
                         -0.06    0.82   clock reconvergence pessimism
                         -0.03    0.79   library hold time
                                  0.79   data required time
-----------------------------------------------------------------------------
                                  0.79   data required time
                                 -1.22   data arrival time
-----------------------------------------------------------------------------
                                  0.43   slack (MET)


Startpoint: _445_ (rising edge-triggered flip-flop clocked by clk)
Endpoint: _445_ (rising edge-triggered flip-flop clocked by clk)
Path Group: clk
Path Type: min

Fanout     Cap    Slew   Delay    Time   Description
-----------------------------------------------------------------------------
                          0.00    0.00   clock clk (rise edge)
                          0.00    0.00   clock source latency
                  0.22    0.14    0.14 ^ clk (in)
     1    0.05                           clk (net)
                  0.22    0.00    0.14 ^ clkbuf_0_clk/A (sky130_fd_sc_hd__clkbuf_16)
                  0.14    0.25    0.39 ^ clkbuf_0_clk/X (sky130_fd_sc_hd__clkbuf_16)
     8    0.13                           clknet_0_clk (net)
                  0.14    0.00    0.39 ^ clkbuf_3_0__f_clk/A (sky130_fd_sc_hd__clkbuf_16)
                  0.07    0.17    0.56 ^ clkbuf_3_0__f_clk/X (sky130_fd_sc_hd__clkbuf_16)
     7    0.05                           clknet_3_0__leaf_clk (net)
                  0.07    0.00    0.57 ^ _445_/CLK (sky130_fd_sc_hd__dfrtp_1)
                  0.21    0.43    0.99 ^ _445_/Q (sky130_fd_sc_hd__dfrtp_1)
     2    0.02                           net183 (net)
                  0.21    0.00    0.99 ^ _367_/A1 (sky130_fd_sc_hd__mux2_1)
                  0.04    0.15    1.15 ^ _367_/X (sky130_fd_sc_hd__mux2_1)
     1    0.00                           _166_ (net)
                  0.04    0.00    1.15 ^ _368_/A (sky130_fd_sc_hd__clkbuf_1)
                  0.04    0.07    1.22 ^ _368_/X (sky130_fd_sc_hd__clkbuf_1)
     1    0.00                           _056_ (net)
                  0.04    0.00    1.22 ^ _445_/D (sky130_fd_sc_hd__dfrtp_1)
                                  1.22   data arrival time

                          0.00    0.00   clock clk (rise edge)
                          0.00    0.00   clock source latency
                  0.22    0.16    0.16 ^ clk (in)
     1    0.05                           clk (net)
                  0.22    0.00    0.16 ^ clkbuf_0_clk/A (sky130_fd_sc_hd__clkbuf_16)
                  0.14    0.27    0.43 ^ clkbuf_0_clk/X (sky130_fd_sc_hd__clkbuf_16)
     8    0.13                           clknet_0_clk (net)
                  0.14    0.00    0.43 ^ clkbuf_3_0__f_clk/A (sky130_fd_sc_hd__clkbuf_16)
                  0.07    0.19    0.62 ^ clkbuf_3_0__f_clk/X (sky130_fd_sc_hd__clkbuf_16)
     7    0.05                           clknet_3_0__leaf_clk (net)
                  0.07    0.00    0.63 ^ _445_/CLK (sky130_fd_sc_hd__dfrtp_1)
                          0.25    0.88   clock uncertainty
                         -0.06    0.82   clock reconvergence pessimism
                         -0.03    0.78   library hold time
                                  0.78   data required time
-----------------------------------------------------------------------------
                                  0.78   data required time
                                 -1.22   data arrival time
-----------------------------------------------------------------------------
                                  0.43   slack (MET)


Startpoint: _395_ (rising edge-triggered flip-flop clocked by clk)
Endpoint: _395_ (rising edge-triggered flip-flop clocked by clk)
Path Group: clk
Path Type: min

Fanout     Cap    Slew   Delay    Time   Description
-----------------------------------------------------------------------------
                          0.00    0.00   clock clk (rise edge)
                          0.00    0.00   clock source latency
                  0.22    0.14    0.14 ^ clk (in)
     1    0.05                           clk (net)
                  0.22    0.00    0.14 ^ clkbuf_0_clk/A (sky130_fd_sc_hd__clkbuf_16)
                  0.14    0.25    0.39 ^ clkbuf_0_clk/X (sky130_fd_sc_hd__clkbuf_16)
     8    0.13                           clknet_0_clk (net)
                  0.14    0.00    0.39 ^ clkbuf_3_1__f_clk/A (sky130_fd_sc_hd__clkbuf_16)
                  0.05    0.16    0.55 ^ clkbuf_3_1__f_clk/X (sky130_fd_sc_hd__clkbuf_16)
     9    0.03                           clknet_3_1__leaf_clk (net)
                  0.05    0.00    0.56 ^ _395_/CLK (sky130_fd_sc_hd__dfrtp_4)
                  0.12    0.44    1.00 ^ _395_/Q (sky130_fd_sc_hd__dfrtp_4)
     2    0.03                           net159 (net)
                  0.12    0.00    1.00 ^ _261_/A1 (sky130_fd_sc_hd__mux2_1)
                  0.04    0.14    1.13 ^ _261_/X (sky130_fd_sc_hd__mux2_1)
     1    0.00                           _110_ (net)
                  0.04    0.00    1.13 ^ _262_/A (sky130_fd_sc_hd__clkbuf_1)
                  0.04    0.08    1.21 ^ _262_/X (sky130_fd_sc_hd__clkbuf_1)
     1    0.00                           _006_ (net)
                  0.04    0.00    1.21 ^ _395_/D (sky130_fd_sc_hd__dfrtp_4)
                                  1.21   data arrival time

                          0.00    0.00   clock clk (rise edge)
                          0.00    0.00   clock source latency
                  0.22    0.16    0.16 ^ clk (in)
     1    0.05                           clk (net)
                  0.22    0.00    0.16 ^ clkbuf_0_clk/A (sky130_fd_sc_hd__clkbuf_16)
                  0.14    0.27    0.43 ^ clkbuf_0_clk/X (sky130_fd_sc_hd__clkbuf_16)
     8    0.13                           clknet_0_clk (net)
                  0.14    0.00    0.43 ^ clkbuf_3_1__f_clk/A (sky130_fd_sc_hd__clkbuf_16)
                  0.05    0.18    0.61 ^ clkbuf_3_1__f_clk/X (sky130_fd_sc_hd__clkbuf_16)
     9    0.03                           clknet_3_1__leaf_clk (net)
                  0.05    0.00    0.61 ^ _395_/CLK (sky130_fd_sc_hd__dfrtp_4)
                          0.25    0.86   clock uncertainty
                         -0.06    0.81   clock reconvergence pessimism
                         -0.03    0.77   library hold time
                                  0.77   data required time
-----------------------------------------------------------------------------
                                  0.77   data required time
                                 -1.21   data arrival time
-----------------------------------------------------------------------------
                                  0.43   slack (MET)


Startpoint: _431_ (rising edge-triggered flip-flop clocked by clk)
Endpoint: _431_ (rising edge-triggered flip-flop clocked by clk)
Path Group: clk
Path Type: min

Fanout     Cap    Slew   Delay    Time   Description
-----------------------------------------------------------------------------
                          0.00    0.00   clock clk (rise edge)
                          0.00    0.00   clock source latency
                  0.22    0.14    0.14 ^ clk (in)
     1    0.05                           clk (net)
                  0.22    0.00    0.14 ^ clkbuf_0_clk/A (sky130_fd_sc_hd__clkbuf_16)
                  0.14    0.25    0.39 ^ clkbuf_0_clk/X (sky130_fd_sc_hd__clkbuf_16)
     8    0.13                           clknet_0_clk (net)
                  0.14    0.00    0.39 ^ clkbuf_3_6__f_clk/A (sky130_fd_sc_hd__clkbuf_16)
                  0.06    0.17    0.56 ^ clkbuf_3_6__f_clk/X (sky130_fd_sc_hd__clkbuf_16)
     7    0.04                           clknet_3_6__leaf_clk (net)
                  0.06    0.00    0.56 ^ _431_/CLK (sky130_fd_sc_hd__dfrtp_1)
                  0.20    0.42    0.98 ^ _431_/Q (sky130_fd_sc_hd__dfrtp_1)
     2    0.02                           net199 (net)
                  0.20    0.00    0.98 ^ _338_/A1 (sky130_fd_sc_hd__mux2_1)
                  0.04    0.15    1.14 ^ _338_/X (sky130_fd_sc_hd__mux2_1)
     1    0.00                           _151_ (net)
                  0.04    0.00    1.14 ^ _339_/A (sky130_fd_sc_hd__clkbuf_1)
                  0.05    0.08    1.22 ^ _339_/X (sky130_fd_sc_hd__clkbuf_1)
     1    0.00                           _042_ (net)
                  0.05    0.00    1.22 ^ _431_/D (sky130_fd_sc_hd__dfrtp_1)
                                  1.22   data arrival time

                          0.00    0.00   clock clk (rise edge)
                          0.00    0.00   clock source latency
                  0.22    0.16    0.16 ^ clk (in)
     1    0.05                           clk (net)
                  0.22    0.00    0.16 ^ clkbuf_0_clk/A (sky130_fd_sc_hd__clkbuf_16)
                  0.14    0.27    0.43 ^ clkbuf_0_clk/X (sky130_fd_sc_hd__clkbuf_16)
     8    0.13                           clknet_0_clk (net)
                  0.14    0.00    0.43 ^ clkbuf_3_6__f_clk/A (sky130_fd_sc_hd__clkbuf_16)
                  0.06    0.19    0.62 ^ clkbuf_3_6__f_clk/X (sky130_fd_sc_hd__clkbuf_16)
     7    0.04                           clknet_3_6__leaf_clk (net)
                  0.06    0.00    0.62 ^ _431_/CLK (sky130_fd_sc_hd__dfrtp_1)
                          0.25    0.87   clock uncertainty
                         -0.06    0.81   clock reconvergence pessimism
                         -0.03    0.78   library hold time
                                  0.78   data required time
-----------------------------------------------------------------------------
                                  0.78   data required time
                                 -1.22   data arrival time
-----------------------------------------------------------------------------
                                  0.44   slack (MET)


Startpoint: _409_ (rising edge-triggered flip-flop clocked by clk)
Endpoint: _409_ (rising edge-triggered flip-flop clocked by clk)
Path Group: clk
Path Type: min

Fanout     Cap    Slew   Delay    Time   Description
-----------------------------------------------------------------------------
                          0.00    0.00   clock clk (rise edge)
                          0.00    0.00   clock source latency
                  0.22    0.14    0.14 ^ clk (in)
     1    0.05                           clk (net)
                  0.22    0.00    0.14 ^ clkbuf_0_clk/A (sky130_fd_sc_hd__clkbuf_16)
                  0.14    0.25    0.39 ^ clkbuf_0_clk/X (sky130_fd_sc_hd__clkbuf_16)
     8    0.13                           clknet_0_clk (net)
                  0.14    0.00    0.39 ^ clkbuf_3_5__f_clk/A (sky130_fd_sc_hd__clkbuf_16)
                  0.08    0.18    0.57 ^ clkbuf_3_5__f_clk/X (sky130_fd_sc_hd__clkbuf_16)
    10    0.06                           clknet_3_5__leaf_clk (net)
                  0.08    0.00    0.57 ^ _409_/CLK (sky130_fd_sc_hd__dfrtp_2)
                  0.17    0.44    1.01 ^ _409_/Q (sky130_fd_sc_hd__dfrtp_2)
     2    0.03                           net142 (net)
                  0.17    0.00    1.01 ^ _291_/A1 (sky130_fd_sc_hd__mux2_1)
                  0.04    0.15    1.16 ^ _291_/X (sky130_fd_sc_hd__mux2_1)
     1    0.00                           _126_ (net)
                  0.04    0.00    1.16 ^ _292_/A (sky130_fd_sc_hd__clkbuf_1)
                  0.04    0.07    1.23 ^ _292_/X (sky130_fd_sc_hd__clkbuf_1)
     1    0.00                           _020_ (net)
                  0.04    0.00    1.23 ^ _409_/D (sky130_fd_sc_hd__dfrtp_2)
                                  1.23   data arrival time

                          0.00    0.00   clock clk (rise edge)
                          0.00    0.00   clock source latency
                  0.22    0.16    0.16 ^ clk (in)
     1    0.05                           clk (net)
                  0.22    0.00    0.16 ^ clkbuf_0_clk/A (sky130_fd_sc_hd__clkbuf_16)
                  0.14    0.27    0.43 ^ clkbuf_0_clk/X (sky130_fd_sc_hd__clkbuf_16)
     8    0.13                           clknet_0_clk (net)
                  0.14    0.00    0.43 ^ clkbuf_3_5__f_clk/A (sky130_fd_sc_hd__clkbuf_16)
                  0.08    0.20    0.63 ^ clkbuf_3_5__f_clk/X (sky130_fd_sc_hd__clkbuf_16)
    10    0.06                           clknet_3_5__leaf_clk (net)
                  0.08    0.00    0.63 ^ _409_/CLK (sky130_fd_sc_hd__dfrtp_2)
                          0.25    0.88   clock uncertainty
                         -0.06    0.82   clock reconvergence pessimism
                         -0.03    0.80   library hold time
                                  0.80   data required time
-----------------------------------------------------------------------------
                                  0.80   data required time
                                 -1.23   data arrival time
-----------------------------------------------------------------------------
                                  0.44   slack (MET)


Startpoint: _414_ (rising edge-triggered flip-flop clocked by clk)
Endpoint: _414_ (rising edge-triggered flip-flop clocked by clk)
Path Group: clk
Path Type: min

Fanout     Cap    Slew   Delay    Time   Description
-----------------------------------------------------------------------------
                          0.00    0.00   clock clk (rise edge)
                          0.00    0.00   clock source latency
                  0.22    0.14    0.14 ^ clk (in)
     1    0.05                           clk (net)
                  0.22    0.00    0.14 ^ clkbuf_0_clk/A (sky130_fd_sc_hd__clkbuf_16)
                  0.14    0.25    0.39 ^ clkbuf_0_clk/X (sky130_fd_sc_hd__clkbuf_16)
     8    0.13                           clknet_0_clk (net)
                  0.14    0.00    0.39 ^ clkbuf_3_4__f_clk/A (sky130_fd_sc_hd__clkbuf_16)
                  0.08    0.18    0.57 ^ clkbuf_3_4__f_clk/X (sky130_fd_sc_hd__clkbuf_16)
    14    0.06                           clknet_3_4__leaf_clk (net)
                  0.08    0.00    0.57 ^ _414_/CLK (sky130_fd_sc_hd__dfrtp_1)
                  0.19    0.42    0.99 ^ _414_/Q (sky130_fd_sc_hd__dfrtp_1)
     2    0.02                           net148 (net)
                  0.19    0.00    0.99 ^ _302_/A1 (sky130_fd_sc_hd__mux2_1)
                  0.05    0.16    1.15 ^ _302_/X (sky130_fd_sc_hd__mux2_1)
     1    0.00                           _132_ (net)
                  0.05    0.00    1.15 ^ _303_/A (sky130_fd_sc_hd__clkbuf_1)
                  0.05    0.08    1.23 ^ _303_/X (sky130_fd_sc_hd__clkbuf_1)
     1    0.00                           _025_ (net)
                  0.05    0.00    1.23 ^ _414_/D (sky130_fd_sc_hd__dfrtp_1)
                                  1.23   data arrival time

                          0.00    0.00   clock clk (rise edge)
                          0.00    0.00   clock source latency
                  0.22    0.16    0.16 ^ clk (in)
     1    0.05                           clk (net)
                  0.22    0.00    0.16 ^ clkbuf_0_clk/A (sky130_fd_sc_hd__clkbuf_16)
                  0.14    0.27    0.43 ^ clkbuf_0_clk/X (sky130_fd_sc_hd__clkbuf_16)
     8    0.13                           clknet_0_clk (net)
                  0.14    0.00    0.43 ^ clkbuf_3_4__f_clk/A (sky130_fd_sc_hd__clkbuf_16)
                  0.08    0.20    0.63 ^ clkbuf_3_4__f_clk/X (sky130_fd_sc_hd__clkbuf_16)
    14    0.06                           clknet_3_4__leaf_clk (net)
                  0.08    0.00    0.63 ^ _414_/CLK (sky130_fd_sc_hd__dfrtp_1)
                          0.25    0.88   clock uncertainty
                         -0.06    0.82   clock reconvergence pessimism
                         -0.03    0.79   library hold time
                                  0.79   data required time
-----------------------------------------------------------------------------
                                  0.79   data required time
                                 -1.23   data arrival time
-----------------------------------------------------------------------------
                                  0.44   slack (MET)


Startpoint: _420_ (rising edge-triggered flip-flop clocked by clk)
Endpoint: _420_ (rising edge-triggered flip-flop clocked by clk)
Path Group: clk
Path Type: min

Fanout     Cap    Slew   Delay    Time   Description
-----------------------------------------------------------------------------
                          0.00    0.00   clock clk (rise edge)
                          0.00    0.00   clock source latency
                  0.22    0.14    0.14 ^ clk (in)
     1    0.05                           clk (net)
                  0.22    0.00    0.14 ^ clkbuf_0_clk/A (sky130_fd_sc_hd__clkbuf_16)
                  0.14    0.25    0.39 ^ clkbuf_0_clk/X (sky130_fd_sc_hd__clkbuf_16)
     8    0.13                           clknet_0_clk (net)
                  0.14    0.00    0.39 ^ clkbuf_3_4__f_clk/A (sky130_fd_sc_hd__clkbuf_16)
                  0.08    0.18    0.57 ^ clkbuf_3_4__f_clk/X (sky130_fd_sc_hd__clkbuf_16)
    14    0.06                           clknet_3_4__leaf_clk (net)
                  0.08    0.00    0.57 ^ _420_/CLK (sky130_fd_sc_hd__dfrtp_4)
                  0.11    0.45    1.02 ^ _420_/Q (sky130_fd_sc_hd__dfrtp_4)
     2    0.03                           net154 (net)
                  0.11    0.00    1.02 ^ _315_/A1 (sky130_fd_sc_hd__mux2_1)
                  0.04    0.14    1.15 ^ _315_/X (sky130_fd_sc_hd__mux2_1)
     1    0.00                           _139_ (net)
                  0.04    0.00    1.15 ^ _316_/A (sky130_fd_sc_hd__clkbuf_1)
                  0.05    0.08    1.23 ^ _316_/X (sky130_fd_sc_hd__clkbuf_1)
     1    0.00                           _031_ (net)
                  0.05    0.00    1.23 ^ _420_/D (sky130_fd_sc_hd__dfrtp_4)
                                  1.23   data arrival time

                          0.00    0.00   clock clk (rise edge)
                          0.00    0.00   clock source latency
                  0.22    0.16    0.16 ^ clk (in)
     1    0.05                           clk (net)
                  0.22    0.00    0.16 ^ clkbuf_0_clk/A (sky130_fd_sc_hd__clkbuf_16)
                  0.14    0.27    0.43 ^ clkbuf_0_clk/X (sky130_fd_sc_hd__clkbuf_16)
     8    0.13                           clknet_0_clk (net)
                  0.14    0.00    0.43 ^ clkbuf_3_4__f_clk/A (sky130_fd_sc_hd__clkbuf_16)
                  0.08    0.20    0.63 ^ clkbuf_3_4__f_clk/X (sky130_fd_sc_hd__clkbuf_16)
    14    0.06                           clknet_3_4__leaf_clk (net)
                  0.08    0.00    0.63 ^ _420_/CLK (sky130_fd_sc_hd__dfrtp_4)
                          0.25    0.88   clock uncertainty
                         -0.06    0.82   clock reconvergence pessimism
                         -0.03    0.79   library hold time
                                  0.79   data required time
-----------------------------------------------------------------------------
                                  0.79   data required time
                                 -1.23   data arrival time
-----------------------------------------------------------------------------
                                  0.44   slack (MET)


Startpoint: _421_ (rising edge-triggered flip-flop clocked by clk)
Endpoint: _421_ (rising edge-triggered flip-flop clocked by clk)
Path Group: clk
Path Type: min

Fanout     Cap    Slew   Delay    Time   Description
-----------------------------------------------------------------------------
                          0.00    0.00   clock clk (rise edge)
                          0.00    0.00   clock source latency
                  0.22    0.14    0.14 ^ clk (in)
     1    0.05                           clk (net)
                  0.22    0.00    0.14 ^ clkbuf_0_clk/A (sky130_fd_sc_hd__clkbuf_16)
                  0.14    0.25    0.39 ^ clkbuf_0_clk/X (sky130_fd_sc_hd__clkbuf_16)
     8    0.13                           clknet_0_clk (net)
                  0.14    0.00    0.39 ^ clkbuf_3_7__f_clk/A (sky130_fd_sc_hd__clkbuf_16)
                  0.09    0.18    0.58 ^ clkbuf_3_7__f_clk/X (sky130_fd_sc_hd__clkbuf_16)
     9    0.07                           clknet_3_7__leaf_clk (net)
                  0.09    0.00    0.58 ^ _421_/CLK (sky130_fd_sc_hd__dfrtp_1)
                  0.18    0.41    0.99 ^ _421_/Q (sky130_fd_sc_hd__dfrtp_1)
     2    0.02                           net155 (net)
                  0.18    0.00    0.99 ^ _317_/A1 (sky130_fd_sc_hd__mux2_1)
                  0.06    0.16    1.16 ^ _317_/X (sky130_fd_sc_hd__mux2_1)
     1    0.00                           _140_ (net)
                  0.06    0.00    1.16 ^ _318_/A (sky130_fd_sc_hd__clkbuf_1)
                  0.05    0.09    1.25 ^ _318_/X (sky130_fd_sc_hd__clkbuf_1)
     1    0.00                           _032_ (net)
                  0.05    0.00    1.25 ^ _421_/D (sky130_fd_sc_hd__dfrtp_1)
                                  1.25   data arrival time

                          0.00    0.00   clock clk (rise edge)
                          0.00    0.00   clock source latency
                  0.22    0.16    0.16 ^ clk (in)
     1    0.05                           clk (net)
                  0.22    0.00    0.16 ^ clkbuf_0_clk/A (sky130_fd_sc_hd__clkbuf_16)
                  0.14    0.27    0.43 ^ clkbuf_0_clk/X (sky130_fd_sc_hd__clkbuf_16)
     8    0.13                           clknet_0_clk (net)
                  0.14    0.00    0.43 ^ clkbuf_3_7__f_clk/A (sky130_fd_sc_hd__clkbuf_16)
                  0.09    0.20    0.64 ^ clkbuf_3_7__f_clk/X (sky130_fd_sc_hd__clkbuf_16)
     9    0.07                           clknet_3_7__leaf_clk (net)
                  0.09    0.00    0.64 ^ _421_/CLK (sky130_fd_sc_hd__dfrtp_1)
                          0.25    0.89   clock uncertainty
                         -0.06    0.83   clock reconvergence pessimism
                         -0.03    0.80   library hold time
                                  0.80   data required time
-----------------------------------------------------------------------------
                                  0.80   data required time
                                 -1.25   data arrival time
-----------------------------------------------------------------------------
                                  0.45   slack (MET)


Startpoint: _419_ (rising edge-triggered flip-flop clocked by clk)
Endpoint: _419_ (rising edge-triggered flip-flop clocked by clk)
Path Group: clk
Path Type: min

Fanout     Cap    Slew   Delay    Time   Description
-----------------------------------------------------------------------------
                          0.00    0.00   clock clk (rise edge)
                          0.00    0.00   clock source latency
                  0.22    0.14    0.14 ^ clk (in)
     1    0.05                           clk (net)
                  0.22    0.00    0.14 ^ clkbuf_0_clk/A (sky130_fd_sc_hd__clkbuf_16)
                  0.14    0.25    0.39 ^ clkbuf_0_clk/X (sky130_fd_sc_hd__clkbuf_16)
     8    0.13                           clknet_0_clk (net)
                  0.14    0.00    0.39 ^ clkbuf_3_3__f_clk/A (sky130_fd_sc_hd__clkbuf_16)
                  0.06    0.16    0.56 ^ clkbuf_3_3__f_clk/X (sky130_fd_sc_hd__clkbuf_16)
     5    0.04                           clknet_3_3__leaf_clk (net)
                  0.06    0.00    0.56 ^ _419_/CLK (sky130_fd_sc_hd__dfrtp_4)
                  0.13    0.45    1.01 ^ _419_/Q (sky130_fd_sc_hd__dfrtp_4)
     2    0.04                           net153 (net)
                  0.13    0.00    1.01 ^ _312_/A1 (sky130_fd_sc_hd__mux2_1)
                  0.04    0.14    1.15 ^ _312_/X (sky130_fd_sc_hd__mux2_1)
     1    0.00                           _137_ (net)
                  0.04    0.00    1.15 ^ _313_/A (sky130_fd_sc_hd__clkbuf_1)
                  0.04    0.08    1.22 ^ _313_/X (sky130_fd_sc_hd__clkbuf_1)
     1    0.00                           _030_ (net)
                  0.04    0.00    1.22 ^ _419_/D (sky130_fd_sc_hd__dfrtp_4)
                                  1.22   data arrival time

                          0.00    0.00   clock clk (rise edge)
                          0.00    0.00   clock source latency
                  0.22    0.16    0.16 ^ clk (in)
     1    0.05                           clk (net)
                  0.22    0.00    0.16 ^ clkbuf_0_clk/A (sky130_fd_sc_hd__clkbuf_16)
                  0.14    0.27    0.43 ^ clkbuf_0_clk/X (sky130_fd_sc_hd__clkbuf_16)
     8    0.13                           clknet_0_clk (net)
                  0.14    0.00    0.43 ^ clkbuf_3_3__f_clk/A (sky130_fd_sc_hd__clkbuf_16)
                  0.06    0.18    0.61 ^ clkbuf_3_3__f_clk/X (sky130_fd_sc_hd__clkbuf_16)
     5    0.04                           clknet_3_3__leaf_clk (net)
                  0.06    0.00    0.62 ^ _419_/CLK (sky130_fd_sc_hd__dfrtp_4)
                          0.25    0.87   clock uncertainty
                         -0.06    0.81   clock reconvergence pessimism
                         -0.03    0.78   library hold time
                                  0.78   data required time
-----------------------------------------------------------------------------
                                  0.78   data required time
                                 -1.22   data arrival time
-----------------------------------------------------------------------------
                                  0.45   slack (MET)


Startpoint: _449_ (rising edge-triggered flip-flop clocked by clk)
Endpoint: _449_ (rising edge-triggered flip-flop clocked by clk)
Path Group: clk
Path Type: min

Fanout     Cap    Slew   Delay    Time   Description
-----------------------------------------------------------------------------
                          0.00    0.00   clock clk (rise edge)
                          0.00    0.00   clock source latency
                  0.22    0.14    0.14 ^ clk (in)
     1    0.05                           clk (net)
                  0.22    0.00    0.14 ^ clkbuf_0_clk/A (sky130_fd_sc_hd__clkbuf_16)
                  0.14    0.25    0.39 ^ clkbuf_0_clk/X (sky130_fd_sc_hd__clkbuf_16)
     8    0.13                           clknet_0_clk (net)
                  0.14    0.00    0.39 ^ clkbuf_3_1__f_clk/A (sky130_fd_sc_hd__clkbuf_16)
                  0.05    0.16    0.55 ^ clkbuf_3_1__f_clk/X (sky130_fd_sc_hd__clkbuf_16)
     9    0.03                           clknet_3_1__leaf_clk (net)
                  0.05    0.00    0.55 ^ _449_/CLK (sky130_fd_sc_hd__dfrtp_4)
                  0.13    0.45    1.00 ^ _449_/Q (sky130_fd_sc_hd__dfrtp_4)
     2    0.03                           net187 (net)
                  0.13    0.00    1.00 ^ _375_/A1 (sky130_fd_sc_hd__mux2_1)
                  0.05    0.14    1.14 ^ _375_/X (sky130_fd_sc_hd__mux2_1)
     1    0.00                           _170_ (net)
                  0.05    0.00    1.14 ^ _376_/A (sky130_fd_sc_hd__clkbuf_1)
                  0.04    0.08    1.22 ^ _376_/X (sky130_fd_sc_hd__clkbuf_1)
     1    0.00                           _060_ (net)
                  0.04    0.00    1.22 ^ _449_/D (sky130_fd_sc_hd__dfrtp_4)
                                  1.22   data arrival time

                          0.00    0.00   clock clk (rise edge)
                          0.00    0.00   clock source latency
                  0.22    0.16    0.16 ^ clk (in)
     1    0.05                           clk (net)
                  0.22    0.00    0.16 ^ clkbuf_0_clk/A (sky130_fd_sc_hd__clkbuf_16)
                  0.14    0.27    0.43 ^ clkbuf_0_clk/X (sky130_fd_sc_hd__clkbuf_16)
     8    0.13                           clknet_0_clk (net)
                  0.14    0.00    0.43 ^ clkbuf_3_1__f_clk/A (sky130_fd_sc_hd__clkbuf_16)
                  0.05    0.18    0.61 ^ clkbuf_3_1__f_clk/X (sky130_fd_sc_hd__clkbuf_16)
     9    0.03                           clknet_3_1__leaf_clk (net)
                  0.05    0.00    0.61 ^ _449_/CLK (sky130_fd_sc_hd__dfrtp_4)
                          0.25    0.86   clock uncertainty
                         -0.06    0.80   clock reconvergence pessimism
                         -0.03    0.77   library hold time
                                  0.77   data required time
-----------------------------------------------------------------------------
                                  0.77   data required time
                                 -1.22   data arrival time
-----------------------------------------------------------------------------
                                  0.45   slack (MET)


Startpoint: _405_ (rising edge-triggered flip-flop clocked by clk)
Endpoint: _405_ (rising edge-triggered flip-flop clocked by clk)
Path Group: clk
Path Type: min

Fanout     Cap    Slew   Delay    Time   Description
-----------------------------------------------------------------------------
                          0.00    0.00   clock clk (rise edge)
                          0.00    0.00   clock source latency
                  0.22    0.14    0.14 ^ clk (in)
     1    0.05                           clk (net)
                  0.22    0.00    0.14 ^ clkbuf_0_clk/A (sky130_fd_sc_hd__clkbuf_16)
                  0.14    0.25    0.39 ^ clkbuf_0_clk/X (sky130_fd_sc_hd__clkbuf_16)
     8    0.13                           clknet_0_clk (net)
                  0.14    0.00    0.39 ^ clkbuf_3_5__f_clk/A (sky130_fd_sc_hd__clkbuf_16)
                  0.08    0.18    0.57 ^ clkbuf_3_5__f_clk/X (sky130_fd_sc_hd__clkbuf_16)
    10    0.06                           clknet_3_5__leaf_clk (net)
                  0.08    0.00    0.57 ^ _405_/CLK (sky130_fd_sc_hd__dfrtp_2)
                  0.18    0.44    1.02 ^ _405_/Q (sky130_fd_sc_hd__dfrtp_2)
     2    0.04                           net138 (net)
                  0.18    0.00    1.02 ^ _283_/A1 (sky130_fd_sc_hd__mux2_1)
                  0.04    0.15    1.17 ^ _283_/X (sky130_fd_sc_hd__mux2_1)
     1    0.00                           _122_ (net)
                  0.04    0.00    1.17 ^ _284_/A (sky130_fd_sc_hd__clkbuf_1)
                  0.04    0.07    1.25 ^ _284_/X (sky130_fd_sc_hd__clkbuf_1)
     1    0.00                           _016_ (net)
                  0.04    0.00    1.25 ^ _405_/D (sky130_fd_sc_hd__dfrtp_2)
                                  1.25   data arrival time

                          0.00    0.00   clock clk (rise edge)
                          0.00    0.00   clock source latency
                  0.22    0.16    0.16 ^ clk (in)
     1    0.05                           clk (net)
                  0.22    0.00    0.16 ^ clkbuf_0_clk/A (sky130_fd_sc_hd__clkbuf_16)
                  0.14    0.27    0.43 ^ clkbuf_0_clk/X (sky130_fd_sc_hd__clkbuf_16)
     8    0.13                           clknet_0_clk (net)
                  0.14    0.00    0.43 ^ clkbuf_3_5__f_clk/A (sky130_fd_sc_hd__clkbuf_16)
                  0.08    0.20    0.63 ^ clkbuf_3_5__f_clk/X (sky130_fd_sc_hd__clkbuf_16)
    10    0.06                           clknet_3_5__leaf_clk (net)
                  0.08    0.00    0.63 ^ _405_/CLK (sky130_fd_sc_hd__dfrtp_2)
                          0.25    0.88   clock uncertainty
                         -0.06    0.82   clock reconvergence pessimism
                         -0.03    0.79   library hold time
                                  0.79   data required time
-----------------------------------------------------------------------------
                                  0.79   data required time
                                 -1.25   data arrival time
-----------------------------------------------------------------------------
                                  0.45   slack (MET)


Startpoint: _404_ (rising edge-triggered flip-flop clocked by clk)
Endpoint: _404_ (rising edge-triggered flip-flop clocked by clk)
Path Group: clk
Path Type: min

Fanout     Cap    Slew   Delay    Time   Description
-----------------------------------------------------------------------------
                          0.00    0.00   clock clk (rise edge)
                          0.00    0.00   clock source latency
                  0.22    0.14    0.14 ^ clk (in)
     1    0.05                           clk (net)
                  0.22    0.00    0.14 ^ clkbuf_0_clk/A (sky130_fd_sc_hd__clkbuf_16)
                  0.14    0.25    0.39 ^ clkbuf_0_clk/X (sky130_fd_sc_hd__clkbuf_16)
     8    0.13                           clknet_0_clk (net)
                  0.14    0.00    0.39 ^ clkbuf_3_4__f_clk/A (sky130_fd_sc_hd__clkbuf_16)
                  0.08    0.18    0.57 ^ clkbuf_3_4__f_clk/X (sky130_fd_sc_hd__clkbuf_16)
    14    0.06                           clknet_3_4__leaf_clk (net)
                  0.08    0.00    0.57 ^ _404_/CLK (sky130_fd_sc_hd__dfrtp_4)
                  0.13    0.46    1.03 ^ _404_/Q (sky130_fd_sc_hd__dfrtp_4)
     2    0.04                           net137 (net)
                  0.13    0.00    1.03 ^ _281_/A1 (sky130_fd_sc_hd__mux2_1)
                  0.04    0.14    1.17 ^ _281_/X (sky130_fd_sc_hd__mux2_1)
     1    0.00                           _121_ (net)
                  0.04    0.00    1.17 ^ _282_/A (sky130_fd_sc_hd__clkbuf_1)
                  0.04    0.07    1.25 ^ _282_/X (sky130_fd_sc_hd__clkbuf_1)
     1    0.00                           _015_ (net)
                  0.04    0.00    1.25 ^ _404_/D (sky130_fd_sc_hd__dfrtp_4)
                                  1.25   data arrival time

                          0.00    0.00   clock clk (rise edge)
                          0.00    0.00   clock source latency
                  0.22    0.16    0.16 ^ clk (in)
     1    0.05                           clk (net)
                  0.22    0.00    0.16 ^ clkbuf_0_clk/A (sky130_fd_sc_hd__clkbuf_16)
                  0.14    0.27    0.43 ^ clkbuf_0_clk/X (sky130_fd_sc_hd__clkbuf_16)
     8    0.13                           clknet_0_clk (net)
                  0.14    0.00    0.43 ^ clkbuf_3_4__f_clk/A (sky130_fd_sc_hd__clkbuf_16)
                  0.08    0.20    0.63 ^ clkbuf_3_4__f_clk/X (sky130_fd_sc_hd__clkbuf_16)
    14    0.06                           clknet_3_4__leaf_clk (net)
                  0.08    0.00    0.63 ^ _404_/CLK (sky130_fd_sc_hd__dfrtp_4)
                          0.25    0.88   clock uncertainty
                         -0.06    0.82   clock reconvergence pessimism
                         -0.03    0.79   library hold time
                                  0.79   data required time
-----------------------------------------------------------------------------
                                  0.79   data required time
                                 -1.25   data arrival time
-----------------------------------------------------------------------------
                                  0.45   slack (MET)


Startpoint: _425_ (rising edge-triggered flip-flop clocked by clk)
Endpoint: _425_ (rising edge-triggered flip-flop clocked by clk)
Path Group: clk
Path Type: min

Fanout     Cap    Slew   Delay    Time   Description
-----------------------------------------------------------------------------
                          0.00    0.00   clock clk (rise edge)
                          0.00    0.00   clock source latency
                  0.22    0.14    0.14 ^ clk (in)
     1    0.05                           clk (net)
                  0.22    0.00    0.14 ^ clkbuf_0_clk/A (sky130_fd_sc_hd__clkbuf_16)
                  0.14    0.25    0.39 ^ clkbuf_0_clk/X (sky130_fd_sc_hd__clkbuf_16)
     8    0.13                           clknet_0_clk (net)
                  0.14    0.00    0.39 ^ clkbuf_3_4__f_clk/A (sky130_fd_sc_hd__clkbuf_16)
                  0.08    0.18    0.57 ^ clkbuf_3_4__f_clk/X (sky130_fd_sc_hd__clkbuf_16)
    14    0.06                           clknet_3_4__leaf_clk (net)
                  0.08    0.00    0.57 ^ _425_/CLK (sky130_fd_sc_hd__dfrtp_4)
                  0.11    0.44    1.01 ^ _425_/Q (sky130_fd_sc_hd__dfrtp_4)
     2    0.03                           net181 (net)
                  0.11    0.00    1.01 ^ _325_/A1 (sky130_fd_sc_hd__mux2_1)
                  0.06    0.15    1.16 ^ _325_/X (sky130_fd_sc_hd__mux2_1)
     1    0.01                           _144_ (net)
                  0.06    0.00    1.16 ^ _326_/A (sky130_fd_sc_hd__clkbuf_1)
                  0.05    0.09    1.25 ^ _326_/X (sky130_fd_sc_hd__clkbuf_1)
     1    0.00                           _036_ (net)
                  0.05    0.00    1.25 ^ _425_/D (sky130_fd_sc_hd__dfrtp_4)
                                  1.25   data arrival time

                          0.00    0.00   clock clk (rise edge)
                          0.00    0.00   clock source latency
                  0.22    0.16    0.16 ^ clk (in)
     1    0.05                           clk (net)
                  0.22    0.00    0.16 ^ clkbuf_0_clk/A (sky130_fd_sc_hd__clkbuf_16)
                  0.14    0.27    0.43 ^ clkbuf_0_clk/X (sky130_fd_sc_hd__clkbuf_16)
     8    0.13                           clknet_0_clk (net)
                  0.14    0.00    0.43 ^ clkbuf_3_4__f_clk/A (sky130_fd_sc_hd__clkbuf_16)
                  0.08    0.20    0.63 ^ clkbuf_3_4__f_clk/X (sky130_fd_sc_hd__clkbuf_16)
    14    0.06                           clknet_3_4__leaf_clk (net)
                  0.08    0.00    0.63 ^ _425_/CLK (sky130_fd_sc_hd__dfrtp_4)
                          0.25    0.88   clock uncertainty
                         -0.06    0.82   clock reconvergence pessimism
                         -0.03    0.79   library hold time
                                  0.79   data required time
-----------------------------------------------------------------------------
                                  0.79   data required time
                                 -1.25   data arrival time
-----------------------------------------------------------------------------
                                  0.46   slack (MET)


Startpoint: _434_ (rising edge-triggered flip-flop clocked by clk)
Endpoint: _434_ (rising edge-triggered flip-flop clocked by clk)
Path Group: clk
Path Type: min

Fanout     Cap    Slew   Delay    Time   Description
-----------------------------------------------------------------------------
                          0.00    0.00   clock clk (rise edge)
                          0.00    0.00   clock source latency
                  0.22    0.14    0.14 ^ clk (in)
     1    0.05                           clk (net)
                  0.22    0.00    0.14 ^ clkbuf_0_clk/A (sky130_fd_sc_hd__clkbuf_16)
                  0.14    0.25    0.39 ^ clkbuf_0_clk/X (sky130_fd_sc_hd__clkbuf_16)
     8    0.13                           clknet_0_clk (net)
                  0.14    0.00    0.39 ^ clkbuf_3_4__f_clk/A (sky130_fd_sc_hd__clkbuf_16)
                  0.08    0.18    0.57 ^ clkbuf_3_4__f_clk/X (sky130_fd_sc_hd__clkbuf_16)
    14    0.06                           clknet_3_4__leaf_clk (net)
                  0.08    0.00    0.57 ^ _434_/CLK (sky130_fd_sc_hd__dfrtp_4)
                  0.14    0.46    1.04 ^ _434_/Q (sky130_fd_sc_hd__dfrtp_4)
     2    0.04                           net171 (net)
                  0.14    0.00    1.04 ^ _344_/A1 (sky130_fd_sc_hd__mux2_1)
                  0.04    0.14    1.18 ^ _344_/X (sky130_fd_sc_hd__mux2_1)
     1    0.00                           _154_ (net)
                  0.04    0.00    1.18 ^ _345_/A (sky130_fd_sc_hd__clkbuf_1)
                  0.04    0.07    1.25 ^ _345_/X (sky130_fd_sc_hd__clkbuf_1)
     1    0.00                           _045_ (net)
                  0.04    0.00    1.25 ^ _434_/D (sky130_fd_sc_hd__dfrtp_4)
                                  1.25   data arrival time

                          0.00    0.00   clock clk (rise edge)
                          0.00    0.00   clock source latency
                  0.22    0.16    0.16 ^ clk (in)
     1    0.05                           clk (net)
                  0.22    0.00    0.16 ^ clkbuf_0_clk/A (sky130_fd_sc_hd__clkbuf_16)
                  0.14    0.27    0.43 ^ clkbuf_0_clk/X (sky130_fd_sc_hd__clkbuf_16)
     8    0.13                           clknet_0_clk (net)
                  0.14    0.00    0.43 ^ clkbuf_3_4__f_clk/A (sky130_fd_sc_hd__clkbuf_16)
                  0.08    0.20    0.63 ^ clkbuf_3_4__f_clk/X (sky130_fd_sc_hd__clkbuf_16)
    14    0.06                           clknet_3_4__leaf_clk (net)
                  0.08    0.00    0.63 ^ _434_/CLK (sky130_fd_sc_hd__dfrtp_4)
                          0.25    0.88   clock uncertainty
                         -0.06    0.82   clock reconvergence pessimism
                         -0.03    0.79   library hold time
                                  0.79   data required time
-----------------------------------------------------------------------------
                                  0.79   data required time
                                 -1.25   data arrival time
-----------------------------------------------------------------------------
                                  0.46   slack (MET)


Startpoint: _438_ (rising edge-triggered flip-flop clocked by clk)
Endpoint: _438_ (rising edge-triggered flip-flop clocked by clk)
Path Group: clk
Path Type: min

Fanout     Cap    Slew   Delay    Time   Description
-----------------------------------------------------------------------------
                          0.00    0.00   clock clk (rise edge)
                          0.00    0.00   clock source latency
                  0.22    0.14    0.14 ^ clk (in)
     1    0.05                           clk (net)
                  0.22    0.00    0.14 ^ clkbuf_0_clk/A (sky130_fd_sc_hd__clkbuf_16)
                  0.14    0.25    0.39 ^ clkbuf_0_clk/X (sky130_fd_sc_hd__clkbuf_16)
     8    0.13                           clknet_0_clk (net)
                  0.14    0.00    0.39 ^ clkbuf_3_4__f_clk/A (sky130_fd_sc_hd__clkbuf_16)
                  0.08    0.18    0.57 ^ clkbuf_3_4__f_clk/X (sky130_fd_sc_hd__clkbuf_16)
    14    0.06                           clknet_3_4__leaf_clk (net)
                  0.08    0.00    0.57 ^ _438_/CLK (sky130_fd_sc_hd__dfrtp_2)
                  0.14    0.41    0.98 ^ _438_/Q (sky130_fd_sc_hd__dfrtp_2)
     2    0.03                           net175 (net)
                  0.14    0.00    0.98 ^ _352_/A1 (sky130_fd_sc_hd__mux2_1)
                  0.07    0.17    1.15 ^ _352_/X (sky130_fd_sc_hd__mux2_1)
     1    0.01                           _158_ (net)
                  0.07    0.00    1.15 ^ _353_/A (sky130_fd_sc_hd__clkbuf_1)
                  0.07    0.10    1.25 ^ _353_/X (sky130_fd_sc_hd__clkbuf_1)
     1    0.00                           _049_ (net)
                  0.07    0.00    1.25 ^ _438_/D (sky130_fd_sc_hd__dfrtp_2)
                                  1.25   data arrival time

                          0.00    0.00   clock clk (rise edge)
                          0.00    0.00   clock source latency
                  0.22    0.16    0.16 ^ clk (in)
     1    0.05                           clk (net)
                  0.22    0.00    0.16 ^ clkbuf_0_clk/A (sky130_fd_sc_hd__clkbuf_16)
                  0.14    0.27    0.43 ^ clkbuf_0_clk/X (sky130_fd_sc_hd__clkbuf_16)
     8    0.13                           clknet_0_clk (net)
                  0.14    0.00    0.43 ^ clkbuf_3_4__f_clk/A (sky130_fd_sc_hd__clkbuf_16)
                  0.08    0.20    0.63 ^ clkbuf_3_4__f_clk/X (sky130_fd_sc_hd__clkbuf_16)
    14    0.06                           clknet_3_4__leaf_clk (net)
                  0.08    0.00    0.63 ^ _438_/CLK (sky130_fd_sc_hd__dfrtp_2)
                          0.25    0.88   clock uncertainty
                         -0.06    0.82   clock reconvergence pessimism
                         -0.03    0.79   library hold time
                                  0.79   data required time
-----------------------------------------------------------------------------
                                  0.79   data required time
                                 -1.25   data arrival time
-----------------------------------------------------------------------------
                                  0.46   slack (MET)


Startpoint: _444_ (rising edge-triggered flip-flop clocked by clk)
Endpoint: _444_ (rising edge-triggered flip-flop clocked by clk)
Path Group: clk
Path Type: min

Fanout     Cap    Slew   Delay    Time   Description
-----------------------------------------------------------------------------
                          0.00    0.00   clock clk (rise edge)
                          0.00    0.00   clock source latency
                  0.22    0.14    0.14 ^ clk (in)
     1    0.05                           clk (net)
                  0.22    0.00    0.14 ^ clkbuf_0_clk/A (sky130_fd_sc_hd__clkbuf_16)
                  0.14    0.25    0.39 ^ clkbuf_0_clk/X (sky130_fd_sc_hd__clkbuf_16)
     8    0.13                           clknet_0_clk (net)
                  0.14    0.00    0.39 ^ clkbuf_3_0__f_clk/A (sky130_fd_sc_hd__clkbuf_16)
                  0.07    0.17    0.56 ^ clkbuf_3_0__f_clk/X (sky130_fd_sc_hd__clkbuf_16)
     7    0.05                           clknet_3_0__leaf_clk (net)
                  0.07    0.00    0.57 ^ _444_/CLK (sky130_fd_sc_hd__dfrtp_1)
                  0.22    0.43    1.00 ^ _444_/Q (sky130_fd_sc_hd__dfrtp_1)
     2    0.02                           net182 (net)
                  0.22    0.00    1.00 ^ _365_/A1 (sky130_fd_sc_hd__mux2_1)
                  0.05    0.16    1.16 ^ _365_/X (sky130_fd_sc_hd__mux2_1)
     1    0.00                           _165_ (net)
                  0.05    0.00    1.16 ^ _366_/A (sky130_fd_sc_hd__clkbuf_1)
                  0.05    0.08    1.24 ^ _366_/X (sky130_fd_sc_hd__clkbuf_1)
     1    0.00                           _055_ (net)
                  0.05    0.00    1.25 ^ _444_/D (sky130_fd_sc_hd__dfrtp_1)
                                  1.25   data arrival time

                          0.00    0.00   clock clk (rise edge)
                          0.00    0.00   clock source latency
                  0.22    0.16    0.16 ^ clk (in)
     1    0.05                           clk (net)
                  0.22    0.00    0.16 ^ clkbuf_0_clk/A (sky130_fd_sc_hd__clkbuf_16)
                  0.14    0.27    0.43 ^ clkbuf_0_clk/X (sky130_fd_sc_hd__clkbuf_16)
     8    0.13                           clknet_0_clk (net)
                  0.14    0.00    0.43 ^ clkbuf_3_0__f_clk/A (sky130_fd_sc_hd__clkbuf_16)
                  0.07    0.19    0.62 ^ clkbuf_3_0__f_clk/X (sky130_fd_sc_hd__clkbuf_16)
     7    0.05                           clknet_3_0__leaf_clk (net)
                  0.07    0.00    0.63 ^ _444_/CLK (sky130_fd_sc_hd__dfrtp_1)
                          0.25    0.88   clock uncertainty
                         -0.06    0.82   clock reconvergence pessimism
                         -0.03    0.78   library hold time
                                  0.78   data required time
-----------------------------------------------------------------------------
                                  0.78   data required time
                                 -1.25   data arrival time
-----------------------------------------------------------------------------
                                  0.46   slack (MET)


Startpoint: _441_ (rising edge-triggered flip-flop clocked by clk)
Endpoint: _441_ (rising edge-triggered flip-flop clocked by clk)
Path Group: clk
Path Type: min

Fanout     Cap    Slew   Delay    Time   Description
-----------------------------------------------------------------------------
                          0.00    0.00   clock clk (rise edge)
                          0.00    0.00   clock source latency
                  0.22    0.14    0.14 ^ clk (in)
     1    0.05                           clk (net)
                  0.22    0.00    0.14 ^ clkbuf_0_clk/A (sky130_fd_sc_hd__clkbuf_16)
                  0.14    0.25    0.39 ^ clkbuf_0_clk/X (sky130_fd_sc_hd__clkbuf_16)
     8    0.13                           clknet_0_clk (net)
                  0.14    0.00    0.39 ^ clkbuf_3_4__f_clk/A (sky130_fd_sc_hd__clkbuf_16)
                  0.08    0.18    0.57 ^ clkbuf_3_4__f_clk/X (sky130_fd_sc_hd__clkbuf_16)
    14    0.06                           clknet_3_4__leaf_clk (net)
                  0.08    0.00    0.57 ^ _441_/CLK (sky130_fd_sc_hd__dfrtp_4)
                  0.12    0.45    1.03 ^ _441_/Q (sky130_fd_sc_hd__dfrtp_4)
     2    0.03                           net178 (net)
                  0.12    0.00    1.03 ^ _359_/A1 (sky130_fd_sc_hd__mux2_1)
                  0.05    0.14    1.17 ^ _359_/X (sky130_fd_sc_hd__mux2_1)
     1    0.00                           _162_ (net)
                  0.05    0.00    1.17 ^ _360_/A (sky130_fd_sc_hd__clkbuf_1)
                  0.05    0.08    1.25 ^ _360_/X (sky130_fd_sc_hd__clkbuf_1)
     1    0.00                           _052_ (net)
                  0.05    0.00    1.25 ^ _441_/D (sky130_fd_sc_hd__dfrtp_4)
                                  1.25   data arrival time

                          0.00    0.00   clock clk (rise edge)
                          0.00    0.00   clock source latency
                  0.22    0.16    0.16 ^ clk (in)
     1    0.05                           clk (net)
                  0.22    0.00    0.16 ^ clkbuf_0_clk/A (sky130_fd_sc_hd__clkbuf_16)
                  0.14    0.27    0.43 ^ clkbuf_0_clk/X (sky130_fd_sc_hd__clkbuf_16)
     8    0.13                           clknet_0_clk (net)
                  0.14    0.00    0.43 ^ clkbuf_3_4__f_clk/A (sky130_fd_sc_hd__clkbuf_16)
                  0.08    0.20    0.63 ^ clkbuf_3_4__f_clk/X (sky130_fd_sc_hd__clkbuf_16)
    14    0.06                           clknet_3_4__leaf_clk (net)
                  0.08    0.00    0.63 ^ _441_/CLK (sky130_fd_sc_hd__dfrtp_4)
                          0.25    0.88   clock uncertainty
                         -0.06    0.82   clock reconvergence pessimism
                         -0.03    0.79   library hold time
                                  0.79   data required time
-----------------------------------------------------------------------------
                                  0.79   data required time
                                 -1.25   data arrival time
-----------------------------------------------------------------------------
                                  0.46   slack (MET)


Startpoint: _410_ (rising edge-triggered flip-flop clocked by clk)
Endpoint: _410_ (rising edge-triggered flip-flop clocked by clk)
Path Group: clk
Path Type: min

Fanout     Cap    Slew   Delay    Time   Description
-----------------------------------------------------------------------------
                          0.00    0.00   clock clk (rise edge)
                          0.00    0.00   clock source latency
                  0.22    0.14    0.14 ^ clk (in)
     1    0.05                           clk (net)
                  0.22    0.00    0.14 ^ clkbuf_0_clk/A (sky130_fd_sc_hd__clkbuf_16)
                  0.14    0.25    0.39 ^ clkbuf_0_clk/X (sky130_fd_sc_hd__clkbuf_16)
     8    0.13                           clknet_0_clk (net)
                  0.14    0.00    0.39 ^ clkbuf_3_1__f_clk/A (sky130_fd_sc_hd__clkbuf_16)
                  0.05    0.16    0.55 ^ clkbuf_3_1__f_clk/X (sky130_fd_sc_hd__clkbuf_16)
     9    0.03                           clknet_3_1__leaf_clk (net)
                  0.05    0.00    0.56 ^ _410_/CLK (sky130_fd_sc_hd__dfrtp_4)
                  0.14    0.45    1.01 ^ _410_/Q (sky130_fd_sc_hd__dfrtp_4)
     2    0.04                           net143 (net)
                  0.14    0.00    1.01 ^ _294_/A1 (sky130_fd_sc_hd__mux2_1)
                  0.05    0.14    1.15 ^ _294_/X (sky130_fd_sc_hd__mux2_1)
     1    0.00                           _128_ (net)
                  0.05    0.00    1.15 ^ _295_/A (sky130_fd_sc_hd__clkbuf_1)
                  0.05    0.08    1.24 ^ _295_/X (sky130_fd_sc_hd__clkbuf_1)
     1    0.00                           _021_ (net)
                  0.05    0.00    1.24 ^ _410_/D (sky130_fd_sc_hd__dfrtp_4)
                                  1.24   data arrival time

                          0.00    0.00   clock clk (rise edge)
                          0.00    0.00   clock source latency
                  0.22    0.16    0.16 ^ clk (in)
     1    0.05                           clk (net)
                  0.22    0.00    0.16 ^ clkbuf_0_clk/A (sky130_fd_sc_hd__clkbuf_16)
                  0.14    0.27    0.43 ^ clkbuf_0_clk/X (sky130_fd_sc_hd__clkbuf_16)
     8    0.13                           clknet_0_clk (net)
                  0.14    0.00    0.43 ^ clkbuf_3_1__f_clk/A (sky130_fd_sc_hd__clkbuf_16)
                  0.05    0.18    0.61 ^ clkbuf_3_1__f_clk/X (sky130_fd_sc_hd__clkbuf_16)
     9    0.03                           clknet_3_1__leaf_clk (net)
                  0.05    0.00    0.61 ^ _410_/CLK (sky130_fd_sc_hd__dfrtp_4)
                          0.25    0.86   clock uncertainty
                         -0.06    0.81   clock reconvergence pessimism
                         -0.04    0.77   library hold time
                                  0.77   data required time
-----------------------------------------------------------------------------
                                  0.77   data required time
                                 -1.24   data arrival time
-----------------------------------------------------------------------------
                                  0.47   slack (MET)


Startpoint: _439_ (rising edge-triggered flip-flop clocked by clk)
Endpoint: _439_ (rising edge-triggered flip-flop clocked by clk)
Path Group: clk
Path Type: min

Fanout     Cap    Slew   Delay    Time   Description
-----------------------------------------------------------------------------
                          0.00    0.00   clock clk (rise edge)
                          0.00    0.00   clock source latency
                  0.22    0.14    0.14 ^ clk (in)
     1    0.05                           clk (net)
                  0.22    0.00    0.14 ^ clkbuf_0_clk/A (sky130_fd_sc_hd__clkbuf_16)
                  0.14    0.25    0.39 ^ clkbuf_0_clk/X (sky130_fd_sc_hd__clkbuf_16)
     8    0.13                           clknet_0_clk (net)
                  0.14    0.00    0.39 ^ clkbuf_3_3__f_clk/A (sky130_fd_sc_hd__clkbuf_16)
                  0.06    0.16    0.56 ^ clkbuf_3_3__f_clk/X (sky130_fd_sc_hd__clkbuf_16)
     5    0.04                           clknet_3_3__leaf_clk (net)
                  0.06    0.00    0.56 ^ _439_/CLK (sky130_fd_sc_hd__dfrtp_4)
                  0.16    0.47    1.03 ^ _439_/Q (sky130_fd_sc_hd__dfrtp_4)
     2    0.05                           net176 (net)
                  0.16    0.00    1.03 ^ _354_/A1 (sky130_fd_sc_hd__mux2_1)
                  0.04    0.14    1.18 ^ _354_/X (sky130_fd_sc_hd__mux2_1)
     1    0.00                           _159_ (net)
                  0.04    0.00    1.18 ^ _355_/A (sky130_fd_sc_hd__clkbuf_1)
                  0.04    0.07    1.25 ^ _355_/X (sky130_fd_sc_hd__clkbuf_1)
     1    0.00                           _050_ (net)
                  0.04    0.00    1.25 ^ _439_/D (sky130_fd_sc_hd__dfrtp_4)
                                  1.25   data arrival time

                          0.00    0.00   clock clk (rise edge)
                          0.00    0.00   clock source latency
                  0.22    0.16    0.16 ^ clk (in)
     1    0.05                           clk (net)
                  0.22    0.00    0.16 ^ clkbuf_0_clk/A (sky130_fd_sc_hd__clkbuf_16)
                  0.14    0.27    0.43 ^ clkbuf_0_clk/X (sky130_fd_sc_hd__clkbuf_16)
     8    0.13                           clknet_0_clk (net)
                  0.14    0.00    0.43 ^ clkbuf_3_3__f_clk/A (sky130_fd_sc_hd__clkbuf_16)
                  0.06    0.18    0.61 ^ clkbuf_3_3__f_clk/X (sky130_fd_sc_hd__clkbuf_16)
     5    0.04                           clknet_3_3__leaf_clk (net)
                  0.06    0.00    0.62 ^ _439_/CLK (sky130_fd_sc_hd__dfrtp_4)
                          0.25    0.87   clock uncertainty
                         -0.06    0.81   clock reconvergence pessimism
                         -0.03    0.78   library hold time
                                  0.78   data required time
-----------------------------------------------------------------------------
                                  0.78   data required time
                                 -1.25   data arrival time
-----------------------------------------------------------------------------
                                  0.47   slack (MET)


Startpoint: _413_ (rising edge-triggered flip-flop clocked by clk)
Endpoint: _413_ (rising edge-triggered flip-flop clocked by clk)
Path Group: clk
Path Type: min

Fanout     Cap    Slew   Delay    Time   Description
-----------------------------------------------------------------------------
                          0.00    0.00   clock clk (rise edge)
                          0.00    0.00   clock source latency
                  0.22    0.14    0.14 ^ clk (in)
     1    0.05                           clk (net)
                  0.22    0.00    0.14 ^ clkbuf_0_clk/A (sky130_fd_sc_hd__clkbuf_16)
                  0.14    0.25    0.39 ^ clkbuf_0_clk/X (sky130_fd_sc_hd__clkbuf_16)
     8    0.13                           clknet_0_clk (net)
                  0.14    0.00    0.39 ^ clkbuf_3_4__f_clk/A (sky130_fd_sc_hd__clkbuf_16)
                  0.08    0.18    0.57 ^ clkbuf_3_4__f_clk/X (sky130_fd_sc_hd__clkbuf_16)
    14    0.06                           clknet_3_4__leaf_clk (net)
                  0.08    0.00    0.57 ^ _413_/CLK (sky130_fd_sc_hd__dfrtp_4)
                  0.13    0.46    1.03 ^ _413_/Q (sky130_fd_sc_hd__dfrtp_4)
     2    0.04                           net147 (net)
                  0.13    0.00    1.03 ^ _300_/A1 (sky130_fd_sc_hd__mux2_1)
                  0.04    0.14    1.18 ^ _300_/X (sky130_fd_sc_hd__mux2_1)
     1    0.00                           _131_ (net)
                  0.04    0.00    1.18 ^ _301_/A (sky130_fd_sc_hd__clkbuf_1)
                  0.06    0.09    1.26 ^ _301_/X (sky130_fd_sc_hd__clkbuf_1)
     1    0.00                           _024_ (net)
                  0.06    0.00    1.26 ^ _413_/D (sky130_fd_sc_hd__dfrtp_4)
                                  1.26   data arrival time

                          0.00    0.00   clock clk (rise edge)
                          0.00    0.00   clock source latency
                  0.22    0.16    0.16 ^ clk (in)
     1    0.05                           clk (net)
                  0.22    0.00    0.16 ^ clkbuf_0_clk/A (sky130_fd_sc_hd__clkbuf_16)
                  0.14    0.27    0.43 ^ clkbuf_0_clk/X (sky130_fd_sc_hd__clkbuf_16)
     8    0.13                           clknet_0_clk (net)
                  0.14    0.00    0.43 ^ clkbuf_3_4__f_clk/A (sky130_fd_sc_hd__clkbuf_16)
                  0.08    0.20    0.63 ^ clkbuf_3_4__f_clk/X (sky130_fd_sc_hd__clkbuf_16)
    14    0.06                           clknet_3_4__leaf_clk (net)
                  0.08    0.00    0.63 ^ _413_/CLK (sky130_fd_sc_hd__dfrtp_4)
                          0.25    0.88   clock uncertainty
                         -0.06    0.82   clock reconvergence pessimism
                         -0.03    0.79   library hold time
                                  0.79   data required time
-----------------------------------------------------------------------------
                                  0.79   data required time
                                 -1.26   data arrival time
-----------------------------------------------------------------------------
                                  0.48   slack (MET)


Startpoint: _389_ (rising edge-triggered flip-flop clocked by clk)
Endpoint: _389_ (rising edge-triggered flip-flop clocked by clk)
Path Group: clk
Path Type: min

Fanout     Cap    Slew   Delay    Time   Description
-----------------------------------------------------------------------------
                          0.00    0.00   clock clk (rise edge)
                          0.00    0.00   clock source latency
                  0.22    0.14    0.14 ^ clk (in)
     1    0.05                           clk (net)
                  0.22    0.00    0.14 ^ clkbuf_0_clk/A (sky130_fd_sc_hd__clkbuf_16)
                  0.14    0.25    0.39 ^ clkbuf_0_clk/X (sky130_fd_sc_hd__clkbuf_16)
     8    0.13                           clknet_0_clk (net)
                  0.14    0.00    0.39 ^ clkbuf_3_1__f_clk/A (sky130_fd_sc_hd__clkbuf_16)
                  0.05    0.16    0.55 ^ clkbuf_3_1__f_clk/X (sky130_fd_sc_hd__clkbuf_16)
     9    0.03                           clknet_3_1__leaf_clk (net)
                  0.05    0.00    0.56 ^ _389_/CLK (sky130_fd_sc_hd__dfrtp_4)
                  0.13    0.45    1.00 ^ _389_/Q (sky130_fd_sc_hd__dfrtp_4)
     2    0.04                           net202 (net)
                  0.13    0.00    1.01 ^ _251_/A1 (sky130_fd_sc_hd__mux2_1)
                  0.06    0.16    1.16 ^ _251_/X (sky130_fd_sc_hd__mux2_1)
     1    0.01                           _106_ (net)
                  0.06    0.00    1.16 ^ _252_/A (sky130_fd_sc_hd__clkbuf_1)
                  0.05    0.09    1.25 ^ _252_/X (sky130_fd_sc_hd__clkbuf_1)
     1    0.00                           _000_ (net)
                  0.05    0.00    1.25 ^ _389_/D (sky130_fd_sc_hd__dfrtp_4)
                                  1.25   data arrival time

                          0.00    0.00   clock clk (rise edge)
                          0.00    0.00   clock source latency
                  0.22    0.16    0.16 ^ clk (in)
     1    0.05                           clk (net)
                  0.22    0.00    0.16 ^ clkbuf_0_clk/A (sky130_fd_sc_hd__clkbuf_16)
                  0.14    0.27    0.43 ^ clkbuf_0_clk/X (sky130_fd_sc_hd__clkbuf_16)
     8    0.13                           clknet_0_clk (net)
                  0.14    0.00    0.43 ^ clkbuf_3_1__f_clk/A (sky130_fd_sc_hd__clkbuf_16)
                  0.05    0.18    0.61 ^ clkbuf_3_1__f_clk/X (sky130_fd_sc_hd__clkbuf_16)
     9    0.03                           clknet_3_1__leaf_clk (net)
                  0.05    0.00    0.61 ^ _389_/CLK (sky130_fd_sc_hd__dfrtp_4)
                          0.25    0.86   clock uncertainty
                         -0.06    0.81   clock reconvergence pessimism
                         -0.04    0.77   library hold time
                                  0.77   data required time
-----------------------------------------------------------------------------
                                  0.77   data required time
                                 -1.25   data arrival time
-----------------------------------------------------------------------------
                                  0.48   slack (MET)


Startpoint: _424_ (rising edge-triggered flip-flop clocked by clk)
Endpoint: _424_ (rising edge-triggered flip-flop clocked by clk)
Path Group: clk
Path Type: min

Fanout     Cap    Slew   Delay    Time   Description
-----------------------------------------------------------------------------
                          0.00    0.00   clock clk (rise edge)
                          0.00    0.00   clock source latency
                  0.22    0.14    0.14 ^ clk (in)
     1    0.05                           clk (net)
                  0.22    0.00    0.14 ^ clkbuf_0_clk/A (sky130_fd_sc_hd__clkbuf_16)
                  0.14    0.25    0.39 ^ clkbuf_0_clk/X (sky130_fd_sc_hd__clkbuf_16)
     8    0.13                           clknet_0_clk (net)
                  0.14    0.00    0.39 ^ clkbuf_3_4__f_clk/A (sky130_fd_sc_hd__clkbuf_16)
                  0.08    0.18    0.57 ^ clkbuf_3_4__f_clk/X (sky130_fd_sc_hd__clkbuf_16)
    14    0.06                           clknet_3_4__leaf_clk (net)
                  0.08    0.00    0.57 ^ _424_/CLK (sky130_fd_sc_hd__dfrtp_4)
                  0.16    0.48    1.05 ^ _424_/Q (sky130_fd_sc_hd__dfrtp_4)
     2    0.05                           net170 (net)
                  0.16    0.00    1.05 ^ _323_/A1 (sky130_fd_sc_hd__mux2_1)
                  0.04    0.14    1.19 ^ _323_/X (sky130_fd_sc_hd__mux2_1)
     1    0.00                           _143_ (net)
                  0.04    0.00    1.19 ^ _324_/A (sky130_fd_sc_hd__clkbuf_1)
                  0.05    0.08    1.28 ^ _324_/X (sky130_fd_sc_hd__clkbuf_1)
     1    0.00                           _035_ (net)
                  0.05    0.00    1.28 ^ _424_/D (sky130_fd_sc_hd__dfrtp_4)
                                  1.28   data arrival time

                          0.00    0.00   clock clk (rise edge)
                          0.00    0.00   clock source latency
                  0.22    0.16    0.16 ^ clk (in)
     1    0.05                           clk (net)
                  0.22    0.00    0.16 ^ clkbuf_0_clk/A (sky130_fd_sc_hd__clkbuf_16)
                  0.14    0.27    0.43 ^ clkbuf_0_clk/X (sky130_fd_sc_hd__clkbuf_16)
     8    0.13                           clknet_0_clk (net)
                  0.14    0.00    0.43 ^ clkbuf_3_4__f_clk/A (sky130_fd_sc_hd__clkbuf_16)
                  0.08    0.20    0.63 ^ clkbuf_3_4__f_clk/X (sky130_fd_sc_hd__clkbuf_16)
    14    0.06                           clknet_3_4__leaf_clk (net)
                  0.08    0.00    0.63 ^ _424_/CLK (sky130_fd_sc_hd__dfrtp_4)
                          0.25    0.88   clock uncertainty
                         -0.06    0.82   clock reconvergence pessimism
                         -0.03    0.79   library hold time
                                  0.79   data required time
-----------------------------------------------------------------------------
                                  0.79   data required time
                                 -1.28   data arrival time
-----------------------------------------------------------------------------
                                  0.48   slack (MET)


Startpoint: _408_ (rising edge-triggered flip-flop clocked by clk)
Endpoint: _408_ (rising edge-triggered flip-flop clocked by clk)
Path Group: clk
Path Type: min

Fanout     Cap    Slew   Delay    Time   Description
-----------------------------------------------------------------------------
                          0.00    0.00   clock clk (rise edge)
                          0.00    0.00   clock source latency
                  0.22    0.14    0.14 ^ clk (in)
     1    0.05                           clk (net)
                  0.22    0.00    0.14 ^ clkbuf_0_clk/A (sky130_fd_sc_hd__clkbuf_16)
                  0.14    0.25    0.39 ^ clkbuf_0_clk/X (sky130_fd_sc_hd__clkbuf_16)
     8    0.13                           clknet_0_clk (net)
                  0.14    0.00    0.39 ^ clkbuf_3_4__f_clk/A (sky130_fd_sc_hd__clkbuf_16)
                  0.08    0.18    0.57 ^ clkbuf_3_4__f_clk/X (sky130_fd_sc_hd__clkbuf_16)
    14    0.06                           clknet_3_4__leaf_clk (net)
                  0.08    0.00    0.57 ^ _408_/CLK (sky130_fd_sc_hd__dfrtp_4)
                  0.17    0.49    1.06 ^ _408_/Q (sky130_fd_sc_hd__dfrtp_4)
     2    0.05                           net141 (net)
                  0.17    0.00    1.06 ^ _289_/A1 (sky130_fd_sc_hd__mux2_1)
                  0.05    0.15    1.22 ^ _289_/X (sky130_fd_sc_hd__mux2_1)
     1    0.00                           _125_ (net)
                  0.05    0.00    1.22 ^ _290_/A (sky130_fd_sc_hd__clkbuf_1)
                  0.04    0.07    1.29 ^ _290_/X (sky130_fd_sc_hd__clkbuf_1)
     1    0.00                           _019_ (net)
                  0.04    0.00    1.29 ^ _408_/D (sky130_fd_sc_hd__dfrtp_4)
                                  1.29   data arrival time

                          0.00    0.00   clock clk (rise edge)
                          0.00    0.00   clock source latency
                  0.22    0.16    0.16 ^ clk (in)
     1    0.05                           clk (net)
                  0.22    0.00    0.16 ^ clkbuf_0_clk/A (sky130_fd_sc_hd__clkbuf_16)
                  0.14    0.27    0.43 ^ clkbuf_0_clk/X (sky130_fd_sc_hd__clkbuf_16)
     8    0.13                           clknet_0_clk (net)
                  0.14    0.00    0.43 ^ clkbuf_3_4__f_clk/A (sky130_fd_sc_hd__clkbuf_16)
                  0.08    0.20    0.63 ^ clkbuf_3_4__f_clk/X (sky130_fd_sc_hd__clkbuf_16)
    14    0.06                           clknet_3_4__leaf_clk (net)
                  0.08    0.00    0.63 ^ _408_/CLK (sky130_fd_sc_hd__dfrtp_4)
                          0.25    0.88   clock uncertainty
                         -0.06    0.82   clock reconvergence pessimism
                         -0.03    0.79   library hold time
                                  0.79   data required time
-----------------------------------------------------------------------------
                                  0.79   data required time
                                 -1.29   data arrival time
-----------------------------------------------------------------------------
                                  0.50   slack (MET)


Startpoint: _411_ (rising edge-triggered flip-flop clocked by clk)
Endpoint: _411_ (rising edge-triggered flip-flop clocked by clk)
Path Group: clk
Path Type: min

Fanout     Cap    Slew   Delay    Time   Description
-----------------------------------------------------------------------------
                          0.00    0.00   clock clk (rise edge)
                          0.00    0.00   clock source latency
                  0.22    0.14    0.14 ^ clk (in)
     1    0.05                           clk (net)
                  0.22    0.00    0.14 ^ clkbuf_0_clk/A (sky130_fd_sc_hd__clkbuf_16)
                  0.14    0.25    0.39 ^ clkbuf_0_clk/X (sky130_fd_sc_hd__clkbuf_16)
     8    0.13                           clknet_0_clk (net)
                  0.14    0.00    0.39 ^ clkbuf_3_1__f_clk/A (sky130_fd_sc_hd__clkbuf_16)
                  0.05    0.16    0.55 ^ clkbuf_3_1__f_clk/X (sky130_fd_sc_hd__clkbuf_16)
     9    0.03                           clknet_3_1__leaf_clk (net)
                  0.05    0.00    0.55 ^ _411_/CLK (sky130_fd_sc_hd__dfrtp_2)
                  0.18    0.43    0.98 ^ _411_/Q (sky130_fd_sc_hd__dfrtp_2)
     2    0.03                           net144 (net)
                  0.18    0.00    0.98 ^ _296_/A1 (sky130_fd_sc_hd__mux2_1)
                  0.08    0.18    1.16 ^ _296_/X (sky130_fd_sc_hd__mux2_1)
     1    0.01                           _129_ (net)
                  0.08    0.00    1.16 ^ _297_/A (sky130_fd_sc_hd__clkbuf_1)
                  0.07    0.10    1.27 ^ _297_/X (sky130_fd_sc_hd__clkbuf_1)
     1    0.01                           _022_ (net)
                  0.07    0.00    1.27 ^ _411_/D (sky130_fd_sc_hd__dfrtp_2)
                                  1.27   data arrival time

                          0.00    0.00   clock clk (rise edge)
                          0.00    0.00   clock source latency
                  0.22    0.16    0.16 ^ clk (in)
     1    0.05                           clk (net)
                  0.22    0.00    0.16 ^ clkbuf_0_clk/A (sky130_fd_sc_hd__clkbuf_16)
                  0.14    0.27    0.43 ^ clkbuf_0_clk/X (sky130_fd_sc_hd__clkbuf_16)
     8    0.13                           clknet_0_clk (net)
                  0.14    0.00    0.43 ^ clkbuf_3_1__f_clk/A (sky130_fd_sc_hd__clkbuf_16)
                  0.05    0.18    0.61 ^ clkbuf_3_1__f_clk/X (sky130_fd_sc_hd__clkbuf_16)
     9    0.03                           clknet_3_1__leaf_clk (net)
                  0.05    0.00    0.61 ^ _411_/CLK (sky130_fd_sc_hd__dfrtp_2)
                          0.25    0.86   clock uncertainty
                         -0.06    0.80   clock reconvergence pessimism
                         -0.04    0.77   library hold time
                                  0.77   data required time
-----------------------------------------------------------------------------
                                  0.77   data required time
                                 -1.27   data arrival time
-----------------------------------------------------------------------------
                                  0.50   slack (MET)


Startpoint: _418_ (rising edge-triggered flip-flop clocked by clk)
Endpoint: _418_ (rising edge-triggered flip-flop clocked by clk)
Path Group: clk
Path Type: min

Fanout     Cap    Slew   Delay    Time   Description
-----------------------------------------------------------------------------
                          0.00    0.00   clock clk (rise edge)
                          0.00    0.00   clock source latency
                  0.22    0.14    0.14 ^ clk (in)
     1    0.05                           clk (net)
                  0.22    0.00    0.14 ^ clkbuf_0_clk/A (sky130_fd_sc_hd__clkbuf_16)
                  0.14    0.25    0.39 ^ clkbuf_0_clk/X (sky130_fd_sc_hd__clkbuf_16)
     8    0.13                           clknet_0_clk (net)
                  0.14    0.00    0.39 ^ clkbuf_3_1__f_clk/A (sky130_fd_sc_hd__clkbuf_16)
                  0.05    0.16    0.55 ^ clkbuf_3_1__f_clk/X (sky130_fd_sc_hd__clkbuf_16)
     9    0.03                           clknet_3_1__leaf_clk (net)
                  0.05    0.00    0.56 ^ _418_/CLK (sky130_fd_sc_hd__dfrtp_4)
                  0.16    0.47    1.03 ^ _418_/Q (sky130_fd_sc_hd__dfrtp_4)
     2    0.05                           net152 (net)
                  0.16    0.00    1.03 ^ _310_/A1 (sky130_fd_sc_hd__mux2_1)
                  0.06    0.16    1.19 ^ _310_/X (sky130_fd_sc_hd__mux2_1)
     1    0.00                           _136_ (net)
                  0.06    0.00    1.19 ^ _311_/A (sky130_fd_sc_hd__clkbuf_1)
                  0.07    0.09    1.29 ^ _311_/X (sky130_fd_sc_hd__clkbuf_1)
     1    0.00                           _029_ (net)
                  0.07    0.00    1.29 ^ _418_/D (sky130_fd_sc_hd__dfrtp_4)
                                  1.29   data arrival time

                          0.00    0.00   clock clk (rise edge)
                          0.00    0.00   clock source latency
                  0.22    0.16    0.16 ^ clk (in)
     1    0.05                           clk (net)
                  0.22    0.00    0.16 ^ clkbuf_0_clk/A (sky130_fd_sc_hd__clkbuf_16)
                  0.14    0.27    0.43 ^ clkbuf_0_clk/X (sky130_fd_sc_hd__clkbuf_16)
     8    0.13                           clknet_0_clk (net)
                  0.14    0.00    0.43 ^ clkbuf_3_1__f_clk/A (sky130_fd_sc_hd__clkbuf_16)
                  0.05    0.18    0.61 ^ clkbuf_3_1__f_clk/X (sky130_fd_sc_hd__clkbuf_16)
     9    0.03                           clknet_3_1__leaf_clk (net)
                  0.05    0.00    0.61 ^ _418_/CLK (sky130_fd_sc_hd__dfrtp_4)
                          0.25    0.86   clock uncertainty
                         -0.06    0.81   clock reconvergence pessimism
                         -0.04    0.77   library hold time
                                  0.77   data required time
-----------------------------------------------------------------------------
                                  0.77   data required time
                                 -1.29   data arrival time
-----------------------------------------------------------------------------
                                  0.52   slack (MET)


Startpoint: _391_ (rising edge-triggered flip-flop clocked by clk)
Endpoint: _390_ (rising edge-triggered flip-flop clocked by clk)
Path Group: clk
Path Type: min

Fanout     Cap    Slew   Delay    Time   Description
-----------------------------------------------------------------------------
                          0.00    0.00   clock clk (rise edge)
                          0.00    0.00   clock source latency
                  0.22    0.14    0.14 ^ clk (in)
     1    0.05                           clk (net)
                  0.22    0.00    0.14 ^ clkbuf_0_clk/A (sky130_fd_sc_hd__clkbuf_16)
                  0.14    0.25    0.39 ^ clkbuf_0_clk/X (sky130_fd_sc_hd__clkbuf_16)
     8    0.13                           clknet_0_clk (net)
                  0.14    0.00    0.39 ^ clkbuf_3_5__f_clk/A (sky130_fd_sc_hd__clkbuf_16)
                  0.08    0.18    0.57 ^ clkbuf_3_5__f_clk/X (sky130_fd_sc_hd__clkbuf_16)
    10    0.06                           clknet_3_5__leaf_clk (net)
                  0.08    0.00    0.58 ^ _391_/CLK (sky130_fd_sc_hd__dfrtp_1)
                  0.11    0.36    0.94 ^ _391_/Q (sky130_fd_sc_hd__dfrtp_1)
     4    0.01                           state[1] (net)
                  0.11    0.00    0.94 ^ _249_/B (sky130_fd_sc_hd__or3b_2)
                  0.12    0.18    1.12 ^ _249_/X (sky130_fd_sc_hd__or3b_2)
     3    0.02                           _104_ (net)
                  0.12    0.00    1.12 ^ _250_/A (sky130_fd_sc_hd__buf_6)
                  0.20    0.22    1.34 ^ _250_/X (sky130_fd_sc_hd__buf_6)
    10    0.10                           _105_ (net)
                  0.20    0.00    1.34 ^ _253_/A (sky130_fd_sc_hd__inv_2)
                  0.04    0.04    1.38 v _253_/Y (sky130_fd_sc_hd__inv_2)
     1    0.00                           _001_ (net)
                  0.04    0.00    1.38 v _390_/D (sky130_fd_sc_hd__dfrtp_1)
                                  1.38   data arrival time

                          0.00    0.00   clock clk (rise edge)
                          0.00    0.00   clock source latency
                  0.22    0.16    0.16 ^ clk (in)
     1    0.05                           clk (net)
                  0.22    0.00    0.16 ^ clkbuf_0_clk/A (sky130_fd_sc_hd__clkbuf_16)
                  0.14    0.27    0.43 ^ clkbuf_0_clk/X (sky130_fd_sc_hd__clkbuf_16)
     8    0.13                           clknet_0_clk (net)
                  0.14    0.00    0.43 ^ clkbuf_3_7__f_clk/A (sky130_fd_sc_hd__clkbuf_16)
                  0.09    0.20    0.64 ^ clkbuf_3_7__f_clk/X (sky130_fd_sc_hd__clkbuf_16)
     9    0.07                           clknet_3_7__leaf_clk (net)
                  0.09    0.00    0.64 ^ _390_/CLK (sky130_fd_sc_hd__dfrtp_1)
                          0.25    0.89   clock uncertainty
                         -0.04    0.85   clock reconvergence pessimism
                         -0.03    0.82   library hold time
                                  0.82   data required time
-----------------------------------------------------------------------------
                                  0.82   data required time
                                 -1.38   data arrival time
-----------------------------------------------------------------------------
                                  0.56   slack (MET)


Startpoint: _391_ (rising edge-triggered flip-flop clocked by clk)
Endpoint: _443_ (rising edge-triggered flip-flop clocked by clk)
Path Group: clk
Path Type: min

Fanout     Cap    Slew   Delay    Time   Description
-----------------------------------------------------------------------------
                          0.00    0.00   clock clk (rise edge)
                          0.00    0.00   clock source latency
                  0.22    0.14    0.14 ^ clk (in)
     1    0.05                           clk (net)
                  0.22    0.00    0.14 ^ clkbuf_0_clk/A (sky130_fd_sc_hd__clkbuf_16)
                  0.14    0.25    0.39 ^ clkbuf_0_clk/X (sky130_fd_sc_hd__clkbuf_16)
     8    0.13                           clknet_0_clk (net)
                  0.14    0.00    0.39 ^ clkbuf_3_5__f_clk/A (sky130_fd_sc_hd__clkbuf_16)
                  0.08    0.18    0.57 ^ clkbuf_3_5__f_clk/X (sky130_fd_sc_hd__clkbuf_16)
    10    0.06                           clknet_3_5__leaf_clk (net)
                  0.08    0.00    0.58 ^ _391_/CLK (sky130_fd_sc_hd__dfrtp_1)
                  0.11    0.36    0.94 ^ _391_/Q (sky130_fd_sc_hd__dfrtp_1)
     4    0.01                           state[1] (net)
                  0.11    0.00    0.94 ^ _249_/B (sky130_fd_sc_hd__or3b_2)
                  0.12    0.18    1.12 ^ _249_/X (sky130_fd_sc_hd__or3b_2)
     3    0.02                           _104_ (net)
                  0.12    0.00    1.12 ^ _356_/A (sky130_fd_sc_hd__clkbuf_8)
                  0.17    0.23    1.35 ^ _356_/X (sky130_fd_sc_hd__clkbuf_8)
    10    0.09                           _160_ (net)
                  0.17    0.01    1.36 ^ _363_/S (sky130_fd_sc_hd__mux2_1)
                  0.04    0.15    1.50 ^ _363_/X (sky130_fd_sc_hd__mux2_1)
     1    0.00                           _164_ (net)
                  0.04    0.00    1.50 ^ _364_/A (sky130_fd_sc_hd__clkbuf_1)
                  0.04    0.07    1.58 ^ _364_/X (sky130_fd_sc_hd__clkbuf_1)
     1    0.00                           _054_ (net)
                  0.04    0.00    1.58 ^ _443_/D (sky130_fd_sc_hd__dfrtp_1)
                                  1.58   data arrival time

                          0.00    0.00   clock clk (rise edge)
                          0.00    0.00   clock source latency
                  0.22    0.16    0.16 ^ clk (in)
     1    0.05                           clk (net)
                  0.22    0.00    0.16 ^ clkbuf_0_clk/A (sky130_fd_sc_hd__clkbuf_16)
                  0.14    0.27    0.43 ^ clkbuf_0_clk/X (sky130_fd_sc_hd__clkbuf_16)
     8    0.13                           clknet_0_clk (net)
                  0.14    0.00    0.43 ^ clkbuf_3_3__f_clk/A (sky130_fd_sc_hd__clkbuf_16)
                  0.06    0.18    0.61 ^ clkbuf_3_3__f_clk/X (sky130_fd_sc_hd__clkbuf_16)
     5    0.04                           clknet_3_3__leaf_clk (net)
                  0.06    0.00    0.62 ^ _443_/CLK (sky130_fd_sc_hd__dfrtp_1)
                          0.25    0.87   clock uncertainty
                         -0.04    0.83   clock reconvergence pessimism
                         -0.03    0.80   library hold time
                                  0.80   data required time
-----------------------------------------------------------------------------
                                  0.80   data required time
                                 -1.58   data arrival time
-----------------------------------------------------------------------------
                                  0.78   slack (MET)


Startpoint: _391_ (rising edge-triggered flip-flop clocked by clk)
Endpoint: _448_ (rising edge-triggered flip-flop clocked by clk)
Path Group: clk
Path Type: min

Fanout     Cap    Slew   Delay    Time   Description
-----------------------------------------------------------------------------
                          0.00    0.00   clock clk (rise edge)
                          0.00    0.00   clock source latency
                  0.22    0.14    0.14 ^ clk (in)
     1    0.05                           clk (net)
                  0.22    0.00    0.14 ^ clkbuf_0_clk/A (sky130_fd_sc_hd__clkbuf_16)
                  0.14    0.25    0.39 ^ clkbuf_0_clk/X (sky130_fd_sc_hd__clkbuf_16)
     8    0.13                           clknet_0_clk (net)
                  0.14    0.00    0.39 ^ clkbuf_3_5__f_clk/A (sky130_fd_sc_hd__clkbuf_16)
                  0.08    0.18    0.57 ^ clkbuf_3_5__f_clk/X (sky130_fd_sc_hd__clkbuf_16)
    10    0.06                           clknet_3_5__leaf_clk (net)
                  0.08    0.00    0.58 ^ _391_/CLK (sky130_fd_sc_hd__dfrtp_1)
                  0.11    0.36    0.94 ^ _391_/Q (sky130_fd_sc_hd__dfrtp_1)
     4    0.01                           state[1] (net)
                  0.11    0.00    0.94 ^ _249_/B (sky130_fd_sc_hd__or3b_2)
                  0.12    0.18    1.12 ^ _249_/X (sky130_fd_sc_hd__or3b_2)
     3    0.02                           _104_ (net)
                  0.12    0.00    1.12 ^ _356_/A (sky130_fd_sc_hd__clkbuf_8)
                  0.17    0.23    1.35 ^ _356_/X (sky130_fd_sc_hd__clkbuf_8)
    10    0.09                           _160_ (net)
                  0.17    0.01    1.36 ^ _373_/S (sky130_fd_sc_hd__mux2_1)
                  0.04    0.15    1.51 ^ _373_/X (sky130_fd_sc_hd__mux2_1)
     1    0.00                           _169_ (net)
                  0.04    0.00    1.51 ^ _374_/A (sky130_fd_sc_hd__clkbuf_1)
                  0.04    0.07    1.58 ^ _374_/X (sky130_fd_sc_hd__clkbuf_1)
     1    0.00                           _059_ (net)
                  0.04    0.00    1.58 ^ _448_/D (sky130_fd_sc_hd__dfrtp_1)
                                  1.58   data arrival time

                          0.00    0.00   clock clk (rise edge)
                          0.00    0.00   clock source latency
                  0.22    0.16    0.16 ^ clk (in)
     1    0.05                           clk (net)
                  0.22    0.00    0.16 ^ clkbuf_0_clk/A (sky130_fd_sc_hd__clkbuf_16)
                  0.14    0.27    0.43 ^ clkbuf_0_clk/X (sky130_fd_sc_hd__clkbuf_16)
     8    0.13                           clknet_0_clk (net)
                  0.14    0.00    0.43 ^ clkbuf_3_0__f_clk/A (sky130_fd_sc_hd__clkbuf_16)
                  0.07    0.19    0.62 ^ clkbuf_3_0__f_clk/X (sky130_fd_sc_hd__clkbuf_16)
     7    0.05                           clknet_3_0__leaf_clk (net)
                  0.07    0.00    0.63 ^ _448_/CLK (sky130_fd_sc_hd__dfrtp_1)
                          0.25    0.88   clock uncertainty
                         -0.04    0.83   clock reconvergence pessimism
                         -0.03    0.80   library hold time
                                  0.80   data required time
-----------------------------------------------------------------------------
                                  0.80   data required time
                                 -1.58   data arrival time
-----------------------------------------------------------------------------
                                  0.78   slack (MET)


Startpoint: _391_ (rising edge-triggered flip-flop clocked by clk)
Endpoint: _393_ (rising edge-triggered flip-flop clocked by clk)
Path Group: clk
Path Type: min

Fanout     Cap    Slew   Delay    Time   Description
-----------------------------------------------------------------------------
                          0.00    0.00   clock clk (rise edge)
                          0.00    0.00   clock source latency
                  0.22    0.14    0.14 ^ clk (in)
     1    0.05                           clk (net)
                  0.22    0.00    0.14 ^ clkbuf_0_clk/A (sky130_fd_sc_hd__clkbuf_16)
                  0.14    0.25    0.39 ^ clkbuf_0_clk/X (sky130_fd_sc_hd__clkbuf_16)
     8    0.13                           clknet_0_clk (net)
                  0.14    0.00    0.39 ^ clkbuf_3_5__f_clk/A (sky130_fd_sc_hd__clkbuf_16)
                  0.08    0.18    0.57 ^ clkbuf_3_5__f_clk/X (sky130_fd_sc_hd__clkbuf_16)
    10    0.06                           clknet_3_5__leaf_clk (net)
                  0.08    0.00    0.58 ^ _391_/CLK (sky130_fd_sc_hd__dfrtp_1)
                  0.11    0.36    0.94 ^ _391_/Q (sky130_fd_sc_hd__dfrtp_1)
     4    0.01                           state[1] (net)
                  0.11    0.00    0.94 ^ _249_/B (sky130_fd_sc_hd__or3b_2)
                  0.12    0.18    1.12 ^ _249_/X (sky130_fd_sc_hd__or3b_2)
     3    0.02                           _104_ (net)
                  0.12    0.00    1.12 ^ _250_/A (sky130_fd_sc_hd__buf_6)
                  0.20    0.22    1.34 ^ _250_/X (sky130_fd_sc_hd__buf_6)
    10    0.10                           _105_ (net)
                  0.21    0.02    1.35 ^ _257_/S (sky130_fd_sc_hd__mux2_1)
                  0.04    0.16    1.51 ^ _257_/X (sky130_fd_sc_hd__mux2_1)
     1    0.00                           _108_ (net)
                  0.04    0.00    1.51 ^ _258_/A (sky130_fd_sc_hd__clkbuf_1)
                  0.04    0.07    1.58 ^ _258_/X (sky130_fd_sc_hd__clkbuf_1)
     1    0.00                           _004_ (net)
                  0.04    0.00    1.58 ^ _393_/D (sky130_fd_sc_hd__dfrtp_1)
                                  1.58   data arrival time

                          0.00    0.00   clock clk (rise edge)
                          0.00    0.00   clock source latency
                  0.22    0.16    0.16 ^ clk (in)
     1    0.05                           clk (net)
                  0.22    0.00    0.16 ^ clkbuf_0_clk/A (sky130_fd_sc_hd__clkbuf_16)
                  0.14    0.27    0.43 ^ clkbuf_0_clk/X (sky130_fd_sc_hd__clkbuf_16)
     8    0.13                           clknet_0_clk (net)
                  0.14    0.00    0.43 ^ clkbuf_3_2__f_clk/A (sky130_fd_sc_hd__clkbuf_16)
                  0.06    0.18    0.62 ^ clkbuf_3_2__f_clk/X (sky130_fd_sc_hd__clkbuf_16)
     7    0.04                           clknet_3_2__leaf_clk (net)
                  0.06    0.00    0.62 ^ _393_/CLK (sky130_fd_sc_hd__dfrtp_1)
                          0.25    0.87   clock uncertainty
                         -0.04    0.83   clock reconvergence pessimism
                         -0.03    0.80   library hold time
                                  0.80   data required time
-----------------------------------------------------------------------------
                                  0.80   data required time
                                 -1.58   data arrival time
-----------------------------------------------------------------------------
                                  0.78   slack (MET)


Startpoint: _391_ (rising edge-triggered flip-flop clocked by clk)
Endpoint: _396_ (rising edge-triggered flip-flop clocked by clk)
Path Group: clk
Path Type: min

Fanout     Cap    Slew   Delay    Time   Description
-----------------------------------------------------------------------------
                          0.00    0.00   clock clk (rise edge)
                          0.00    0.00   clock source latency
                  0.22    0.14    0.14 ^ clk (in)
     1    0.05                           clk (net)
                  0.22    0.00    0.14 ^ clkbuf_0_clk/A (sky130_fd_sc_hd__clkbuf_16)
                  0.14    0.25    0.39 ^ clkbuf_0_clk/X (sky130_fd_sc_hd__clkbuf_16)
     8    0.13                           clknet_0_clk (net)
                  0.14    0.00    0.39 ^ clkbuf_3_5__f_clk/A (sky130_fd_sc_hd__clkbuf_16)
                  0.08    0.18    0.57 ^ clkbuf_3_5__f_clk/X (sky130_fd_sc_hd__clkbuf_16)
    10    0.06                           clknet_3_5__leaf_clk (net)
                  0.08    0.00    0.58 ^ _391_/CLK (sky130_fd_sc_hd__dfrtp_1)
                  0.11    0.36    0.94 ^ _391_/Q (sky130_fd_sc_hd__dfrtp_1)
     4    0.01                           state[1] (net)
                  0.11    0.00    0.94 ^ _249_/B (sky130_fd_sc_hd__or3b_2)
                  0.12    0.18    1.12 ^ _249_/X (sky130_fd_sc_hd__or3b_2)
     3    0.02                           _104_ (net)
                  0.12    0.00    1.12 ^ _250_/A (sky130_fd_sc_hd__buf_6)
                  0.20    0.22    1.34 ^ _250_/X (sky130_fd_sc_hd__buf_6)
    10    0.10                           _105_ (net)
                  0.21    0.02    1.35 ^ _263_/S (sky130_fd_sc_hd__mux2_1)
                  0.04    0.16    1.51 ^ _263_/X (sky130_fd_sc_hd__mux2_1)
     1    0.00                           _111_ (net)
                  0.04    0.00    1.51 ^ _264_/A (sky130_fd_sc_hd__clkbuf_1)
                  0.04    0.07    1.58 ^ _264_/X (sky130_fd_sc_hd__clkbuf_1)
     1    0.00                           _007_ (net)
                  0.04    0.00    1.58 ^ _396_/D (sky130_fd_sc_hd__dfrtp_1)
                                  1.58   data arrival time

                          0.00    0.00   clock clk (rise edge)
                          0.00    0.00   clock source latency
                  0.22    0.16    0.16 ^ clk (in)
     1    0.05                           clk (net)
                  0.22    0.00    0.16 ^ clkbuf_0_clk/A (sky130_fd_sc_hd__clkbuf_16)
                  0.14    0.27    0.43 ^ clkbuf_0_clk/X (sky130_fd_sc_hd__clkbuf_16)
     8    0.13                           clknet_0_clk (net)
                  0.14    0.00    0.43 ^ clkbuf_3_2__f_clk/A (sky130_fd_sc_hd__clkbuf_16)
                  0.06    0.18    0.62 ^ clkbuf_3_2__f_clk/X (sky130_fd_sc_hd__clkbuf_16)
     7    0.04                           clknet_3_2__leaf_clk (net)
                  0.06    0.00    0.62 ^ _396_/CLK (sky130_fd_sc_hd__dfrtp_1)
                          0.25    0.87   clock uncertainty
                         -0.04    0.83   clock reconvergence pessimism
                         -0.03    0.80   library hold time
                                  0.80   data required time
-----------------------------------------------------------------------------
                                  0.80   data required time
                                 -1.58   data arrival time
-----------------------------------------------------------------------------
                                  0.79   slack (MET)


Startpoint: _391_ (rising edge-triggered flip-flop clocked by clk)
Endpoint: _397_ (rising edge-triggered flip-flop clocked by clk)
Path Group: clk
Path Type: min

Fanout     Cap    Slew   Delay    Time   Description
-----------------------------------------------------------------------------
                          0.00    0.00   clock clk (rise edge)
                          0.00    0.00   clock source latency
                  0.22    0.14    0.14 ^ clk (in)
     1    0.05                           clk (net)
                  0.22    0.00    0.14 ^ clkbuf_0_clk/A (sky130_fd_sc_hd__clkbuf_16)
                  0.14    0.25    0.39 ^ clkbuf_0_clk/X (sky130_fd_sc_hd__clkbuf_16)
     8    0.13                           clknet_0_clk (net)
                  0.14    0.00    0.39 ^ clkbuf_3_5__f_clk/A (sky130_fd_sc_hd__clkbuf_16)
                  0.08    0.18    0.57 ^ clkbuf_3_5__f_clk/X (sky130_fd_sc_hd__clkbuf_16)
    10    0.06                           clknet_3_5__leaf_clk (net)
                  0.08    0.00    0.58 ^ _391_/CLK (sky130_fd_sc_hd__dfrtp_1)
                  0.11    0.36    0.94 ^ _391_/Q (sky130_fd_sc_hd__dfrtp_1)
     4    0.01                           state[1] (net)
                  0.11    0.00    0.94 ^ _249_/B (sky130_fd_sc_hd__or3b_2)
                  0.12    0.18    1.12 ^ _249_/X (sky130_fd_sc_hd__or3b_2)
     3    0.02                           _104_ (net)
                  0.12    0.00    1.12 ^ _250_/A (sky130_fd_sc_hd__buf_6)
                  0.20    0.22    1.34 ^ _250_/X (sky130_fd_sc_hd__buf_6)
    10    0.10                           _105_ (net)
                  0.21    0.01    1.35 ^ _265_/S (sky130_fd_sc_hd__mux2_1)
                  0.04    0.16    1.51 ^ _265_/X (sky130_fd_sc_hd__mux2_1)
     1    0.00                           _112_ (net)
                  0.04    0.00    1.51 ^ _266_/A (sky130_fd_sc_hd__clkbuf_1)
                  0.05    0.08    1.59 ^ _266_/X (sky130_fd_sc_hd__clkbuf_1)
     1    0.00                           _008_ (net)
                  0.05    0.00    1.59 ^ _397_/D (sky130_fd_sc_hd__dfrtp_1)
                                  1.59   data arrival time

                          0.00    0.00   clock clk (rise edge)
                          0.00    0.00   clock source latency
                  0.22    0.16    0.16 ^ clk (in)
     1    0.05                           clk (net)
                  0.22    0.00    0.16 ^ clkbuf_0_clk/A (sky130_fd_sc_hd__clkbuf_16)
                  0.14    0.27    0.43 ^ clkbuf_0_clk/X (sky130_fd_sc_hd__clkbuf_16)
     8    0.13                           clknet_0_clk (net)
                  0.14    0.00    0.43 ^ clkbuf_3_0__f_clk/A (sky130_fd_sc_hd__clkbuf_16)
                  0.07    0.19    0.62 ^ clkbuf_3_0__f_clk/X (sky130_fd_sc_hd__clkbuf_16)
     7    0.05                           clknet_3_0__leaf_clk (net)
                  0.07    0.00    0.63 ^ _397_/CLK (sky130_fd_sc_hd__dfrtp_1)
                          0.25    0.88   clock uncertainty
                         -0.04    0.83   clock reconvergence pessimism
                         -0.03    0.80   library hold time
                                  0.80   data required time
-----------------------------------------------------------------------------
                                  0.80   data required time
                                 -1.59   data arrival time
-----------------------------------------------------------------------------
                                  0.79   slack (MET)


Startpoint: _422_ (rising edge-triggered flip-flop clocked by clk)
Endpoint: _422_ (rising edge-triggered flip-flop clocked by clk)
Path Group: clk
Path Type: min

Fanout     Cap    Slew   Delay    Time   Description
-----------------------------------------------------------------------------
                          0.00    0.00   clock clk (rise edge)
                          0.00    0.00   clock source latency
                  0.22    0.14    0.14 ^ clk (in)
     1    0.05                           clk (net)
                  0.22    0.00    0.14 ^ clkbuf_0_clk/A (sky130_fd_sc_hd__clkbuf_16)
                  0.14    0.25    0.39 ^ clkbuf_0_clk/X (sky130_fd_sc_hd__clkbuf_16)
     8    0.13                           clknet_0_clk (net)
                  0.14    0.00    0.39 ^ clkbuf_3_7__f_clk/A (sky130_fd_sc_hd__clkbuf_16)
                  0.09    0.18    0.58 ^ clkbuf_3_7__f_clk/X (sky130_fd_sc_hd__clkbuf_16)
     9    0.07                           clknet_3_7__leaf_clk (net)
                  0.09    0.00    0.58 ^ _422_/CLK (sky130_fd_sc_hd__dfrtp_1)
                  0.06    0.33    0.90 ^ _422_/Q (sky130_fd_sc_hd__dfrtp_1)
     2    0.00                           net157 (net)
                  0.06    0.00    0.90 ^ hold2/A (sky130_fd_sc_hd__dlygate4sd3_1)
                  0.06    0.52    1.42 ^ hold2/X (sky130_fd_sc_hd__dlygate4sd3_1)
     1    0.00                           net212 (net)
                  0.06    0.00    1.42 ^ _319_/A1 (sky130_fd_sc_hd__mux2_1)
                  0.04    0.11    1.53 ^ _319_/X (sky130_fd_sc_hd__mux2_1)
     1    0.00                           _141_ (net)
                  0.04    0.00    1.53 ^ _320_/A (sky130_fd_sc_hd__clkbuf_1)
                  0.04    0.07    1.60 ^ _320_/X (sky130_fd_sc_hd__clkbuf_1)
     1    0.00                           _033_ (net)
                  0.04    0.00    1.60 ^ _422_/D (sky130_fd_sc_hd__dfrtp_1)
                                  1.60   data arrival time

                          0.00    0.00   clock clk (rise edge)
                          0.00    0.00   clock source latency
                  0.22    0.16    0.16 ^ clk (in)
     1    0.05                           clk (net)
                  0.22    0.00    0.16 ^ clkbuf_0_clk/A (sky130_fd_sc_hd__clkbuf_16)
                  0.14    0.27    0.43 ^ clkbuf_0_clk/X (sky130_fd_sc_hd__clkbuf_16)
     8    0.13                           clknet_0_clk (net)
                  0.14    0.00    0.43 ^ clkbuf_3_7__f_clk/A (sky130_fd_sc_hd__clkbuf_16)
                  0.09    0.20    0.64 ^ clkbuf_3_7__f_clk/X (sky130_fd_sc_hd__clkbuf_16)
     9    0.07                           clknet_3_7__leaf_clk (net)
                  0.09    0.00    0.64 ^ _422_/CLK (sky130_fd_sc_hd__dfrtp_1)
                          0.25    0.89   clock uncertainty
                         -0.06    0.83   clock reconvergence pessimism
                         -0.03    0.80   library hold time
                                  0.80   data required time
-----------------------------------------------------------------------------
                                  0.80   data required time
                                 -1.60   data arrival time
-----------------------------------------------------------------------------
                                  0.80   slack (MET)


Startpoint: _429_ (rising edge-triggered flip-flop clocked by clk)
Endpoint: _429_ (rising edge-triggered flip-flop clocked by clk)
Path Group: clk
Path Type: min

Fanout     Cap    Slew   Delay    Time   Description
-----------------------------------------------------------------------------
                          0.00    0.00   clock clk (rise edge)
                          0.00    0.00   clock source latency
                  0.22    0.14    0.14 ^ clk (in)
     1    0.05                           clk (net)
                  0.22    0.00    0.14 ^ clkbuf_0_clk/A (sky130_fd_sc_hd__clkbuf_16)
                  0.14    0.25    0.39 ^ clkbuf_0_clk/X (sky130_fd_sc_hd__clkbuf_16)
     8    0.13                           clknet_0_clk (net)
                  0.14    0.00    0.39 ^ clkbuf_3_6__f_clk/A (sky130_fd_sc_hd__clkbuf_16)
                  0.06    0.17    0.56 ^ clkbuf_3_6__f_clk/X (sky130_fd_sc_hd__clkbuf_16)
     7    0.04                           clknet_3_6__leaf_clk (net)
                  0.06    0.00    0.56 ^ _429_/CLK (sky130_fd_sc_hd__dfrtp_1)
                  0.07    0.32    0.89 ^ _429_/Q (sky130_fd_sc_hd__dfrtp_1)
     2    0.01                           net197 (net)
                  0.07    0.00    0.89 ^ hold1/A (sky130_fd_sc_hd__dlygate4sd3_1)
                  0.05    0.52    1.40 ^ hold1/X (sky130_fd_sc_hd__dlygate4sd3_1)
     1    0.00                           net211 (net)
                  0.05    0.00    1.40 ^ _333_/A1 (sky130_fd_sc_hd__mux2_1)
                  0.04    0.11    1.51 ^ _333_/X (sky130_fd_sc_hd__mux2_1)
     1    0.00                           _148_ (net)
                  0.04    0.00    1.51 ^ _334_/A (sky130_fd_sc_hd__clkbuf_1)
                  0.04    0.07    1.59 ^ _334_/X (sky130_fd_sc_hd__clkbuf_1)
     1    0.00                           _040_ (net)
                  0.04    0.00    1.59 ^ _429_/D (sky130_fd_sc_hd__dfrtp_1)
                                  1.59   data arrival time

                          0.00    0.00   clock clk (rise edge)
                          0.00    0.00   clock source latency
                  0.22    0.16    0.16 ^ clk (in)
     1    0.05                           clk (net)
                  0.22    0.00    0.16 ^ clkbuf_0_clk/A (sky130_fd_sc_hd__clkbuf_16)
                  0.14    0.27    0.43 ^ clkbuf_0_clk/X (sky130_fd_sc_hd__clkbuf_16)
     8    0.13                           clknet_0_clk (net)
                  0.14    0.00    0.43 ^ clkbuf_3_6__f_clk/A (sky130_fd_sc_hd__clkbuf_16)
                  0.06    0.19    0.62 ^ clkbuf_3_6__f_clk/X (sky130_fd_sc_hd__clkbuf_16)
     7    0.04                           clknet_3_6__leaf_clk (net)
                  0.06    0.00    0.62 ^ _429_/CLK (sky130_fd_sc_hd__dfrtp_1)
                          0.25    0.87   clock uncertainty
                         -0.06    0.81   clock reconvergence pessimism
                         -0.03    0.78   library hold time
                                  0.78   data required time
-----------------------------------------------------------------------------
                                  0.78   data required time
                                 -1.59   data arrival time
-----------------------------------------------------------------------------
                                  0.81   slack (MET)


Startpoint: _412_ (rising edge-triggered flip-flop clocked by clk)
Endpoint: _412_ (rising edge-triggered flip-flop clocked by clk)
Path Group: clk
Path Type: min

Fanout     Cap    Slew   Delay    Time   Description
-----------------------------------------------------------------------------
                          0.00    0.00   clock clk (rise edge)
                          0.00    0.00   clock source latency
                  0.22    0.14    0.14 ^ clk (in)
     1    0.05                           clk (net)
                  0.22    0.00    0.14 ^ clkbuf_0_clk/A (sky130_fd_sc_hd__clkbuf_16)
                  0.14    0.25    0.39 ^ clkbuf_0_clk/X (sky130_fd_sc_hd__clkbuf_16)
     8    0.13                           clknet_0_clk (net)
                  0.14    0.00    0.39 ^ clkbuf_3_6__f_clk/A (sky130_fd_sc_hd__clkbuf_16)
                  0.06    0.17    0.56 ^ clkbuf_3_6__f_clk/X (sky130_fd_sc_hd__clkbuf_16)
     7    0.04                           clknet_3_6__leaf_clk (net)
                  0.06    0.00    0.56 ^ _412_/CLK (sky130_fd_sc_hd__dfrtp_1)
                  0.07    0.33    0.89 ^ _412_/Q (sky130_fd_sc_hd__dfrtp_1)
     2    0.01                           net146 (net)
                  0.07    0.00    0.89 ^ hold5/A (sky130_fd_sc_hd__dlygate4sd3_1)
                  0.05    0.52    1.41 ^ hold5/X (sky130_fd_sc_hd__dlygate4sd3_1)
     1    0.00                           net215 (net)
                  0.05    0.00    1.41 ^ _298_/A1 (sky130_fd_sc_hd__mux2_1)
                  0.04    0.11    1.52 ^ _298_/X (sky130_fd_sc_hd__mux2_1)
     1    0.00                           _130_ (net)
                  0.04    0.00    1.52 ^ _299_/A (sky130_fd_sc_hd__clkbuf_1)
                  0.04    0.07    1.59 ^ _299_/X (sky130_fd_sc_hd__clkbuf_1)
     1    0.00                           _023_ (net)
                  0.04    0.00    1.59 ^ _412_/D (sky130_fd_sc_hd__dfrtp_1)
                                  1.59   data arrival time

                          0.00    0.00   clock clk (rise edge)
                          0.00    0.00   clock source latency
                  0.22    0.16    0.16 ^ clk (in)
     1    0.05                           clk (net)
                  0.22    0.00    0.16 ^ clkbuf_0_clk/A (sky130_fd_sc_hd__clkbuf_16)
                  0.14    0.27    0.43 ^ clkbuf_0_clk/X (sky130_fd_sc_hd__clkbuf_16)
     8    0.13                           clknet_0_clk (net)
                  0.14    0.00    0.43 ^ clkbuf_3_6__f_clk/A (sky130_fd_sc_hd__clkbuf_16)
                  0.06    0.19    0.62 ^ clkbuf_3_6__f_clk/X (sky130_fd_sc_hd__clkbuf_16)
     7    0.04                           clknet_3_6__leaf_clk (net)
                  0.06    0.00    0.62 ^ _412_/CLK (sky130_fd_sc_hd__dfrtp_1)
                          0.25    0.87   clock uncertainty
                         -0.06    0.81   clock reconvergence pessimism
                         -0.03    0.78   library hold time
                                  0.78   data required time
-----------------------------------------------------------------------------
                                  0.78   data required time
                                 -1.59   data arrival time
-----------------------------------------------------------------------------
                                  0.81   slack (MET)


Startpoint: _402_ (rising edge-triggered flip-flop clocked by clk)
Endpoint: _402_ (rising edge-triggered flip-flop clocked by clk)
Path Group: clk
Path Type: min

Fanout     Cap    Slew   Delay    Time   Description
-----------------------------------------------------------------------------
                          0.00    0.00   clock clk (rise edge)
                          0.00    0.00   clock source latency
                  0.22    0.14    0.14 ^ clk (in)
     1    0.05                           clk (net)
                  0.22    0.00    0.14 ^ clkbuf_0_clk/A (sky130_fd_sc_hd__clkbuf_16)
                  0.14    0.25    0.39 ^ clkbuf_0_clk/X (sky130_fd_sc_hd__clkbuf_16)
     8    0.13                           clknet_0_clk (net)
                  0.14    0.00    0.39 ^ clkbuf_3_7__f_clk/A (sky130_fd_sc_hd__clkbuf_16)
                  0.09    0.18    0.58 ^ clkbuf_3_7__f_clk/X (sky130_fd_sc_hd__clkbuf_16)
     9    0.07                           clknet_3_7__leaf_clk (net)
                  0.09    0.00    0.58 ^ _402_/CLK (sky130_fd_sc_hd__dfrtp_1)
                  0.07    0.34    0.92 ^ _402_/Q (sky130_fd_sc_hd__dfrtp_1)
     2    0.01                           net135 (net)
                  0.07    0.00    0.92 ^ hold7/A (sky130_fd_sc_hd__dlygate4sd3_1)
                  0.05    0.52    1.43 ^ hold7/X (sky130_fd_sc_hd__dlygate4sd3_1)
     1    0.00                           net217 (net)
                  0.05    0.00    1.43 ^ _277_/A1 (sky130_fd_sc_hd__mux2_1)
                  0.04    0.11    1.55 ^ _277_/X (sky130_fd_sc_hd__mux2_1)
     1    0.00                           _119_ (net)
                  0.04    0.00    1.55 ^ _278_/A (sky130_fd_sc_hd__clkbuf_1)
                  0.04    0.07    1.62 ^ _278_/X (sky130_fd_sc_hd__clkbuf_1)
     1    0.00                           _013_ (net)
                  0.04    0.00    1.62 ^ _402_/D (sky130_fd_sc_hd__dfrtp_1)
                                  1.62   data arrival time

                          0.00    0.00   clock clk (rise edge)
                          0.00    0.00   clock source latency
                  0.22    0.16    0.16 ^ clk (in)
     1    0.05                           clk (net)
                  0.22    0.00    0.16 ^ clkbuf_0_clk/A (sky130_fd_sc_hd__clkbuf_16)
                  0.14    0.27    0.43 ^ clkbuf_0_clk/X (sky130_fd_sc_hd__clkbuf_16)
     8    0.13                           clknet_0_clk (net)
                  0.14    0.00    0.43 ^ clkbuf_3_7__f_clk/A (sky130_fd_sc_hd__clkbuf_16)
                  0.09    0.20    0.64 ^ clkbuf_3_7__f_clk/X (sky130_fd_sc_hd__clkbuf_16)
     9    0.07                           clknet_3_7__leaf_clk (net)
                  0.09    0.01    0.64 ^ _402_/CLK (sky130_fd_sc_hd__dfrtp_1)
                          0.25    0.89   clock uncertainty
                         -0.06    0.83   clock reconvergence pessimism
                         -0.03    0.80   library hold time
                                  0.80   data required time
-----------------------------------------------------------------------------
                                  0.80   data required time
                                 -1.62   data arrival time
-----------------------------------------------------------------------------
                                  0.82   slack (MET)


Startpoint: _428_ (rising edge-triggered flip-flop clocked by clk)
Endpoint: _428_ (rising edge-triggered flip-flop clocked by clk)
Path Group: clk
Path Type: min

Fanout     Cap    Slew   Delay    Time   Description
-----------------------------------------------------------------------------
                          0.00    0.00   clock clk (rise edge)
                          0.00    0.00   clock source latency
                  0.22    0.14    0.14 ^ clk (in)
     1    0.05                           clk (net)
                  0.22    0.00    0.14 ^ clkbuf_0_clk/A (sky130_fd_sc_hd__clkbuf_16)
                  0.14    0.25    0.39 ^ clkbuf_0_clk/X (sky130_fd_sc_hd__clkbuf_16)
     8    0.13                           clknet_0_clk (net)
                  0.14    0.00    0.39 ^ clkbuf_3_6__f_clk/A (sky130_fd_sc_hd__clkbuf_16)
                  0.06    0.17    0.56 ^ clkbuf_3_6__f_clk/X (sky130_fd_sc_hd__clkbuf_16)
     7    0.04                           clknet_3_6__leaf_clk (net)
                  0.06    0.00    0.56 ^ _428_/CLK (sky130_fd_sc_hd__dfrtp_1)
                  0.10    0.35    0.91 ^ _428_/Q (sky130_fd_sc_hd__dfrtp_1)
     2    0.01                           net196 (net)
                  0.10    0.00    0.91 ^ hold11/A (sky130_fd_sc_hd__dlygate4sd3_1)
                  0.05    0.52    1.44 ^ hold11/X (sky130_fd_sc_hd__dlygate4sd3_1)
     1    0.00                           net221 (net)
                  0.05    0.00    1.44 ^ _331_/A1 (sky130_fd_sc_hd__mux2_1)
                  0.04    0.11    1.55 ^ _331_/X (sky130_fd_sc_hd__mux2_1)
     1    0.00                           _147_ (net)
                  0.04    0.00    1.55 ^ _332_/A (sky130_fd_sc_hd__clkbuf_1)
                  0.04    0.07    1.62 ^ _332_/X (sky130_fd_sc_hd__clkbuf_1)
     1    0.00                           _039_ (net)
                  0.04    0.00    1.62 ^ _428_/D (sky130_fd_sc_hd__dfrtp_1)
                                  1.62   data arrival time

                          0.00    0.00   clock clk (rise edge)
                          0.00    0.00   clock source latency
                  0.22    0.16    0.16 ^ clk (in)
     1    0.05                           clk (net)
                  0.22    0.00    0.16 ^ clkbuf_0_clk/A (sky130_fd_sc_hd__clkbuf_16)
                  0.14    0.27    0.43 ^ clkbuf_0_clk/X (sky130_fd_sc_hd__clkbuf_16)
     8    0.13                           clknet_0_clk (net)
                  0.14    0.00    0.43 ^ clkbuf_3_6__f_clk/A (sky130_fd_sc_hd__clkbuf_16)
                  0.06    0.19    0.62 ^ clkbuf_3_6__f_clk/X (sky130_fd_sc_hd__clkbuf_16)
     7    0.04                           clknet_3_6__leaf_clk (net)
                  0.06    0.00    0.62 ^ _428_/CLK (sky130_fd_sc_hd__dfrtp_1)
                          0.25    0.87   clock uncertainty
                         -0.06    0.81   clock reconvergence pessimism
                         -0.03    0.78   library hold time
                                  0.78   data required time
-----------------------------------------------------------------------------
                                  0.78   data required time
                                 -1.62   data arrival time
-----------------------------------------------------------------------------
                                  0.84   slack (MET)


Startpoint: rstn (input port clocked by clk)
Endpoint: _452_ (removal check against rising-edge clock clk)
Path Group: asynchronous
Path Type: min

Fanout     Cap    Slew   Delay    Time   Description
-----------------------------------------------------------------------------
                          0.00    0.00   clock clk (rise edge)
                          0.00    0.00   clock network delay (propagated)
                          2.00    2.00 ^ input external delay
                  0.02    0.01    2.01 ^ rstn (in)
     1    0.00                           rstn (net)
                  0.02    0.00    2.01 ^ input100/A (sky130_fd_sc_hd__clkbuf_2)
                  0.17    0.18    2.19 ^ input100/X (sky130_fd_sc_hd__clkbuf_2)
     2    0.03                           net100 (net)
                  0.17    0.00    2.19 ^ fanout210/A (sky130_fd_sc_hd__clkbuf_4)
                  0.15    0.25    2.43 ^ fanout210/X (sky130_fd_sc_hd__clkbuf_4)
     6    0.05                           net210 (net)
                  0.15    0.00    2.44 ^ _452_/RESET_B (sky130_fd_sc_hd__dfrtp_1)
                                  2.44   data arrival time

                          0.00    0.00   clock clk (rise edge)
                          0.00    0.00   clock source latency
                  0.22    0.16    0.16 ^ clk (in)
     1    0.05                           clk (net)
                  0.22    0.00    0.16 ^ clkbuf_0_clk/A (sky130_fd_sc_hd__clkbuf_16)
                  0.14    0.27    0.43 ^ clkbuf_0_clk/X (sky130_fd_sc_hd__clkbuf_16)
     8    0.13                           clknet_0_clk (net)
                  0.14    0.00    0.43 ^ clkbuf_3_7__f_clk/A (sky130_fd_sc_hd__clkbuf_16)
                  0.09    0.20    0.64 ^ clkbuf_3_7__f_clk/X (sky130_fd_sc_hd__clkbuf_16)
     9    0.07                           clknet_3_7__leaf_clk (net)
                  0.09    0.00    0.64 ^ _452_/CLK (sky130_fd_sc_hd__dfrtp_1)
                          0.25    0.89   clock uncertainty
                          0.00    0.89   clock reconvergence pessimism
                          0.36    1.25   library removal time
                                  1.25   data required time
-----------------------------------------------------------------------------
                                  1.25   data required time
                                 -2.44   data arrival time
-----------------------------------------------------------------------------
                                  1.19   slack (MET)


Startpoint: rstn (input port clocked by clk)
Endpoint: _406_ (removal check against rising-edge clock clk)
Path Group: asynchronous
Path Type: min

Fanout     Cap    Slew   Delay    Time   Description
-----------------------------------------------------------------------------
                          0.00    0.00   clock clk (rise edge)
                          0.00    0.00   clock network delay (propagated)
                          2.00    2.00 ^ input external delay
                  0.02    0.01    2.01 ^ rstn (in)
     1    0.00                           rstn (net)
                  0.02    0.00    2.01 ^ input100/A (sky130_fd_sc_hd__clkbuf_2)
                  0.17    0.18    2.19 ^ input100/X (sky130_fd_sc_hd__clkbuf_2)
     2    0.03                           net100 (net)
                  0.17    0.00    2.19 ^ fanout210/A (sky130_fd_sc_hd__clkbuf_4)
                  0.15    0.25    2.43 ^ fanout210/X (sky130_fd_sc_hd__clkbuf_4)
     6    0.05                           net210 (net)
                  0.15    0.00    2.44 ^ _406_/RESET_B (sky130_fd_sc_hd__dfrtp_1)
                                  2.44   data arrival time

                          0.00    0.00   clock clk (rise edge)
                          0.00    0.00   clock source latency
                  0.22    0.16    0.16 ^ clk (in)
     1    0.05                           clk (net)
                  0.22    0.00    0.16 ^ clkbuf_0_clk/A (sky130_fd_sc_hd__clkbuf_16)
                  0.14    0.27    0.43 ^ clkbuf_0_clk/X (sky130_fd_sc_hd__clkbuf_16)
     8    0.13                           clknet_0_clk (net)
                  0.14    0.00    0.43 ^ clkbuf_3_5__f_clk/A (sky130_fd_sc_hd__clkbuf_16)
                  0.08    0.20    0.63 ^ clkbuf_3_5__f_clk/X (sky130_fd_sc_hd__clkbuf_16)
    10    0.06                           clknet_3_5__leaf_clk (net)
                  0.08    0.01    0.64 ^ _406_/CLK (sky130_fd_sc_hd__dfrtp_1)
                          0.25    0.89   clock uncertainty
                          0.00    0.89   clock reconvergence pessimism
                          0.36    1.25   library removal time
                                  1.25   data required time
-----------------------------------------------------------------------------
                                  1.25   data required time
                                 -2.44   data arrival time
-----------------------------------------------------------------------------
                                  1.19   slack (MET)


Startpoint: rstn (input port clocked by clk)
Endpoint: _401_ (removal check against rising-edge clock clk)
Path Group: asynchronous
Path Type: min

Fanout     Cap    Slew   Delay    Time   Description
-----------------------------------------------------------------------------
                          0.00    0.00   clock clk (rise edge)
                          0.00    0.00   clock network delay (propagated)
                          2.00    2.00 ^ input external delay
                  0.02    0.01    2.01 ^ rstn (in)
     1    0.00                           rstn (net)
                  0.02    0.00    2.01 ^ input100/A (sky130_fd_sc_hd__clkbuf_2)
                  0.17    0.18    2.19 ^ input100/X (sky130_fd_sc_hd__clkbuf_2)
     2    0.03                           net100 (net)
                  0.17    0.00    2.19 ^ fanout210/A (sky130_fd_sc_hd__clkbuf_4)
                  0.15    0.25    2.43 ^ fanout210/X (sky130_fd_sc_hd__clkbuf_4)
     6    0.05                           net210 (net)
                  0.15    0.00    2.44 ^ _401_/RESET_B (sky130_fd_sc_hd__dfrtp_2)
                                  2.44   data arrival time

                          0.00    0.00   clock clk (rise edge)
                          0.00    0.00   clock source latency
                  0.22    0.16    0.16 ^ clk (in)
     1    0.05                           clk (net)
                  0.22    0.00    0.16 ^ clkbuf_0_clk/A (sky130_fd_sc_hd__clkbuf_16)
                  0.14    0.27    0.43 ^ clkbuf_0_clk/X (sky130_fd_sc_hd__clkbuf_16)
     8    0.13                           clknet_0_clk (net)
                  0.14    0.00    0.43 ^ clkbuf_3_5__f_clk/A (sky130_fd_sc_hd__clkbuf_16)
                  0.08    0.20    0.63 ^ clkbuf_3_5__f_clk/X (sky130_fd_sc_hd__clkbuf_16)
    10    0.06                           clknet_3_5__leaf_clk (net)
                  0.08    0.01    0.64 ^ _401_/CLK (sky130_fd_sc_hd__dfrtp_2)
                          0.25    0.89   clock uncertainty
                          0.00    0.89   clock reconvergence pessimism
                          0.36    1.24   library removal time
                                  1.24   data required time
-----------------------------------------------------------------------------
                                  1.24   data required time
                                 -2.44   data arrival time
-----------------------------------------------------------------------------
                                  1.19   slack (MET)


Startpoint: rstn (input port clocked by clk)
Endpoint: _391_ (removal check against rising-edge clock clk)
Path Group: asynchronous
Path Type: min

Fanout     Cap    Slew   Delay    Time   Description
-----------------------------------------------------------------------------
                          0.00    0.00   clock clk (rise edge)
                          0.00    0.00   clock network delay (propagated)
                          2.00    2.00 ^ input external delay
                  0.02    0.01    2.01 ^ rstn (in)
     1    0.00                           rstn (net)
                  0.02    0.00    2.01 ^ input100/A (sky130_fd_sc_hd__clkbuf_2)
                  0.17    0.18    2.19 ^ input100/X (sky130_fd_sc_hd__clkbuf_2)
     2    0.03                           net100 (net)
                  0.17    0.00    2.19 ^ fanout210/A (sky130_fd_sc_hd__clkbuf_4)
                  0.15    0.25    2.43 ^ fanout210/X (sky130_fd_sc_hd__clkbuf_4)
     6    0.05                           net210 (net)
                  0.15    0.00    2.44 ^ _391_/RESET_B (sky130_fd_sc_hd__dfrtp_1)
                                  2.44   data arrival time

                          0.00    0.00   clock clk (rise edge)
                          0.00    0.00   clock source latency
                  0.22    0.16    0.16 ^ clk (in)
     1    0.05                           clk (net)
                  0.22    0.00    0.16 ^ clkbuf_0_clk/A (sky130_fd_sc_hd__clkbuf_16)
                  0.14    0.27    0.43 ^ clkbuf_0_clk/X (sky130_fd_sc_hd__clkbuf_16)
     8    0.13                           clknet_0_clk (net)
                  0.14    0.00    0.43 ^ clkbuf_3_5__f_clk/A (sky130_fd_sc_hd__clkbuf_16)
                  0.08    0.20    0.63 ^ clkbuf_3_5__f_clk/X (sky130_fd_sc_hd__clkbuf_16)
    10    0.06                           clknet_3_5__leaf_clk (net)
                  0.08    0.00    0.64 ^ _391_/CLK (sky130_fd_sc_hd__dfrtp_1)
                          0.25    0.89   clock uncertainty
                          0.00    0.89   clock reconvergence pessimism
                          0.36    1.24   library removal time
                                  1.24   data required time
-----------------------------------------------------------------------------
                                  1.24   data required time
                                 -2.44   data arrival time
-----------------------------------------------------------------------------
                                  1.19   slack (MET)


Startpoint: rstn (input port clocked by clk)
Endpoint: _448_ (removal check against rising-edge clock clk)
Path Group: asynchronous
Path Type: min

Fanout     Cap    Slew   Delay    Time   Description
-----------------------------------------------------------------------------
                          0.00    0.00   clock clk (rise edge)
                          0.00    0.00   clock network delay (propagated)
                          2.00    2.00 ^ input external delay
                  0.02    0.01    2.01 ^ rstn (in)
     1    0.00                           rstn (net)
                  0.02    0.00    2.01 ^ input100/A (sky130_fd_sc_hd__clkbuf_2)
                  0.17    0.18    2.19 ^ input100/X (sky130_fd_sc_hd__clkbuf_2)
     2    0.03                           net100 (net)
                  0.17    0.00    2.19 ^ fanout205/A (sky130_fd_sc_hd__buf_4)
                  0.23    0.27    2.46 ^ fanout205/X (sky130_fd_sc_hd__buf_4)
    10    0.08                           net205 (net)
                  0.23    0.01    2.47 ^ _448_/RESET_B (sky130_fd_sc_hd__dfrtp_1)
                                  2.47   data arrival time

                          0.00    0.00   clock clk (rise edge)
                          0.00    0.00   clock source latency
                  0.22    0.16    0.16 ^ clk (in)
     1    0.05                           clk (net)
                  0.22    0.00    0.16 ^ clkbuf_0_clk/A (sky130_fd_sc_hd__clkbuf_16)
                  0.14    0.27    0.43 ^ clkbuf_0_clk/X (sky130_fd_sc_hd__clkbuf_16)
     8    0.13                           clknet_0_clk (net)
                  0.14    0.00    0.43 ^ clkbuf_3_0__f_clk/A (sky130_fd_sc_hd__clkbuf_16)
                  0.07    0.19    0.62 ^ clkbuf_3_0__f_clk/X (sky130_fd_sc_hd__clkbuf_16)
     7    0.05                           clknet_3_0__leaf_clk (net)
                  0.07    0.00    0.63 ^ _448_/CLK (sky130_fd_sc_hd__dfrtp_1)
                          0.25    0.88   clock uncertainty
                          0.00    0.88   clock reconvergence pessimism
                          0.38    1.25   library removal time
                                  1.25   data required time
-----------------------------------------------------------------------------
                                  1.25   data required time
                                 -2.47   data arrival time
-----------------------------------------------------------------------------
                                  1.22   slack (MET)


Startpoint: rstn (input port clocked by clk)
Endpoint: _397_ (removal check against rising-edge clock clk)
Path Group: asynchronous
Path Type: min

Fanout     Cap    Slew   Delay    Time   Description
-----------------------------------------------------------------------------
                          0.00    0.00   clock clk (rise edge)
                          0.00    0.00   clock network delay (propagated)
                          2.00    2.00 ^ input external delay
                  0.02    0.01    2.01 ^ rstn (in)
     1    0.00                           rstn (net)
                  0.02    0.00    2.01 ^ input100/A (sky130_fd_sc_hd__clkbuf_2)
                  0.17    0.18    2.19 ^ input100/X (sky130_fd_sc_hd__clkbuf_2)
     2    0.03                           net100 (net)
                  0.17    0.00    2.19 ^ fanout205/A (sky130_fd_sc_hd__buf_4)
                  0.23    0.27    2.46 ^ fanout205/X (sky130_fd_sc_hd__buf_4)
    10    0.08                           net205 (net)
                  0.23    0.01    2.47 ^ _397_/RESET_B (sky130_fd_sc_hd__dfrtp_1)
                                  2.47   data arrival time

                          0.00    0.00   clock clk (rise edge)
                          0.00    0.00   clock source latency
                  0.22    0.16    0.16 ^ clk (in)
     1    0.05                           clk (net)
                  0.22    0.00    0.16 ^ clkbuf_0_clk/A (sky130_fd_sc_hd__clkbuf_16)
                  0.14    0.27    0.43 ^ clkbuf_0_clk/X (sky130_fd_sc_hd__clkbuf_16)
     8    0.13                           clknet_0_clk (net)
                  0.14    0.00    0.43 ^ clkbuf_3_0__f_clk/A (sky130_fd_sc_hd__clkbuf_16)
                  0.07    0.19    0.62 ^ clkbuf_3_0__f_clk/X (sky130_fd_sc_hd__clkbuf_16)
     7    0.05                           clknet_3_0__leaf_clk (net)
                  0.07    0.00    0.63 ^ _397_/CLK (sky130_fd_sc_hd__dfrtp_1)
                          0.25    0.88   clock uncertainty
                          0.00    0.88   clock reconvergence pessimism
                          0.38    1.25   library removal time
                                  1.25   data required time
-----------------------------------------------------------------------------
                                  1.25   data required time
                                 -2.47   data arrival time
-----------------------------------------------------------------------------
                                  1.22   slack (MET)


Startpoint: rstn (input port clocked by clk)
Endpoint: _399_ (removal check against rising-edge clock clk)
Path Group: asynchronous
Path Type: min

Fanout     Cap    Slew   Delay    Time   Description
-----------------------------------------------------------------------------
                          0.00    0.00   clock clk (rise edge)
                          0.00    0.00   clock network delay (propagated)
                          2.00    2.00 ^ input external delay
                  0.02    0.01    2.01 ^ rstn (in)
     1    0.00                           rstn (net)
                  0.02    0.00    2.01 ^ input100/A (sky130_fd_sc_hd__clkbuf_2)
                  0.17    0.18    2.19 ^ input100/X (sky130_fd_sc_hd__clkbuf_2)
     2    0.03                           net100 (net)
                  0.17    0.00    2.19 ^ fanout205/A (sky130_fd_sc_hd__buf_4)
                  0.23    0.27    2.46 ^ fanout205/X (sky130_fd_sc_hd__buf_4)
    10    0.08                           net205 (net)
                  0.23    0.01    2.47 ^ _399_/RESET_B (sky130_fd_sc_hd__dfrtp_2)
                                  2.47   data arrival time

                          0.00    0.00   clock clk (rise edge)
                          0.00    0.00   clock source latency
                  0.22    0.16    0.16 ^ clk (in)
     1    0.05                           clk (net)
                  0.22    0.00    0.16 ^ clkbuf_0_clk/A (sky130_fd_sc_hd__clkbuf_16)
                  0.14    0.27    0.43 ^ clkbuf_0_clk/X (sky130_fd_sc_hd__clkbuf_16)
     8    0.13                           clknet_0_clk (net)
                  0.14    0.00    0.43 ^ clkbuf_3_0__f_clk/A (sky130_fd_sc_hd__clkbuf_16)
                  0.07    0.19    0.62 ^ clkbuf_3_0__f_clk/X (sky130_fd_sc_hd__clkbuf_16)
     7    0.05                           clknet_3_0__leaf_clk (net)
                  0.07    0.00    0.63 ^ _399_/CLK (sky130_fd_sc_hd__dfrtp_2)
                          0.25    0.88   clock uncertainty
                          0.00    0.88   clock reconvergence pessimism
                          0.38    1.25   library removal time
                                  1.25   data required time
-----------------------------------------------------------------------------
                                  1.25   data required time
                                 -2.47   data arrival time
-----------------------------------------------------------------------------
                                  1.22   slack (MET)


Startpoint: rstn (input port clocked by clk)
Endpoint: _445_ (removal check against rising-edge clock clk)
Path Group: asynchronous
Path Type: min

Fanout     Cap    Slew   Delay    Time   Description
-----------------------------------------------------------------------------
                          0.00    0.00   clock clk (rise edge)
                          0.00    0.00   clock network delay (propagated)
                          2.00    2.00 ^ input external delay
                  0.02    0.01    2.01 ^ rstn (in)
     1    0.00                           rstn (net)
                  0.02    0.00    2.01 ^ input100/A (sky130_fd_sc_hd__clkbuf_2)
                  0.17    0.18    2.19 ^ input100/X (sky130_fd_sc_hd__clkbuf_2)
     2    0.03                           net100 (net)
                  0.17    0.00    2.19 ^ fanout205/A (sky130_fd_sc_hd__buf_4)
                  0.23    0.27    2.46 ^ fanout205/X (sky130_fd_sc_hd__buf_4)
    10    0.08                           net205 (net)
                  0.23    0.01    2.47 ^ _445_/RESET_B (sky130_fd_sc_hd__dfrtp_1)
                                  2.47   data arrival time

                          0.00    0.00   clock clk (rise edge)
                          0.00    0.00   clock source latency
                  0.22    0.16    0.16 ^ clk (in)
     1    0.05                           clk (net)
                  0.22    0.00    0.16 ^ clkbuf_0_clk/A (sky130_fd_sc_hd__clkbuf_16)
                  0.14    0.27    0.43 ^ clkbuf_0_clk/X (sky130_fd_sc_hd__clkbuf_16)
     8    0.13                           clknet_0_clk (net)
                  0.14    0.00    0.43 ^ clkbuf_3_0__f_clk/A (sky130_fd_sc_hd__clkbuf_16)
                  0.07    0.19    0.62 ^ clkbuf_3_0__f_clk/X (sky130_fd_sc_hd__clkbuf_16)
     7    0.05                           clknet_3_0__leaf_clk (net)
                  0.07    0.00    0.63 ^ _445_/CLK (sky130_fd_sc_hd__dfrtp_1)
                          0.25    0.88   clock uncertainty
                          0.00    0.88   clock reconvergence pessimism
                          0.38    1.25   library removal time
                                  1.25   data required time
-----------------------------------------------------------------------------
                                  1.25   data required time
                                 -2.47   data arrival time
-----------------------------------------------------------------------------
                                  1.22   slack (MET)


Startpoint: rstn (input port clocked by clk)
Endpoint: _453_ (removal check against rising-edge clock clk)
Path Group: asynchronous
Path Type: min

Fanout     Cap    Slew   Delay    Time   Description
-----------------------------------------------------------------------------
                          0.00    0.00   clock clk (rise edge)
                          0.00    0.00   clock network delay (propagated)
                          2.00    2.00 ^ input external delay
                  0.02    0.01    2.01 ^ rstn (in)
     1    0.00                           rstn (net)
                  0.02    0.00    2.01 ^ input100/A (sky130_fd_sc_hd__clkbuf_2)
                  0.17    0.18    2.19 ^ input100/X (sky130_fd_sc_hd__clkbuf_2)
     2    0.03                           net100 (net)
                  0.17    0.00    2.19 ^ fanout205/A (sky130_fd_sc_hd__buf_4)
                  0.23    0.27    2.46 ^ fanout205/X (sky130_fd_sc_hd__buf_4)
    10    0.08                           net205 (net)
                  0.23    0.01    2.47 ^ _453_/RESET_B (sky130_fd_sc_hd__dfrtp_1)
                                  2.47   data arrival time

                          0.00    0.00   clock clk (rise edge)
                          0.00    0.00   clock source latency
                  0.22    0.16    0.16 ^ clk (in)
     1    0.05                           clk (net)
                  0.22    0.00    0.16 ^ clkbuf_0_clk/A (sky130_fd_sc_hd__clkbuf_16)
                  0.14    0.27    0.43 ^ clkbuf_0_clk/X (sky130_fd_sc_hd__clkbuf_16)
     8    0.13                           clknet_0_clk (net)
                  0.14    0.00    0.43 ^ clkbuf_3_0__f_clk/A (sky130_fd_sc_hd__clkbuf_16)
                  0.07    0.19    0.62 ^ clkbuf_3_0__f_clk/X (sky130_fd_sc_hd__clkbuf_16)
     7    0.05                           clknet_3_0__leaf_clk (net)
                  0.07    0.00    0.62 ^ _453_/CLK (sky130_fd_sc_hd__dfrtp_1)
                          0.25    0.87   clock uncertainty
                          0.00    0.87   clock reconvergence pessimism
                          0.38    1.25   library removal time
                                  1.25   data required time
-----------------------------------------------------------------------------
                                  1.25   data required time
                                 -2.47   data arrival time
-----------------------------------------------------------------------------
                                  1.22   slack (MET)


Startpoint: rstn (input port clocked by clk)
Endpoint: _454_ (removal check against rising-edge clock clk)
Path Group: asynchronous
Path Type: min

Fanout     Cap    Slew   Delay    Time   Description
-----------------------------------------------------------------------------
                          0.00    0.00   clock clk (rise edge)
                          0.00    0.00   clock network delay (propagated)
                          2.00    2.00 ^ input external delay
                  0.02    0.01    2.01 ^ rstn (in)
     1    0.00                           rstn (net)
                  0.02    0.00    2.01 ^ input100/A (sky130_fd_sc_hd__clkbuf_2)
                  0.17    0.18    2.19 ^ input100/X (sky130_fd_sc_hd__clkbuf_2)
     2    0.03                           net100 (net)
                  0.17    0.00    2.19 ^ fanout205/A (sky130_fd_sc_hd__buf_4)
                  0.23    0.27    2.46 ^ fanout205/X (sky130_fd_sc_hd__buf_4)
    10    0.08                           net205 (net)
                  0.23    0.01    2.47 ^ _454_/RESET_B (sky130_fd_sc_hd__dfrtp_1)
                                  2.47   data arrival time

                          0.00    0.00   clock clk (rise edge)
                          0.00    0.00   clock source latency
                  0.22    0.16    0.16 ^ clk (in)
     1    0.05                           clk (net)
                  0.22    0.00    0.16 ^ clkbuf_0_clk/A (sky130_fd_sc_hd__clkbuf_16)
                  0.14    0.27    0.43 ^ clkbuf_0_clk/X (sky130_fd_sc_hd__clkbuf_16)
     8    0.13                           clknet_0_clk (net)
                  0.14    0.00    0.43 ^ clkbuf_3_0__f_clk/A (sky130_fd_sc_hd__clkbuf_16)
                  0.07    0.19    0.62 ^ clkbuf_3_0__f_clk/X (sky130_fd_sc_hd__clkbuf_16)
     7    0.05                           clknet_3_0__leaf_clk (net)
                  0.07    0.00    0.62 ^ _454_/CLK (sky130_fd_sc_hd__dfrtp_1)
                          0.25    0.87   clock uncertainty
                          0.00    0.87   clock reconvergence pessimism
                          0.38    1.25   library removal time
                                  1.25   data required time
-----------------------------------------------------------------------------
                                  1.25   data required time
                                 -2.47   data arrival time
-----------------------------------------------------------------------------
                                  1.22   slack (MET)


Startpoint: rstn (input port clocked by clk)
Endpoint: _415_ (removal check against rising-edge clock clk)
Path Group: asynchronous
Path Type: min

Fanout     Cap    Slew   Delay    Time   Description
-----------------------------------------------------------------------------
                          0.00    0.00   clock clk (rise edge)
                          0.00    0.00   clock network delay (propagated)
                          2.00    2.00 ^ input external delay
                  0.02    0.01    2.01 ^ rstn (in)
     1    0.00                           rstn (net)
                  0.02    0.00    2.01 ^ input100/A (sky130_fd_sc_hd__clkbuf_2)
                  0.17    0.18    2.19 ^ input100/X (sky130_fd_sc_hd__clkbuf_2)
     2    0.03                           net100 (net)
                  0.17    0.00    2.19 ^ fanout205/A (sky130_fd_sc_hd__buf_4)
                  0.23    0.27    2.46 ^ fanout205/X (sky130_fd_sc_hd__buf_4)
    10    0.08                           net205 (net)
                  0.23    0.01    2.46 ^ _415_/RESET_B (sky130_fd_sc_hd__dfrtp_4)
                                  2.46   data arrival time

                          0.00    0.00   clock clk (rise edge)
                          0.00    0.00   clock source latency
                  0.22    0.16    0.16 ^ clk (in)
     1    0.05                           clk (net)
                  0.22    0.00    0.16 ^ clkbuf_0_clk/A (sky130_fd_sc_hd__clkbuf_16)
                  0.14    0.27    0.43 ^ clkbuf_0_clk/X (sky130_fd_sc_hd__clkbuf_16)
     8    0.13                           clknet_0_clk (net)
                  0.14    0.00    0.43 ^ clkbuf_3_1__f_clk/A (sky130_fd_sc_hd__clkbuf_16)
                  0.05    0.18    0.61 ^ clkbuf_3_1__f_clk/X (sky130_fd_sc_hd__clkbuf_16)
     9    0.03                           clknet_3_1__leaf_clk (net)
                  0.05    0.00    0.61 ^ _415_/CLK (sky130_fd_sc_hd__dfrtp_4)
                          0.25    0.86   clock uncertainty
                          0.00    0.86   clock reconvergence pessimism
                          0.37    1.24   library removal time
                                  1.24   data required time
-----------------------------------------------------------------------------
                                  1.24   data required time
                                 -2.46   data arrival time
-----------------------------------------------------------------------------
                                  1.23   slack (MET)


Startpoint: rstn (input port clocked by clk)
Endpoint: _417_ (removal check against rising-edge clock clk)
Path Group: asynchronous
Path Type: min

Fanout     Cap    Slew   Delay    Time   Description
-----------------------------------------------------------------------------
                          0.00    0.00   clock clk (rise edge)
                          0.00    0.00   clock network delay (propagated)
                          2.00    2.00 ^ input external delay
                  0.02    0.01    2.01 ^ rstn (in)
     1    0.00                           rstn (net)
                  0.02    0.00    2.01 ^ input100/A (sky130_fd_sc_hd__clkbuf_2)
                  0.17    0.18    2.19 ^ input100/X (sky130_fd_sc_hd__clkbuf_2)
     2    0.03                           net100 (net)
                  0.17    0.00    2.19 ^ fanout205/A (sky130_fd_sc_hd__buf_4)
                  0.23    0.27    2.46 ^ fanout205/X (sky130_fd_sc_hd__buf_4)
    10    0.08                           net205 (net)
                  0.23    0.01    2.46 ^ _417_/RESET_B (sky130_fd_sc_hd__dfrtp_1)
                                  2.46   data arrival time

                          0.00    0.00   clock clk (rise edge)
                          0.00    0.00   clock source latency
                  0.22    0.16    0.16 ^ clk (in)
     1    0.05                           clk (net)
                  0.22    0.00    0.16 ^ clkbuf_0_clk/A (sky130_fd_sc_hd__clkbuf_16)
                  0.14    0.27    0.43 ^ clkbuf_0_clk/X (sky130_fd_sc_hd__clkbuf_16)
     8    0.13                           clknet_0_clk (net)
                  0.14    0.00    0.43 ^ clkbuf_3_1__f_clk/A (sky130_fd_sc_hd__clkbuf_16)
                  0.05    0.18    0.61 ^ clkbuf_3_1__f_clk/X (sky130_fd_sc_hd__clkbuf_16)
     9    0.03                           clknet_3_1__leaf_clk (net)
                  0.05    0.00    0.61 ^ _417_/CLK (sky130_fd_sc_hd__dfrtp_1)
                          0.25    0.86   clock uncertainty
                          0.00    0.86   clock reconvergence pessimism
                          0.37    1.24   library removal time
                                  1.24   data required time
-----------------------------------------------------------------------------
                                  1.24   data required time
                                 -2.46   data arrival time
-----------------------------------------------------------------------------
                                  1.23   slack (MET)


Startpoint: rstn (input port clocked by clk)
Endpoint: _392_ (removal check against rising-edge clock clk)
Path Group: asynchronous
Path Type: min

Fanout     Cap    Slew   Delay    Time   Description
-----------------------------------------------------------------------------
                          0.00    0.00   clock clk (rise edge)
                          0.00    0.00   clock network delay (propagated)
                          2.00    2.00 ^ input external delay
                  0.02    0.01    2.01 ^ rstn (in)
     1    0.00                           rstn (net)
                  0.02    0.00    2.01 ^ input100/A (sky130_fd_sc_hd__clkbuf_2)
                  0.17    0.18    2.19 ^ input100/X (sky130_fd_sc_hd__clkbuf_2)
     2    0.03                           net100 (net)
                  0.17    0.00    2.19 ^ fanout210/A (sky130_fd_sc_hd__clkbuf_4)
                  0.15    0.25    2.43 ^ fanout210/X (sky130_fd_sc_hd__clkbuf_4)
     6    0.05                           net210 (net)
                  0.15    0.00    2.44 ^ fanout209/A (sky130_fd_sc_hd__clkbuf_8)
                  0.16    0.24    2.67 ^ fanout209/X (sky130_fd_sc_hd__clkbuf_8)
    10    0.09                           net209 (net)
                  0.16    0.00    2.68 ^ _392_/RESET_B (sky130_fd_sc_hd__dfrtp_1)
                                  2.68   data arrival time

                          0.00    0.00   clock clk (rise edge)
                          0.00    0.00   clock source latency
                  0.22    0.16    0.16 ^ clk (in)
     1    0.05                           clk (net)
                  0.22    0.00    0.16 ^ clkbuf_0_clk/A (sky130_fd_sc_hd__clkbuf_16)
                  0.14    0.27    0.43 ^ clkbuf_0_clk/X (sky130_fd_sc_hd__clkbuf_16)
     8    0.13                           clknet_0_clk (net)
                  0.14    0.00    0.43 ^ clkbuf_3_7__f_clk/A (sky130_fd_sc_hd__clkbuf_16)
                  0.09    0.20    0.64 ^ clkbuf_3_7__f_clk/X (sky130_fd_sc_hd__clkbuf_16)
     9    0.07                           clknet_3_7__leaf_clk (net)
                  0.09    0.00    0.64 ^ _392_/CLK (sky130_fd_sc_hd__dfrtp_1)
                          0.25    0.89   clock uncertainty
                          0.00    0.89   clock reconvergence pessimism
                          0.36    1.26   library removal time
                                  1.26   data required time
-----------------------------------------------------------------------------
                                  1.26   data required time
                                 -2.68   data arrival time
-----------------------------------------------------------------------------
                                  1.42   slack (MET)


Startpoint: rstn (input port clocked by clk)
Endpoint: _402_ (removal check against rising-edge clock clk)
Path Group: asynchronous
Path Type: min

Fanout     Cap    Slew   Delay    Time   Description
-----------------------------------------------------------------------------
                          0.00    0.00   clock clk (rise edge)
                          0.00    0.00   clock network delay (propagated)
                          2.00    2.00 ^ input external delay
                  0.02    0.01    2.01 ^ rstn (in)
     1    0.00                           rstn (net)
                  0.02    0.00    2.01 ^ input100/A (sky130_fd_sc_hd__clkbuf_2)
                  0.17    0.18    2.19 ^ input100/X (sky130_fd_sc_hd__clkbuf_2)
     2    0.03                           net100 (net)
                  0.17    0.00    2.19 ^ fanout210/A (sky130_fd_sc_hd__clkbuf_4)
                  0.15    0.25    2.43 ^ fanout210/X (sky130_fd_sc_hd__clkbuf_4)
     6    0.05                           net210 (net)
                  0.15    0.00    2.44 ^ fanout209/A (sky130_fd_sc_hd__clkbuf_8)
                  0.16    0.24    2.67 ^ fanout209/X (sky130_fd_sc_hd__clkbuf_8)
    10    0.09                           net209 (net)
                  0.16    0.00    2.68 ^ _402_/RESET_B (sky130_fd_sc_hd__dfrtp_1)
                                  2.68   data arrival time

                          0.00    0.00   clock clk (rise edge)
                          0.00    0.00   clock source latency
                  0.22    0.16    0.16 ^ clk (in)
     1    0.05                           clk (net)
                  0.22    0.00    0.16 ^ clkbuf_0_clk/A (sky130_fd_sc_hd__clkbuf_16)
                  0.14    0.27    0.43 ^ clkbuf_0_clk/X (sky130_fd_sc_hd__clkbuf_16)
     8    0.13                           clknet_0_clk (net)
                  0.14    0.00    0.43 ^ clkbuf_3_7__f_clk/A (sky130_fd_sc_hd__clkbuf_16)
                  0.09    0.20    0.64 ^ clkbuf_3_7__f_clk/X (sky130_fd_sc_hd__clkbuf_16)
     9    0.07                           clknet_3_7__leaf_clk (net)
                  0.09    0.01    0.64 ^ _402_/CLK (sky130_fd_sc_hd__dfrtp_1)
                          0.25    0.89   clock uncertainty
                          0.00    0.89   clock reconvergence pessimism
                          0.36    1.26   library removal time
                                  1.26   data required time
-----------------------------------------------------------------------------
                                  1.26   data required time
                                 -2.68   data arrival time
-----------------------------------------------------------------------------
                                  1.42   slack (MET)


Startpoint: rstn (input port clocked by clk)
Endpoint: _422_ (removal check against rising-edge clock clk)
Path Group: asynchronous
Path Type: min

Fanout     Cap    Slew   Delay    Time   Description
-----------------------------------------------------------------------------
                          0.00    0.00   clock clk (rise edge)
                          0.00    0.00   clock network delay (propagated)
                          2.00    2.00 ^ input external delay
                  0.02    0.01    2.01 ^ rstn (in)
     1    0.00                           rstn (net)
                  0.02    0.00    2.01 ^ input100/A (sky130_fd_sc_hd__clkbuf_2)
                  0.17    0.18    2.19 ^ input100/X (sky130_fd_sc_hd__clkbuf_2)
     2    0.03                           net100 (net)
                  0.17    0.00    2.19 ^ fanout210/A (sky130_fd_sc_hd__clkbuf_4)
                  0.15    0.25    2.43 ^ fanout210/X (sky130_fd_sc_hd__clkbuf_4)
     6    0.05                           net210 (net)
                  0.15    0.00    2.44 ^ fanout209/A (sky130_fd_sc_hd__clkbuf_8)
                  0.16    0.24    2.67 ^ fanout209/X (sky130_fd_sc_hd__clkbuf_8)
    10    0.09                           net209 (net)
                  0.16    0.01    2.68 ^ _422_/RESET_B (sky130_fd_sc_hd__dfrtp_1)
                                  2.68   data arrival time

                          0.00    0.00   clock clk (rise edge)
                          0.00    0.00   clock source latency
                  0.22    0.16    0.16 ^ clk (in)
     1    0.05                           clk (net)
                  0.22    0.00    0.16 ^ clkbuf_0_clk/A (sky130_fd_sc_hd__clkbuf_16)
                  0.14    0.27    0.43 ^ clkbuf_0_clk/X (sky130_fd_sc_hd__clkbuf_16)
     8    0.13                           clknet_0_clk (net)
                  0.14    0.00    0.43 ^ clkbuf_3_7__f_clk/A (sky130_fd_sc_hd__clkbuf_16)
                  0.09    0.20    0.64 ^ clkbuf_3_7__f_clk/X (sky130_fd_sc_hd__clkbuf_16)
     9    0.07                           clknet_3_7__leaf_clk (net)
                  0.09    0.00    0.64 ^ _422_/CLK (sky130_fd_sc_hd__dfrtp_1)
                          0.25    0.89   clock uncertainty
                          0.00    0.89   clock reconvergence pessimism
                          0.36    1.25   library removal time
                                  1.25   data required time
-----------------------------------------------------------------------------
                                  1.25   data required time
                                 -2.68   data arrival time
-----------------------------------------------------------------------------
                                  1.43   slack (MET)


Startpoint: rstn (input port clocked by clk)
Endpoint: _450_ (removal check against rising-edge clock clk)
Path Group: asynchronous
Path Type: min

Fanout     Cap    Slew   Delay    Time   Description
-----------------------------------------------------------------------------
                          0.00    0.00   clock clk (rise edge)
                          0.00    0.00   clock network delay (propagated)
                          2.00    2.00 ^ input external delay
                  0.02    0.01    2.01 ^ rstn (in)
     1    0.00                           rstn (net)
                  0.02    0.00    2.01 ^ input100/A (sky130_fd_sc_hd__clkbuf_2)
                  0.17    0.18    2.19 ^ input100/X (sky130_fd_sc_hd__clkbuf_2)
     2    0.03                           net100 (net)
                  0.17    0.00    2.19 ^ fanout210/A (sky130_fd_sc_hd__clkbuf_4)
                  0.15    0.25    2.43 ^ fanout210/X (sky130_fd_sc_hd__clkbuf_4)
     6    0.05                           net210 (net)
                  0.15    0.00    2.44 ^ fanout209/A (sky130_fd_sc_hd__clkbuf_8)
                  0.16    0.24    2.67 ^ fanout209/X (sky130_fd_sc_hd__clkbuf_8)
    10    0.09                           net209 (net)
                  0.16    0.00    2.68 ^ _450_/RESET_B (sky130_fd_sc_hd__dfrtp_1)
                                  2.68   data arrival time

                          0.00    0.00   clock clk (rise edge)
                          0.00    0.00   clock source latency
                  0.22    0.16    0.16 ^ clk (in)
     1    0.05                           clk (net)
                  0.22    0.00    0.16 ^ clkbuf_0_clk/A (sky130_fd_sc_hd__clkbuf_16)
                  0.14    0.27    0.43 ^ clkbuf_0_clk/X (sky130_fd_sc_hd__clkbuf_16)
     8    0.13                           clknet_0_clk (net)
                  0.14    0.00    0.43 ^ clkbuf_3_5__f_clk/A (sky130_fd_sc_hd__clkbuf_16)
                  0.08    0.20    0.63 ^ clkbuf_3_5__f_clk/X (sky130_fd_sc_hd__clkbuf_16)
    10    0.06                           clknet_3_5__leaf_clk (net)
                  0.08    0.01    0.64 ^ _450_/CLK (sky130_fd_sc_hd__dfrtp_1)
                          0.25    0.89   clock uncertainty
                          0.00    0.89   clock reconvergence pessimism
                          0.36    1.25   library removal time
                                  1.25   data required time
-----------------------------------------------------------------------------
                                  1.25   data required time
                                 -2.68   data arrival time
-----------------------------------------------------------------------------
                                  1.43   slack (MET)


Startpoint: rstn (input port clocked by clk)
Endpoint: _435_ (removal check against rising-edge clock clk)
Path Group: asynchronous
Path Type: min

Fanout     Cap    Slew   Delay    Time   Description
-----------------------------------------------------------------------------
                          0.00    0.00   clock clk (rise edge)
                          0.00    0.00   clock network delay (propagated)
                          2.00    2.00 ^ input external delay
                  0.02    0.01    2.01 ^ rstn (in)
     1    0.00                           rstn (net)
                  0.02    0.00    2.01 ^ input100/A (sky130_fd_sc_hd__clkbuf_2)
                  0.17    0.18    2.19 ^ input100/X (sky130_fd_sc_hd__clkbuf_2)
     2    0.03                           net100 (net)
                  0.17    0.00    2.19 ^ fanout210/A (sky130_fd_sc_hd__clkbuf_4)
                  0.15    0.25    2.43 ^ fanout210/X (sky130_fd_sc_hd__clkbuf_4)
     6    0.05                           net210 (net)
                  0.15    0.00    2.44 ^ fanout209/A (sky130_fd_sc_hd__clkbuf_8)
                  0.16    0.24    2.67 ^ fanout209/X (sky130_fd_sc_hd__clkbuf_8)
    10    0.09                           net209 (net)
                  0.16    0.01    2.69 ^ _435_/RESET_B (sky130_fd_sc_hd__dfrtp_1)
                                  2.69   data arrival time

                          0.00    0.00   clock clk (rise edge)
                          0.00    0.00   clock source latency
                  0.22    0.16    0.16 ^ clk (in)
     1    0.05                           clk (net)
                  0.22    0.00    0.16 ^ clkbuf_0_clk/A (sky130_fd_sc_hd__clkbuf_16)
                  0.14    0.27    0.43 ^ clkbuf_0_clk/X (sky130_fd_sc_hd__clkbuf_16)
     8    0.13                           clknet_0_clk (net)
                  0.14    0.00    0.43 ^ clkbuf_3_7__f_clk/A (sky130_fd_sc_hd__clkbuf_16)
                  0.09    0.20    0.64 ^ clkbuf_3_7__f_clk/X (sky130_fd_sc_hd__clkbuf_16)
     9    0.07                           clknet_3_7__leaf_clk (net)
                  0.09    0.00    0.64 ^ _435_/CLK (sky130_fd_sc_hd__dfrtp_1)
                          0.25    0.89   clock uncertainty
                          0.00    0.89   clock reconvergence pessimism
                          0.36    1.25   library removal time
                                  1.25   data required time
-----------------------------------------------------------------------------
                                  1.25   data required time
                                 -2.69   data arrival time
-----------------------------------------------------------------------------
                                  1.43   slack (MET)


Startpoint: rstn (input port clocked by clk)
Endpoint: _446_ (removal check against rising-edge clock clk)
Path Group: asynchronous
Path Type: min

Fanout     Cap    Slew   Delay    Time   Description
-----------------------------------------------------------------------------
                          0.00    0.00   clock clk (rise edge)
                          0.00    0.00   clock network delay (propagated)
                          2.00    2.00 ^ input external delay
                  0.02    0.01    2.01 ^ rstn (in)
     1    0.00                           rstn (net)
                  0.02    0.00    2.01 ^ input100/A (sky130_fd_sc_hd__clkbuf_2)
                  0.17    0.18    2.19 ^ input100/X (sky130_fd_sc_hd__clkbuf_2)
     2    0.03                           net100 (net)
                  0.17    0.00    2.19 ^ fanout210/A (sky130_fd_sc_hd__clkbuf_4)
                  0.15    0.25    2.43 ^ fanout210/X (sky130_fd_sc_hd__clkbuf_4)
     6    0.05                           net210 (net)
                  0.15    0.00    2.44 ^ fanout207/A (sky130_fd_sc_hd__clkbuf_4)
                  0.19    0.26    2.70 ^ fanout207/X (sky130_fd_sc_hd__clkbuf_4)
     8    0.06                           net207 (net)
                  0.19    0.00    2.70 ^ _446_/RESET_B (sky130_fd_sc_hd__dfrtp_1)
                                  2.70   data arrival time

                          0.00    0.00   clock clk (rise edge)
                          0.00    0.00   clock source latency
                  0.22    0.16    0.16 ^ clk (in)
     1    0.05                           clk (net)
                  0.22    0.00    0.16 ^ clkbuf_0_clk/A (sky130_fd_sc_hd__clkbuf_16)
                  0.14    0.27    0.43 ^ clkbuf_0_clk/X (sky130_fd_sc_hd__clkbuf_16)
     8    0.13                           clknet_0_clk (net)
                  0.14    0.00    0.43 ^ clkbuf_3_4__f_clk/A (sky130_fd_sc_hd__clkbuf_16)
                  0.08    0.20    0.63 ^ clkbuf_3_4__f_clk/X (sky130_fd_sc_hd__clkbuf_16)
    14    0.06                           clknet_3_4__leaf_clk (net)
                  0.08    0.00    0.63 ^ _446_/CLK (sky130_fd_sc_hd__dfrtp_1)
                          0.25    0.88   clock uncertainty
                          0.00    0.88   clock reconvergence pessimism
                          0.37    1.25   library removal time
                                  1.25   data required time
-----------------------------------------------------------------------------
                                  1.25   data required time
                                 -2.70   data arrival time
-----------------------------------------------------------------------------
                                  1.45   slack (MET)


Startpoint: rstn (input port clocked by clk)
Endpoint: _432_ (removal check against rising-edge clock clk)
Path Group: asynchronous
Path Type: min

Fanout     Cap    Slew   Delay    Time   Description
-----------------------------------------------------------------------------
                          0.00    0.00   clock clk (rise edge)
                          0.00    0.00   clock network delay (propagated)
                          2.00    2.00 ^ input external delay
                  0.02    0.01    2.01 ^ rstn (in)
     1    0.00                           rstn (net)
                  0.02    0.00    2.01 ^ input100/A (sky130_fd_sc_hd__clkbuf_2)
                  0.17    0.18    2.19 ^ input100/X (sky130_fd_sc_hd__clkbuf_2)
     2    0.03                           net100 (net)
                  0.17    0.00    2.19 ^ fanout210/A (sky130_fd_sc_hd__clkbuf_4)
                  0.15    0.25    2.43 ^ fanout210/X (sky130_fd_sc_hd__clkbuf_4)
     6    0.05                           net210 (net)
                  0.15    0.00    2.44 ^ fanout207/A (sky130_fd_sc_hd__clkbuf_4)
                  0.19    0.26    2.70 ^ fanout207/X (sky130_fd_sc_hd__clkbuf_4)
     8    0.06                           net207 (net)
                  0.19    0.01    2.70 ^ _432_/RESET_B (sky130_fd_sc_hd__dfrtp_1)
                                  2.70   data arrival time

                          0.00    0.00   clock clk (rise edge)
                          0.00    0.00   clock source latency
                  0.22    0.16    0.16 ^ clk (in)
     1    0.05                           clk (net)
                  0.22    0.00    0.16 ^ clkbuf_0_clk/A (sky130_fd_sc_hd__clkbuf_16)
                  0.14    0.27    0.43 ^ clkbuf_0_clk/X (sky130_fd_sc_hd__clkbuf_16)
     8    0.13                           clknet_0_clk (net)
                  0.14    0.00    0.43 ^ clkbuf_3_5__f_clk/A (sky130_fd_sc_hd__clkbuf_16)
                  0.08    0.20    0.63 ^ clkbuf_3_5__f_clk/X (sky130_fd_sc_hd__clkbuf_16)
    10    0.06                           clknet_3_5__leaf_clk (net)
                  0.08    0.00    0.63 ^ _432_/CLK (sky130_fd_sc_hd__dfrtp_1)
                          0.25    0.88   clock uncertainty
                          0.00    0.88   clock reconvergence pessimism
                          0.37    1.25   library removal time
                                  1.25   data required time
-----------------------------------------------------------------------------
                                  1.25   data required time
                                 -2.70   data arrival time
-----------------------------------------------------------------------------
                                  1.45   slack (MET)


Startpoint: rstn (input port clocked by clk)
Endpoint: _407_ (removal check against rising-edge clock clk)
Path Group: asynchronous
Path Type: min

Fanout     Cap    Slew   Delay    Time   Description
-----------------------------------------------------------------------------
                          0.00    0.00   clock clk (rise edge)
                          0.00    0.00   clock network delay (propagated)
                          2.00    2.00 ^ input external delay
                  0.02    0.01    2.01 ^ rstn (in)
     1    0.00                           rstn (net)
                  0.02    0.00    2.01 ^ input100/A (sky130_fd_sc_hd__clkbuf_2)
                  0.17    0.18    2.19 ^ input100/X (sky130_fd_sc_hd__clkbuf_2)
     2    0.03                           net100 (net)
                  0.17    0.00    2.19 ^ fanout210/A (sky130_fd_sc_hd__clkbuf_4)
                  0.15    0.25    2.43 ^ fanout210/X (sky130_fd_sc_hd__clkbuf_4)
     6    0.05                           net210 (net)
                  0.15    0.00    2.44 ^ fanout207/A (sky130_fd_sc_hd__clkbuf_4)
                  0.19    0.26    2.70 ^ fanout207/X (sky130_fd_sc_hd__clkbuf_4)
     8    0.06                           net207 (net)
                  0.19    0.01    2.71 ^ _407_/RESET_B (sky130_fd_sc_hd__dfrtp_1)
                                  2.71   data arrival time

                          0.00    0.00   clock clk (rise edge)
                          0.00    0.00   clock source latency
                  0.22    0.16    0.16 ^ clk (in)
     1    0.05                           clk (net)
                  0.22    0.00    0.16 ^ clkbuf_0_clk/A (sky130_fd_sc_hd__clkbuf_16)
                  0.14    0.27    0.43 ^ clkbuf_0_clk/X (sky130_fd_sc_hd__clkbuf_16)
     8    0.13                           clknet_0_clk (net)
                  0.14    0.00    0.43 ^ clkbuf_3_5__f_clk/A (sky130_fd_sc_hd__clkbuf_16)
                  0.08    0.20    0.63 ^ clkbuf_3_5__f_clk/X (sky130_fd_sc_hd__clkbuf_16)
    10    0.06                           clknet_3_5__leaf_clk (net)
                  0.08    0.00    0.63 ^ _407_/CLK (sky130_fd_sc_hd__dfrtp_1)
                          0.25    0.88   clock uncertainty
                          0.00    0.88   clock reconvergence pessimism
                          0.37    1.25   library removal time
                                  1.25   data required time
-----------------------------------------------------------------------------
                                  1.25   data required time
                                 -2.71   data arrival time
-----------------------------------------------------------------------------
                                  1.45   slack (MET)


Startpoint: rstn (input port clocked by clk)
Endpoint: _405_ (removal check against rising-edge clock clk)
Path Group: asynchronous
Path Type: min

Fanout     Cap    Slew   Delay    Time   Description
-----------------------------------------------------------------------------
                          0.00    0.00   clock clk (rise edge)
                          0.00    0.00   clock network delay (propagated)
                          2.00    2.00 ^ input external delay
                  0.02    0.01    2.01 ^ rstn (in)
     1    0.00                           rstn (net)
                  0.02    0.00    2.01 ^ input100/A (sky130_fd_sc_hd__clkbuf_2)
                  0.17    0.18    2.19 ^ input100/X (sky130_fd_sc_hd__clkbuf_2)
     2    0.03                           net100 (net)
                  0.17    0.00    2.19 ^ fanout210/A (sky130_fd_sc_hd__clkbuf_4)
                  0.15    0.25    2.43 ^ fanout210/X (sky130_fd_sc_hd__clkbuf_4)
     6    0.05                           net210 (net)
                  0.15    0.00    2.44 ^ fanout207/A (sky130_fd_sc_hd__clkbuf_4)
                  0.19    0.26    2.70 ^ fanout207/X (sky130_fd_sc_hd__clkbuf_4)
     8    0.06                           net207 (net)
                  0.19    0.01    2.71 ^ _405_/RESET_B (sky130_fd_sc_hd__dfrtp_2)
                                  2.71   data arrival time

                          0.00    0.00   clock clk (rise edge)
                          0.00    0.00   clock source latency
                  0.22    0.16    0.16 ^ clk (in)
     1    0.05                           clk (net)
                  0.22    0.00    0.16 ^ clkbuf_0_clk/A (sky130_fd_sc_hd__clkbuf_16)
                  0.14    0.27    0.43 ^ clkbuf_0_clk/X (sky130_fd_sc_hd__clkbuf_16)
     8    0.13                           clknet_0_clk (net)
                  0.14    0.00    0.43 ^ clkbuf_3_5__f_clk/A (sky130_fd_sc_hd__clkbuf_16)
                  0.08    0.20    0.63 ^ clkbuf_3_5__f_clk/X (sky130_fd_sc_hd__clkbuf_16)
    10    0.06                           clknet_3_5__leaf_clk (net)
                  0.08    0.00    0.63 ^ _405_/CLK (sky130_fd_sc_hd__dfrtp_2)
                          0.25    0.88   clock uncertainty
                          0.00    0.88   clock reconvergence pessimism
                          0.37    1.25   library removal time
                                  1.25   data required time
-----------------------------------------------------------------------------
                                  1.25   data required time
                                 -2.71   data arrival time
-----------------------------------------------------------------------------
                                  1.45   slack (MET)


Startpoint: rstn (input port clocked by clk)
Endpoint: _429_ (removal check against rising-edge clock clk)
Path Group: asynchronous
Path Type: min

Fanout     Cap    Slew   Delay    Time   Description
-----------------------------------------------------------------------------
                          0.00    0.00   clock clk (rise edge)
                          0.00    0.00   clock network delay (propagated)
                          2.00    2.00 ^ input external delay
                  0.02    0.01    2.01 ^ rstn (in)
     1    0.00                           rstn (net)
                  0.02    0.00    2.01 ^ input100/A (sky130_fd_sc_hd__clkbuf_2)
                  0.17    0.18    2.19 ^ input100/X (sky130_fd_sc_hd__clkbuf_2)
     2    0.03                           net100 (net)
                  0.17    0.00    2.19 ^ fanout210/A (sky130_fd_sc_hd__clkbuf_4)
                  0.15    0.25    2.43 ^ fanout210/X (sky130_fd_sc_hd__clkbuf_4)
     6    0.05                           net210 (net)
                  0.15    0.00    2.44 ^ fanout209/A (sky130_fd_sc_hd__clkbuf_8)
                  0.16    0.24    2.67 ^ fanout209/X (sky130_fd_sc_hd__clkbuf_8)
    10    0.09                           net209 (net)
                  0.17    0.01    2.69 ^ _429_/RESET_B (sky130_fd_sc_hd__dfrtp_1)
                                  2.69   data arrival time

                          0.00    0.00   clock clk (rise edge)
                          0.00    0.00   clock source latency
                  0.22    0.16    0.16 ^ clk (in)
     1    0.05                           clk (net)
                  0.22    0.00    0.16 ^ clkbuf_0_clk/A (sky130_fd_sc_hd__clkbuf_16)
                  0.14    0.27    0.43 ^ clkbuf_0_clk/X (sky130_fd_sc_hd__clkbuf_16)
     8    0.13                           clknet_0_clk (net)
                  0.14    0.00    0.43 ^ clkbuf_3_6__f_clk/A (sky130_fd_sc_hd__clkbuf_16)
                  0.06    0.19    0.62 ^ clkbuf_3_6__f_clk/X (sky130_fd_sc_hd__clkbuf_16)
     7    0.04                           clknet_3_6__leaf_clk (net)
                  0.06    0.00    0.62 ^ _429_/CLK (sky130_fd_sc_hd__dfrtp_1)
                          0.25    0.87   clock uncertainty
                          0.00    0.87   clock reconvergence pessimism
                          0.36    1.23   library removal time
                                  1.23   data required time
-----------------------------------------------------------------------------
                                  1.23   data required time
                                 -2.69   data arrival time
-----------------------------------------------------------------------------
                                  1.46   slack (MET)


Startpoint: rstn (input port clocked by clk)
Endpoint: _423_ (removal check against rising-edge clock clk)
Path Group: asynchronous
Path Type: min

Fanout     Cap    Slew   Delay    Time   Description
-----------------------------------------------------------------------------
                          0.00    0.00   clock clk (rise edge)
                          0.00    0.00   clock network delay (propagated)
                          2.00    2.00 ^ input external delay
                  0.02    0.01    2.01 ^ rstn (in)
     1    0.00                           rstn (net)
                  0.02    0.00    2.01 ^ input100/A (sky130_fd_sc_hd__clkbuf_2)
                  0.17    0.18    2.19 ^ input100/X (sky130_fd_sc_hd__clkbuf_2)
     2    0.03                           net100 (net)
                  0.17    0.00    2.19 ^ fanout210/A (sky130_fd_sc_hd__clkbuf_4)
                  0.15    0.25    2.43 ^ fanout210/X (sky130_fd_sc_hd__clkbuf_4)
     6    0.05                           net210 (net)
                  0.15    0.00    2.44 ^ fanout207/A (sky130_fd_sc_hd__clkbuf_4)
                  0.19    0.26    2.70 ^ fanout207/X (sky130_fd_sc_hd__clkbuf_4)
     8    0.06                           net207 (net)
                  0.19    0.01    2.71 ^ _423_/RESET_B (sky130_fd_sc_hd__dfrtp_1)
                                  2.71   data arrival time

                          0.00    0.00   clock clk (rise edge)
                          0.00    0.00   clock source latency
                  0.22    0.16    0.16 ^ clk (in)
     1    0.05                           clk (net)
                  0.22    0.00    0.16 ^ clkbuf_0_clk/A (sky130_fd_sc_hd__clkbuf_16)
                  0.14    0.27    0.43 ^ clkbuf_0_clk/X (sky130_fd_sc_hd__clkbuf_16)
     8    0.13                           clknet_0_clk (net)
                  0.14    0.00    0.43 ^ clkbuf_3_4__f_clk/A (sky130_fd_sc_hd__clkbuf_16)
                  0.08    0.20    0.63 ^ clkbuf_3_4__f_clk/X (sky130_fd_sc_hd__clkbuf_16)
    14    0.06                           clknet_3_4__leaf_clk (net)
                  0.08    0.00    0.63 ^ _423_/CLK (sky130_fd_sc_hd__dfrtp_1)
                          0.25    0.88   clock uncertainty
                          0.00    0.88   clock reconvergence pessimism
                          0.37    1.25   library removal time
                                  1.25   data required time
-----------------------------------------------------------------------------
                                  1.25   data required time
                                 -2.71   data arrival time
-----------------------------------------------------------------------------
                                  1.46   slack (MET)


Startpoint: rstn (input port clocked by clk)
Endpoint: _426_ (removal check against rising-edge clock clk)
Path Group: asynchronous
Path Type: min

Fanout     Cap    Slew   Delay    Time   Description
-----------------------------------------------------------------------------
                          0.00    0.00   clock clk (rise edge)
                          0.00    0.00   clock network delay (propagated)
                          2.00    2.00 ^ input external delay
                  0.02    0.01    2.01 ^ rstn (in)
     1    0.00                           rstn (net)
                  0.02    0.00    2.01 ^ input100/A (sky130_fd_sc_hd__clkbuf_2)
                  0.17    0.18    2.19 ^ input100/X (sky130_fd_sc_hd__clkbuf_2)
     2    0.03                           net100 (net)
                  0.17    0.00    2.19 ^ fanout210/A (sky130_fd_sc_hd__clkbuf_4)
                  0.15    0.25    2.43 ^ fanout210/X (sky130_fd_sc_hd__clkbuf_4)
     6    0.05                           net210 (net)
                  0.15    0.00    2.44 ^ fanout207/A (sky130_fd_sc_hd__clkbuf_4)
                  0.19    0.26    2.70 ^ fanout207/X (sky130_fd_sc_hd__clkbuf_4)
     8    0.06                           net207 (net)
                  0.19    0.01    2.71 ^ _426_/RESET_B (sky130_fd_sc_hd__dfrtp_1)
                                  2.71   data arrival time

                          0.00    0.00   clock clk (rise edge)
                          0.00    0.00   clock source latency
                  0.22    0.16    0.16 ^ clk (in)
     1    0.05                           clk (net)
                  0.22    0.00    0.16 ^ clkbuf_0_clk/A (sky130_fd_sc_hd__clkbuf_16)
                  0.14    0.27    0.43 ^ clkbuf_0_clk/X (sky130_fd_sc_hd__clkbuf_16)
     8    0.13                           clknet_0_clk (net)
                  0.14    0.00    0.43 ^ clkbuf_3_4__f_clk/A (sky130_fd_sc_hd__clkbuf_16)
                  0.08    0.20    0.63 ^ clkbuf_3_4__f_clk/X (sky130_fd_sc_hd__clkbuf_16)
    14    0.06                           clknet_3_4__leaf_clk (net)
                  0.08    0.00    0.63 ^ _426_/CLK (sky130_fd_sc_hd__dfrtp_1)
                          0.25    0.88   clock uncertainty
                          0.00    0.88   clock reconvergence pessimism
                          0.37    1.25   library removal time
                                  1.25   data required time
-----------------------------------------------------------------------------
                                  1.25   data required time
                                 -2.71   data arrival time
-----------------------------------------------------------------------------
                                  1.46   slack (MET)


Startpoint: rstn (input port clocked by clk)
Endpoint: _428_ (removal check against rising-edge clock clk)
Path Group: asynchronous
Path Type: min

Fanout     Cap    Slew   Delay    Time   Description
-----------------------------------------------------------------------------
                          0.00    0.00   clock clk (rise edge)
                          0.00    0.00   clock network delay (propagated)
                          2.00    2.00 ^ input external delay
                  0.02    0.01    2.01 ^ rstn (in)
     1    0.00                           rstn (net)
                  0.02    0.00    2.01 ^ input100/A (sky130_fd_sc_hd__clkbuf_2)
                  0.17    0.18    2.19 ^ input100/X (sky130_fd_sc_hd__clkbuf_2)
     2    0.03                           net100 (net)
                  0.17    0.00    2.19 ^ fanout210/A (sky130_fd_sc_hd__clkbuf_4)
                  0.15    0.25    2.43 ^ fanout210/X (sky130_fd_sc_hd__clkbuf_4)
     6    0.05                           net210 (net)
                  0.15    0.00    2.44 ^ fanout209/A (sky130_fd_sc_hd__clkbuf_8)
                  0.16    0.24    2.67 ^ fanout209/X (sky130_fd_sc_hd__clkbuf_8)
    10    0.09                           net209 (net)
                  0.17    0.01    2.69 ^ _428_/RESET_B (sky130_fd_sc_hd__dfrtp_1)
                                  2.69   data arrival time

                          0.00    0.00   clock clk (rise edge)
                          0.00    0.00   clock source latency
                  0.22    0.16    0.16 ^ clk (in)
     1    0.05                           clk (net)
                  0.22    0.00    0.16 ^ clkbuf_0_clk/A (sky130_fd_sc_hd__clkbuf_16)
                  0.14    0.27    0.43 ^ clkbuf_0_clk/X (sky130_fd_sc_hd__clkbuf_16)
     8    0.13                           clknet_0_clk (net)
                  0.14    0.00    0.43 ^ clkbuf_3_6__f_clk/A (sky130_fd_sc_hd__clkbuf_16)
                  0.06    0.19    0.62 ^ clkbuf_3_6__f_clk/X (sky130_fd_sc_hd__clkbuf_16)
     7    0.04                           clknet_3_6__leaf_clk (net)
                  0.06    0.00    0.62 ^ _428_/CLK (sky130_fd_sc_hd__dfrtp_1)
                          0.25    0.87   clock uncertainty
                          0.00    0.87   clock reconvergence pessimism
                          0.36    1.23   library removal time
                                  1.23   data required time
-----------------------------------------------------------------------------
                                  1.23   data required time
                                 -2.69   data arrival time
-----------------------------------------------------------------------------
                                  1.46   slack (MET)


Startpoint: rstn (input port clocked by clk)
Endpoint: _412_ (removal check against rising-edge clock clk)
Path Group: asynchronous
Path Type: min

Fanout     Cap    Slew   Delay    Time   Description
-----------------------------------------------------------------------------
                          0.00    0.00   clock clk (rise edge)
                          0.00    0.00   clock network delay (propagated)
                          2.00    2.00 ^ input external delay
                  0.02    0.01    2.01 ^ rstn (in)
     1    0.00                           rstn (net)
                  0.02    0.00    2.01 ^ input100/A (sky130_fd_sc_hd__clkbuf_2)
                  0.17    0.18    2.19 ^ input100/X (sky130_fd_sc_hd__clkbuf_2)
     2    0.03                           net100 (net)
                  0.17    0.00    2.19 ^ fanout210/A (sky130_fd_sc_hd__clkbuf_4)
                  0.15    0.25    2.43 ^ fanout210/X (sky130_fd_sc_hd__clkbuf_4)
     6    0.05                           net210 (net)
                  0.15    0.00    2.44 ^ fanout209/A (sky130_fd_sc_hd__clkbuf_8)
                  0.16    0.24    2.67 ^ fanout209/X (sky130_fd_sc_hd__clkbuf_8)
    10    0.09                           net209 (net)
                  0.17    0.01    2.69 ^ _412_/RESET_B (sky130_fd_sc_hd__dfrtp_1)
                                  2.69   data arrival time

                          0.00    0.00   clock clk (rise edge)
                          0.00    0.00   clock source latency
                  0.22    0.16    0.16 ^ clk (in)
     1    0.05                           clk (net)
                  0.22    0.00    0.16 ^ clkbuf_0_clk/A (sky130_fd_sc_hd__clkbuf_16)
                  0.14    0.27    0.43 ^ clkbuf_0_clk/X (sky130_fd_sc_hd__clkbuf_16)
     8    0.13                           clknet_0_clk (net)
                  0.14    0.00    0.43 ^ clkbuf_3_6__f_clk/A (sky130_fd_sc_hd__clkbuf_16)
                  0.06    0.19    0.62 ^ clkbuf_3_6__f_clk/X (sky130_fd_sc_hd__clkbuf_16)
     7    0.04                           clknet_3_6__leaf_clk (net)
                  0.06    0.00    0.62 ^ _412_/CLK (sky130_fd_sc_hd__dfrtp_1)
                          0.25    0.87   clock uncertainty
                          0.00    0.87   clock reconvergence pessimism
                          0.36    1.23   library removal time
                                  1.23   data required time
-----------------------------------------------------------------------------
                                  1.23   data required time
                                 -2.69   data arrival time
-----------------------------------------------------------------------------
                                  1.46   slack (MET)


Startpoint: rstn (input port clocked by clk)
Endpoint: _442_ (removal check against rising-edge clock clk)
Path Group: asynchronous
Path Type: min

Fanout     Cap    Slew   Delay    Time   Description
-----------------------------------------------------------------------------
                          0.00    0.00   clock clk (rise edge)
                          0.00    0.00   clock network delay (propagated)
                          2.00    2.00 ^ input external delay
                  0.02    0.01    2.01 ^ rstn (in)
     1    0.00                           rstn (net)
                  0.02    0.00    2.01 ^ input100/A (sky130_fd_sc_hd__clkbuf_2)
                  0.17    0.18    2.19 ^ input100/X (sky130_fd_sc_hd__clkbuf_2)
     2    0.03                           net100 (net)
                  0.17    0.00    2.19 ^ fanout210/A (sky130_fd_sc_hd__clkbuf_4)
                  0.15    0.25    2.43 ^ fanout210/X (sky130_fd_sc_hd__clkbuf_4)
     6    0.05                           net210 (net)
                  0.15    0.00    2.44 ^ fanout209/A (sky130_fd_sc_hd__clkbuf_8)
                  0.16    0.24    2.67 ^ fanout209/X (sky130_fd_sc_hd__clkbuf_8)
    10    0.09                           net209 (net)
                  0.17    0.01    2.69 ^ _442_/RESET_B (sky130_fd_sc_hd__dfrtp_2)
                                  2.69   data arrival time

                          0.00    0.00   clock clk (rise edge)
                          0.00    0.00   clock source latency
                  0.22    0.16    0.16 ^ clk (in)
     1    0.05                           clk (net)
                  0.22    0.00    0.16 ^ clkbuf_0_clk/A (sky130_fd_sc_hd__clkbuf_16)
                  0.14    0.27    0.43 ^ clkbuf_0_clk/X (sky130_fd_sc_hd__clkbuf_16)
     8    0.13                           clknet_0_clk (net)
                  0.14    0.00    0.43 ^ clkbuf_3_6__f_clk/A (sky130_fd_sc_hd__clkbuf_16)
                  0.06    0.19    0.62 ^ clkbuf_3_6__f_clk/X (sky130_fd_sc_hd__clkbuf_16)
     7    0.04                           clknet_3_6__leaf_clk (net)
                  0.06    0.00    0.62 ^ _442_/CLK (sky130_fd_sc_hd__dfrtp_2)
                          0.25    0.87   clock uncertainty
                          0.00    0.87   clock reconvergence pessimism
                          0.36    1.23   library removal time
                                  1.23   data required time
-----------------------------------------------------------------------------
                                  1.23   data required time
                                 -2.69   data arrival time
-----------------------------------------------------------------------------
                                  1.46   slack (MET)


Startpoint: rstn (input port clocked by clk)
Endpoint: _444_ (removal check against rising-edge clock clk)
Path Group: asynchronous
Path Type: min

Fanout     Cap    Slew   Delay    Time   Description
-----------------------------------------------------------------------------
                          0.00    0.00   clock clk (rise edge)
                          0.00    0.00   clock network delay (propagated)
                          2.00    2.00 ^ input external delay
                  0.02    0.01    2.01 ^ rstn (in)
     1    0.00                           rstn (net)
                  0.02    0.00    2.01 ^ input100/A (sky130_fd_sc_hd__clkbuf_2)
                  0.17    0.18    2.19 ^ input100/X (sky130_fd_sc_hd__clkbuf_2)
     2    0.03                           net100 (net)
                  0.17    0.00    2.19 ^ fanout210/A (sky130_fd_sc_hd__clkbuf_4)
                  0.15    0.25    2.43 ^ fanout210/X (sky130_fd_sc_hd__clkbuf_4)
     6    0.05                           net210 (net)
                  0.15    0.00    2.44 ^ fanout207/A (sky130_fd_sc_hd__clkbuf_4)
                  0.19    0.26    2.70 ^ fanout207/X (sky130_fd_sc_hd__clkbuf_4)
     8    0.06                           net207 (net)
                  0.19    0.01    2.71 ^ _444_/RESET_B (sky130_fd_sc_hd__dfrtp_1)
                                  2.71   data arrival time

                          0.00    0.00   clock clk (rise edge)
                          0.00    0.00   clock source latency
                  0.22    0.16    0.16 ^ clk (in)
     1    0.05                           clk (net)
                  0.22    0.00    0.16 ^ clkbuf_0_clk/A (sky130_fd_sc_hd__clkbuf_16)
                  0.14    0.27    0.43 ^ clkbuf_0_clk/X (sky130_fd_sc_hd__clkbuf_16)
     8    0.13                           clknet_0_clk (net)
                  0.14    0.00    0.43 ^ clkbuf_3_0__f_clk/A (sky130_fd_sc_hd__clkbuf_16)
                  0.07    0.19    0.62 ^ clkbuf_3_0__f_clk/X (sky130_fd_sc_hd__clkbuf_16)
     7    0.05                           clknet_3_0__leaf_clk (net)
                  0.07    0.00    0.63 ^ _444_/CLK (sky130_fd_sc_hd__dfrtp_1)
                          0.25    0.88   clock uncertainty
                          0.00    0.88   clock reconvergence pessimism
                          0.37    1.24   library removal time
                                  1.24   data required time
-----------------------------------------------------------------------------
                                  1.24   data required time
                                 -2.71   data arrival time
-----------------------------------------------------------------------------
                                  1.47   slack (MET)


Startpoint: rstn (input port clocked by clk)
Endpoint: _431_ (removal check against rising-edge clock clk)
Path Group: asynchronous
Path Type: min

Fanout     Cap    Slew   Delay    Time   Description
-----------------------------------------------------------------------------
                          0.00    0.00   clock clk (rise edge)
                          0.00    0.00   clock network delay (propagated)
                          2.00    2.00 ^ input external delay
                  0.02    0.01    2.01 ^ rstn (in)
     1    0.00                           rstn (net)
                  0.02    0.00    2.01 ^ input100/A (sky130_fd_sc_hd__clkbuf_2)
                  0.17    0.18    2.19 ^ input100/X (sky130_fd_sc_hd__clkbuf_2)
     2    0.03                           net100 (net)
                  0.17    0.00    2.19 ^ fanout205/A (sky130_fd_sc_hd__buf_4)
                  0.23    0.27    2.46 ^ fanout205/X (sky130_fd_sc_hd__buf_4)
    10    0.08                           net205 (net)
                  0.23    0.00    2.46 ^ fanout204/A (sky130_fd_sc_hd__clkbuf_8)
                  0.17    0.27    2.73 ^ fanout204/X (sky130_fd_sc_hd__clkbuf_8)
    10    0.10                           net204 (net)
                  0.17    0.01    2.73 ^ _431_/RESET_B (sky130_fd_sc_hd__dfrtp_1)
                                  2.73   data arrival time

                          0.00    0.00   clock clk (rise edge)
                          0.00    0.00   clock source latency
                  0.22    0.16    0.16 ^ clk (in)
     1    0.05                           clk (net)
                  0.22    0.00    0.16 ^ clkbuf_0_clk/A (sky130_fd_sc_hd__clkbuf_16)
                  0.14    0.27    0.43 ^ clkbuf_0_clk/X (sky130_fd_sc_hd__clkbuf_16)
     8    0.13                           clknet_0_clk (net)
                  0.14    0.00    0.43 ^ clkbuf_3_6__f_clk/A (sky130_fd_sc_hd__clkbuf_16)
                  0.06    0.19    0.62 ^ clkbuf_3_6__f_clk/X (sky130_fd_sc_hd__clkbuf_16)
     7    0.04                           clknet_3_6__leaf_clk (net)
                  0.06    0.00    0.62 ^ _431_/CLK (sky130_fd_sc_hd__dfrtp_1)
                          0.25    0.87   clock uncertainty
                          0.00    0.87   clock reconvergence pessimism
                          0.36    1.23   library removal time
                                  1.23   data required time
-----------------------------------------------------------------------------
                                  1.23   data required time
                                 -2.73   data arrival time
-----------------------------------------------------------------------------
                                  1.50   slack (MET)


Startpoint: rstn (input port clocked by clk)
Endpoint: _443_ (removal check against rising-edge clock clk)
Path Group: asynchronous
Path Type: min

Fanout     Cap    Slew   Delay    Time   Description
-----------------------------------------------------------------------------
                          0.00    0.00   clock clk (rise edge)
                          0.00    0.00   clock network delay (propagated)
                          2.00    2.00 ^ input external delay
                  0.02    0.01    2.01 ^ rstn (in)
     1    0.00                           rstn (net)
                  0.02    0.00    2.01 ^ input100/A (sky130_fd_sc_hd__clkbuf_2)
                  0.17    0.18    2.19 ^ input100/X (sky130_fd_sc_hd__clkbuf_2)
     2    0.03                           net100 (net)
                  0.17    0.00    2.19 ^ fanout205/A (sky130_fd_sc_hd__buf_4)
                  0.23    0.27    2.46 ^ fanout205/X (sky130_fd_sc_hd__buf_4)
    10    0.08                           net205 (net)
                  0.23    0.00    2.46 ^ fanout204/A (sky130_fd_sc_hd__clkbuf_8)
                  0.17    0.27    2.73 ^ fanout204/X (sky130_fd_sc_hd__clkbuf_8)
    10    0.10                           net204 (net)
                  0.17    0.01    2.73 ^ _443_/RESET_B (sky130_fd_sc_hd__dfrtp_1)
                                  2.73   data arrival time

                          0.00    0.00   clock clk (rise edge)
                          0.00    0.00   clock source latency
                  0.22    0.16    0.16 ^ clk (in)
     1    0.05                           clk (net)
                  0.22    0.00    0.16 ^ clkbuf_0_clk/A (sky130_fd_sc_hd__clkbuf_16)
                  0.14    0.27    0.43 ^ clkbuf_0_clk/X (sky130_fd_sc_hd__clkbuf_16)
     8    0.13                           clknet_0_clk (net)
                  0.14    0.00    0.43 ^ clkbuf_3_3__f_clk/A (sky130_fd_sc_hd__clkbuf_16)
                  0.06    0.18    0.61 ^ clkbuf_3_3__f_clk/X (sky130_fd_sc_hd__clkbuf_16)
     5    0.04                           clknet_3_3__leaf_clk (net)
                  0.06    0.00    0.62 ^ _443_/CLK (sky130_fd_sc_hd__dfrtp_1)
                          0.25    0.87   clock uncertainty
                          0.00    0.87   clock reconvergence pessimism
                          0.36    1.23   library removal time
                                  1.23   data required time
-----------------------------------------------------------------------------
                                  1.23   data required time
                                 -2.73   data arrival time
-----------------------------------------------------------------------------
                                  1.50   slack (MET)


Startpoint: rstn (input port clocked by clk)
Endpoint: _436_ (removal check against rising-edge clock clk)
Path Group: asynchronous
Path Type: min

Fanout     Cap    Slew   Delay    Time   Description
-----------------------------------------------------------------------------
                          0.00    0.00   clock clk (rise edge)
                          0.00    0.00   clock network delay (propagated)
                          2.00    2.00 ^ input external delay
                  0.02    0.01    2.01 ^ rstn (in)
     1    0.00                           rstn (net)
                  0.02    0.00    2.01 ^ input100/A (sky130_fd_sc_hd__clkbuf_2)
                  0.17    0.18    2.19 ^ input100/X (sky130_fd_sc_hd__clkbuf_2)
     2    0.03                           net100 (net)
                  0.17    0.00    2.19 ^ fanout205/A (sky130_fd_sc_hd__buf_4)
                  0.23    0.27    2.46 ^ fanout205/X (sky130_fd_sc_hd__buf_4)
    10    0.08                           net205 (net)
                  0.23    0.00    2.46 ^ fanout204/A (sky130_fd_sc_hd__clkbuf_8)
                  0.17    0.27    2.73 ^ fanout204/X (sky130_fd_sc_hd__clkbuf_8)
    10    0.10                           net204 (net)
                  0.17    0.01    2.74 ^ _436_/RESET_B (sky130_fd_sc_hd__dfrtp_1)
                                  2.74   data arrival time

                          0.00    0.00   clock clk (rise edge)
                          0.00    0.00   clock source latency
                  0.22    0.16    0.16 ^ clk (in)
     1    0.05                           clk (net)
                  0.22    0.00    0.16 ^ clkbuf_0_clk/A (sky130_fd_sc_hd__clkbuf_16)
                  0.14    0.27    0.43 ^ clkbuf_0_clk/X (sky130_fd_sc_hd__clkbuf_16)
     8    0.13                           clknet_0_clk (net)
                  0.14    0.00    0.43 ^ clkbuf_3_2__f_clk/A (sky130_fd_sc_hd__clkbuf_16)
                  0.06    0.18    0.62 ^ clkbuf_3_2__f_clk/X (sky130_fd_sc_hd__clkbuf_16)
     7    0.04                           clknet_3_2__leaf_clk (net)
                  0.06    0.00    0.62 ^ _436_/CLK (sky130_fd_sc_hd__dfrtp_1)
                          0.25    0.87   clock uncertainty
                          0.00    0.87   clock reconvergence pessimism
                          0.36    1.23   library removal time
                                  1.23   data required time
-----------------------------------------------------------------------------
                                  1.23   data required time
                                 -2.74   data arrival time
-----------------------------------------------------------------------------
                                  1.50   slack (MET)


Startpoint: rstn (input port clocked by clk)
Endpoint: _433_ (removal check against rising-edge clock clk)
Path Group: asynchronous
Path Type: min

Fanout     Cap    Slew   Delay    Time   Description
-----------------------------------------------------------------------------
                          0.00    0.00   clock clk (rise edge)
                          0.00    0.00   clock network delay (propagated)
                          2.00    2.00 ^ input external delay
                  0.02    0.01    2.01 ^ rstn (in)
     1    0.00                           rstn (net)
                  0.02    0.00    2.01 ^ input100/A (sky130_fd_sc_hd__clkbuf_2)
                  0.17    0.18    2.19 ^ input100/X (sky130_fd_sc_hd__clkbuf_2)
     2    0.03                           net100 (net)
                  0.17    0.00    2.19 ^ fanout205/A (sky130_fd_sc_hd__buf_4)
                  0.23    0.27    2.46 ^ fanout205/X (sky130_fd_sc_hd__buf_4)
    10    0.08                           net205 (net)
                  0.23    0.00    2.46 ^ fanout204/A (sky130_fd_sc_hd__clkbuf_8)
                  0.17    0.27    2.73 ^ fanout204/X (sky130_fd_sc_hd__clkbuf_8)
    10    0.10                           net204 (net)
                  0.17    0.01    2.74 ^ _433_/RESET_B (sky130_fd_sc_hd__dfrtp_1)
                                  2.74   data arrival time

                          0.00    0.00   clock clk (rise edge)
                          0.00    0.00   clock source latency
                  0.22    0.16    0.16 ^ clk (in)
     1    0.05                           clk (net)
                  0.22    0.00    0.16 ^ clkbuf_0_clk/A (sky130_fd_sc_hd__clkbuf_16)
                  0.14    0.27    0.43 ^ clkbuf_0_clk/X (sky130_fd_sc_hd__clkbuf_16)
     8    0.13                           clknet_0_clk (net)
                  0.14    0.00    0.43 ^ clkbuf_3_2__f_clk/A (sky130_fd_sc_hd__clkbuf_16)
                  0.06    0.18    0.62 ^ clkbuf_3_2__f_clk/X (sky130_fd_sc_hd__clkbuf_16)
     7    0.04                           clknet_3_2__leaf_clk (net)
                  0.06    0.00    0.62 ^ _433_/CLK (sky130_fd_sc_hd__dfrtp_1)
                          0.25    0.87   clock uncertainty
                          0.00    0.87   clock reconvergence pessimism
                          0.36    1.23   library removal time
                                  1.23   data required time
-----------------------------------------------------------------------------
                                  1.23   data required time
                                 -2.74   data arrival time
-----------------------------------------------------------------------------
                                  1.50   slack (MET)


Startpoint: rstn (input port clocked by clk)
Endpoint: _396_ (removal check against rising-edge clock clk)
Path Group: asynchronous
Path Type: min

Fanout     Cap    Slew   Delay    Time   Description
-----------------------------------------------------------------------------
                          0.00    0.00   clock clk (rise edge)
                          0.00    0.00   clock network delay (propagated)
                          2.00    2.00 ^ input external delay
                  0.02    0.01    2.01 ^ rstn (in)
     1    0.00                           rstn (net)
                  0.02    0.00    2.01 ^ input100/A (sky130_fd_sc_hd__clkbuf_2)
                  0.17    0.18    2.19 ^ input100/X (sky130_fd_sc_hd__clkbuf_2)
     2    0.03                           net100 (net)
                  0.17    0.00    2.19 ^ fanout205/A (sky130_fd_sc_hd__buf_4)
                  0.23    0.27    2.46 ^ fanout205/X (sky130_fd_sc_hd__buf_4)
    10    0.08                           net205 (net)
                  0.23    0.00    2.46 ^ fanout204/A (sky130_fd_sc_hd__clkbuf_8)
                  0.17    0.27    2.73 ^ fanout204/X (sky130_fd_sc_hd__clkbuf_8)
    10    0.10                           net204 (net)
                  0.17    0.01    2.73 ^ _396_/RESET_B (sky130_fd_sc_hd__dfrtp_1)
                                  2.73   data arrival time

                          0.00    0.00   clock clk (rise edge)
                          0.00    0.00   clock source latency
                  0.22    0.16    0.16 ^ clk (in)
     1    0.05                           clk (net)
                  0.22    0.00    0.16 ^ clkbuf_0_clk/A (sky130_fd_sc_hd__clkbuf_16)
                  0.14    0.27    0.43 ^ clkbuf_0_clk/X (sky130_fd_sc_hd__clkbuf_16)
     8    0.13                           clknet_0_clk (net)
                  0.14    0.00    0.43 ^ clkbuf_3_2__f_clk/A (sky130_fd_sc_hd__clkbuf_16)
                  0.06    0.18    0.62 ^ clkbuf_3_2__f_clk/X (sky130_fd_sc_hd__clkbuf_16)
     7    0.04                           clknet_3_2__leaf_clk (net)
                  0.06    0.00    0.62 ^ _396_/CLK (sky130_fd_sc_hd__dfrtp_1)
                          0.25    0.87   clock uncertainty
                          0.00    0.87   clock reconvergence pessimism
                          0.36    1.23   library removal time
                                  1.23   data required time
-----------------------------------------------------------------------------
                                  1.23   data required time
                                 -2.73   data arrival time
-----------------------------------------------------------------------------
                                  1.51   slack (MET)


Startpoint: rstn (input port clocked by clk)
Endpoint: _393_ (removal check against rising-edge clock clk)
Path Group: asynchronous
Path Type: min

Fanout     Cap    Slew   Delay    Time   Description
-----------------------------------------------------------------------------
                          0.00    0.00   clock clk (rise edge)
                          0.00    0.00   clock network delay (propagated)
                          2.00    2.00 ^ input external delay
                  0.02    0.01    2.01 ^ rstn (in)
     1    0.00                           rstn (net)
                  0.02    0.00    2.01 ^ input100/A (sky130_fd_sc_hd__clkbuf_2)
                  0.17    0.18    2.19 ^ input100/X (sky130_fd_sc_hd__clkbuf_2)
     2    0.03                           net100 (net)
                  0.17    0.00    2.19 ^ fanout205/A (sky130_fd_sc_hd__buf_4)
                  0.23    0.27    2.46 ^ fanout205/X (sky130_fd_sc_hd__buf_4)
    10    0.08                           net205 (net)
                  0.23    0.00    2.46 ^ fanout204/A (sky130_fd_sc_hd__clkbuf_8)
                  0.17    0.27    2.73 ^ fanout204/X (sky130_fd_sc_hd__clkbuf_8)
    10    0.10                           net204 (net)
                  0.17    0.01    2.73 ^ _393_/RESET_B (sky130_fd_sc_hd__dfrtp_1)
                                  2.73   data arrival time

                          0.00    0.00   clock clk (rise edge)
                          0.00    0.00   clock source latency
                  0.22    0.16    0.16 ^ clk (in)
     1    0.05                           clk (net)
                  0.22    0.00    0.16 ^ clkbuf_0_clk/A (sky130_fd_sc_hd__clkbuf_16)
                  0.14    0.27    0.43 ^ clkbuf_0_clk/X (sky130_fd_sc_hd__clkbuf_16)
     8    0.13                           clknet_0_clk (net)
                  0.14    0.00    0.43 ^ clkbuf_3_2__f_clk/A (sky130_fd_sc_hd__clkbuf_16)
                  0.06    0.18    0.62 ^ clkbuf_3_2__f_clk/X (sky130_fd_sc_hd__clkbuf_16)
     7    0.04                           clknet_3_2__leaf_clk (net)
                  0.06    0.00    0.62 ^ _393_/CLK (sky130_fd_sc_hd__dfrtp_1)
                          0.25    0.87   clock uncertainty
                          0.00    0.87   clock reconvergence pessimism
                          0.36    1.23   library removal time
                                  1.23   data required time
-----------------------------------------------------------------------------
                                  1.23   data required time
                                 -2.73   data arrival time
-----------------------------------------------------------------------------
                                  1.51   slack (MET)


Startpoint: rstn (input port clocked by clk)
Endpoint: _430_ (removal check against rising-edge clock clk)
Path Group: asynchronous
Path Type: min

Fanout     Cap    Slew   Delay    Time   Description
-----------------------------------------------------------------------------
                          0.00    0.00   clock clk (rise edge)
                          0.00    0.00   clock network delay (propagated)
                          2.00    2.00 ^ input external delay
                  0.02    0.01    2.01 ^ rstn (in)
     1    0.00                           rstn (net)
                  0.02    0.00    2.01 ^ input100/A (sky130_fd_sc_hd__clkbuf_2)
                  0.17    0.18    2.19 ^ input100/X (sky130_fd_sc_hd__clkbuf_2)
     2    0.03                           net100 (net)
                  0.17    0.00    2.19 ^ fanout205/A (sky130_fd_sc_hd__buf_4)
                  0.23    0.27    2.46 ^ fanout205/X (sky130_fd_sc_hd__buf_4)
    10    0.08                           net205 (net)
                  0.23    0.00    2.46 ^ fanout204/A (sky130_fd_sc_hd__clkbuf_8)
                  0.17    0.27    2.73 ^ fanout204/X (sky130_fd_sc_hd__clkbuf_8)
    10    0.10                           net204 (net)
                  0.17    0.01    2.74 ^ _430_/RESET_B (sky130_fd_sc_hd__dfrtp_1)
                                  2.74   data arrival time

                          0.00    0.00   clock clk (rise edge)
                          0.00    0.00   clock source latency
                  0.22    0.16    0.16 ^ clk (in)
     1    0.05                           clk (net)
                  0.22    0.00    0.16 ^ clkbuf_0_clk/A (sky130_fd_sc_hd__clkbuf_16)
                  0.14    0.27    0.43 ^ clkbuf_0_clk/X (sky130_fd_sc_hd__clkbuf_16)
     8    0.13                           clknet_0_clk (net)
                  0.14    0.00    0.43 ^ clkbuf_3_2__f_clk/A (sky130_fd_sc_hd__clkbuf_16)
                  0.06    0.18    0.62 ^ clkbuf_3_2__f_clk/X (sky130_fd_sc_hd__clkbuf_16)
     7    0.04                           clknet_3_2__leaf_clk (net)
                  0.06    0.00    0.62 ^ _430_/CLK (sky130_fd_sc_hd__dfrtp_1)
                          0.25    0.87   clock uncertainty
                          0.00    0.87   clock reconvergence pessimism
                          0.36    1.23   library removal time
                                  1.23   data required time
-----------------------------------------------------------------------------
                                  1.23   data required time
                                 -2.74   data arrival time
-----------------------------------------------------------------------------
                                  1.51   slack (MET)


Startpoint: rstn (input port clocked by clk)
Endpoint: _451_ (removal check against rising-edge clock clk)
Path Group: asynchronous
Path Type: min

Fanout     Cap    Slew   Delay    Time   Description
-----------------------------------------------------------------------------
                          0.00    0.00   clock clk (rise edge)
                          0.00    0.00   clock network delay (propagated)
                          2.00    2.00 ^ input external delay
                  0.02    0.01    2.01 ^ rstn (in)
     1    0.00                           rstn (net)
                  0.02    0.00    2.01 ^ input100/A (sky130_fd_sc_hd__clkbuf_2)
                  0.17    0.18    2.19 ^ input100/X (sky130_fd_sc_hd__clkbuf_2)
     2    0.03                           net100 (net)
                  0.17    0.00    2.19 ^ fanout205/A (sky130_fd_sc_hd__buf_4)
                  0.23    0.27    2.46 ^ fanout205/X (sky130_fd_sc_hd__buf_4)
    10    0.08                           net205 (net)
                  0.23    0.00    2.46 ^ fanout204/A (sky130_fd_sc_hd__clkbuf_8)
                  0.17    0.27    2.73 ^ fanout204/X (sky130_fd_sc_hd__clkbuf_8)
    10    0.10                           net204 (net)
                  0.17    0.01    2.73 ^ _451_/RESET_B (sky130_fd_sc_hd__dfrtp_1)
                                  2.73   data arrival time

                          0.00    0.00   clock clk (rise edge)
                          0.00    0.00   clock source latency
                  0.22    0.16    0.16 ^ clk (in)
     1    0.05                           clk (net)
                  0.22    0.00    0.16 ^ clkbuf_0_clk/A (sky130_fd_sc_hd__clkbuf_16)
                  0.14    0.27    0.43 ^ clkbuf_0_clk/X (sky130_fd_sc_hd__clkbuf_16)
     8    0.13                           clknet_0_clk (net)
                  0.14    0.00    0.43 ^ clkbuf_3_2__f_clk/A (sky130_fd_sc_hd__clkbuf_16)
                  0.06    0.18    0.62 ^ clkbuf_3_2__f_clk/X (sky130_fd_sc_hd__clkbuf_16)
     7    0.04                           clknet_3_2__leaf_clk (net)
                  0.06    0.00    0.62 ^ _451_/CLK (sky130_fd_sc_hd__dfrtp_1)
                          0.25    0.87   clock uncertainty
                          0.00    0.87   clock reconvergence pessimism
                          0.36    1.23   library removal time
                                  1.23   data required time
-----------------------------------------------------------------------------
                                  1.23   data required time
                                 -2.73   data arrival time
-----------------------------------------------------------------------------
                                  1.51   slack (MET)


Startpoint: rstn (input port clocked by clk)
Endpoint: _416_ (removal check against rising-edge clock clk)
Path Group: asynchronous
Path Type: min

Fanout     Cap    Slew   Delay    Time   Description
-----------------------------------------------------------------------------
                          0.00    0.00   clock clk (rise edge)
                          0.00    0.00   clock network delay (propagated)
                          2.00    2.00 ^ input external delay
                  0.02    0.01    2.01 ^ rstn (in)
     1    0.00                           rstn (net)
                  0.02    0.00    2.01 ^ input100/A (sky130_fd_sc_hd__clkbuf_2)
                  0.17    0.18    2.19 ^ input100/X (sky130_fd_sc_hd__clkbuf_2)
     2    0.03                           net100 (net)
                  0.17    0.00    2.19 ^ fanout205/A (sky130_fd_sc_hd__buf_4)
                  0.23    0.27    2.46 ^ fanout205/X (sky130_fd_sc_hd__buf_4)
    10    0.08                           net205 (net)
                  0.23    0.00    2.46 ^ fanout204/A (sky130_fd_sc_hd__clkbuf_8)
                  0.17    0.27    2.73 ^ fanout204/X (sky130_fd_sc_hd__clkbuf_8)
    10    0.10                           net204 (net)
                  0.17    0.01    2.73 ^ _416_/RESET_B (sky130_fd_sc_hd__dfrtp_1)
                                  2.73   data arrival time

                          0.00    0.00   clock clk (rise edge)
                          0.00    0.00   clock source latency
                  0.22    0.16    0.16 ^ clk (in)
     1    0.05                           clk (net)
                  0.22    0.00    0.16 ^ clkbuf_0_clk/A (sky130_fd_sc_hd__clkbuf_16)
                  0.14    0.27    0.43 ^ clkbuf_0_clk/X (sky130_fd_sc_hd__clkbuf_16)
     8    0.13                           clknet_0_clk (net)
                  0.14    0.00    0.43 ^ clkbuf_3_2__f_clk/A (sky130_fd_sc_hd__clkbuf_16)
                  0.06    0.18    0.62 ^ clkbuf_3_2__f_clk/X (sky130_fd_sc_hd__clkbuf_16)
     7    0.04                           clknet_3_2__leaf_clk (net)
                  0.06    0.00    0.62 ^ _416_/CLK (sky130_fd_sc_hd__dfrtp_1)
                          0.25    0.87   clock uncertainty
                          0.00    0.87   clock reconvergence pessimism
                          0.36    1.23   library removal time
                                  1.23   data required time
-----------------------------------------------------------------------------
                                  1.23   data required time
                                 -2.73   data arrival time
-----------------------------------------------------------------------------
                                  1.51   slack (MET)


Startpoint: rstn (input port clocked by clk)
Endpoint: _421_ (removal check against rising-edge clock clk)
Path Group: asynchronous
Path Type: min

Fanout     Cap    Slew   Delay    Time   Description
-----------------------------------------------------------------------------
                          0.00    0.00   clock clk (rise edge)
                          0.00    0.00   clock network delay (propagated)
                          2.00    2.00 ^ input external delay
                  0.02    0.01    2.01 ^ rstn (in)
     1    0.00                           rstn (net)
                  0.02    0.00    2.01 ^ input100/A (sky130_fd_sc_hd__clkbuf_2)
                  0.17    0.18    2.19 ^ input100/X (sky130_fd_sc_hd__clkbuf_2)
     2    0.03                           net100 (net)
                  0.17    0.00    2.19 ^ fanout210/A (sky130_fd_sc_hd__clkbuf_4)
                  0.15    0.25    2.43 ^ fanout210/X (sky130_fd_sc_hd__clkbuf_4)
     6    0.05                           net210 (net)
                  0.15    0.00    2.44 ^ fanout209/A (sky130_fd_sc_hd__clkbuf_8)
                  0.16    0.24    2.67 ^ fanout209/X (sky130_fd_sc_hd__clkbuf_8)
    10    0.09                           net209 (net)
                  0.16    0.00    2.68 ^ fanout208/A (sky130_fd_sc_hd__buf_4)
                  0.15    0.22    2.90 ^ fanout208/X (sky130_fd_sc_hd__buf_4)
    10    0.05                           net208 (net)
                  0.15    0.00    2.90 ^ _421_/RESET_B (sky130_fd_sc_hd__dfrtp_1)
                                  2.90   data arrival time

                          0.00    0.00   clock clk (rise edge)
                          0.00    0.00   clock source latency
                  0.22    0.16    0.16 ^ clk (in)
     1    0.05                           clk (net)
                  0.22    0.00    0.16 ^ clkbuf_0_clk/A (sky130_fd_sc_hd__clkbuf_16)
                  0.14    0.27    0.43 ^ clkbuf_0_clk/X (sky130_fd_sc_hd__clkbuf_16)
     8    0.13                           clknet_0_clk (net)
                  0.14    0.00    0.43 ^ clkbuf_3_7__f_clk/A (sky130_fd_sc_hd__clkbuf_16)
                  0.09    0.20    0.64 ^ clkbuf_3_7__f_clk/X (sky130_fd_sc_hd__clkbuf_16)
     9    0.07                           clknet_3_7__leaf_clk (net)
                  0.09    0.00    0.64 ^ _421_/CLK (sky130_fd_sc_hd__dfrtp_1)
                          0.25    0.89   clock uncertainty
                          0.00    0.89   clock reconvergence pessimism
                          0.36    1.25   library removal time
                                  1.25   data required time
-----------------------------------------------------------------------------
                                  1.25   data required time
                                 -2.90   data arrival time
-----------------------------------------------------------------------------
                                  1.65   slack (MET)


Startpoint: rstn (input port clocked by clk)
Endpoint: _424_ (removal check against rising-edge clock clk)
Path Group: asynchronous
Path Type: min

Fanout     Cap    Slew   Delay    Time   Description
-----------------------------------------------------------------------------
                          0.00    0.00   clock clk (rise edge)
                          0.00    0.00   clock network delay (propagated)
                          2.00    2.00 ^ input external delay
                  0.02    0.01    2.01 ^ rstn (in)
     1    0.00                           rstn (net)
                  0.02    0.00    2.01 ^ input100/A (sky130_fd_sc_hd__clkbuf_2)
                  0.17    0.18    2.19 ^ input100/X (sky130_fd_sc_hd__clkbuf_2)
     2    0.03                           net100 (net)
                  0.17    0.00    2.19 ^ fanout210/A (sky130_fd_sc_hd__clkbuf_4)
                  0.15    0.25    2.43 ^ fanout210/X (sky130_fd_sc_hd__clkbuf_4)
     6    0.05                           net210 (net)
                  0.15    0.00    2.44 ^ fanout209/A (sky130_fd_sc_hd__clkbuf_8)
                  0.16    0.24    2.67 ^ fanout209/X (sky130_fd_sc_hd__clkbuf_8)
    10    0.09                           net209 (net)
                  0.16    0.00    2.68 ^ fanout208/A (sky130_fd_sc_hd__buf_4)
                  0.15    0.22    2.90 ^ fanout208/X (sky130_fd_sc_hd__buf_4)
    10    0.05                           net208 (net)
                  0.15    0.00    2.90 ^ _424_/RESET_B (sky130_fd_sc_hd__dfrtp_4)
                                  2.90   data arrival time

                          0.00    0.00   clock clk (rise edge)
                          0.00    0.00   clock source latency
                  0.22    0.16    0.16 ^ clk (in)
     1    0.05                           clk (net)
                  0.22    0.00    0.16 ^ clkbuf_0_clk/A (sky130_fd_sc_hd__clkbuf_16)
                  0.14    0.27    0.43 ^ clkbuf_0_clk/X (sky130_fd_sc_hd__clkbuf_16)
     8    0.13                           clknet_0_clk (net)
                  0.14    0.00    0.43 ^ clkbuf_3_4__f_clk/A (sky130_fd_sc_hd__clkbuf_16)
                  0.08    0.20    0.63 ^ clkbuf_3_4__f_clk/X (sky130_fd_sc_hd__clkbuf_16)
    14    0.06                           clknet_3_4__leaf_clk (net)
                  0.08    0.00    0.63 ^ _424_/CLK (sky130_fd_sc_hd__dfrtp_4)
                          0.25    0.88   clock uncertainty
                          0.00    0.88   clock reconvergence pessimism
                          0.36    1.24   library removal time
                                  1.24   data required time
-----------------------------------------------------------------------------
                                  1.24   data required time
                                 -2.90   data arrival time
-----------------------------------------------------------------------------
                                  1.66   slack (MET)


Startpoint: rstn (input port clocked by clk)
Endpoint: _434_ (removal check against rising-edge clock clk)
Path Group: asynchronous
Path Type: min

Fanout     Cap    Slew   Delay    Time   Description
-----------------------------------------------------------------------------
                          0.00    0.00   clock clk (rise edge)
                          0.00    0.00   clock network delay (propagated)
                          2.00    2.00 ^ input external delay
                  0.02    0.01    2.01 ^ rstn (in)
     1    0.00                           rstn (net)
                  0.02    0.00    2.01 ^ input100/A (sky130_fd_sc_hd__clkbuf_2)
                  0.17    0.18    2.19 ^ input100/X (sky130_fd_sc_hd__clkbuf_2)
     2    0.03                           net100 (net)
                  0.17    0.00    2.19 ^ fanout210/A (sky130_fd_sc_hd__clkbuf_4)
                  0.15    0.25    2.43 ^ fanout210/X (sky130_fd_sc_hd__clkbuf_4)
     6    0.05                           net210 (net)
                  0.15    0.00    2.44 ^ fanout209/A (sky130_fd_sc_hd__clkbuf_8)
                  0.16    0.24    2.67 ^ fanout209/X (sky130_fd_sc_hd__clkbuf_8)
    10    0.09                           net209 (net)
                  0.16    0.00    2.68 ^ fanout208/A (sky130_fd_sc_hd__buf_4)
                  0.15    0.22    2.90 ^ fanout208/X (sky130_fd_sc_hd__buf_4)
    10    0.05                           net208 (net)
                  0.15    0.00    2.90 ^ _434_/RESET_B (sky130_fd_sc_hd__dfrtp_4)
                                  2.90   data arrival time

                          0.00    0.00   clock clk (rise edge)
                          0.00    0.00   clock source latency
                  0.22    0.16    0.16 ^ clk (in)
     1    0.05                           clk (net)
                  0.22    0.00    0.16 ^ clkbuf_0_clk/A (sky130_fd_sc_hd__clkbuf_16)
                  0.14    0.27    0.43 ^ clkbuf_0_clk/X (sky130_fd_sc_hd__clkbuf_16)
     8    0.13                           clknet_0_clk (net)
                  0.14    0.00    0.43 ^ clkbuf_3_4__f_clk/A (sky130_fd_sc_hd__clkbuf_16)
                  0.08    0.20    0.63 ^ clkbuf_3_4__f_clk/X (sky130_fd_sc_hd__clkbuf_16)
    14    0.06                           clknet_3_4__leaf_clk (net)
                  0.08    0.00    0.63 ^ _434_/CLK (sky130_fd_sc_hd__dfrtp_4)
                          0.25    0.88   clock uncertainty
                          0.00    0.88   clock reconvergence pessimism
                          0.36    1.24   library removal time
                                  1.24   data required time
-----------------------------------------------------------------------------
                                  1.24   data required time
                                 -2.90   data arrival time
-----------------------------------------------------------------------------
                                  1.66   slack (MET)


Startpoint: rstn (input port clocked by clk)
Endpoint: _425_ (removal check against rising-edge clock clk)
Path Group: asynchronous
Path Type: min

Fanout     Cap    Slew   Delay    Time   Description
-----------------------------------------------------------------------------
                          0.00    0.00   clock clk (rise edge)
                          0.00    0.00   clock network delay (propagated)
                          2.00    2.00 ^ input external delay
                  0.02    0.01    2.01 ^ rstn (in)
     1    0.00                           rstn (net)
                  0.02    0.00    2.01 ^ input100/A (sky130_fd_sc_hd__clkbuf_2)
                  0.17    0.18    2.19 ^ input100/X (sky130_fd_sc_hd__clkbuf_2)
     2    0.03                           net100 (net)
                  0.17    0.00    2.19 ^ fanout210/A (sky130_fd_sc_hd__clkbuf_4)
                  0.15    0.25    2.43 ^ fanout210/X (sky130_fd_sc_hd__clkbuf_4)
     6    0.05                           net210 (net)
                  0.15    0.00    2.44 ^ fanout209/A (sky130_fd_sc_hd__clkbuf_8)
                  0.16    0.24    2.67 ^ fanout209/X (sky130_fd_sc_hd__clkbuf_8)
    10    0.09                           net209 (net)
                  0.16    0.00    2.68 ^ fanout208/A (sky130_fd_sc_hd__buf_4)
                  0.15    0.22    2.90 ^ fanout208/X (sky130_fd_sc_hd__buf_4)
    10    0.05                           net208 (net)
                  0.15    0.00    2.90 ^ _425_/RESET_B (sky130_fd_sc_hd__dfrtp_4)
                                  2.90   data arrival time

                          0.00    0.00   clock clk (rise edge)
                          0.00    0.00   clock source latency
                  0.22    0.16    0.16 ^ clk (in)
     1    0.05                           clk (net)
                  0.22    0.00    0.16 ^ clkbuf_0_clk/A (sky130_fd_sc_hd__clkbuf_16)
                  0.14    0.27    0.43 ^ clkbuf_0_clk/X (sky130_fd_sc_hd__clkbuf_16)
     8    0.13                           clknet_0_clk (net)
                  0.14    0.00    0.43 ^ clkbuf_3_4__f_clk/A (sky130_fd_sc_hd__clkbuf_16)
                  0.08    0.20    0.63 ^ clkbuf_3_4__f_clk/X (sky130_fd_sc_hd__clkbuf_16)
    14    0.06                           clknet_3_4__leaf_clk (net)
                  0.08    0.00    0.63 ^ _425_/CLK (sky130_fd_sc_hd__dfrtp_4)
                          0.25    0.88   clock uncertainty
                          0.00    0.88   clock reconvergence pessimism
                          0.36    1.24   library removal time
                                  1.24   data required time
-----------------------------------------------------------------------------
                                  1.24   data required time
                                 -2.90   data arrival time
-----------------------------------------------------------------------------
                                  1.66   slack (MET)


Startpoint: rstn (input port clocked by clk)
Endpoint: _404_ (removal check against rising-edge clock clk)
Path Group: asynchronous
Path Type: min

Fanout     Cap    Slew   Delay    Time   Description
-----------------------------------------------------------------------------
                          0.00    0.00   clock clk (rise edge)
                          0.00    0.00   clock network delay (propagated)
                          2.00    2.00 ^ input external delay
                  0.02    0.01    2.01 ^ rstn (in)
     1    0.00                           rstn (net)
                  0.02    0.00    2.01 ^ input100/A (sky130_fd_sc_hd__clkbuf_2)
                  0.17    0.18    2.19 ^ input100/X (sky130_fd_sc_hd__clkbuf_2)
     2    0.03                           net100 (net)
                  0.17    0.00    2.19 ^ fanout210/A (sky130_fd_sc_hd__clkbuf_4)
                  0.15    0.25    2.43 ^ fanout210/X (sky130_fd_sc_hd__clkbuf_4)
     6    0.05                           net210 (net)
                  0.15    0.00    2.44 ^ fanout209/A (sky130_fd_sc_hd__clkbuf_8)
                  0.16    0.24    2.67 ^ fanout209/X (sky130_fd_sc_hd__clkbuf_8)
    10    0.09                           net209 (net)
                  0.16    0.00    2.68 ^ fanout208/A (sky130_fd_sc_hd__buf_4)
                  0.15    0.22    2.90 ^ fanout208/X (sky130_fd_sc_hd__buf_4)
    10    0.05                           net208 (net)
                  0.15    0.00    2.90 ^ _404_/RESET_B (sky130_fd_sc_hd__dfrtp_4)
                                  2.90   data arrival time

                          0.00    0.00   clock clk (rise edge)
                          0.00    0.00   clock source latency
                  0.22    0.16    0.16 ^ clk (in)
     1    0.05                           clk (net)
                  0.22    0.00    0.16 ^ clkbuf_0_clk/A (sky130_fd_sc_hd__clkbuf_16)
                  0.14    0.27    0.43 ^ clkbuf_0_clk/X (sky130_fd_sc_hd__clkbuf_16)
     8    0.13                           clknet_0_clk (net)
                  0.14    0.00    0.43 ^ clkbuf_3_4__f_clk/A (sky130_fd_sc_hd__clkbuf_16)
                  0.08    0.20    0.63 ^ clkbuf_3_4__f_clk/X (sky130_fd_sc_hd__clkbuf_16)
    14    0.06                           clknet_3_4__leaf_clk (net)
                  0.08    0.00    0.63 ^ _404_/CLK (sky130_fd_sc_hd__dfrtp_4)
                          0.25    0.88   clock uncertainty
                          0.00    0.88   clock reconvergence pessimism
                          0.36    1.24   library removal time
                                  1.24   data required time
-----------------------------------------------------------------------------
                                  1.24   data required time
                                 -2.90   data arrival time
-----------------------------------------------------------------------------
                                  1.66   slack (MET)


Startpoint: rstn (input port clocked by clk)
Endpoint: _414_ (removal check against rising-edge clock clk)
Path Group: asynchronous
Path Type: min

Fanout     Cap    Slew   Delay    Time   Description
-----------------------------------------------------------------------------
                          0.00    0.00   clock clk (rise edge)
                          0.00    0.00   clock network delay (propagated)
                          2.00    2.00 ^ input external delay
                  0.02    0.01    2.01 ^ rstn (in)
     1    0.00                           rstn (net)
                  0.02    0.00    2.01 ^ input100/A (sky130_fd_sc_hd__clkbuf_2)
                  0.17    0.18    2.19 ^ input100/X (sky130_fd_sc_hd__clkbuf_2)
     2    0.03                           net100 (net)
                  0.17    0.00    2.19 ^ fanout210/A (sky130_fd_sc_hd__clkbuf_4)
                  0.15    0.25    2.43 ^ fanout210/X (sky130_fd_sc_hd__clkbuf_4)
     6    0.05                           net210 (net)
                  0.15    0.00    2.44 ^ fanout209/A (sky130_fd_sc_hd__clkbuf_8)
                  0.16    0.24    2.67 ^ fanout209/X (sky130_fd_sc_hd__clkbuf_8)
    10    0.09                           net209 (net)
                  0.16    0.00    2.68 ^ fanout208/A (sky130_fd_sc_hd__buf_4)
                  0.15    0.22    2.90 ^ fanout208/X (sky130_fd_sc_hd__buf_4)
    10    0.05                           net208 (net)
                  0.15    0.00    2.90 ^ _414_/RESET_B (sky130_fd_sc_hd__dfrtp_1)
                                  2.90   data arrival time

                          0.00    0.00   clock clk (rise edge)
                          0.00    0.00   clock source latency
                  0.22    0.16    0.16 ^ clk (in)
     1    0.05                           clk (net)
                  0.22    0.00    0.16 ^ clkbuf_0_clk/A (sky130_fd_sc_hd__clkbuf_16)
                  0.14    0.27    0.43 ^ clkbuf_0_clk/X (sky130_fd_sc_hd__clkbuf_16)
     8    0.13                           clknet_0_clk (net)
                  0.14    0.00    0.43 ^ clkbuf_3_4__f_clk/A (sky130_fd_sc_hd__clkbuf_16)
                  0.08    0.20    0.63 ^ clkbuf_3_4__f_clk/X (sky130_fd_sc_hd__clkbuf_16)
    14    0.06                           clknet_3_4__leaf_clk (net)
                  0.08    0.00    0.63 ^ _414_/CLK (sky130_fd_sc_hd__dfrtp_1)
                          0.25    0.88   clock uncertainty
                          0.00    0.88   clock reconvergence pessimism
                          0.36    1.24   library removal time
                                  1.24   data required time
-----------------------------------------------------------------------------
                                  1.24   data required time
                                 -2.90   data arrival time
-----------------------------------------------------------------------------
                                  1.66   slack (MET)


Startpoint: rstn (input port clocked by clk)
Endpoint: _427_ (removal check against rising-edge clock clk)
Path Group: asynchronous
Path Type: min

Fanout     Cap    Slew   Delay    Time   Description
-----------------------------------------------------------------------------
                          0.00    0.00   clock clk (rise edge)
                          0.00    0.00   clock network delay (propagated)
                          2.00    2.00 ^ input external delay
                  0.02    0.01    2.01 ^ rstn (in)
     1    0.00                           rstn (net)
                  0.02    0.00    2.01 ^ input100/A (sky130_fd_sc_hd__clkbuf_2)
                  0.17    0.18    2.19 ^ input100/X (sky130_fd_sc_hd__clkbuf_2)
     2    0.03                           net100 (net)
                  0.17    0.00    2.19 ^ fanout210/A (sky130_fd_sc_hd__clkbuf_4)
                  0.15    0.25    2.43 ^ fanout210/X (sky130_fd_sc_hd__clkbuf_4)
     6    0.05                           net210 (net)
                  0.15    0.00    2.44 ^ fanout209/A (sky130_fd_sc_hd__clkbuf_8)
                  0.16    0.24    2.67 ^ fanout209/X (sky130_fd_sc_hd__clkbuf_8)
    10    0.09                           net209 (net)
                  0.16    0.00    2.68 ^ fanout208/A (sky130_fd_sc_hd__buf_4)
                  0.15    0.22    2.90 ^ fanout208/X (sky130_fd_sc_hd__buf_4)
    10    0.05                           net208 (net)
                  0.15    0.00    2.90 ^ _427_/RESET_B (sky130_fd_sc_hd__dfrtp_2)
                                  2.90   data arrival time

                          0.00    0.00   clock clk (rise edge)
                          0.00    0.00   clock source latency
                  0.22    0.16    0.16 ^ clk (in)
     1    0.05                           clk (net)
                  0.22    0.00    0.16 ^ clkbuf_0_clk/A (sky130_fd_sc_hd__clkbuf_16)
                  0.14    0.27    0.43 ^ clkbuf_0_clk/X (sky130_fd_sc_hd__clkbuf_16)
     8    0.13                           clknet_0_clk (net)
                  0.14    0.00    0.43 ^ clkbuf_3_4__f_clk/A (sky130_fd_sc_hd__clkbuf_16)
                  0.08    0.20    0.63 ^ clkbuf_3_4__f_clk/X (sky130_fd_sc_hd__clkbuf_16)
    14    0.06                           clknet_3_4__leaf_clk (net)
                  0.08    0.00    0.63 ^ _427_/CLK (sky130_fd_sc_hd__dfrtp_2)
                          0.25    0.88   clock uncertainty
                          0.00    0.88   clock reconvergence pessimism
                          0.36    1.24   library removal time
                                  1.24   data required time
-----------------------------------------------------------------------------
                                  1.24   data required time
                                 -2.90   data arrival time
-----------------------------------------------------------------------------
                                  1.66   slack (MET)


Startpoint: rstn (input port clocked by clk)
Endpoint: _438_ (removal check against rising-edge clock clk)
Path Group: asynchronous
Path Type: min

Fanout     Cap    Slew   Delay    Time   Description
-----------------------------------------------------------------------------
                          0.00    0.00   clock clk (rise edge)
                          0.00    0.00   clock network delay (propagated)
                          2.00    2.00 ^ input external delay
                  0.02    0.01    2.01 ^ rstn (in)
     1    0.00                           rstn (net)
                  0.02    0.00    2.01 ^ input100/A (sky130_fd_sc_hd__clkbuf_2)
                  0.17    0.18    2.19 ^ input100/X (sky130_fd_sc_hd__clkbuf_2)
     2    0.03                           net100 (net)
                  0.17    0.00    2.19 ^ fanout210/A (sky130_fd_sc_hd__clkbuf_4)
                  0.15    0.25    2.43 ^ fanout210/X (sky130_fd_sc_hd__clkbuf_4)
     6    0.05                           net210 (net)
                  0.15    0.00    2.44 ^ fanout209/A (sky130_fd_sc_hd__clkbuf_8)
                  0.16    0.24    2.67 ^ fanout209/X (sky130_fd_sc_hd__clkbuf_8)
    10    0.09                           net209 (net)
                  0.16    0.00    2.68 ^ fanout208/A (sky130_fd_sc_hd__buf_4)
                  0.15    0.22    2.90 ^ fanout208/X (sky130_fd_sc_hd__buf_4)
    10    0.05                           net208 (net)
                  0.15    0.00    2.90 ^ _438_/RESET_B (sky130_fd_sc_hd__dfrtp_2)
                                  2.90   data arrival time

                          0.00    0.00   clock clk (rise edge)
                          0.00    0.00   clock source latency
                  0.22    0.16    0.16 ^ clk (in)
     1    0.05                           clk (net)
                  0.22    0.00    0.16 ^ clkbuf_0_clk/A (sky130_fd_sc_hd__clkbuf_16)
                  0.14    0.27    0.43 ^ clkbuf_0_clk/X (sky130_fd_sc_hd__clkbuf_16)
     8    0.13                           clknet_0_clk (net)
                  0.14    0.00    0.43 ^ clkbuf_3_4__f_clk/A (sky130_fd_sc_hd__clkbuf_16)
                  0.08    0.20    0.63 ^ clkbuf_3_4__f_clk/X (sky130_fd_sc_hd__clkbuf_16)
    14    0.06                           clknet_3_4__leaf_clk (net)
                  0.08    0.00    0.63 ^ _438_/CLK (sky130_fd_sc_hd__dfrtp_2)
                          0.25    0.88   clock uncertainty
                          0.00    0.88   clock reconvergence pessimism
                          0.36    1.24   library removal time
                                  1.24   data required time
-----------------------------------------------------------------------------
                                  1.24   data required time
                                 -2.90   data arrival time
-----------------------------------------------------------------------------
                                  1.66   slack (MET)


Startpoint: rstn (input port clocked by clk)
Endpoint: _420_ (removal check against rising-edge clock clk)
Path Group: asynchronous
Path Type: min

Fanout     Cap    Slew   Delay    Time   Description
-----------------------------------------------------------------------------
                          0.00    0.00   clock clk (rise edge)
                          0.00    0.00   clock network delay (propagated)
                          2.00    2.00 ^ input external delay
                  0.02    0.01    2.01 ^ rstn (in)
     1    0.00                           rstn (net)
                  0.02    0.00    2.01 ^ input100/A (sky130_fd_sc_hd__clkbuf_2)
                  0.17    0.18    2.19 ^ input100/X (sky130_fd_sc_hd__clkbuf_2)
     2    0.03                           net100 (net)
                  0.17    0.00    2.19 ^ fanout210/A (sky130_fd_sc_hd__clkbuf_4)
                  0.15    0.25    2.43 ^ fanout210/X (sky130_fd_sc_hd__clkbuf_4)
     6    0.05                           net210 (net)
                  0.15    0.00    2.44 ^ fanout209/A (sky130_fd_sc_hd__clkbuf_8)
                  0.16    0.24    2.67 ^ fanout209/X (sky130_fd_sc_hd__clkbuf_8)
    10    0.09                           net209 (net)
                  0.16    0.00    2.68 ^ fanout208/A (sky130_fd_sc_hd__buf_4)
                  0.15    0.22    2.90 ^ fanout208/X (sky130_fd_sc_hd__buf_4)
    10    0.05                           net208 (net)
                  0.15    0.00    2.90 ^ _420_/RESET_B (sky130_fd_sc_hd__dfrtp_4)
                                  2.90   data arrival time

                          0.00    0.00   clock clk (rise edge)
                          0.00    0.00   clock source latency
                  0.22    0.16    0.16 ^ clk (in)
     1    0.05                           clk (net)
                  0.22    0.00    0.16 ^ clkbuf_0_clk/A (sky130_fd_sc_hd__clkbuf_16)
                  0.14    0.27    0.43 ^ clkbuf_0_clk/X (sky130_fd_sc_hd__clkbuf_16)
     8    0.13                           clknet_0_clk (net)
                  0.14    0.00    0.43 ^ clkbuf_3_4__f_clk/A (sky130_fd_sc_hd__clkbuf_16)
                  0.08    0.20    0.63 ^ clkbuf_3_4__f_clk/X (sky130_fd_sc_hd__clkbuf_16)
    14    0.06                           clknet_3_4__leaf_clk (net)
                  0.08    0.00    0.63 ^ _420_/CLK (sky130_fd_sc_hd__dfrtp_4)
                          0.25    0.88   clock uncertainty
                          0.00    0.88   clock reconvergence pessimism
                          0.36    1.24   library removal time
                                  1.24   data required time
-----------------------------------------------------------------------------
                                  1.24   data required time
                                 -2.90   data arrival time
-----------------------------------------------------------------------------
                                  1.66   slack (MET)


Startpoint: rstn (input port clocked by clk)
Endpoint: _455_ (removal check against rising-edge clock clk)
Path Group: asynchronous
Path Type: min

Fanout     Cap    Slew   Delay    Time   Description
-----------------------------------------------------------------------------
                          0.00    0.00   clock clk (rise edge)
                          0.00    0.00   clock network delay (propagated)
                          2.00    2.00 ^ input external delay
                  0.02    0.01    2.01 ^ rstn (in)
     1    0.00                           rstn (net)
                  0.02    0.00    2.01 ^ input100/A (sky130_fd_sc_hd__clkbuf_2)
                  0.17    0.18    2.19 ^ input100/X (sky130_fd_sc_hd__clkbuf_2)
     2    0.03                           net100 (net)
                  0.17    0.00    2.19 ^ fanout210/A (sky130_fd_sc_hd__clkbuf_4)
                  0.15    0.25    2.43 ^ fanout210/X (sky130_fd_sc_hd__clkbuf_4)
     6    0.05                           net210 (net)
                  0.15    0.00    2.44 ^ fanout209/A (sky130_fd_sc_hd__clkbuf_8)
                  0.16    0.24    2.67 ^ fanout209/X (sky130_fd_sc_hd__clkbuf_8)
    10    0.09                           net209 (net)
                  0.16    0.00    2.68 ^ fanout208/A (sky130_fd_sc_hd__buf_4)
                  0.15    0.22    2.90 ^ fanout208/X (sky130_fd_sc_hd__buf_4)
    10    0.05                           net208 (net)
                  0.15    0.00    2.90 ^ _455_/RESET_B (sky130_fd_sc_hd__dfrtp_1)
                                  2.90   data arrival time

                          0.00    0.00   clock clk (rise edge)
                          0.00    0.00   clock source latency
                  0.22    0.16    0.16 ^ clk (in)
     1    0.05                           clk (net)
                  0.22    0.00    0.16 ^ clkbuf_0_clk/A (sky130_fd_sc_hd__clkbuf_16)
                  0.14    0.27    0.43 ^ clkbuf_0_clk/X (sky130_fd_sc_hd__clkbuf_16)
     8    0.13                           clknet_0_clk (net)
                  0.14    0.00    0.43 ^ clkbuf_3_6__f_clk/A (sky130_fd_sc_hd__clkbuf_16)
                  0.06    0.19    0.62 ^ clkbuf_3_6__f_clk/X (sky130_fd_sc_hd__clkbuf_16)
     7    0.04                           clknet_3_6__leaf_clk (net)
                  0.06    0.00    0.62 ^ _455_/CLK (sky130_fd_sc_hd__dfrtp_1)
                          0.25    0.87   clock uncertainty
                          0.00    0.87   clock reconvergence pessimism
                          0.35    1.23   library removal time
                                  1.23   data required time
-----------------------------------------------------------------------------
                                  1.23   data required time
                                 -2.90   data arrival time
-----------------------------------------------------------------------------
                                  1.67   slack (MET)


Startpoint: rstn (input port clocked by clk)
Endpoint: _390_ (removal check against rising-edge clock clk)
Path Group: asynchronous
Path Type: min

Fanout     Cap    Slew   Delay    Time   Description
-----------------------------------------------------------------------------
                          0.00    0.00   clock clk (rise edge)
                          0.00    0.00   clock network delay (propagated)
                          2.00    2.00 ^ input external delay
                  0.02    0.01    2.01 ^ rstn (in)
     1    0.00                           rstn (net)
                  0.02    0.00    2.01 ^ input100/A (sky130_fd_sc_hd__clkbuf_2)
                  0.17    0.18    2.19 ^ input100/X (sky130_fd_sc_hd__clkbuf_2)
     2    0.03                           net100 (net)
                  0.17    0.00    2.19 ^ fanout210/A (sky130_fd_sc_hd__clkbuf_4)
                  0.15    0.25    2.43 ^ fanout210/X (sky130_fd_sc_hd__clkbuf_4)
     6    0.05                           net210 (net)
                  0.15    0.00    2.44 ^ fanout207/A (sky130_fd_sc_hd__clkbuf_4)
                  0.19    0.26    2.70 ^ fanout207/X (sky130_fd_sc_hd__clkbuf_4)
     8    0.06                           net207 (net)
                  0.19    0.00    2.70 ^ fanout206/A (sky130_fd_sc_hd__buf_4)
                  0.16    0.23    2.93 ^ fanout206/X (sky130_fd_sc_hd__buf_4)
    10    0.06                           net206 (net)
                  0.16    0.00    2.93 ^ _390_/RESET_B (sky130_fd_sc_hd__dfrtp_1)
                                  2.93   data arrival time

                          0.00    0.00   clock clk (rise edge)
                          0.00    0.00   clock source latency
                  0.22    0.16    0.16 ^ clk (in)
     1    0.05                           clk (net)
                  0.22    0.00    0.16 ^ clkbuf_0_clk/A (sky130_fd_sc_hd__clkbuf_16)
                  0.14    0.27    0.43 ^ clkbuf_0_clk/X (sky130_fd_sc_hd__clkbuf_16)
     8    0.13                           clknet_0_clk (net)
                  0.14    0.00    0.43 ^ clkbuf_3_7__f_clk/A (sky130_fd_sc_hd__clkbuf_16)
                  0.09    0.20    0.64 ^ clkbuf_3_7__f_clk/X (sky130_fd_sc_hd__clkbuf_16)
     9    0.07                           clknet_3_7__leaf_clk (net)
                  0.09    0.00    0.64 ^ _390_/CLK (sky130_fd_sc_hd__dfrtp_1)
                          0.25    0.89   clock uncertainty
                          0.00    0.89   clock reconvergence pessimism
                          0.36    1.26   library removal time
                                  1.26   data required time
-----------------------------------------------------------------------------
                                  1.26   data required time
                                 -2.93   data arrival time
-----------------------------------------------------------------------------
                                  1.68   slack (MET)


Startpoint: rstn (input port clocked by clk)
Endpoint: _440_ (removal check against rising-edge clock clk)
Path Group: asynchronous
Path Type: min

Fanout     Cap    Slew   Delay    Time   Description
-----------------------------------------------------------------------------
                          0.00    0.00   clock clk (rise edge)
                          0.00    0.00   clock network delay (propagated)
                          2.00    2.00 ^ input external delay
                  0.02    0.01    2.01 ^ rstn (in)
     1    0.00                           rstn (net)
                  0.02    0.00    2.01 ^ input100/A (sky130_fd_sc_hd__clkbuf_2)
                  0.17    0.18    2.19 ^ input100/X (sky130_fd_sc_hd__clkbuf_2)
     2    0.03                           net100 (net)
                  0.17    0.00    2.19 ^ fanout210/A (sky130_fd_sc_hd__clkbuf_4)
                  0.15    0.25    2.43 ^ fanout210/X (sky130_fd_sc_hd__clkbuf_4)
     6    0.05                           net210 (net)
                  0.15    0.00    2.44 ^ fanout207/A (sky130_fd_sc_hd__clkbuf_4)
                  0.19    0.26    2.70 ^ fanout207/X (sky130_fd_sc_hd__clkbuf_4)
     8    0.06                           net207 (net)
                  0.19    0.00    2.70 ^ fanout206/A (sky130_fd_sc_hd__buf_4)
                  0.16    0.23    2.93 ^ fanout206/X (sky130_fd_sc_hd__buf_4)
    10    0.06                           net206 (net)
                  0.16    0.00    2.93 ^ _440_/RESET_B (sky130_fd_sc_hd__dfrtp_1)
                                  2.93   data arrival time

                          0.00    0.00   clock clk (rise edge)
                          0.00    0.00   clock source latency
                  0.22    0.16    0.16 ^ clk (in)
     1    0.05                           clk (net)
                  0.22    0.00    0.16 ^ clkbuf_0_clk/A (sky130_fd_sc_hd__clkbuf_16)
                  0.14    0.27    0.43 ^ clkbuf_0_clk/X (sky130_fd_sc_hd__clkbuf_16)
     8    0.13                           clknet_0_clk (net)
                  0.14    0.00    0.43 ^ clkbuf_3_7__f_clk/A (sky130_fd_sc_hd__clkbuf_16)
                  0.09    0.20    0.64 ^ clkbuf_3_7__f_clk/X (sky130_fd_sc_hd__clkbuf_16)
     9    0.07                           clknet_3_7__leaf_clk (net)
                  0.09    0.00    0.64 ^ _440_/CLK (sky130_fd_sc_hd__dfrtp_1)
                          0.25    0.89   clock uncertainty
                          0.00    0.89   clock reconvergence pessimism
                          0.36    1.26   library removal time
                                  1.26   data required time
-----------------------------------------------------------------------------
                                  1.26   data required time
                                 -2.93   data arrival time
-----------------------------------------------------------------------------
                                  1.68   slack (MET)


Startpoint: rstn (input port clocked by clk)
Endpoint: _409_ (removal check against rising-edge clock clk)
Path Group: asynchronous
Path Type: min

Fanout     Cap    Slew   Delay    Time   Description
-----------------------------------------------------------------------------
                          0.00    0.00   clock clk (rise edge)
                          0.00    0.00   clock network delay (propagated)
                          2.00    2.00 ^ input external delay
                  0.02    0.01    2.01 ^ rstn (in)
     1    0.00                           rstn (net)
                  0.02    0.00    2.01 ^ input100/A (sky130_fd_sc_hd__clkbuf_2)
                  0.17    0.18    2.19 ^ input100/X (sky130_fd_sc_hd__clkbuf_2)
     2    0.03                           net100 (net)
                  0.17    0.00    2.19 ^ fanout210/A (sky130_fd_sc_hd__clkbuf_4)
                  0.15    0.25    2.43 ^ fanout210/X (sky130_fd_sc_hd__clkbuf_4)
     6    0.05                           net210 (net)
                  0.15    0.00    2.44 ^ fanout207/A (sky130_fd_sc_hd__clkbuf_4)
                  0.19    0.26    2.70 ^ fanout207/X (sky130_fd_sc_hd__clkbuf_4)
     8    0.06                           net207 (net)
                  0.19    0.00    2.70 ^ fanout206/A (sky130_fd_sc_hd__buf_4)
                  0.16    0.23    2.93 ^ fanout206/X (sky130_fd_sc_hd__buf_4)
    10    0.06                           net206 (net)
                  0.16    0.00    2.94 ^ _409_/RESET_B (sky130_fd_sc_hd__dfrtp_2)
                                  2.94   data arrival time

                          0.00    0.00   clock clk (rise edge)
                          0.00    0.00   clock source latency
                  0.22    0.16    0.16 ^ clk (in)
     1    0.05                           clk (net)
                  0.22    0.00    0.16 ^ clkbuf_0_clk/A (sky130_fd_sc_hd__clkbuf_16)
                  0.14    0.27    0.43 ^ clkbuf_0_clk/X (sky130_fd_sc_hd__clkbuf_16)
     8    0.13                           clknet_0_clk (net)
                  0.14    0.00    0.43 ^ clkbuf_3_5__f_clk/A (sky130_fd_sc_hd__clkbuf_16)
                  0.08    0.20    0.63 ^ clkbuf_3_5__f_clk/X (sky130_fd_sc_hd__clkbuf_16)
    10    0.06                           clknet_3_5__leaf_clk (net)
                  0.08    0.00    0.63 ^ _409_/CLK (sky130_fd_sc_hd__dfrtp_2)
                          0.25    0.88   clock uncertainty
                          0.00    0.88   clock reconvergence pessimism
                          0.36    1.25   library removal time
                                  1.25   data required time
-----------------------------------------------------------------------------
                                  1.25   data required time
                                 -2.94   data arrival time
-----------------------------------------------------------------------------
                                  1.69   slack (MET)


Startpoint: rstn (input port clocked by clk)
Endpoint: _403_ (removal check against rising-edge clock clk)
Path Group: asynchronous
Path Type: min

Fanout     Cap    Slew   Delay    Time   Description
-----------------------------------------------------------------------------
                          0.00    0.00   clock clk (rise edge)
                          0.00    0.00   clock network delay (propagated)
                          2.00    2.00 ^ input external delay
                  0.02    0.01    2.01 ^ rstn (in)
     1    0.00                           rstn (net)
                  0.02    0.00    2.01 ^ input100/A (sky130_fd_sc_hd__clkbuf_2)
                  0.17    0.18    2.19 ^ input100/X (sky130_fd_sc_hd__clkbuf_2)
     2    0.03                           net100 (net)
                  0.17    0.00    2.19 ^ fanout210/A (sky130_fd_sc_hd__clkbuf_4)
                  0.15    0.25    2.43 ^ fanout210/X (sky130_fd_sc_hd__clkbuf_4)
     6    0.05                           net210 (net)
                  0.15    0.00    2.44 ^ fanout207/A (sky130_fd_sc_hd__clkbuf_4)
                  0.19    0.26    2.70 ^ fanout207/X (sky130_fd_sc_hd__clkbuf_4)
     8    0.06                           net207 (net)
                  0.19    0.00    2.70 ^ fanout206/A (sky130_fd_sc_hd__buf_4)
                  0.16    0.23    2.93 ^ fanout206/X (sky130_fd_sc_hd__buf_4)
    10    0.06                           net206 (net)
                  0.16    0.00    2.94 ^ _403_/RESET_B (sky130_fd_sc_hd__dfrtp_4)
                                  2.94   data arrival time

                          0.00    0.00   clock clk (rise edge)
                          0.00    0.00   clock source latency
                  0.22    0.16    0.16 ^ clk (in)
     1    0.05                           clk (net)
                  0.22    0.00    0.16 ^ clkbuf_0_clk/A (sky130_fd_sc_hd__clkbuf_16)
                  0.14    0.27    0.43 ^ clkbuf_0_clk/X (sky130_fd_sc_hd__clkbuf_16)
     8    0.13                           clknet_0_clk (net)
                  0.14    0.00    0.43 ^ clkbuf_3_5__f_clk/A (sky130_fd_sc_hd__clkbuf_16)
                  0.08    0.20    0.63 ^ clkbuf_3_5__f_clk/X (sky130_fd_sc_hd__clkbuf_16)
    10    0.06                           clknet_3_5__leaf_clk (net)
                  0.08    0.00    0.63 ^ _403_/CLK (sky130_fd_sc_hd__dfrtp_4)
                          0.25    0.88   clock uncertainty
                          0.00    0.88   clock reconvergence pessimism
                          0.36    1.25   library removal time
                                  1.25   data required time
-----------------------------------------------------------------------------
                                  1.25   data required time
                                 -2.94   data arrival time
-----------------------------------------------------------------------------
                                  1.69   slack (MET)


Startpoint: rstn (input port clocked by clk)
Endpoint: _400_ (removal check against rising-edge clock clk)
Path Group: asynchronous
Path Type: min

Fanout     Cap    Slew   Delay    Time   Description
-----------------------------------------------------------------------------
                          0.00    0.00   clock clk (rise edge)
                          0.00    0.00   clock network delay (propagated)
                          2.00    2.00 ^ input external delay
                  0.02    0.01    2.01 ^ rstn (in)
     1    0.00                           rstn (net)
                  0.02    0.00    2.01 ^ input100/A (sky130_fd_sc_hd__clkbuf_2)
                  0.17    0.18    2.19 ^ input100/X (sky130_fd_sc_hd__clkbuf_2)
     2    0.03                           net100 (net)
                  0.17    0.00    2.19 ^ fanout210/A (sky130_fd_sc_hd__clkbuf_4)
                  0.15    0.25    2.43 ^ fanout210/X (sky130_fd_sc_hd__clkbuf_4)
     6    0.05                           net210 (net)
                  0.15    0.00    2.44 ^ fanout207/A (sky130_fd_sc_hd__clkbuf_4)
                  0.19    0.26    2.70 ^ fanout207/X (sky130_fd_sc_hd__clkbuf_4)
     8    0.06                           net207 (net)
                  0.19    0.00    2.70 ^ fanout206/A (sky130_fd_sc_hd__buf_4)
                  0.16    0.23    2.93 ^ fanout206/X (sky130_fd_sc_hd__buf_4)
    10    0.06                           net206 (net)
                  0.16    0.00    2.94 ^ _400_/RESET_B (sky130_fd_sc_hd__dfrtp_1)
                                  2.94   data arrival time

                          0.00    0.00   clock clk (rise edge)
                          0.00    0.00   clock source latency
                  0.22    0.16    0.16 ^ clk (in)
     1    0.05                           clk (net)
                  0.22    0.00    0.16 ^ clkbuf_0_clk/A (sky130_fd_sc_hd__clkbuf_16)
                  0.14    0.27    0.43 ^ clkbuf_0_clk/X (sky130_fd_sc_hd__clkbuf_16)
     8    0.13                           clknet_0_clk (net)
                  0.14    0.00    0.43 ^ clkbuf_3_5__f_clk/A (sky130_fd_sc_hd__clkbuf_16)
                  0.08    0.20    0.63 ^ clkbuf_3_5__f_clk/X (sky130_fd_sc_hd__clkbuf_16)
    10    0.06                           clknet_3_5__leaf_clk (net)
                  0.08    0.00    0.63 ^ _400_/CLK (sky130_fd_sc_hd__dfrtp_1)
                          0.25    0.88   clock uncertainty
                          0.00    0.88   clock reconvergence pessimism
                          0.36    1.24   library removal time
                                  1.24   data required time
-----------------------------------------------------------------------------
                                  1.24   data required time
                                 -2.94   data arrival time
-----------------------------------------------------------------------------
                                  1.69   slack (MET)


Startpoint: rstn (input port clocked by clk)
Endpoint: _441_ (removal check against rising-edge clock clk)
Path Group: asynchronous
Path Type: min

Fanout     Cap    Slew   Delay    Time   Description
-----------------------------------------------------------------------------
                          0.00    0.00   clock clk (rise edge)
                          0.00    0.00   clock network delay (propagated)
                          2.00    2.00 ^ input external delay
                  0.02    0.01    2.01 ^ rstn (in)
     1    0.00                           rstn (net)
                  0.02    0.00    2.01 ^ input100/A (sky130_fd_sc_hd__clkbuf_2)
                  0.17    0.18    2.19 ^ input100/X (sky130_fd_sc_hd__clkbuf_2)
     2    0.03                           net100 (net)
                  0.17    0.00    2.19 ^ fanout210/A (sky130_fd_sc_hd__clkbuf_4)
                  0.15    0.25    2.43 ^ fanout210/X (sky130_fd_sc_hd__clkbuf_4)
     6    0.05                           net210 (net)
                  0.15    0.00    2.44 ^ fanout207/A (sky130_fd_sc_hd__clkbuf_4)
                  0.19    0.26    2.70 ^ fanout207/X (sky130_fd_sc_hd__clkbuf_4)
     8    0.06                           net207 (net)
                  0.19    0.00    2.70 ^ fanout206/A (sky130_fd_sc_hd__buf_4)
                  0.16    0.23    2.93 ^ fanout206/X (sky130_fd_sc_hd__buf_4)
    10    0.06                           net206 (net)
                  0.16    0.00    2.94 ^ _441_/RESET_B (sky130_fd_sc_hd__dfrtp_4)
                                  2.94   data arrival time

                          0.00    0.00   clock clk (rise edge)
                          0.00    0.00   clock source latency
                  0.22    0.16    0.16 ^ clk (in)
     1    0.05                           clk (net)
                  0.22    0.00    0.16 ^ clkbuf_0_clk/A (sky130_fd_sc_hd__clkbuf_16)
                  0.14    0.27    0.43 ^ clkbuf_0_clk/X (sky130_fd_sc_hd__clkbuf_16)
     8    0.13                           clknet_0_clk (net)
                  0.14    0.00    0.43 ^ clkbuf_3_4__f_clk/A (sky130_fd_sc_hd__clkbuf_16)
                  0.08    0.20    0.63 ^ clkbuf_3_4__f_clk/X (sky130_fd_sc_hd__clkbuf_16)
    14    0.06                           clknet_3_4__leaf_clk (net)
                  0.08    0.00    0.63 ^ _441_/CLK (sky130_fd_sc_hd__dfrtp_4)
                          0.25    0.88   clock uncertainty
                          0.00    0.88   clock reconvergence pessimism
                          0.36    1.25   library removal time
                                  1.25   data required time
-----------------------------------------------------------------------------
                                  1.25   data required time
                                 -2.94   data arrival time
-----------------------------------------------------------------------------
                                  1.69   slack (MET)


Startpoint: rstn (input port clocked by clk)
Endpoint: _408_ (removal check against rising-edge clock clk)
Path Group: asynchronous
Path Type: min

Fanout     Cap    Slew   Delay    Time   Description
-----------------------------------------------------------------------------
                          0.00    0.00   clock clk (rise edge)
                          0.00    0.00   clock network delay (propagated)
                          2.00    2.00 ^ input external delay
                  0.02    0.01    2.01 ^ rstn (in)
     1    0.00                           rstn (net)
                  0.02    0.00    2.01 ^ input100/A (sky130_fd_sc_hd__clkbuf_2)
                  0.17    0.18    2.19 ^ input100/X (sky130_fd_sc_hd__clkbuf_2)
     2    0.03                           net100 (net)
                  0.17    0.00    2.19 ^ fanout210/A (sky130_fd_sc_hd__clkbuf_4)
                  0.15    0.25    2.43 ^ fanout210/X (sky130_fd_sc_hd__clkbuf_4)
     6    0.05                           net210 (net)
                  0.15    0.00    2.44 ^ fanout207/A (sky130_fd_sc_hd__clkbuf_4)
                  0.19    0.26    2.70 ^ fanout207/X (sky130_fd_sc_hd__clkbuf_4)
     8    0.06                           net207 (net)
                  0.19    0.00    2.70 ^ fanout206/A (sky130_fd_sc_hd__buf_4)
                  0.16    0.23    2.93 ^ fanout206/X (sky130_fd_sc_hd__buf_4)
    10    0.06                           net206 (net)
                  0.16    0.00    2.94 ^ _408_/RESET_B (sky130_fd_sc_hd__dfrtp_4)
                                  2.94   data arrival time

                          0.00    0.00   clock clk (rise edge)
                          0.00    0.00   clock source latency
                  0.22    0.16    0.16 ^ clk (in)
     1    0.05                           clk (net)
                  0.22    0.00    0.16 ^ clkbuf_0_clk/A (sky130_fd_sc_hd__clkbuf_16)
                  0.14    0.27    0.43 ^ clkbuf_0_clk/X (sky130_fd_sc_hd__clkbuf_16)
     8    0.13                           clknet_0_clk (net)
                  0.14    0.00    0.43 ^ clkbuf_3_4__f_clk/A (sky130_fd_sc_hd__clkbuf_16)
                  0.08    0.20    0.63 ^ clkbuf_3_4__f_clk/X (sky130_fd_sc_hd__clkbuf_16)
    14    0.06                           clknet_3_4__leaf_clk (net)
                  0.08    0.00    0.63 ^ _408_/CLK (sky130_fd_sc_hd__dfrtp_4)
                          0.25    0.88   clock uncertainty
                          0.00    0.88   clock reconvergence pessimism
                          0.36    1.24   library removal time
                                  1.24   data required time
-----------------------------------------------------------------------------
                                  1.24   data required time
                                 -2.94   data arrival time
-----------------------------------------------------------------------------
                                  1.69   slack (MET)


Startpoint: rstn (input port clocked by clk)
Endpoint: _413_ (removal check against rising-edge clock clk)
Path Group: asynchronous
Path Type: min

Fanout     Cap    Slew   Delay    Time   Description
-----------------------------------------------------------------------------
                          0.00    0.00   clock clk (rise edge)
                          0.00    0.00   clock network delay (propagated)
                          2.00    2.00 ^ input external delay
                  0.02    0.01    2.01 ^ rstn (in)
     1    0.00                           rstn (net)
                  0.02    0.00    2.01 ^ input100/A (sky130_fd_sc_hd__clkbuf_2)
                  0.17    0.18    2.19 ^ input100/X (sky130_fd_sc_hd__clkbuf_2)
     2    0.03                           net100 (net)
                  0.17    0.00    2.19 ^ fanout205/A (sky130_fd_sc_hd__buf_4)
                  0.23    0.27    2.46 ^ fanout205/X (sky130_fd_sc_hd__buf_4)
    10    0.08                           net205 (net)
                  0.23    0.00    2.46 ^ fanout204/A (sky130_fd_sc_hd__clkbuf_8)
                  0.17    0.27    2.73 ^ fanout204/X (sky130_fd_sc_hd__clkbuf_8)
    10    0.10                           net204 (net)
                  0.17    0.00    2.73 ^ fanout203/A (sky130_fd_sc_hd__buf_4)
                  0.16    0.22    2.95 ^ fanout203/X (sky130_fd_sc_hd__buf_4)
    10    0.06                           net203 (net)
                  0.16    0.00    2.95 ^ _413_/RESET_B (sky130_fd_sc_hd__dfrtp_4)
                                  2.95   data arrival time

                          0.00    0.00   clock clk (rise edge)
                          0.00    0.00   clock source latency
                  0.22    0.16    0.16 ^ clk (in)
     1    0.05                           clk (net)
                  0.22    0.00    0.16 ^ clkbuf_0_clk/A (sky130_fd_sc_hd__clkbuf_16)
                  0.14    0.27    0.43 ^ clkbuf_0_clk/X (sky130_fd_sc_hd__clkbuf_16)
     8    0.13                           clknet_0_clk (net)
                  0.14    0.00    0.43 ^ clkbuf_3_4__f_clk/A (sky130_fd_sc_hd__clkbuf_16)
                  0.08    0.20    0.63 ^ clkbuf_3_4__f_clk/X (sky130_fd_sc_hd__clkbuf_16)
    14    0.06                           clknet_3_4__leaf_clk (net)
                  0.08    0.00    0.63 ^ _413_/CLK (sky130_fd_sc_hd__dfrtp_4)
                          0.25    0.88   clock uncertainty
                          0.00    0.88   clock reconvergence pessimism
                          0.36    1.24   library removal time
                                  1.24   data required time
-----------------------------------------------------------------------------
                                  1.24   data required time
                                 -2.95   data arrival time
-----------------------------------------------------------------------------
                                  1.71   slack (MET)


Startpoint: rstn (input port clocked by clk)
Endpoint: _449_ (removal check against rising-edge clock clk)
Path Group: asynchronous
Path Type: min

Fanout     Cap    Slew   Delay    Time   Description
-----------------------------------------------------------------------------
                          0.00    0.00   clock clk (rise edge)
                          0.00    0.00   clock network delay (propagated)
                          2.00    2.00 ^ input external delay
                  0.02    0.01    2.01 ^ rstn (in)
     1    0.00                           rstn (net)
                  0.02    0.00    2.01 ^ input100/A (sky130_fd_sc_hd__clkbuf_2)
                  0.17    0.18    2.19 ^ input100/X (sky130_fd_sc_hd__clkbuf_2)
     2    0.03                           net100 (net)
                  0.17    0.00    2.19 ^ fanout210/A (sky130_fd_sc_hd__clkbuf_4)
                  0.15    0.25    2.43 ^ fanout210/X (sky130_fd_sc_hd__clkbuf_4)
     6    0.05                           net210 (net)
                  0.15    0.00    2.44 ^ fanout207/A (sky130_fd_sc_hd__clkbuf_4)
                  0.19    0.26    2.70 ^ fanout207/X (sky130_fd_sc_hd__clkbuf_4)
     8    0.06                           net207 (net)
                  0.19    0.00    2.70 ^ fanout206/A (sky130_fd_sc_hd__buf_4)
                  0.16    0.23    2.93 ^ fanout206/X (sky130_fd_sc_hd__buf_4)
    10    0.06                           net206 (net)
                  0.16    0.00    2.94 ^ _449_/RESET_B (sky130_fd_sc_hd__dfrtp_4)
                                  2.94   data arrival time

                          0.00    0.00   clock clk (rise edge)
                          0.00    0.00   clock source latency
                  0.22    0.16    0.16 ^ clk (in)
     1    0.05                           clk (net)
                  0.22    0.00    0.16 ^ clkbuf_0_clk/A (sky130_fd_sc_hd__clkbuf_16)
                  0.14    0.27    0.43 ^ clkbuf_0_clk/X (sky130_fd_sc_hd__clkbuf_16)
     8    0.13                           clknet_0_clk (net)
                  0.14    0.00    0.43 ^ clkbuf_3_1__f_clk/A (sky130_fd_sc_hd__clkbuf_16)
                  0.05    0.18    0.61 ^ clkbuf_3_1__f_clk/X (sky130_fd_sc_hd__clkbuf_16)
     9    0.03                           clknet_3_1__leaf_clk (net)
                  0.05    0.00    0.61 ^ _449_/CLK (sky130_fd_sc_hd__dfrtp_4)
                          0.25    0.86   clock uncertainty
                          0.00    0.86   clock reconvergence pessimism
                          0.36    1.22   library removal time
                                  1.22   data required time
-----------------------------------------------------------------------------
                                  1.22   data required time
                                 -2.94   data arrival time
-----------------------------------------------------------------------------
                                  1.72   slack (MET)


Startpoint: rstn (input port clocked by clk)
Endpoint: _447_ (removal check against rising-edge clock clk)
Path Group: asynchronous
Path Type: min

Fanout     Cap    Slew   Delay    Time   Description
-----------------------------------------------------------------------------
                          0.00    0.00   clock clk (rise edge)
                          0.00    0.00   clock network delay (propagated)
                          2.00    2.00 ^ input external delay
                  0.02    0.01    2.01 ^ rstn (in)
     1    0.00                           rstn (net)
                  0.02    0.00    2.01 ^ input100/A (sky130_fd_sc_hd__clkbuf_2)
                  0.17    0.18    2.19 ^ input100/X (sky130_fd_sc_hd__clkbuf_2)
     2    0.03                           net100 (net)
                  0.17    0.00    2.19 ^ fanout210/A (sky130_fd_sc_hd__clkbuf_4)
                  0.15    0.25    2.43 ^ fanout210/X (sky130_fd_sc_hd__clkbuf_4)
     6    0.05                           net210 (net)
                  0.15    0.00    2.44 ^ fanout207/A (sky130_fd_sc_hd__clkbuf_4)
                  0.19    0.26    2.70 ^ fanout207/X (sky130_fd_sc_hd__clkbuf_4)
     8    0.06                           net207 (net)
                  0.19    0.00    2.70 ^ fanout206/A (sky130_fd_sc_hd__buf_4)
                  0.16    0.23    2.93 ^ fanout206/X (sky130_fd_sc_hd__buf_4)
    10    0.06                           net206 (net)
                  0.16    0.00    2.94 ^ _447_/RESET_B (sky130_fd_sc_hd__dfrtp_2)
                                  2.94   data arrival time

                          0.00    0.00   clock clk (rise edge)
                          0.00    0.00   clock source latency
                  0.22    0.16    0.16 ^ clk (in)
     1    0.05                           clk (net)
                  0.22    0.00    0.16 ^ clkbuf_0_clk/A (sky130_fd_sc_hd__clkbuf_16)
                  0.14    0.27    0.43 ^ clkbuf_0_clk/X (sky130_fd_sc_hd__clkbuf_16)
     8    0.13                           clknet_0_clk (net)
                  0.14    0.00    0.43 ^ clkbuf_3_1__f_clk/A (sky130_fd_sc_hd__clkbuf_16)
                  0.05    0.18    0.61 ^ clkbuf_3_1__f_clk/X (sky130_fd_sc_hd__clkbuf_16)
     9    0.03                           clknet_3_1__leaf_clk (net)
                  0.05    0.00    0.61 ^ _447_/CLK (sky130_fd_sc_hd__dfrtp_2)
                          0.25    0.86   clock uncertainty
                          0.00    0.86   clock reconvergence pessimism
                          0.35    1.22   library removal time
                                  1.22   data required time
-----------------------------------------------------------------------------
                                  1.22   data required time
                                 -2.94   data arrival time
-----------------------------------------------------------------------------
                                  1.72   slack (MET)


Startpoint: rstn (input port clocked by clk)
Endpoint: _411_ (removal check against rising-edge clock clk)
Path Group: asynchronous
Path Type: min

Fanout     Cap    Slew   Delay    Time   Description
-----------------------------------------------------------------------------
                          0.00    0.00   clock clk (rise edge)
                          0.00    0.00   clock network delay (propagated)
                          2.00    2.00 ^ input external delay
                  0.02    0.01    2.01 ^ rstn (in)
     1    0.00                           rstn (net)
                  0.02    0.00    2.01 ^ input100/A (sky130_fd_sc_hd__clkbuf_2)
                  0.17    0.18    2.19 ^ input100/X (sky130_fd_sc_hd__clkbuf_2)
     2    0.03                           net100 (net)
                  0.17    0.00    2.19 ^ fanout210/A (sky130_fd_sc_hd__clkbuf_4)
                  0.15    0.25    2.43 ^ fanout210/X (sky130_fd_sc_hd__clkbuf_4)
     6    0.05                           net210 (net)
                  0.15    0.00    2.44 ^ fanout207/A (sky130_fd_sc_hd__clkbuf_4)
                  0.19    0.26    2.70 ^ fanout207/X (sky130_fd_sc_hd__clkbuf_4)
     8    0.06                           net207 (net)
                  0.19    0.00    2.70 ^ fanout206/A (sky130_fd_sc_hd__buf_4)
                  0.16    0.23    2.93 ^ fanout206/X (sky130_fd_sc_hd__buf_4)
    10    0.06                           net206 (net)
                  0.16    0.00    2.94 ^ _411_/RESET_B (sky130_fd_sc_hd__dfrtp_2)
                                  2.94   data arrival time

                          0.00    0.00   clock clk (rise edge)
                          0.00    0.00   clock source latency
                  0.22    0.16    0.16 ^ clk (in)
     1    0.05                           clk (net)
                  0.22    0.00    0.16 ^ clkbuf_0_clk/A (sky130_fd_sc_hd__clkbuf_16)
                  0.14    0.27    0.43 ^ clkbuf_0_clk/X (sky130_fd_sc_hd__clkbuf_16)
     8    0.13                           clknet_0_clk (net)
                  0.14    0.00    0.43 ^ clkbuf_3_1__f_clk/A (sky130_fd_sc_hd__clkbuf_16)
                  0.05    0.18    0.61 ^ clkbuf_3_1__f_clk/X (sky130_fd_sc_hd__clkbuf_16)
     9    0.03                           clknet_3_1__leaf_clk (net)
                  0.05    0.00    0.61 ^ _411_/CLK (sky130_fd_sc_hd__dfrtp_2)
                          0.25    0.86   clock uncertainty
                          0.00    0.86   clock reconvergence pessimism
                          0.35    1.22   library removal time
                                  1.22   data required time
-----------------------------------------------------------------------------
                                  1.22   data required time
                                 -2.94   data arrival time
-----------------------------------------------------------------------------
                                  1.72   slack (MET)


Startpoint: rstn (input port clocked by clk)
Endpoint: _437_ (removal check against rising-edge clock clk)
Path Group: asynchronous
Path Type: min

Fanout     Cap    Slew   Delay    Time   Description
-----------------------------------------------------------------------------
                          0.00    0.00   clock clk (rise edge)
                          0.00    0.00   clock network delay (propagated)
                          2.00    2.00 ^ input external delay
                  0.02    0.01    2.01 ^ rstn (in)
     1    0.00                           rstn (net)
                  0.02    0.00    2.01 ^ input100/A (sky130_fd_sc_hd__clkbuf_2)
                  0.17    0.18    2.19 ^ input100/X (sky130_fd_sc_hd__clkbuf_2)
     2    0.03                           net100 (net)
                  0.17    0.00    2.19 ^ fanout205/A (sky130_fd_sc_hd__buf_4)
                  0.23    0.27    2.46 ^ fanout205/X (sky130_fd_sc_hd__buf_4)
    10    0.08                           net205 (net)
                  0.23    0.00    2.46 ^ fanout204/A (sky130_fd_sc_hd__clkbuf_8)
                  0.17    0.27    2.73 ^ fanout204/X (sky130_fd_sc_hd__clkbuf_8)
    10    0.10                           net204 (net)
                  0.17    0.00    2.73 ^ fanout203/A (sky130_fd_sc_hd__buf_4)
                  0.16    0.22    2.95 ^ fanout203/X (sky130_fd_sc_hd__buf_4)
    10    0.06                           net203 (net)
                  0.16    0.00    2.95 ^ _437_/RESET_B (sky130_fd_sc_hd__dfrtp_2)
                                  2.95   data arrival time

                          0.00    0.00   clock clk (rise edge)
                          0.00    0.00   clock source latency
                  0.22    0.16    0.16 ^ clk (in)
     1    0.05                           clk (net)
                  0.22    0.00    0.16 ^ clkbuf_0_clk/A (sky130_fd_sc_hd__clkbuf_16)
                  0.14    0.27    0.43 ^ clkbuf_0_clk/X (sky130_fd_sc_hd__clkbuf_16)
     8    0.13                           clknet_0_clk (net)
                  0.14    0.00    0.43 ^ clkbuf_3_6__f_clk/A (sky130_fd_sc_hd__clkbuf_16)
                  0.06    0.19    0.62 ^ clkbuf_3_6__f_clk/X (sky130_fd_sc_hd__clkbuf_16)
     7    0.04                           clknet_3_6__leaf_clk (net)
                  0.06    0.00    0.62 ^ _437_/CLK (sky130_fd_sc_hd__dfrtp_2)
                          0.25    0.87   clock uncertainty
                          0.00    0.87   clock reconvergence pessimism
                          0.36    1.23   library removal time
                                  1.23   data required time
-----------------------------------------------------------------------------
                                  1.23   data required time
                                 -2.95   data arrival time
-----------------------------------------------------------------------------
                                  1.73   slack (MET)


Startpoint: rstn (input port clocked by clk)
Endpoint: _419_ (removal check against rising-edge clock clk)
Path Group: asynchronous
Path Type: min

Fanout     Cap    Slew   Delay    Time   Description
-----------------------------------------------------------------------------
                          0.00    0.00   clock clk (rise edge)
                          0.00    0.00   clock network delay (propagated)
                          2.00    2.00 ^ input external delay
                  0.02    0.01    2.01 ^ rstn (in)
     1    0.00                           rstn (net)
                  0.02    0.00    2.01 ^ input100/A (sky130_fd_sc_hd__clkbuf_2)
                  0.17    0.18    2.19 ^ input100/X (sky130_fd_sc_hd__clkbuf_2)
     2    0.03                           net100 (net)
                  0.17    0.00    2.19 ^ fanout205/A (sky130_fd_sc_hd__buf_4)
                  0.23    0.27    2.46 ^ fanout205/X (sky130_fd_sc_hd__buf_4)
    10    0.08                           net205 (net)
                  0.23    0.00    2.46 ^ fanout204/A (sky130_fd_sc_hd__clkbuf_8)
                  0.17    0.27    2.73 ^ fanout204/X (sky130_fd_sc_hd__clkbuf_8)
    10    0.10                           net204 (net)
                  0.17    0.00    2.73 ^ fanout203/A (sky130_fd_sc_hd__buf_4)
                  0.16    0.22    2.95 ^ fanout203/X (sky130_fd_sc_hd__buf_4)
    10    0.06                           net203 (net)
                  0.16    0.00    2.95 ^ _419_/RESET_B (sky130_fd_sc_hd__dfrtp_4)
                                  2.95   data arrival time

                          0.00    0.00   clock clk (rise edge)
                          0.00    0.00   clock source latency
                  0.22    0.16    0.16 ^ clk (in)
     1    0.05                           clk (net)
                  0.22    0.00    0.16 ^ clkbuf_0_clk/A (sky130_fd_sc_hd__clkbuf_16)
                  0.14    0.27    0.43 ^ clkbuf_0_clk/X (sky130_fd_sc_hd__clkbuf_16)
     8    0.13                           clknet_0_clk (net)
                  0.14    0.00    0.43 ^ clkbuf_3_3__f_clk/A (sky130_fd_sc_hd__clkbuf_16)
                  0.06    0.18    0.61 ^ clkbuf_3_3__f_clk/X (sky130_fd_sc_hd__clkbuf_16)
     5    0.04                           clknet_3_3__leaf_clk (net)
                  0.06    0.00    0.62 ^ _419_/CLK (sky130_fd_sc_hd__dfrtp_4)
                          0.25    0.87   clock uncertainty
                          0.00    0.87   clock reconvergence pessimism
                          0.35    1.22   library removal time
                                  1.22   data required time
-----------------------------------------------------------------------------
                                  1.22   data required time
                                 -2.95   data arrival time
-----------------------------------------------------------------------------
                                  1.73   slack (MET)


Startpoint: rstn (input port clocked by clk)
Endpoint: _439_ (removal check against rising-edge clock clk)
Path Group: asynchronous
Path Type: min

Fanout     Cap    Slew   Delay    Time   Description
-----------------------------------------------------------------------------
                          0.00    0.00   clock clk (rise edge)
                          0.00    0.00   clock network delay (propagated)
                          2.00    2.00 ^ input external delay
                  0.02    0.01    2.01 ^ rstn (in)
     1    0.00                           rstn (net)
                  0.02    0.00    2.01 ^ input100/A (sky130_fd_sc_hd__clkbuf_2)
                  0.17    0.18    2.19 ^ input100/X (sky130_fd_sc_hd__clkbuf_2)
     2    0.03                           net100 (net)
                  0.17    0.00    2.19 ^ fanout205/A (sky130_fd_sc_hd__buf_4)
                  0.23    0.27    2.46 ^ fanout205/X (sky130_fd_sc_hd__buf_4)
    10    0.08                           net205 (net)
                  0.23    0.00    2.46 ^ fanout204/A (sky130_fd_sc_hd__clkbuf_8)
                  0.17    0.27    2.73 ^ fanout204/X (sky130_fd_sc_hd__clkbuf_8)
    10    0.10                           net204 (net)
                  0.17    0.00    2.73 ^ fanout203/A (sky130_fd_sc_hd__buf_4)
                  0.16    0.22    2.95 ^ fanout203/X (sky130_fd_sc_hd__buf_4)
    10    0.06                           net203 (net)
                  0.16    0.00    2.95 ^ _439_/RESET_B (sky130_fd_sc_hd__dfrtp_4)
                                  2.95   data arrival time

                          0.00    0.00   clock clk (rise edge)
                          0.00    0.00   clock source latency
                  0.22    0.16    0.16 ^ clk (in)
     1    0.05                           clk (net)
                  0.22    0.00    0.16 ^ clkbuf_0_clk/A (sky130_fd_sc_hd__clkbuf_16)
                  0.14    0.27    0.43 ^ clkbuf_0_clk/X (sky130_fd_sc_hd__clkbuf_16)
     8    0.13                           clknet_0_clk (net)
                  0.14    0.00    0.43 ^ clkbuf_3_3__f_clk/A (sky130_fd_sc_hd__clkbuf_16)
                  0.06    0.18    0.61 ^ clkbuf_3_3__f_clk/X (sky130_fd_sc_hd__clkbuf_16)
     5    0.04                           clknet_3_3__leaf_clk (net)
                  0.06    0.00    0.62 ^ _439_/CLK (sky130_fd_sc_hd__dfrtp_4)
                          0.25    0.87   clock uncertainty
                          0.00    0.87   clock reconvergence pessimism
                          0.35    1.22   library removal time
                                  1.22   data required time
-----------------------------------------------------------------------------
                                  1.22   data required time
                                 -2.95   data arrival time
-----------------------------------------------------------------------------
                                  1.73   slack (MET)


Startpoint: rstn (input port clocked by clk)
Endpoint: _398_ (removal check against rising-edge clock clk)
Path Group: asynchronous
Path Type: min

Fanout     Cap    Slew   Delay    Time   Description
-----------------------------------------------------------------------------
                          0.00    0.00   clock clk (rise edge)
                          0.00    0.00   clock network delay (propagated)
                          2.00    2.00 ^ input external delay
                  0.02    0.01    2.01 ^ rstn (in)
     1    0.00                           rstn (net)
                  0.02    0.00    2.01 ^ input100/A (sky130_fd_sc_hd__clkbuf_2)
                  0.17    0.18    2.19 ^ input100/X (sky130_fd_sc_hd__clkbuf_2)
     2    0.03                           net100 (net)
                  0.17    0.00    2.19 ^ fanout205/A (sky130_fd_sc_hd__buf_4)
                  0.23    0.27    2.46 ^ fanout205/X (sky130_fd_sc_hd__buf_4)
    10    0.08                           net205 (net)
                  0.23    0.00    2.46 ^ fanout204/A (sky130_fd_sc_hd__clkbuf_8)
                  0.17    0.27    2.73 ^ fanout204/X (sky130_fd_sc_hd__clkbuf_8)
    10    0.10                           net204 (net)
                  0.17    0.00    2.73 ^ fanout203/A (sky130_fd_sc_hd__buf_4)
                  0.16    0.22    2.95 ^ fanout203/X (sky130_fd_sc_hd__buf_4)
    10    0.06                           net203 (net)
                  0.16    0.00    2.95 ^ _398_/RESET_B (sky130_fd_sc_hd__dfrtp_2)
                                  2.95   data arrival time

                          0.00    0.00   clock clk (rise edge)
                          0.00    0.00   clock source latency
                  0.22    0.16    0.16 ^ clk (in)
     1    0.05                           clk (net)
                  0.22    0.00    0.16 ^ clkbuf_0_clk/A (sky130_fd_sc_hd__clkbuf_16)
                  0.14    0.27    0.43 ^ clkbuf_0_clk/X (sky130_fd_sc_hd__clkbuf_16)
     8    0.13                           clknet_0_clk (net)
                  0.14    0.00    0.43 ^ clkbuf_3_3__f_clk/A (sky130_fd_sc_hd__clkbuf_16)
                  0.06    0.18    0.61 ^ clkbuf_3_3__f_clk/X (sky130_fd_sc_hd__clkbuf_16)
     5    0.04                           clknet_3_3__leaf_clk (net)
                  0.06    0.00    0.62 ^ _398_/CLK (sky130_fd_sc_hd__dfrtp_2)
                          0.25    0.87   clock uncertainty
                          0.00    0.87   clock reconvergence pessimism
                          0.35    1.22   library removal time
                                  1.22   data required time
-----------------------------------------------------------------------------
                                  1.22   data required time
                                 -2.95   data arrival time
-----------------------------------------------------------------------------
                                  1.73   slack (MET)


Startpoint: rstn (input port clocked by clk)
Endpoint: _394_ (removal check against rising-edge clock clk)
Path Group: asynchronous
Path Type: min

Fanout     Cap    Slew   Delay    Time   Description
-----------------------------------------------------------------------------
                          0.00    0.00   clock clk (rise edge)
                          0.00    0.00   clock network delay (propagated)
                          2.00    2.00 ^ input external delay
                  0.02    0.01    2.01 ^ rstn (in)
     1    0.00                           rstn (net)
                  0.02    0.00    2.01 ^ input100/A (sky130_fd_sc_hd__clkbuf_2)
                  0.17    0.18    2.19 ^ input100/X (sky130_fd_sc_hd__clkbuf_2)
     2    0.03                           net100 (net)
                  0.17    0.00    2.19 ^ fanout205/A (sky130_fd_sc_hd__buf_4)
                  0.23    0.27    2.46 ^ fanout205/X (sky130_fd_sc_hd__buf_4)
    10    0.08                           net205 (net)
                  0.23    0.00    2.46 ^ fanout204/A (sky130_fd_sc_hd__clkbuf_8)
                  0.17    0.27    2.73 ^ fanout204/X (sky130_fd_sc_hd__clkbuf_8)
    10    0.10                           net204 (net)
                  0.17    0.00    2.73 ^ fanout203/A (sky130_fd_sc_hd__buf_4)
                  0.16    0.22    2.95 ^ fanout203/X (sky130_fd_sc_hd__buf_4)
    10    0.06                           net203 (net)
                  0.16    0.00    2.95 ^ _394_/RESET_B (sky130_fd_sc_hd__dfrtp_2)
                                  2.95   data arrival time

                          0.00    0.00   clock clk (rise edge)
                          0.00    0.00   clock source latency
                  0.22    0.16    0.16 ^ clk (in)
     1    0.05                           clk (net)
                  0.22    0.00    0.16 ^ clkbuf_0_clk/A (sky130_fd_sc_hd__clkbuf_16)
                  0.14    0.27    0.43 ^ clkbuf_0_clk/X (sky130_fd_sc_hd__clkbuf_16)
     8    0.13                           clknet_0_clk (net)
                  0.14    0.00    0.43 ^ clkbuf_3_3__f_clk/A (sky130_fd_sc_hd__clkbuf_16)
                  0.06    0.18    0.61 ^ clkbuf_3_3__f_clk/X (sky130_fd_sc_hd__clkbuf_16)
     5    0.04                           clknet_3_3__leaf_clk (net)
                  0.06    0.00    0.62 ^ _394_/CLK (sky130_fd_sc_hd__dfrtp_2)
                          0.25    0.87   clock uncertainty
                          0.00    0.87   clock reconvergence pessimism
                          0.35    1.22   library removal time
                                  1.22   data required time
-----------------------------------------------------------------------------
                                  1.22   data required time
                                 -2.95   data arrival time
-----------------------------------------------------------------------------
                                  1.73   slack (MET)


Startpoint: rstn (input port clocked by clk)
Endpoint: _418_ (removal check against rising-edge clock clk)
Path Group: asynchronous
Path Type: min

Fanout     Cap    Slew   Delay    Time   Description
-----------------------------------------------------------------------------
                          0.00    0.00   clock clk (rise edge)
                          0.00    0.00   clock network delay (propagated)
                          2.00    2.00 ^ input external delay
                  0.02    0.01    2.01 ^ rstn (in)
     1    0.00                           rstn (net)
                  0.02    0.00    2.01 ^ input100/A (sky130_fd_sc_hd__clkbuf_2)
                  0.17    0.18    2.19 ^ input100/X (sky130_fd_sc_hd__clkbuf_2)
     2    0.03                           net100 (net)
                  0.17    0.00    2.19 ^ fanout205/A (sky130_fd_sc_hd__buf_4)
                  0.23    0.27    2.46 ^ fanout205/X (sky130_fd_sc_hd__buf_4)
    10    0.08                           net205 (net)
                  0.23    0.00    2.46 ^ fanout204/A (sky130_fd_sc_hd__clkbuf_8)
                  0.17    0.27    2.73 ^ fanout204/X (sky130_fd_sc_hd__clkbuf_8)
    10    0.10                           net204 (net)
                  0.17    0.00    2.73 ^ fanout203/A (sky130_fd_sc_hd__buf_4)
                  0.16    0.22    2.95 ^ fanout203/X (sky130_fd_sc_hd__buf_4)
    10    0.06                           net203 (net)
                  0.16    0.00    2.95 ^ _418_/RESET_B (sky130_fd_sc_hd__dfrtp_4)
                                  2.95   data arrival time

                          0.00    0.00   clock clk (rise edge)
                          0.00    0.00   clock source latency
                  0.22    0.16    0.16 ^ clk (in)
     1    0.05                           clk (net)
                  0.22    0.00    0.16 ^ clkbuf_0_clk/A (sky130_fd_sc_hd__clkbuf_16)
                  0.14    0.27    0.43 ^ clkbuf_0_clk/X (sky130_fd_sc_hd__clkbuf_16)
     8    0.13                           clknet_0_clk (net)
                  0.14    0.00    0.43 ^ clkbuf_3_1__f_clk/A (sky130_fd_sc_hd__clkbuf_16)
                  0.05    0.18    0.61 ^ clkbuf_3_1__f_clk/X (sky130_fd_sc_hd__clkbuf_16)
     9    0.03                           clknet_3_1__leaf_clk (net)
                  0.05    0.00    0.61 ^ _418_/CLK (sky130_fd_sc_hd__dfrtp_4)
                          0.25    0.86   clock uncertainty
                          0.00    0.86   clock reconvergence pessimism
                          0.35    1.22   library removal time
                                  1.22   data required time
-----------------------------------------------------------------------------
                                  1.22   data required time
                                 -2.95   data arrival time
-----------------------------------------------------------------------------
                                  1.74   slack (MET)


Startpoint: rstn (input port clocked by clk)
Endpoint: _389_ (removal check against rising-edge clock clk)
Path Group: asynchronous
Path Type: min

Fanout     Cap    Slew   Delay    Time   Description
-----------------------------------------------------------------------------
                          0.00    0.00   clock clk (rise edge)
                          0.00    0.00   clock network delay (propagated)
                          2.00    2.00 ^ input external delay
                  0.02    0.01    2.01 ^ rstn (in)
     1    0.00                           rstn (net)
                  0.02    0.00    2.01 ^ input100/A (sky130_fd_sc_hd__clkbuf_2)
                  0.17    0.18    2.19 ^ input100/X (sky130_fd_sc_hd__clkbuf_2)
     2    0.03                           net100 (net)
                  0.17    0.00    2.19 ^ fanout205/A (sky130_fd_sc_hd__buf_4)
                  0.23    0.27    2.46 ^ fanout205/X (sky130_fd_sc_hd__buf_4)
    10    0.08                           net205 (net)
                  0.23    0.00    2.46 ^ fanout204/A (sky130_fd_sc_hd__clkbuf_8)
                  0.17    0.27    2.73 ^ fanout204/X (sky130_fd_sc_hd__clkbuf_8)
    10    0.10                           net204 (net)
                  0.17    0.00    2.73 ^ fanout203/A (sky130_fd_sc_hd__buf_4)
                  0.16    0.22    2.95 ^ fanout203/X (sky130_fd_sc_hd__buf_4)
    10    0.06                           net203 (net)
                  0.16    0.00    2.95 ^ _389_/RESET_B (sky130_fd_sc_hd__dfrtp_4)
                                  2.95   data arrival time

                          0.00    0.00   clock clk (rise edge)
                          0.00    0.00   clock source latency
                  0.22    0.16    0.16 ^ clk (in)
     1    0.05                           clk (net)
                  0.22    0.00    0.16 ^ clkbuf_0_clk/A (sky130_fd_sc_hd__clkbuf_16)
                  0.14    0.27    0.43 ^ clkbuf_0_clk/X (sky130_fd_sc_hd__clkbuf_16)
     8    0.13                           clknet_0_clk (net)
                  0.14    0.00    0.43 ^ clkbuf_3_1__f_clk/A (sky130_fd_sc_hd__clkbuf_16)
                  0.05    0.18    0.61 ^ clkbuf_3_1__f_clk/X (sky130_fd_sc_hd__clkbuf_16)
     9    0.03                           clknet_3_1__leaf_clk (net)
                  0.05    0.00    0.61 ^ _389_/CLK (sky130_fd_sc_hd__dfrtp_4)
                          0.25    0.86   clock uncertainty
                          0.00    0.86   clock reconvergence pessimism
                          0.35    1.22   library removal time
                                  1.22   data required time
-----------------------------------------------------------------------------
                                  1.22   data required time
                                 -2.95   data arrival time
-----------------------------------------------------------------------------
                                  1.74   slack (MET)


Startpoint: rstn (input port clocked by clk)
Endpoint: _410_ (removal check against rising-edge clock clk)
Path Group: asynchronous
Path Type: min

Fanout     Cap    Slew   Delay    Time   Description
-----------------------------------------------------------------------------
                          0.00    0.00   clock clk (rise edge)
                          0.00    0.00   clock network delay (propagated)
                          2.00    2.00 ^ input external delay
                  0.02    0.01    2.01 ^ rstn (in)
     1    0.00                           rstn (net)
                  0.02    0.00    2.01 ^ input100/A (sky130_fd_sc_hd__clkbuf_2)
                  0.17    0.18    2.19 ^ input100/X (sky130_fd_sc_hd__clkbuf_2)
     2    0.03                           net100 (net)
                  0.17    0.00    2.19 ^ fanout205/A (sky130_fd_sc_hd__buf_4)
                  0.23    0.27    2.46 ^ fanout205/X (sky130_fd_sc_hd__buf_4)
    10    0.08                           net205 (net)
                  0.23    0.00    2.46 ^ fanout204/A (sky130_fd_sc_hd__clkbuf_8)
                  0.17    0.27    2.73 ^ fanout204/X (sky130_fd_sc_hd__clkbuf_8)
    10    0.10                           net204 (net)
                  0.17    0.00    2.73 ^ fanout203/A (sky130_fd_sc_hd__buf_4)
                  0.16    0.22    2.95 ^ fanout203/X (sky130_fd_sc_hd__buf_4)
    10    0.06                           net203 (net)
                  0.16    0.00    2.95 ^ _410_/RESET_B (sky130_fd_sc_hd__dfrtp_4)
                                  2.95   data arrival time

                          0.00    0.00   clock clk (rise edge)
                          0.00    0.00   clock source latency
                  0.22    0.16    0.16 ^ clk (in)
     1    0.05                           clk (net)
                  0.22    0.00    0.16 ^ clkbuf_0_clk/A (sky130_fd_sc_hd__clkbuf_16)
                  0.14    0.27    0.43 ^ clkbuf_0_clk/X (sky130_fd_sc_hd__clkbuf_16)
     8    0.13                           clknet_0_clk (net)
                  0.14    0.00    0.43 ^ clkbuf_3_1__f_clk/A (sky130_fd_sc_hd__clkbuf_16)
                  0.05    0.18    0.61 ^ clkbuf_3_1__f_clk/X (sky130_fd_sc_hd__clkbuf_16)
     9    0.03                           clknet_3_1__leaf_clk (net)
                  0.05    0.00    0.61 ^ _410_/CLK (sky130_fd_sc_hd__dfrtp_4)
                          0.25    0.86   clock uncertainty
                          0.00    0.86   clock reconvergence pessimism
                          0.35    1.22   library removal time
                                  1.22   data required time
-----------------------------------------------------------------------------
                                  1.22   data required time
                                 -2.95   data arrival time
-----------------------------------------------------------------------------
                                  1.74   slack (MET)


Startpoint: rstn (input port clocked by clk)
Endpoint: _395_ (removal check against rising-edge clock clk)
Path Group: asynchronous
Path Type: min

Fanout     Cap    Slew   Delay    Time   Description
-----------------------------------------------------------------------------
                          0.00    0.00   clock clk (rise edge)
                          0.00    0.00   clock network delay (propagated)
                          2.00    2.00 ^ input external delay
                  0.02    0.01    2.01 ^ rstn (in)
     1    0.00                           rstn (net)
                  0.02    0.00    2.01 ^ input100/A (sky130_fd_sc_hd__clkbuf_2)
                  0.17    0.18    2.19 ^ input100/X (sky130_fd_sc_hd__clkbuf_2)
     2    0.03                           net100 (net)
                  0.17    0.00    2.19 ^ fanout205/A (sky130_fd_sc_hd__buf_4)
                  0.23    0.27    2.46 ^ fanout205/X (sky130_fd_sc_hd__buf_4)
    10    0.08                           net205 (net)
                  0.23    0.00    2.46 ^ fanout204/A (sky130_fd_sc_hd__clkbuf_8)
                  0.17    0.27    2.73 ^ fanout204/X (sky130_fd_sc_hd__clkbuf_8)
    10    0.10                           net204 (net)
                  0.17    0.00    2.73 ^ fanout203/A (sky130_fd_sc_hd__buf_4)
                  0.16    0.22    2.95 ^ fanout203/X (sky130_fd_sc_hd__buf_4)
    10    0.06                           net203 (net)
                  0.16    0.00    2.95 ^ _395_/RESET_B (sky130_fd_sc_hd__dfrtp_4)
                                  2.95   data arrival time

                          0.00    0.00   clock clk (rise edge)
                          0.00    0.00   clock source latency
                  0.22    0.16    0.16 ^ clk (in)
     1    0.05                           clk (net)
                  0.22    0.00    0.16 ^ clkbuf_0_clk/A (sky130_fd_sc_hd__clkbuf_16)
                  0.14    0.27    0.43 ^ clkbuf_0_clk/X (sky130_fd_sc_hd__clkbuf_16)
     8    0.13                           clknet_0_clk (net)
                  0.14    0.00    0.43 ^ clkbuf_3_1__f_clk/A (sky130_fd_sc_hd__clkbuf_16)
                  0.05    0.18    0.61 ^ clkbuf_3_1__f_clk/X (sky130_fd_sc_hd__clkbuf_16)
     9    0.03                           clknet_3_1__leaf_clk (net)
                  0.05    0.00    0.61 ^ _395_/CLK (sky130_fd_sc_hd__dfrtp_4)
                          0.25    0.86   clock uncertainty
                          0.00    0.86   clock reconvergence pessimism
                          0.35    1.22   library removal time
                                  1.22   data required time
-----------------------------------------------------------------------------
                                  1.22   data required time
                                 -2.95   data arrival time
-----------------------------------------------------------------------------
                                  1.74   slack (MET)


Startpoint: clk (clock source 'clk')
Endpoint: pclk (output port clocked by clk)
Path Group: clk
Path Type: min

Fanout     Cap    Slew   Delay    Time   Description
-----------------------------------------------------------------------------
                          0.00    0.00   clock clk (rise edge)
                          0.00    0.00   clock source latency
                  0.22    0.14    0.14 ^ clk (in)
     1    0.05                           clk (net)
                  0.22    0.00    0.14 ^ clkbuf_0_clk/A (sky130_fd_sc_hd__clkbuf_16)
                  0.14    0.25    0.39 ^ clkbuf_0_clk/X (sky130_fd_sc_hd__clkbuf_16)
     8    0.13                           clknet_0_clk (net)
                  0.14    0.00    0.39 ^ clkbuf_3_7__f_clk/A (sky130_fd_sc_hd__clkbuf_16)
                  0.09    0.18    0.58 ^ clkbuf_3_7__f_clk/X (sky130_fd_sc_hd__clkbuf_16)
     9    0.07                           clknet_3_7__leaf_clk (net)
                  0.09    0.00    0.58 ^ _456_/A (sky130_fd_sc_hd__buf_2)
                  0.03    0.10    0.68 ^ _456_/X (sky130_fd_sc_hd__buf_2)
     1    0.00                           net166 (net)
                  0.03    0.00    0.68 ^ output166/A (sky130_fd_sc_hd__buf_1)
                  0.40    0.31    0.99 ^ output166/X (sky130_fd_sc_hd__buf_1)
     1    0.03                           pclk (net)
                  0.40    0.00    0.99 ^ pclk (out)
                                  0.99   data arrival time

                          0.00    0.00   clock clk (rise edge)
                          0.00    0.00   clock network delay (propagated)
                          0.25    0.25   clock uncertainty
                          0.00    0.25   clock reconvergence pessimism
                         -2.00   -1.75   output external delay
                                 -1.75   data required time
-----------------------------------------------------------------------------
                                 -1.75   data required time
                                 -0.99   data arrival time
-----------------------------------------------------------------------------
                                  2.74   slack (MET)


Startpoint: _393_ (rising edge-triggered flip-flop clocked by clk)
Endpoint: paddr[1] (output port clocked by clk)
Path Group: clk
Path Type: min

Fanout     Cap    Slew   Delay    Time   Description
-----------------------------------------------------------------------------
                          0.00    0.00   clock clk (rise edge)
                          0.00    0.00   clock source latency
                  0.22    0.14    0.14 ^ clk (in)
     1    0.05                           clk (net)
                  0.22    0.00    0.14 ^ clkbuf_0_clk/A (sky130_fd_sc_hd__clkbuf_16)
                  0.14    0.25    0.39 ^ clkbuf_0_clk/X (sky130_fd_sc_hd__clkbuf_16)
     8    0.13                           clknet_0_clk (net)
                  0.14    0.00    0.39 ^ clkbuf_3_2__f_clk/A (sky130_fd_sc_hd__clkbuf_16)
                  0.06    0.17    0.56 ^ clkbuf_3_2__f_clk/X (sky130_fd_sc_hd__clkbuf_16)
     7    0.04                           clknet_3_2__leaf_clk (net)
                  0.06    0.00    0.56 ^ _393_/CLK (sky130_fd_sc_hd__dfrtp_1)
                  0.06    0.32    0.88 ^ _393_/Q (sky130_fd_sc_hd__dfrtp_1)
     2    0.01                           net145 (net)
                  0.06    0.00    0.88 ^ output145/A (sky130_fd_sc_hd__clkbuf_4)
                  0.11    0.18    1.06 ^ output145/X (sky130_fd_sc_hd__clkbuf_4)
     1    0.03                           paddr[1] (net)
                  0.11    0.00    1.07 ^ paddr[1] (out)
                                  1.07   data arrival time

                          0.00    0.00   clock clk (rise edge)
                          0.00    0.00   clock network delay (propagated)
                          0.25    0.25   clock uncertainty
                          0.00    0.25   clock reconvergence pessimism
                         -2.00   -1.75   output external delay
                                 -1.75   data required time
-----------------------------------------------------------------------------
                                 -1.75   data required time
                                 -1.07   data arrival time
-----------------------------------------------------------------------------
                                  2.82   slack (MET)


Startpoint: _443_ (rising edge-triggered flip-flop clocked by clk)
Endpoint: pwdata[19] (output port clocked by clk)
Path Group: clk
Path Type: min

Fanout     Cap    Slew   Delay    Time   Description
-----------------------------------------------------------------------------
                          0.00    0.00   clock clk (rise edge)
                          0.00    0.00   clock source latency
                  0.22    0.14    0.14 ^ clk (in)
     1    0.05                           clk (net)
                  0.22    0.00    0.14 ^ clkbuf_0_clk/A (sky130_fd_sc_hd__clkbuf_16)
                  0.14    0.25    0.39 ^ clkbuf_0_clk/X (sky130_fd_sc_hd__clkbuf_16)
     8    0.13                           clknet_0_clk (net)
                  0.14    0.00    0.39 ^ clkbuf_3_3__f_clk/A (sky130_fd_sc_hd__clkbuf_16)
                  0.06    0.16    0.56 ^ clkbuf_3_3__f_clk/X (sky130_fd_sc_hd__clkbuf_16)
     5    0.04                           clknet_3_3__leaf_clk (net)
                  0.06    0.00    0.56 ^ _443_/CLK (sky130_fd_sc_hd__dfrtp_1)
                  0.07    0.32    0.88 ^ _443_/Q (sky130_fd_sc_hd__dfrtp_1)
     2    0.01                           net180 (net)
                  0.07    0.00    0.88 ^ output180/A (sky130_fd_sc_hd__clkbuf_4)
                  0.11    0.18    1.07 ^ output180/X (sky130_fd_sc_hd__clkbuf_4)
     1    0.03                           pwdata[19] (net)
                  0.11    0.00    1.07 ^ pwdata[19] (out)
                                  1.07   data arrival time

                          0.00    0.00   clock clk (rise edge)
                          0.00    0.00   clock network delay (propagated)
                          0.25    0.25   clock uncertainty
                          0.00    0.25   clock reconvergence pessimism
                         -2.00   -1.75   output external delay
                                 -1.75   data required time
-----------------------------------------------------------------------------
                                 -1.75   data required time
                                 -1.07   data arrival time
-----------------------------------------------------------------------------
                                  2.82   slack (MET)


Startpoint: _396_ (rising edge-triggered flip-flop clocked by clk)
Endpoint: paddr[4] (output port clocked by clk)
Path Group: clk
Path Type: min

Fanout     Cap    Slew   Delay    Time   Description
-----------------------------------------------------------------------------
                          0.00    0.00   clock clk (rise edge)
                          0.00    0.00   clock source latency
                  0.22    0.14    0.14 ^ clk (in)
     1    0.05                           clk (net)
                  0.22    0.00    0.14 ^ clkbuf_0_clk/A (sky130_fd_sc_hd__clkbuf_16)
                  0.14    0.25    0.39 ^ clkbuf_0_clk/X (sky130_fd_sc_hd__clkbuf_16)
     8    0.13                           clknet_0_clk (net)
                  0.14    0.00    0.39 ^ clkbuf_3_2__f_clk/A (sky130_fd_sc_hd__clkbuf_16)
                  0.06    0.17    0.56 ^ clkbuf_3_2__f_clk/X (sky130_fd_sc_hd__clkbuf_16)
     7    0.04                           clknet_3_2__leaf_clk (net)
                  0.06    0.00    0.56 ^ _396_/CLK (sky130_fd_sc_hd__dfrtp_1)
                  0.07    0.32    0.88 ^ _396_/Q (sky130_fd_sc_hd__dfrtp_1)
     2    0.01                           net160 (net)
                  0.07    0.00    0.88 ^ output160/A (sky130_fd_sc_hd__clkbuf_4)
                  0.11    0.18    1.07 ^ output160/X (sky130_fd_sc_hd__clkbuf_4)
     1    0.03                           paddr[4] (net)
                  0.11    0.00    1.07 ^ paddr[4] (out)
                                  1.07   data arrival time

                          0.00    0.00   clock clk (rise edge)
                          0.00    0.00   clock network delay (propagated)
                          0.25    0.25   clock uncertainty
                          0.00    0.25   clock reconvergence pessimism
                         -2.00   -1.75   output external delay
                                 -1.75   data required time
-----------------------------------------------------------------------------
                                 -1.75   data required time
                                 -1.07   data arrival time
-----------------------------------------------------------------------------
                                  2.82   slack (MET)


Startpoint: _429_ (rising edge-triggered flip-flop clocked by clk)
Endpoint: pwdata[5] (output port clocked by clk)
Path Group: clk
Path Type: min

Fanout     Cap    Slew   Delay    Time   Description
-----------------------------------------------------------------------------
                          0.00    0.00   clock clk (rise edge)
                          0.00    0.00   clock source latency
                  0.22    0.14    0.14 ^ clk (in)
     1    0.05                           clk (net)
                  0.22    0.00    0.14 ^ clkbuf_0_clk/A (sky130_fd_sc_hd__clkbuf_16)
                  0.14    0.25    0.39 ^ clkbuf_0_clk/X (sky130_fd_sc_hd__clkbuf_16)
     8    0.13                           clknet_0_clk (net)
                  0.14    0.00    0.39 ^ clkbuf_3_6__f_clk/A (sky130_fd_sc_hd__clkbuf_16)
                  0.06    0.17    0.56 ^ clkbuf_3_6__f_clk/X (sky130_fd_sc_hd__clkbuf_16)
     7    0.04                           clknet_3_6__leaf_clk (net)
                  0.06    0.00    0.56 ^ _429_/CLK (sky130_fd_sc_hd__dfrtp_1)
                  0.07    0.32    0.89 ^ _429_/Q (sky130_fd_sc_hd__dfrtp_1)
     2    0.01                           net197 (net)
                  0.07    0.00    0.89 ^ output197/A (sky130_fd_sc_hd__clkbuf_4)
                  0.11    0.18    1.07 ^ output197/X (sky130_fd_sc_hd__clkbuf_4)
     1    0.03                           pwdata[5] (net)
                  0.11    0.00    1.07 ^ pwdata[5] (out)
                                  1.07   data arrival time

                          0.00    0.00   clock clk (rise edge)
                          0.00    0.00   clock network delay (propagated)
                          0.25    0.25   clock uncertainty
                          0.00    0.25   clock reconvergence pessimism
                         -2.00   -1.75   output external delay
                                 -1.75   data required time
-----------------------------------------------------------------------------
                                 -1.75   data required time
                                 -1.07   data arrival time
-----------------------------------------------------------------------------
                                  2.82   slack (MET)


Startpoint: _412_ (rising edge-triggered flip-flop clocked by clk)
Endpoint: paddr[20] (output port clocked by clk)
Path Group: clk
Path Type: min

Fanout     Cap    Slew   Delay    Time   Description
-----------------------------------------------------------------------------
                          0.00    0.00   clock clk (rise edge)
                          0.00    0.00   clock source latency
                  0.22    0.14    0.14 ^ clk (in)
     1    0.05                           clk (net)
                  0.22    0.00    0.14 ^ clkbuf_0_clk/A (sky130_fd_sc_hd__clkbuf_16)
                  0.14    0.25    0.39 ^ clkbuf_0_clk/X (sky130_fd_sc_hd__clkbuf_16)
     8    0.13                           clknet_0_clk (net)
                  0.14    0.00    0.39 ^ clkbuf_3_6__f_clk/A (sky130_fd_sc_hd__clkbuf_16)
                  0.06    0.17    0.56 ^ clkbuf_3_6__f_clk/X (sky130_fd_sc_hd__clkbuf_16)
     7    0.04                           clknet_3_6__leaf_clk (net)
                  0.06    0.00    0.56 ^ _412_/CLK (sky130_fd_sc_hd__dfrtp_1)
                  0.07    0.33    0.89 ^ _412_/Q (sky130_fd_sc_hd__dfrtp_1)
     2    0.01                           net146 (net)
                  0.07    0.00    0.89 ^ output146/A (sky130_fd_sc_hd__clkbuf_4)
                  0.11    0.19    1.08 ^ output146/X (sky130_fd_sc_hd__clkbuf_4)
     1    0.03                           paddr[20] (net)
                  0.11    0.00    1.08 ^ paddr[20] (out)
                                  1.08   data arrival time

                          0.00    0.00   clock clk (rise edge)
                          0.00    0.00   clock network delay (propagated)
                          0.25    0.25   clock uncertainty
                          0.00    0.25   clock reconvergence pessimism
                         -2.00   -1.75   output external delay
                                 -1.75   data required time
-----------------------------------------------------------------------------
                                 -1.75   data required time
                                 -1.08   data arrival time
-----------------------------------------------------------------------------
                                  2.83   slack (MET)


Startpoint: _448_ (rising edge-triggered flip-flop clocked by clk)
Endpoint: pwdata[24] (output port clocked by clk)
Path Group: clk
Path Type: min

Fanout     Cap    Slew   Delay    Time   Description
-----------------------------------------------------------------------------
                          0.00    0.00   clock clk (rise edge)
                          0.00    0.00   clock source latency
                  0.22    0.14    0.14 ^ clk (in)
     1    0.05                           clk (net)
                  0.22    0.00    0.14 ^ clkbuf_0_clk/A (sky130_fd_sc_hd__clkbuf_16)
                  0.14    0.25    0.39 ^ clkbuf_0_clk/X (sky130_fd_sc_hd__clkbuf_16)
     8    0.13                           clknet_0_clk (net)
                  0.14    0.00    0.39 ^ clkbuf_3_0__f_clk/A (sky130_fd_sc_hd__clkbuf_16)
                  0.07    0.17    0.56 ^ clkbuf_3_0__f_clk/X (sky130_fd_sc_hd__clkbuf_16)
     7    0.05                           clknet_3_0__leaf_clk (net)
                  0.07    0.00    0.57 ^ _448_/CLK (sky130_fd_sc_hd__dfrtp_1)
                  0.08    0.34    0.90 ^ _448_/Q (sky130_fd_sc_hd__dfrtp_1)
     2    0.01                           net186 (net)
                  0.08    0.00    0.90 ^ output186/A (sky130_fd_sc_hd__clkbuf_4)
                  0.11    0.19    1.09 ^ output186/X (sky130_fd_sc_hd__clkbuf_4)
     1    0.03                           pwdata[24] (net)
                  0.11    0.00    1.09 ^ pwdata[24] (out)
                                  1.09   data arrival time

                          0.00    0.00   clock clk (rise edge)
                          0.00    0.00   clock network delay (propagated)
                          0.25    0.25   clock uncertainty
                          0.00    0.25   clock reconvergence pessimism
                         -2.00   -1.75   output external delay
                                 -1.75   data required time
-----------------------------------------------------------------------------
                                 -1.75   data required time
                                 -1.09   data arrival time
-----------------------------------------------------------------------------
                                  2.84   slack (MET)


Startpoint: _422_ (rising edge-triggered flip-flop clocked by clk)
Endpoint: paddr[30] (output port clocked by clk)
Path Group: clk
Path Type: min

Fanout     Cap    Slew   Delay    Time   Description
-----------------------------------------------------------------------------
                          0.00    0.00   clock clk (rise edge)
                          0.00    0.00   clock source latency
                  0.22    0.14    0.14 ^ clk (in)
     1    0.05                           clk (net)
                  0.22    0.00    0.14 ^ clkbuf_0_clk/A (sky130_fd_sc_hd__clkbuf_16)
                  0.14    0.25    0.39 ^ clkbuf_0_clk/X (sky130_fd_sc_hd__clkbuf_16)
     8    0.13                           clknet_0_clk (net)
                  0.14    0.00    0.39 ^ clkbuf_3_7__f_clk/A (sky130_fd_sc_hd__clkbuf_16)
                  0.09    0.18    0.58 ^ clkbuf_3_7__f_clk/X (sky130_fd_sc_hd__clkbuf_16)
     9    0.07                           clknet_3_7__leaf_clk (net)
                  0.09    0.00    0.58 ^ _422_/CLK (sky130_fd_sc_hd__dfrtp_1)
                  0.06    0.33    0.90 ^ _422_/Q (sky130_fd_sc_hd__dfrtp_1)
     2    0.00                           net157 (net)
                  0.06    0.00    0.90 ^ output157/A (sky130_fd_sc_hd__buf_2)
                  0.17    0.19    1.10 ^ output157/X (sky130_fd_sc_hd__buf_2)
     1    0.03                           paddr[30] (net)
                  0.17    0.00    1.10 ^ paddr[30] (out)
                                  1.10   data arrival time

                          0.00    0.00   clock clk (rise edge)
                          0.00    0.00   clock network delay (propagated)
                          0.25    0.25   clock uncertainty
                          0.00    0.25   clock reconvergence pessimism
                         -2.00   -1.75   output external delay
                                 -1.75   data required time
-----------------------------------------------------------------------------
                                 -1.75   data required time
                                 -1.10   data arrival time
-----------------------------------------------------------------------------
                                  2.85   slack (MET)


Startpoint: _436_ (rising edge-triggered flip-flop clocked by clk)
Endpoint: pwdata[12] (output port clocked by clk)
Path Group: clk
Path Type: min

Fanout     Cap    Slew   Delay    Time   Description
-----------------------------------------------------------------------------
                          0.00    0.00   clock clk (rise edge)
                          0.00    0.00   clock source latency
                  0.22    0.14    0.14 ^ clk (in)
     1    0.05                           clk (net)
                  0.22    0.00    0.14 ^ clkbuf_0_clk/A (sky130_fd_sc_hd__clkbuf_16)
                  0.14    0.25    0.39 ^ clkbuf_0_clk/X (sky130_fd_sc_hd__clkbuf_16)
     8    0.13                           clknet_0_clk (net)
                  0.14    0.00    0.39 ^ clkbuf_3_2__f_clk/A (sky130_fd_sc_hd__clkbuf_16)
                  0.06    0.17    0.56 ^ clkbuf_3_2__f_clk/X (sky130_fd_sc_hd__clkbuf_16)
     7    0.04                           clknet_3_2__leaf_clk (net)
                  0.06    0.00    0.56 ^ _436_/CLK (sky130_fd_sc_hd__dfrtp_1)
                  0.09    0.35    0.91 ^ _436_/Q (sky130_fd_sc_hd__dfrtp_1)
     2    0.01                           net173 (net)
                  0.09    0.00    0.91 ^ output173/A (sky130_fd_sc_hd__clkbuf_4)
                  0.11    0.19    1.10 ^ output173/X (sky130_fd_sc_hd__clkbuf_4)
     1    0.03                           pwdata[12] (net)
                  0.11    0.00    1.10 ^ pwdata[12] (out)
                                  1.10   data arrival time

                          0.00    0.00   clock clk (rise edge)
                          0.00    0.00   clock network delay (propagated)
                          0.25    0.25   clock uncertainty
                          0.00    0.25   clock reconvergence pessimism
                         -2.00   -1.75   output external delay
                                 -1.75   data required time
-----------------------------------------------------------------------------
                                 -1.75   data required time
                                 -1.10   data arrival time
-----------------------------------------------------------------------------
                                  2.85   slack (MET)


Startpoint: _397_ (rising edge-triggered flip-flop clocked by clk)
Endpoint: paddr[5] (output port clocked by clk)
Path Group: clk
Path Type: min

Fanout     Cap    Slew   Delay    Time   Description
-----------------------------------------------------------------------------
                          0.00    0.00   clock clk (rise edge)
                          0.00    0.00   clock source latency
                  0.22    0.14    0.14 ^ clk (in)
     1    0.05                           clk (net)
                  0.22    0.00    0.14 ^ clkbuf_0_clk/A (sky130_fd_sc_hd__clkbuf_16)
                  0.14    0.25    0.39 ^ clkbuf_0_clk/X (sky130_fd_sc_hd__clkbuf_16)
     8    0.13                           clknet_0_clk (net)
                  0.14    0.00    0.39 ^ clkbuf_3_0__f_clk/A (sky130_fd_sc_hd__clkbuf_16)
                  0.07    0.17    0.56 ^ clkbuf_3_0__f_clk/X (sky130_fd_sc_hd__clkbuf_16)
     7    0.05                           clknet_3_0__leaf_clk (net)
                  0.07    0.00    0.57 ^ _397_/CLK (sky130_fd_sc_hd__dfrtp_1)
                  0.09    0.35    0.91 ^ _397_/Q (sky130_fd_sc_hd__dfrtp_1)
     2    0.01                           net161 (net)
                  0.09    0.00    0.91 ^ output161/A (sky130_fd_sc_hd__clkbuf_4)
                  0.11    0.19    1.11 ^ output161/X (sky130_fd_sc_hd__clkbuf_4)
     1    0.03                           paddr[5] (net)
                  0.11    0.00    1.11 ^ paddr[5] (out)
                                  1.11   data arrival time

                          0.00    0.00   clock clk (rise edge)
                          0.00    0.00   clock network delay (propagated)
                          0.25    0.25   clock uncertainty
                          0.00    0.25   clock reconvergence pessimism
                         -2.00   -1.75   output external delay
                                 -1.75   data required time
-----------------------------------------------------------------------------
                                 -1.75   data required time
                                 -1.11   data arrival time
-----------------------------------------------------------------------------
                                  2.86   slack (MET)


Startpoint: _428_ (rising edge-triggered flip-flop clocked by clk)
Endpoint: pwdata[4] (output port clocked by clk)
Path Group: clk
Path Type: min

Fanout     Cap    Slew   Delay    Time   Description
-----------------------------------------------------------------------------
                          0.00    0.00   clock clk (rise edge)
                          0.00    0.00   clock source latency
                  0.22    0.14    0.14 ^ clk (in)
     1    0.05                           clk (net)
                  0.22    0.00    0.14 ^ clkbuf_0_clk/A (sky130_fd_sc_hd__clkbuf_16)
                  0.14    0.25    0.39 ^ clkbuf_0_clk/X (sky130_fd_sc_hd__clkbuf_16)
     8    0.13                           clknet_0_clk (net)
                  0.14    0.00    0.39 ^ clkbuf_3_6__f_clk/A (sky130_fd_sc_hd__clkbuf_16)
                  0.06    0.17    0.56 ^ clkbuf_3_6__f_clk/X (sky130_fd_sc_hd__clkbuf_16)
     7    0.04                           clknet_3_6__leaf_clk (net)
                  0.06    0.00    0.56 ^ _428_/CLK (sky130_fd_sc_hd__dfrtp_1)
                  0.10    0.35    0.91 ^ _428_/Q (sky130_fd_sc_hd__dfrtp_1)
     2    0.01                           net196 (net)
                  0.10    0.00    0.91 ^ output196/A (sky130_fd_sc_hd__clkbuf_4)
                  0.11    0.20    1.11 ^ output196/X (sky130_fd_sc_hd__clkbuf_4)
     1    0.03                           pwdata[4] (net)
                  0.11    0.00    1.11 ^ pwdata[4] (out)
                                  1.11   data arrival time

                          0.00    0.00   clock clk (rise edge)
                          0.00    0.00   clock network delay (propagated)
                          0.25    0.25   clock uncertainty
                          0.00    0.25   clock reconvergence pessimism
                         -2.00   -1.75   output external delay
                                 -1.75   data required time
-----------------------------------------------------------------------------
                                 -1.75   data required time
                                 -1.11   data arrival time
-----------------------------------------------------------------------------
                                  2.86   slack (MET)


Startpoint: _402_ (rising edge-triggered flip-flop clocked by clk)
Endpoint: paddr[10] (output port clocked by clk)
Path Group: clk
Path Type: min

Fanout     Cap    Slew   Delay    Time   Description
-----------------------------------------------------------------------------
                          0.00    0.00   clock clk (rise edge)
                          0.00    0.00   clock source latency
                  0.22    0.14    0.14 ^ clk (in)
     1    0.05                           clk (net)
                  0.22    0.00    0.14 ^ clkbuf_0_clk/A (sky130_fd_sc_hd__clkbuf_16)
                  0.14    0.25    0.39 ^ clkbuf_0_clk/X (sky130_fd_sc_hd__clkbuf_16)
     8    0.13                           clknet_0_clk (net)
                  0.14    0.00    0.39 ^ clkbuf_3_7__f_clk/A (sky130_fd_sc_hd__clkbuf_16)
                  0.09    0.18    0.58 ^ clkbuf_3_7__f_clk/X (sky130_fd_sc_hd__clkbuf_16)
     9    0.07                           clknet_3_7__leaf_clk (net)
                  0.09    0.00    0.58 ^ _402_/CLK (sky130_fd_sc_hd__dfrtp_1)
                  0.07    0.34    0.92 ^ _402_/Q (sky130_fd_sc_hd__dfrtp_1)
     2    0.01                           net135 (net)
                  0.07    0.00    0.92 ^ output135/A (sky130_fd_sc_hd__buf_2)
                  0.17    0.20    1.12 ^ output135/X (sky130_fd_sc_hd__buf_2)
     1    0.03                           paddr[10] (net)
                  0.17    0.00    1.12 ^ paddr[10] (out)
                                  1.12   data arrival time

                          0.00    0.00   clock clk (rise edge)
                          0.00    0.00   clock network delay (propagated)
                          0.25    0.25   clock uncertainty
                          0.00    0.25   clock reconvergence pessimism
                         -2.00   -1.75   output external delay
                                 -1.75   data required time
-----------------------------------------------------------------------------
                                 -1.75   data required time
                                 -1.12   data arrival time
-----------------------------------------------------------------------------
                                  2.87   slack (MET)


Startpoint: _454_ (rising edge-triggered flip-flop clocked by clk)
Endpoint: pwdata[30] (output port clocked by clk)
Path Group: clk
Path Type: min

Fanout     Cap    Slew   Delay    Time   Description
-----------------------------------------------------------------------------
                          0.00    0.00   clock clk (rise edge)
                          0.00    0.00   clock source latency
                  0.22    0.14    0.14 ^ clk (in)
     1    0.05                           clk (net)
                  0.22    0.00    0.14 ^ clkbuf_0_clk/A (sky130_fd_sc_hd__clkbuf_16)
                  0.14    0.25    0.39 ^ clkbuf_0_clk/X (sky130_fd_sc_hd__clkbuf_16)
     8    0.13                           clknet_0_clk (net)
                  0.14    0.00    0.39 ^ clkbuf_3_0__f_clk/A (sky130_fd_sc_hd__clkbuf_16)
                  0.07    0.17    0.56 ^ clkbuf_3_0__f_clk/X (sky130_fd_sc_hd__clkbuf_16)
     7    0.05                           clknet_3_0__leaf_clk (net)
                  0.07    0.00    0.57 ^ _454_/CLK (sky130_fd_sc_hd__dfrtp_1)
                  0.10    0.35    0.92 ^ _454_/Q (sky130_fd_sc_hd__dfrtp_1)
     2    0.01                           net193 (net)
                  0.10    0.00    0.92 ^ output193/A (sky130_fd_sc_hd__clkbuf_4)
                  0.11    0.20    1.12 ^ output193/X (sky130_fd_sc_hd__clkbuf_4)
     1    0.03                           pwdata[30] (net)
                  0.11    0.00    1.12 ^ pwdata[30] (out)
                                  1.12   data arrival time

                          0.00    0.00   clock clk (rise edge)
                          0.00    0.00   clock network delay (propagated)
                          0.25    0.25   clock uncertainty
                          0.00    0.25   clock reconvergence pessimism
                         -2.00   -1.75   output external delay
                                 -1.75   data required time
-----------------------------------------------------------------------------
                                 -1.75   data required time
                                 -1.12   data arrival time
-----------------------------------------------------------------------------
                                  2.87   slack (MET)


Startpoint: _451_ (rising edge-triggered flip-flop clocked by clk)
Endpoint: pwdata[27] (output port clocked by clk)
Path Group: clk
Path Type: min

Fanout     Cap    Slew   Delay    Time   Description
-----------------------------------------------------------------------------
                          0.00    0.00   clock clk (rise edge)
                          0.00    0.00   clock source latency
                  0.22    0.14    0.14 ^ clk (in)
     1    0.05                           clk (net)
                  0.22    0.00    0.14 ^ clkbuf_0_clk/A (sky130_fd_sc_hd__clkbuf_16)
                  0.14    0.25    0.39 ^ clkbuf_0_clk/X (sky130_fd_sc_hd__clkbuf_16)
     8    0.13                           clknet_0_clk (net)
                  0.14    0.00    0.39 ^ clkbuf_3_2__f_clk/A (sky130_fd_sc_hd__clkbuf_16)
                  0.06    0.17    0.56 ^ clkbuf_3_2__f_clk/X (sky130_fd_sc_hd__clkbuf_16)
     7    0.04                           clknet_3_2__leaf_clk (net)
                  0.06    0.00    0.56 ^ _451_/CLK (sky130_fd_sc_hd__dfrtp_1)
                  0.11    0.36    0.92 ^ _451_/Q (sky130_fd_sc_hd__dfrtp_1)
     2    0.01                           net189 (net)
                  0.11    0.00    0.92 ^ output189/A (sky130_fd_sc_hd__clkbuf_4)
                  0.11    0.20    1.12 ^ output189/X (sky130_fd_sc_hd__clkbuf_4)
     1    0.03                           pwdata[27] (net)
                  0.11    0.00    1.12 ^ pwdata[27] (out)
                                  1.12   data arrival time

                          0.00    0.00   clock clk (rise edge)
                          0.00    0.00   clock network delay (propagated)
                          0.25    0.25   clock uncertainty
                          0.00    0.25   clock reconvergence pessimism
                         -2.00   -1.75   output external delay
                                 -1.75   data required time
-----------------------------------------------------------------------------
                                 -1.75   data required time
                                 -1.12   data arrival time
-----------------------------------------------------------------------------
                                  2.87   slack (MET)


Startpoint: _416_ (rising edge-triggered flip-flop clocked by clk)
Endpoint: paddr[24] (output port clocked by clk)
Path Group: clk
Path Type: min

Fanout     Cap    Slew   Delay    Time   Description
-----------------------------------------------------------------------------
                          0.00    0.00   clock clk (rise edge)
                          0.00    0.00   clock source latency
                  0.22    0.14    0.14 ^ clk (in)
     1    0.05                           clk (net)
                  0.22    0.00    0.14 ^ clkbuf_0_clk/A (sky130_fd_sc_hd__clkbuf_16)
                  0.14    0.25    0.39 ^ clkbuf_0_clk/X (sky130_fd_sc_hd__clkbuf_16)
     8    0.13                           clknet_0_clk (net)
                  0.14    0.00    0.39 ^ clkbuf_3_2__f_clk/A (sky130_fd_sc_hd__clkbuf_16)
                  0.06    0.17    0.56 ^ clkbuf_3_2__f_clk/X (sky130_fd_sc_hd__clkbuf_16)
     7    0.04                           clknet_3_2__leaf_clk (net)
                  0.06    0.00    0.56 ^ _416_/CLK (sky130_fd_sc_hd__dfrtp_1)
                  0.12    0.36    0.92 ^ _416_/Q (sky130_fd_sc_hd__dfrtp_1)
     2    0.01                           net150 (net)
                  0.12    0.00    0.93 ^ output150/A (sky130_fd_sc_hd__clkbuf_4)
                  0.11    0.20    1.13 ^ output150/X (sky130_fd_sc_hd__clkbuf_4)
     1    0.03                           paddr[24] (net)
                  0.11    0.00    1.13 ^ paddr[24] (out)
                                  1.13   data arrival time

                          0.00    0.00   clock clk (rise edge)
                          0.00    0.00   clock network delay (propagated)
                          0.25    0.25   clock uncertainty
                          0.00    0.25   clock reconvergence pessimism
                         -2.00   -1.75   output external delay
                                 -1.75   data required time
-----------------------------------------------------------------------------
                                 -1.75   data required time
                                 -1.13   data arrival time
-----------------------------------------------------------------------------
                                  2.88   slack (MET)


Startpoint: _430_ (rising edge-triggered flip-flop clocked by clk)
Endpoint: pwdata[6] (output port clocked by clk)
Path Group: clk
Path Type: min

Fanout     Cap    Slew   Delay    Time   Description
-----------------------------------------------------------------------------
                          0.00    0.00   clock clk (rise edge)
                          0.00    0.00   clock source latency
                  0.22    0.14    0.14 ^ clk (in)
     1    0.05                           clk (net)
                  0.22    0.00    0.14 ^ clkbuf_0_clk/A (sky130_fd_sc_hd__clkbuf_16)
                  0.14    0.25    0.39 ^ clkbuf_0_clk/X (sky130_fd_sc_hd__clkbuf_16)
     8    0.13                           clknet_0_clk (net)
                  0.14    0.00    0.39 ^ clkbuf_3_2__f_clk/A (sky130_fd_sc_hd__clkbuf_16)
                  0.06    0.17    0.56 ^ clkbuf_3_2__f_clk/X (sky130_fd_sc_hd__clkbuf_16)
     7    0.04                           clknet_3_2__leaf_clk (net)
                  0.06    0.00    0.56 ^ _430_/CLK (sky130_fd_sc_hd__dfrtp_1)
                  0.12    0.37    0.93 ^ _430_/Q (sky130_fd_sc_hd__dfrtp_1)
     2    0.01                           net198 (net)
                  0.12    0.00    0.93 ^ output198/A (sky130_fd_sc_hd__clkbuf_4)
                  0.12    0.21    1.13 ^ output198/X (sky130_fd_sc_hd__clkbuf_4)
     1    0.04                           pwdata[6] (net)
                  0.12    0.00    1.14 ^ pwdata[6] (out)
                                  1.14   data arrival time

                          0.00    0.00   clock clk (rise edge)
                          0.00    0.00   clock network delay (propagated)
                          0.25    0.25   clock uncertainty
                          0.00    0.25   clock reconvergence pessimism
                         -2.00   -1.75   output external delay
                                 -1.75   data required time
-----------------------------------------------------------------------------
                                 -1.75   data required time
                                 -1.14   data arrival time
-----------------------------------------------------------------------------
                                  2.89   slack (MET)


Startpoint: _392_ (rising edge-triggered flip-flop clocked by clk)
Endpoint: paddr[0] (output port clocked by clk)
Path Group: clk
Path Type: min

Fanout     Cap    Slew   Delay    Time   Description
-----------------------------------------------------------------------------
                          0.00    0.00   clock clk (rise edge)
                          0.00    0.00   clock source latency
                  0.22    0.14    0.14 ^ clk (in)
     1    0.05                           clk (net)
                  0.22    0.00    0.14 ^ clkbuf_0_clk/A (sky130_fd_sc_hd__clkbuf_16)
                  0.14    0.25    0.39 ^ clkbuf_0_clk/X (sky130_fd_sc_hd__clkbuf_16)
     8    0.13                           clknet_0_clk (net)
                  0.14    0.00    0.39 ^ clkbuf_3_7__f_clk/A (sky130_fd_sc_hd__clkbuf_16)
                  0.09    0.18    0.58 ^ clkbuf_3_7__f_clk/X (sky130_fd_sc_hd__clkbuf_16)
     9    0.07                           clknet_3_7__leaf_clk (net)
                  0.09    0.00    0.58 ^ _392_/CLK (sky130_fd_sc_hd__dfrtp_1)
                  0.10    0.36    0.94 ^ _392_/Q (sky130_fd_sc_hd__dfrtp_1)
     2    0.01                           net134 (net)
                  0.10    0.00    0.94 ^ output134/A (sky130_fd_sc_hd__clkbuf_4)
                  0.11    0.20    1.14 ^ output134/X (sky130_fd_sc_hd__clkbuf_4)
     1    0.03                           paddr[0] (net)
                  0.11    0.00    1.14 ^ paddr[0] (out)
                                  1.14   data arrival time

                          0.00    0.00   clock clk (rise edge)
                          0.00    0.00   clock network delay (propagated)
                          0.25    0.25   clock uncertainty
                          0.00    0.25   clock reconvergence pessimism
                         -2.00   -1.75   output external delay
                                 -1.75   data required time
-----------------------------------------------------------------------------
                                 -1.75   data required time
                                 -1.14   data arrival time
-----------------------------------------------------------------------------
                                  2.89   slack (MET)


Startpoint: _453_ (rising edge-triggered flip-flop clocked by clk)
Endpoint: pwdata[29] (output port clocked by clk)
Path Group: clk
Path Type: min

Fanout     Cap    Slew   Delay    Time   Description
-----------------------------------------------------------------------------
                          0.00    0.00   clock clk (rise edge)
                          0.00    0.00   clock source latency
                  0.22    0.14    0.14 ^ clk (in)
     1    0.05                           clk (net)
                  0.22    0.00    0.14 ^ clkbuf_0_clk/A (sky130_fd_sc_hd__clkbuf_16)
                  0.14    0.25    0.39 ^ clkbuf_0_clk/X (sky130_fd_sc_hd__clkbuf_16)
     8    0.13                           clknet_0_clk (net)
                  0.14    0.00    0.39 ^ clkbuf_3_0__f_clk/A (sky130_fd_sc_hd__clkbuf_16)
                  0.07    0.17    0.56 ^ clkbuf_3_0__f_clk/X (sky130_fd_sc_hd__clkbuf_16)
     7    0.05                           clknet_3_0__leaf_clk (net)
                  0.07    0.00    0.57 ^ _453_/CLK (sky130_fd_sc_hd__dfrtp_1)
                  0.12    0.37    0.93 ^ _453_/Q (sky130_fd_sc_hd__dfrtp_1)
     2    0.01                           net191 (net)
                  0.12    0.00    0.93 ^ output191/A (sky130_fd_sc_hd__clkbuf_4)
                  0.11    0.20    1.14 ^ output191/X (sky130_fd_sc_hd__clkbuf_4)
     1    0.03                           pwdata[29] (net)
                  0.11    0.00    1.14 ^ pwdata[29] (out)
                                  1.14   data arrival time

                          0.00    0.00   clock clk (rise edge)
                          0.00    0.00   clock network delay (propagated)
                          0.25    0.25   clock uncertainty
                          0.00    0.25   clock reconvergence pessimism
                         -2.00   -1.75   output external delay
                                 -1.75   data required time
-----------------------------------------------------------------------------
                                 -1.75   data required time
                                 -1.14   data arrival time
-----------------------------------------------------------------------------
                                  2.89   slack (MET)


Startpoint: _394_ (rising edge-triggered flip-flop clocked by clk)
Endpoint: paddr[2] (output port clocked by clk)
Path Group: clk
Path Type: min

Fanout     Cap    Slew   Delay    Time   Description
-----------------------------------------------------------------------------
                          0.00    0.00   clock clk (rise edge)
                          0.00    0.00   clock source latency
                  0.22    0.14    0.14 ^ clk (in)
     1    0.05                           clk (net)
                  0.22    0.00    0.14 ^ clkbuf_0_clk/A (sky130_fd_sc_hd__clkbuf_16)
                  0.14    0.25    0.39 ^ clkbuf_0_clk/X (sky130_fd_sc_hd__clkbuf_16)
     8    0.13                           clknet_0_clk (net)
                  0.14    0.00    0.39 ^ clkbuf_3_3__f_clk/A (sky130_fd_sc_hd__clkbuf_16)
                  0.06    0.16    0.56 ^ clkbuf_3_3__f_clk/X (sky130_fd_sc_hd__clkbuf_16)
     5    0.04                           clknet_3_3__leaf_clk (net)
                  0.06    0.00    0.56 ^ _394_/CLK (sky130_fd_sc_hd__dfrtp_2)
                  0.11    0.38    0.94 ^ _394_/Q (sky130_fd_sc_hd__dfrtp_2)
     2    0.02                           net156 (net)
                  0.11    0.00    0.94 ^ output156/A (sky130_fd_sc_hd__clkbuf_4)
                  0.11    0.20    1.14 ^ output156/X (sky130_fd_sc_hd__clkbuf_4)
     1    0.03                           paddr[2] (net)
                  0.11    0.00    1.14 ^ paddr[2] (out)
                                  1.14   data arrival time

                          0.00    0.00   clock clk (rise edge)
                          0.00    0.00   clock network delay (propagated)
                          0.25    0.25   clock uncertainty
                          0.00    0.25   clock reconvergence pessimism
                         -2.00   -1.75   output external delay
                                 -1.75   data required time
-----------------------------------------------------------------------------
                                 -1.75   data required time
                                 -1.14   data arrival time
-----------------------------------------------------------------------------
                                  2.89   slack (MET)


Startpoint: _432_ (rising edge-triggered flip-flop clocked by clk)
Endpoint: pwdata[8] (output port clocked by clk)
Path Group: clk
Path Type: min

Fanout     Cap    Slew   Delay    Time   Description
-----------------------------------------------------------------------------
                          0.00    0.00   clock clk (rise edge)
                          0.00    0.00   clock source latency
                  0.22    0.14    0.14 ^ clk (in)
     1    0.05                           clk (net)
                  0.22    0.00    0.14 ^ clkbuf_0_clk/A (sky130_fd_sc_hd__clkbuf_16)
                  0.14    0.25    0.39 ^ clkbuf_0_clk/X (sky130_fd_sc_hd__clkbuf_16)
     8    0.13                           clknet_0_clk (net)
                  0.14    0.00    0.39 ^ clkbuf_3_5__f_clk/A (sky130_fd_sc_hd__clkbuf_16)
                  0.08    0.18    0.57 ^ clkbuf_3_5__f_clk/X (sky130_fd_sc_hd__clkbuf_16)
    10    0.06                           clknet_3_5__leaf_clk (net)
                  0.08    0.00    0.57 ^ _432_/CLK (sky130_fd_sc_hd__dfrtp_1)
                  0.12    0.37    0.94 ^ _432_/Q (sky130_fd_sc_hd__dfrtp_1)
     2    0.01                           net200 (net)
                  0.12    0.00    0.94 ^ output200/A (sky130_fd_sc_hd__clkbuf_4)
                  0.11    0.20    1.14 ^ output200/X (sky130_fd_sc_hd__clkbuf_4)
     1    0.03                           pwdata[8] (net)
                  0.11    0.00    1.14 ^ pwdata[8] (out)
                                  1.14   data arrival time

                          0.00    0.00   clock clk (rise edge)
                          0.00    0.00   clock network delay (propagated)
                          0.25    0.25   clock uncertainty
                          0.00    0.25   clock reconvergence pessimism
                         -2.00   -1.75   output external delay
                                 -1.75   data required time
-----------------------------------------------------------------------------
                                 -1.75   data required time
                                 -1.14   data arrival time
-----------------------------------------------------------------------------
                                  2.89   slack (MET)


Startpoint: _437_ (rising edge-triggered flip-flop clocked by clk)
Endpoint: pwdata[13] (output port clocked by clk)
Path Group: clk
Path Type: min

Fanout     Cap    Slew   Delay    Time   Description
-----------------------------------------------------------------------------
                          0.00    0.00   clock clk (rise edge)
                          0.00    0.00   clock source latency
                  0.22    0.14    0.14 ^ clk (in)
     1    0.05                           clk (net)
                  0.22    0.00    0.14 ^ clkbuf_0_clk/A (sky130_fd_sc_hd__clkbuf_16)
                  0.14    0.25    0.39 ^ clkbuf_0_clk/X (sky130_fd_sc_hd__clkbuf_16)
     8    0.13                           clknet_0_clk (net)
                  0.14    0.00    0.39 ^ clkbuf_3_6__f_clk/A (sky130_fd_sc_hd__clkbuf_16)
                  0.06    0.17    0.56 ^ clkbuf_3_6__f_clk/X (sky130_fd_sc_hd__clkbuf_16)
     7    0.04                           clknet_3_6__leaf_clk (net)
                  0.06    0.00    0.56 ^ _437_/CLK (sky130_fd_sc_hd__dfrtp_2)
                  0.12    0.39    0.95 ^ _437_/Q (sky130_fd_sc_hd__dfrtp_2)
     2    0.02                           net174 (net)
                  0.12    0.00    0.95 ^ output174/A (sky130_fd_sc_hd__clkbuf_4)
                  0.11    0.20    1.15 ^ output174/X (sky130_fd_sc_hd__clkbuf_4)
     1    0.03                           pwdata[13] (net)
                  0.11    0.00    1.15 ^ pwdata[13] (out)
                                  1.15   data arrival time

                          0.00    0.00   clock clk (rise edge)
                          0.00    0.00   clock network delay (propagated)
                          0.25    0.25   clock uncertainty
                          0.00    0.25   clock reconvergence pessimism
                         -2.00   -1.75   output external delay
                                 -1.75   data required time
-----------------------------------------------------------------------------
                                 -1.75   data required time
                                 -1.15   data arrival time
-----------------------------------------------------------------------------
                                  2.90   slack (MET)


Startpoint: _433_ (rising edge-triggered flip-flop clocked by clk)
Endpoint: pwdata[9] (output port clocked by clk)
Path Group: clk
Path Type: min

Fanout     Cap    Slew   Delay    Time   Description
-----------------------------------------------------------------------------
                          0.00    0.00   clock clk (rise edge)
                          0.00    0.00   clock source latency
                  0.22    0.14    0.14 ^ clk (in)
     1    0.05                           clk (net)
                  0.22    0.00    0.14 ^ clkbuf_0_clk/A (sky130_fd_sc_hd__clkbuf_16)
                  0.14    0.25    0.39 ^ clkbuf_0_clk/X (sky130_fd_sc_hd__clkbuf_16)
     8    0.13                           clknet_0_clk (net)
                  0.14    0.00    0.39 ^ clkbuf_3_2__f_clk/A (sky130_fd_sc_hd__clkbuf_16)
                  0.06    0.17    0.56 ^ clkbuf_3_2__f_clk/X (sky130_fd_sc_hd__clkbuf_16)
     7    0.04                           clknet_3_2__leaf_clk (net)
                  0.06    0.00    0.56 ^ _433_/CLK (sky130_fd_sc_hd__dfrtp_1)
                  0.09    0.40    0.96 v _433_/Q (sky130_fd_sc_hd__dfrtp_1)
     2    0.02                           net201 (net)
                  0.09    0.00    0.96 v output201/A (sky130_fd_sc_hd__clkbuf_4)
                  0.08    0.19    1.16 v output201/X (sky130_fd_sc_hd__clkbuf_4)
     1    0.03                           pwdata[9] (net)
                  0.08    0.00    1.16 v pwdata[9] (out)
                                  1.16   data arrival time

                          0.00    0.00   clock clk (rise edge)
                          0.00    0.00   clock network delay (propagated)
                          0.25    0.25   clock uncertainty
                          0.00    0.25   clock reconvergence pessimism
                         -2.00   -1.75   output external delay
                                 -1.75   data required time
-----------------------------------------------------------------------------
                                 -1.75   data required time
                                 -1.16   data arrival time
-----------------------------------------------------------------------------
                                  2.91   slack (MET)


Startpoint: _435_ (rising edge-triggered flip-flop clocked by clk)
Endpoint: pwdata[11] (output port clocked by clk)
Path Group: clk
Path Type: min

Fanout     Cap    Slew   Delay    Time   Description
-----------------------------------------------------------------------------
                          0.00    0.00   clock clk (rise edge)
                          0.00    0.00   clock source latency
                  0.22    0.14    0.14 ^ clk (in)
     1    0.05                           clk (net)
                  0.22    0.00    0.14 ^ clkbuf_0_clk/A (sky130_fd_sc_hd__clkbuf_16)
                  0.14    0.25    0.39 ^ clkbuf_0_clk/X (sky130_fd_sc_hd__clkbuf_16)
     8    0.13                           clknet_0_clk (net)
                  0.14    0.00    0.39 ^ clkbuf_3_7__f_clk/A (sky130_fd_sc_hd__clkbuf_16)
                  0.09    0.18    0.58 ^ clkbuf_3_7__f_clk/X (sky130_fd_sc_hd__clkbuf_16)
     9    0.07                           clknet_3_7__leaf_clk (net)
                  0.09    0.00    0.58 ^ _435_/CLK (sky130_fd_sc_hd__dfrtp_1)
                  0.12    0.38    0.95 ^ _435_/Q (sky130_fd_sc_hd__dfrtp_1)
     2    0.01                           net172 (net)
                  0.12    0.00    0.95 ^ output172/A (sky130_fd_sc_hd__clkbuf_4)
                  0.11    0.20    1.16 ^ output172/X (sky130_fd_sc_hd__clkbuf_4)
     1    0.03                           pwdata[11] (net)
                  0.11    0.00    1.16 ^ pwdata[11] (out)
                                  1.16   data arrival time

                          0.00    0.00   clock clk (rise edge)
                          0.00    0.00   clock network delay (propagated)
                          0.25    0.25   clock uncertainty
                          0.00    0.25   clock reconvergence pessimism
                         -2.00   -1.75   output external delay
                                 -1.75   data required time
-----------------------------------------------------------------------------
                                 -1.75   data required time
                                 -1.16   data arrival time
-----------------------------------------------------------------------------
                                  2.91   slack (MET)


Startpoint: _447_ (rising edge-triggered flip-flop clocked by clk)
Endpoint: pwdata[23] (output port clocked by clk)
Path Group: clk
Path Type: min

Fanout     Cap    Slew   Delay    Time   Description
-----------------------------------------------------------------------------
                          0.00    0.00   clock clk (rise edge)
                          0.00    0.00   clock source latency
                  0.22    0.14    0.14 ^ clk (in)
     1    0.05                           clk (net)
                  0.22    0.00    0.14 ^ clkbuf_0_clk/A (sky130_fd_sc_hd__clkbuf_16)
                  0.14    0.25    0.39 ^ clkbuf_0_clk/X (sky130_fd_sc_hd__clkbuf_16)
     8    0.13                           clknet_0_clk (net)
                  0.14    0.00    0.39 ^ clkbuf_3_1__f_clk/A (sky130_fd_sc_hd__clkbuf_16)
                  0.05    0.16    0.55 ^ clkbuf_3_1__f_clk/X (sky130_fd_sc_hd__clkbuf_16)
     9    0.03                           clknet_3_1__leaf_clk (net)
                  0.05    0.00    0.55 ^ _447_/CLK (sky130_fd_sc_hd__dfrtp_2)
                  0.13    0.40    0.95 ^ _447_/Q (sky130_fd_sc_hd__dfrtp_2)
     2    0.02                           net185 (net)
                  0.13    0.00    0.95 ^ output185/A (sky130_fd_sc_hd__clkbuf_4)
                  0.11    0.21    1.16 ^ output185/X (sky130_fd_sc_hd__clkbuf_4)
     1    0.03                           pwdata[23] (net)
                  0.11    0.00    1.16 ^ pwdata[23] (out)
                                  1.16   data arrival time

                          0.00    0.00   clock clk (rise edge)
                          0.00    0.00   clock network delay (propagated)
                          0.25    0.25   clock uncertainty
                          0.00    0.25   clock reconvergence pessimism
                         -2.00   -1.75   output external delay
                                 -1.75   data required time
-----------------------------------------------------------------------------
                                 -1.75   data required time
                                 -1.16   data arrival time
-----------------------------------------------------------------------------
                                  2.91   slack (MET)


Startpoint: _406_ (rising edge-triggered flip-flop clocked by clk)
Endpoint: paddr[14] (output port clocked by clk)
Path Group: clk
Path Type: min

Fanout     Cap    Slew   Delay    Time   Description
-----------------------------------------------------------------------------
                          0.00    0.00   clock clk (rise edge)
                          0.00    0.00   clock source latency
                  0.22    0.14    0.14 ^ clk (in)
     1    0.05                           clk (net)
                  0.22    0.00    0.14 ^ clkbuf_0_clk/A (sky130_fd_sc_hd__clkbuf_16)
                  0.14    0.25    0.39 ^ clkbuf_0_clk/X (sky130_fd_sc_hd__clkbuf_16)
     8    0.13                           clknet_0_clk (net)
                  0.14    0.00    0.39 ^ clkbuf_3_5__f_clk/A (sky130_fd_sc_hd__clkbuf_16)
                  0.08    0.18    0.57 ^ clkbuf_3_5__f_clk/X (sky130_fd_sc_hd__clkbuf_16)
    10    0.06                           clknet_3_5__leaf_clk (net)
                  0.08    0.00    0.58 ^ _406_/CLK (sky130_fd_sc_hd__dfrtp_1)
                  0.09    0.40    0.98 v _406_/Q (sky130_fd_sc_hd__dfrtp_1)
     2    0.01                           net139 (net)
                  0.09    0.00    0.98 v output139/A (sky130_fd_sc_hd__buf_2)
                  0.09    0.19    1.17 v output139/X (sky130_fd_sc_hd__buf_2)
     1    0.03                           paddr[14] (net)
                  0.09    0.00    1.17 v paddr[14] (out)
                                  1.17   data arrival time

                          0.00    0.00   clock clk (rise edge)
                          0.00    0.00   clock network delay (propagated)
                          0.25    0.25   clock uncertainty
                          0.00    0.25   clock reconvergence pessimism
                         -2.00   -1.75   output external delay
                                 -1.75   data required time
-----------------------------------------------------------------------------
                                 -1.75   data required time
                                 -1.17   data arrival time
-----------------------------------------------------------------------------
                                  2.92   slack (MET)


Startpoint: _417_ (rising edge-triggered flip-flop clocked by clk)
Endpoint: paddr[25] (output port clocked by clk)
Path Group: clk
Path Type: min

Fanout     Cap    Slew   Delay    Time   Description
-----------------------------------------------------------------------------
                          0.00    0.00   clock clk (rise edge)
                          0.00    0.00   clock source latency
                  0.22    0.14    0.14 ^ clk (in)
     1    0.05                           clk (net)
                  0.22    0.00    0.14 ^ clkbuf_0_clk/A (sky130_fd_sc_hd__clkbuf_16)
                  0.14    0.25    0.39 ^ clkbuf_0_clk/X (sky130_fd_sc_hd__clkbuf_16)
     8    0.13                           clknet_0_clk (net)
                  0.14    0.00    0.39 ^ clkbuf_3_1__f_clk/A (sky130_fd_sc_hd__clkbuf_16)
                  0.05    0.16    0.55 ^ clkbuf_3_1__f_clk/X (sky130_fd_sc_hd__clkbuf_16)
     9    0.03                           clknet_3_1__leaf_clk (net)
                  0.05    0.00    0.55 ^ _417_/CLK (sky130_fd_sc_hd__dfrtp_1)
                  0.11    0.41    0.96 v _417_/Q (sky130_fd_sc_hd__dfrtp_1)
     2    0.02                           net151 (net)
                  0.11    0.00    0.97 v output151/A (sky130_fd_sc_hd__clkbuf_4)
                  0.08    0.20    1.17 v output151/X (sky130_fd_sc_hd__clkbuf_4)
     1    0.03                           paddr[25] (net)
                  0.08    0.00    1.17 v paddr[25] (out)
                                  1.17   data arrival time

                          0.00    0.00   clock clk (rise edge)
                          0.00    0.00   clock network delay (propagated)
                          0.25    0.25   clock uncertainty
                          0.00    0.25   clock reconvergence pessimism
                         -2.00   -1.75   output external delay
                                 -1.75   data required time
-----------------------------------------------------------------------------
                                 -1.75   data required time
                                 -1.17   data arrival time
-----------------------------------------------------------------------------
                                  2.92   slack (MET)


Startpoint: _427_ (rising edge-triggered flip-flop clocked by clk)
Endpoint: pwdata[3] (output port clocked by clk)
Path Group: clk
Path Type: min

Fanout     Cap    Slew   Delay    Time   Description
-----------------------------------------------------------------------------
                          0.00    0.00   clock clk (rise edge)
                          0.00    0.00   clock source latency
                  0.22    0.14    0.14 ^ clk (in)
     1    0.05                           clk (net)
                  0.22    0.00    0.14 ^ clkbuf_0_clk/A (sky130_fd_sc_hd__clkbuf_16)
                  0.14    0.25    0.39 ^ clkbuf_0_clk/X (sky130_fd_sc_hd__clkbuf_16)
     8    0.13                           clknet_0_clk (net)
                  0.14    0.00    0.39 ^ clkbuf_3_4__f_clk/A (sky130_fd_sc_hd__clkbuf_16)
                  0.08    0.18    0.57 ^ clkbuf_3_4__f_clk/X (sky130_fd_sc_hd__clkbuf_16)
    14    0.06                           clknet_3_4__leaf_clk (net)
                  0.08    0.00    0.57 ^ _427_/CLK (sky130_fd_sc_hd__dfrtp_2)
                  0.12    0.39    0.97 ^ _427_/Q (sky130_fd_sc_hd__dfrtp_2)
     2    0.02                           net195 (net)
                  0.12    0.00    0.97 ^ output195/A (sky130_fd_sc_hd__clkbuf_4)
                  0.11    0.20    1.17 ^ output195/X (sky130_fd_sc_hd__clkbuf_4)
     1    0.03                           pwdata[3] (net)
                  0.11    0.00    1.17 ^ pwdata[3] (out)
                                  1.17   data arrival time

                          0.00    0.00   clock clk (rise edge)
                          0.00    0.00   clock network delay (propagated)
                          0.25    0.25   clock uncertainty
                          0.00    0.25   clock reconvergence pessimism
                         -2.00   -1.75   output external delay
                                 -1.75   data required time
-----------------------------------------------------------------------------
                                 -1.75   data required time
                                 -1.17   data arrival time
-----------------------------------------------------------------------------
                                  2.92   slack (MET)


Startpoint: _452_ (rising edge-triggered flip-flop clocked by clk)
Endpoint: pwdata[28] (output port clocked by clk)
Path Group: clk
Path Type: min

Fanout     Cap    Slew   Delay    Time   Description
-----------------------------------------------------------------------------
                          0.00    0.00   clock clk (rise edge)
                          0.00    0.00   clock source latency
                  0.22    0.14    0.14 ^ clk (in)
     1    0.05                           clk (net)
                  0.22    0.00    0.14 ^ clkbuf_0_clk/A (sky130_fd_sc_hd__clkbuf_16)
                  0.14    0.25    0.39 ^ clkbuf_0_clk/X (sky130_fd_sc_hd__clkbuf_16)
     8    0.13                           clknet_0_clk (net)
                  0.14    0.00    0.39 ^ clkbuf_3_7__f_clk/A (sky130_fd_sc_hd__clkbuf_16)
                  0.09    0.18    0.58 ^ clkbuf_3_7__f_clk/X (sky130_fd_sc_hd__clkbuf_16)
     9    0.07                           clknet_3_7__leaf_clk (net)
                  0.09    0.00    0.58 ^ _452_/CLK (sky130_fd_sc_hd__dfrtp_1)
                  0.09    0.40    0.98 v _452_/Q (sky130_fd_sc_hd__dfrtp_1)
     2    0.01                           net190 (net)
                  0.09    0.00    0.98 v output190/A (sky130_fd_sc_hd__buf_2)
                  0.09    0.19    1.17 v output190/X (sky130_fd_sc_hd__buf_2)
     1    0.03                           pwdata[28] (net)
                  0.09    0.00    1.17 v pwdata[28] (out)
                                  1.17   data arrival time

                          0.00    0.00   clock clk (rise edge)
                          0.00    0.00   clock network delay (propagated)
                          0.25    0.25   clock uncertainty
                          0.00    0.25   clock reconvergence pessimism
                         -2.00   -1.75   output external delay
                                 -1.75   data required time
-----------------------------------------------------------------------------
                                 -1.75   data required time
                                 -1.17   data arrival time
-----------------------------------------------------------------------------
                                  2.92   slack (MET)


Startpoint: _423_ (rising edge-triggered flip-flop clocked by clk)
Endpoint: paddr[31] (output port clocked by clk)
Path Group: clk
Path Type: min

Fanout     Cap    Slew   Delay    Time   Description
-----------------------------------------------------------------------------
                          0.00    0.00   clock clk (rise edge)
                          0.00    0.00   clock source latency
                  0.22    0.14    0.14 ^ clk (in)
     1    0.05                           clk (net)
                  0.22    0.00    0.14 ^ clkbuf_0_clk/A (sky130_fd_sc_hd__clkbuf_16)
                  0.14    0.25    0.39 ^ clkbuf_0_clk/X (sky130_fd_sc_hd__clkbuf_16)
     8    0.13                           clknet_0_clk (net)
                  0.14    0.00    0.39 ^ clkbuf_3_4__f_clk/A (sky130_fd_sc_hd__clkbuf_16)
                  0.08    0.18    0.57 ^ clkbuf_3_4__f_clk/X (sky130_fd_sc_hd__clkbuf_16)
    14    0.06                           clknet_3_4__leaf_clk (net)
                  0.08    0.00    0.57 ^ _423_/CLK (sky130_fd_sc_hd__dfrtp_1)
                  0.10    0.41    0.98 v _423_/Q (sky130_fd_sc_hd__dfrtp_1)
     2    0.02                           net158 (net)
                  0.10    0.00    0.98 v output158/A (sky130_fd_sc_hd__buf_2)
                  0.09    0.19    1.17 v output158/X (sky130_fd_sc_hd__buf_2)
     1    0.03                           paddr[31] (net)
                  0.09    0.00    1.17 v paddr[31] (out)
                                  1.17   data arrival time

                          0.00    0.00   clock clk (rise edge)
                          0.00    0.00   clock network delay (propagated)
                          0.25    0.25   clock uncertainty
                          0.00    0.25   clock reconvergence pessimism
                         -2.00   -1.75   output external delay
                                 -1.75   data required time
-----------------------------------------------------------------------------
                                 -1.75   data required time
                                 -1.17   data arrival time
-----------------------------------------------------------------------------
                                  2.92   slack (MET)


Startpoint: _455_ (rising edge-triggered flip-flop clocked by clk)
Endpoint: pwdata[31] (output port clocked by clk)
Path Group: clk
Path Type: min

Fanout     Cap    Slew   Delay    Time   Description
-----------------------------------------------------------------------------
                          0.00    0.00   clock clk (rise edge)
                          0.00    0.00   clock source latency
                  0.22    0.14    0.14 ^ clk (in)
     1    0.05                           clk (net)
                  0.22    0.00    0.14 ^ clkbuf_0_clk/A (sky130_fd_sc_hd__clkbuf_16)
                  0.14    0.25    0.39 ^ clkbuf_0_clk/X (sky130_fd_sc_hd__clkbuf_16)
     8    0.13                           clknet_0_clk (net)
                  0.14    0.00    0.39 ^ clkbuf_3_6__f_clk/A (sky130_fd_sc_hd__clkbuf_16)
                  0.06    0.17    0.56 ^ clkbuf_3_6__f_clk/X (sky130_fd_sc_hd__clkbuf_16)
     7    0.04                           clknet_3_6__leaf_clk (net)
                  0.06    0.00    0.56 ^ _455_/CLK (sky130_fd_sc_hd__dfrtp_1)
                  0.11    0.41    0.98 v _455_/Q (sky130_fd_sc_hd__dfrtp_1)
     2    0.02                           net194 (net)
                  0.11    0.00    0.98 v output194/A (sky130_fd_sc_hd__buf_2)
                  0.09    0.20    1.18 v output194/X (sky130_fd_sc_hd__buf_2)
     1    0.03                           pwdata[31] (net)
                  0.09    0.00    1.18 v pwdata[31] (out)
                                  1.18   data arrival time

                          0.00    0.00   clock clk (rise edge)
                          0.00    0.00   clock network delay (propagated)
                          0.25    0.25   clock uncertainty
                          0.00    0.25   clock reconvergence pessimism
                         -2.00   -1.75   output external delay
                                 -1.75   data required time
-----------------------------------------------------------------------------
                                 -1.75   data required time
                                 -1.18   data arrival time
-----------------------------------------------------------------------------
                                  2.93   slack (MET)


Startpoint: _450_ (rising edge-triggered flip-flop clocked by clk)
Endpoint: pwdata[26] (output port clocked by clk)
Path Group: clk
Path Type: min

Fanout     Cap    Slew   Delay    Time   Description
-----------------------------------------------------------------------------
                          0.00    0.00   clock clk (rise edge)
                          0.00    0.00   clock source latency
                  0.22    0.14    0.14 ^ clk (in)
     1    0.05                           clk (net)
                  0.22    0.00    0.14 ^ clkbuf_0_clk/A (sky130_fd_sc_hd__clkbuf_16)
                  0.14    0.25    0.39 ^ clkbuf_0_clk/X (sky130_fd_sc_hd__clkbuf_16)
     8    0.13                           clknet_0_clk (net)
                  0.14    0.00    0.39 ^ clkbuf_3_5__f_clk/A (sky130_fd_sc_hd__clkbuf_16)
                  0.08    0.18    0.57 ^ clkbuf_3_5__f_clk/X (sky130_fd_sc_hd__clkbuf_16)
    10    0.06                           clknet_3_5__leaf_clk (net)
                  0.08    0.00    0.58 ^ _450_/CLK (sky130_fd_sc_hd__dfrtp_1)
                  0.11    0.41    0.99 v _450_/Q (sky130_fd_sc_hd__dfrtp_1)
     2    0.02                           net188 (net)
                  0.11    0.00    0.99 v output188/A (sky130_fd_sc_hd__buf_2)
                  0.09    0.20    1.19 v output188/X (sky130_fd_sc_hd__buf_2)
     1    0.03                           pwdata[26] (net)
                  0.09    0.00    1.19 v pwdata[26] (out)
                                  1.19   data arrival time

                          0.00    0.00   clock clk (rise edge)
                          0.00    0.00   clock network delay (propagated)
                          0.25    0.25   clock uncertainty
                          0.00    0.25   clock reconvergence pessimism
                         -2.00   -1.75   output external delay
                                 -1.75   data required time
-----------------------------------------------------------------------------
                                 -1.75   data required time
                                 -1.19   data arrival time
-----------------------------------------------------------------------------
                                  2.94   slack (MET)


Startpoint: _407_ (rising edge-triggered flip-flop clocked by clk)
Endpoint: paddr[15] (output port clocked by clk)
Path Group: clk
Path Type: min

Fanout     Cap    Slew   Delay    Time   Description
-----------------------------------------------------------------------------
                          0.00    0.00   clock clk (rise edge)
                          0.00    0.00   clock source latency
                  0.22    0.14    0.14 ^ clk (in)
     1    0.05                           clk (net)
                  0.22    0.00    0.14 ^ clkbuf_0_clk/A (sky130_fd_sc_hd__clkbuf_16)
                  0.14    0.25    0.39 ^ clkbuf_0_clk/X (sky130_fd_sc_hd__clkbuf_16)
     8    0.13                           clknet_0_clk (net)
                  0.14    0.00    0.39 ^ clkbuf_3_5__f_clk/A (sky130_fd_sc_hd__clkbuf_16)
                  0.08    0.18    0.57 ^ clkbuf_3_5__f_clk/X (sky130_fd_sc_hd__clkbuf_16)
    10    0.06                           clknet_3_5__leaf_clk (net)
                  0.08    0.00    0.57 ^ _407_/CLK (sky130_fd_sc_hd__dfrtp_1)
                  0.11    0.41    0.99 v _407_/Q (sky130_fd_sc_hd__dfrtp_1)
     2    0.02                           net140 (net)
                  0.11    0.00    0.99 v output140/A (sky130_fd_sc_hd__clkbuf_4)
                  0.08    0.20    1.19 v output140/X (sky130_fd_sc_hd__clkbuf_4)
     1    0.03                           paddr[15] (net)
                  0.08    0.00    1.19 v paddr[15] (out)
                                  1.19   data arrival time

                          0.00    0.00   clock clk (rise edge)
                          0.00    0.00   clock network delay (propagated)
                          0.25    0.25   clock uncertainty
                          0.00    0.25   clock reconvergence pessimism
                         -2.00   -1.75   output external delay
                                 -1.75   data required time
-----------------------------------------------------------------------------
                                 -1.75   data required time
                                 -1.19   data arrival time
-----------------------------------------------------------------------------
                                  2.94   slack (MET)


Startpoint: _415_ (rising edge-triggered flip-flop clocked by clk)
Endpoint: paddr[23] (output port clocked by clk)
Path Group: clk
Path Type: min

Fanout     Cap    Slew   Delay    Time   Description
-----------------------------------------------------------------------------
                          0.00    0.00   clock clk (rise edge)
                          0.00    0.00   clock source latency
                  0.22    0.14    0.14 ^ clk (in)
     1    0.05                           clk (net)
                  0.22    0.00    0.14 ^ clkbuf_0_clk/A (sky130_fd_sc_hd__clkbuf_16)
                  0.14    0.25    0.39 ^ clkbuf_0_clk/X (sky130_fd_sc_hd__clkbuf_16)
     8    0.13                           clknet_0_clk (net)
                  0.14    0.00    0.39 ^ clkbuf_3_1__f_clk/A (sky130_fd_sc_hd__clkbuf_16)
                  0.05    0.16    0.55 ^ clkbuf_3_1__f_clk/X (sky130_fd_sc_hd__clkbuf_16)
     9    0.03                           clknet_3_1__leaf_clk (net)
                  0.05    0.00    0.55 ^ _415_/CLK (sky130_fd_sc_hd__dfrtp_4)
                  0.11    0.43    0.99 ^ _415_/Q (sky130_fd_sc_hd__dfrtp_4)
     2    0.03                           net149 (net)
                  0.11    0.00    0.99 ^ output149/A (sky130_fd_sc_hd__clkbuf_4)
                  0.11    0.20    1.19 ^ output149/X (sky130_fd_sc_hd__clkbuf_4)
     1    0.03                           paddr[23] (net)
                  0.11    0.00    1.19 ^ paddr[23] (out)
                                  1.19   data arrival time

                          0.00    0.00   clock clk (rise edge)
                          0.00    0.00   clock network delay (propagated)
                          0.25    0.25   clock uncertainty
                          0.00    0.25   clock reconvergence pessimism
                         -2.00   -1.75   output external delay
                                 -1.75   data required time
-----------------------------------------------------------------------------
                                 -1.75   data required time
                                 -1.19   data arrival time
-----------------------------------------------------------------------------
                                  2.94   slack (MET)


Startpoint: _442_ (rising edge-triggered flip-flop clocked by clk)
Endpoint: pwdata[18] (output port clocked by clk)
Path Group: clk
Path Type: min

Fanout     Cap    Slew   Delay    Time   Description
-----------------------------------------------------------------------------
                          0.00    0.00   clock clk (rise edge)
                          0.00    0.00   clock source latency
                  0.22    0.14    0.14 ^ clk (in)
     1    0.05                           clk (net)
                  0.22    0.00    0.14 ^ clkbuf_0_clk/A (sky130_fd_sc_hd__clkbuf_16)
                  0.14    0.25    0.39 ^ clkbuf_0_clk/X (sky130_fd_sc_hd__clkbuf_16)
     8    0.13                           clknet_0_clk (net)
                  0.14    0.00    0.39 ^ clkbuf_3_6__f_clk/A (sky130_fd_sc_hd__clkbuf_16)
                  0.06    0.17    0.56 ^ clkbuf_3_6__f_clk/X (sky130_fd_sc_hd__clkbuf_16)
     7    0.04                           clknet_3_6__leaf_clk (net)
                  0.06    0.00    0.56 ^ _442_/CLK (sky130_fd_sc_hd__dfrtp_2)
                  0.15    0.41    0.98 ^ _442_/Q (sky130_fd_sc_hd__dfrtp_2)
     2    0.03                           net179 (net)
                  0.15    0.00    0.98 ^ output179/A (sky130_fd_sc_hd__clkbuf_4)
                  0.11    0.21    1.19 ^ output179/X (sky130_fd_sc_hd__clkbuf_4)
     1    0.03                           pwdata[18] (net)
                  0.11    0.00    1.19 ^ pwdata[18] (out)
                                  1.19   data arrival time

                          0.00    0.00   clock clk (rise edge)
                          0.00    0.00   clock network delay (propagated)
                          0.25    0.25   clock uncertainty
                          0.00    0.25   clock reconvergence pessimism
                         -2.00   -1.75   output external delay
                                 -1.75   data required time
-----------------------------------------------------------------------------
                                 -1.75   data required time
                                 -1.19   data arrival time
-----------------------------------------------------------------------------
                                  2.94   slack (MET)


Startpoint: _400_ (rising edge-triggered flip-flop clocked by clk)
Endpoint: paddr[8] (output port clocked by clk)
Path Group: clk
Path Type: min

Fanout     Cap    Slew   Delay    Time   Description
-----------------------------------------------------------------------------
                          0.00    0.00   clock clk (rise edge)
                          0.00    0.00   clock source latency
                  0.22    0.14    0.14 ^ clk (in)
     1    0.05                           clk (net)
                  0.22    0.00    0.14 ^ clkbuf_0_clk/A (sky130_fd_sc_hd__clkbuf_16)
                  0.14    0.25    0.39 ^ clkbuf_0_clk/X (sky130_fd_sc_hd__clkbuf_16)
     8    0.13                           clknet_0_clk (net)
                  0.14    0.00    0.39 ^ clkbuf_3_5__f_clk/A (sky130_fd_sc_hd__clkbuf_16)
                  0.08    0.18    0.57 ^ clkbuf_3_5__f_clk/X (sky130_fd_sc_hd__clkbuf_16)
    10    0.06                           clknet_3_5__leaf_clk (net)
                  0.08    0.00    0.57 ^ _400_/CLK (sky130_fd_sc_hd__dfrtp_1)
                  0.11    0.42    0.99 v _400_/Q (sky130_fd_sc_hd__dfrtp_1)
     2    0.02                           net164 (net)
                  0.11    0.00    0.99 v output164/A (sky130_fd_sc_hd__clkbuf_4)
                  0.08    0.20    1.19 v output164/X (sky130_fd_sc_hd__clkbuf_4)
     1    0.03                           paddr[8] (net)
                  0.08    0.00    1.19 v paddr[8] (out)
                                  1.19   data arrival time

                          0.00    0.00   clock clk (rise edge)
                          0.00    0.00   clock network delay (propagated)
                          0.25    0.25   clock uncertainty
                          0.00    0.25   clock reconvergence pessimism
                         -2.00   -1.75   output external delay
                                 -1.75   data required time
-----------------------------------------------------------------------------
                                 -1.75   data required time
                                 -1.19   data arrival time
-----------------------------------------------------------------------------
                                  2.94   slack (MET)


Startpoint: _446_ (rising edge-triggered flip-flop clocked by clk)
Endpoint: pwdata[22] (output port clocked by clk)
Path Group: clk
Path Type: min

Fanout     Cap    Slew   Delay    Time   Description
-----------------------------------------------------------------------------
                          0.00    0.00   clock clk (rise edge)
                          0.00    0.00   clock source latency
                  0.22    0.14    0.14 ^ clk (in)
     1    0.05                           clk (net)
                  0.22    0.00    0.14 ^ clkbuf_0_clk/A (sky130_fd_sc_hd__clkbuf_16)
                  0.14    0.25    0.39 ^ clkbuf_0_clk/X (sky130_fd_sc_hd__clkbuf_16)
     8    0.13                           clknet_0_clk (net)
                  0.14    0.00    0.39 ^ clkbuf_3_4__f_clk/A (sky130_fd_sc_hd__clkbuf_16)
                  0.08    0.18    0.57 ^ clkbuf_3_4__f_clk/X (sky130_fd_sc_hd__clkbuf_16)
    14    0.06                           clknet_3_4__leaf_clk (net)
                  0.08    0.00    0.57 ^ _446_/CLK (sky130_fd_sc_hd__dfrtp_1)
                  0.11    0.42    0.99 v _446_/Q (sky130_fd_sc_hd__dfrtp_1)
     2    0.02                           net184 (net)
                  0.11    0.00    0.99 v output184/A (sky130_fd_sc_hd__clkbuf_4)
                  0.08    0.20    1.19 v output184/X (sky130_fd_sc_hd__clkbuf_4)
     1    0.03                           pwdata[22] (net)
                  0.08    0.00    1.19 v pwdata[22] (out)
                                  1.19   data arrival time

                          0.00    0.00   clock clk (rise edge)
                          0.00    0.00   clock network delay (propagated)
                          0.25    0.25   clock uncertainty
                          0.00    0.25   clock reconvergence pessimism
                         -2.00   -1.75   output external delay
                                 -1.75   data required time
-----------------------------------------------------------------------------
                                 -1.75   data required time
                                 -1.19   data arrival time
-----------------------------------------------------------------------------
                                  2.94   slack (MET)


Startpoint: _438_ (rising edge-triggered flip-flop clocked by clk)
Endpoint: pwdata[14] (output port clocked by clk)
Path Group: clk
Path Type: min

Fanout     Cap    Slew   Delay    Time   Description
-----------------------------------------------------------------------------
                          0.00    0.00   clock clk (rise edge)
                          0.00    0.00   clock source latency
                  0.22    0.14    0.14 ^ clk (in)
     1    0.05                           clk (net)
                  0.22    0.00    0.14 ^ clkbuf_0_clk/A (sky130_fd_sc_hd__clkbuf_16)
                  0.14    0.25    0.39 ^ clkbuf_0_clk/X (sky130_fd_sc_hd__clkbuf_16)
     8    0.13                           clknet_0_clk (net)
                  0.14    0.00    0.39 ^ clkbuf_3_4__f_clk/A (sky130_fd_sc_hd__clkbuf_16)
                  0.08    0.18    0.57 ^ clkbuf_3_4__f_clk/X (sky130_fd_sc_hd__clkbuf_16)
    14    0.06                           clknet_3_4__leaf_clk (net)
                  0.08    0.00    0.57 ^ _438_/CLK (sky130_fd_sc_hd__dfrtp_2)
                  0.14    0.41    0.98 ^ _438_/Q (sky130_fd_sc_hd__dfrtp_2)
     2    0.03                           net175 (net)
                  0.14    0.00    0.99 ^ output175/A (sky130_fd_sc_hd__clkbuf_4)
                  0.11    0.21    1.19 ^ output175/X (sky130_fd_sc_hd__clkbuf_4)
     1    0.03                           pwdata[14] (net)
                  0.11    0.00    1.20 ^ pwdata[14] (out)
                                  1.20   data arrival time

                          0.00    0.00   clock clk (rise edge)
                          0.00    0.00   clock network delay (propagated)
                          0.25    0.25   clock uncertainty
                          0.00    0.25   clock reconvergence pessimism
                         -2.00   -1.75   output external delay
                                 -1.75   data required time
-----------------------------------------------------------------------------
                                 -1.75   data required time
                                 -1.20   data arrival time
-----------------------------------------------------------------------------
                                  2.95   slack (MET)


Startpoint: _431_ (rising edge-triggered flip-flop clocked by clk)
Endpoint: pwdata[7] (output port clocked by clk)
Path Group: clk
Path Type: min

Fanout     Cap    Slew   Delay    Time   Description
-----------------------------------------------------------------------------
                          0.00    0.00   clock clk (rise edge)
                          0.00    0.00   clock source latency
                  0.22    0.14    0.14 ^ clk (in)
     1    0.05                           clk (net)
                  0.22    0.00    0.14 ^ clkbuf_0_clk/A (sky130_fd_sc_hd__clkbuf_16)
                  0.14    0.25    0.39 ^ clkbuf_0_clk/X (sky130_fd_sc_hd__clkbuf_16)
     8    0.13                           clknet_0_clk (net)
                  0.14    0.00    0.39 ^ clkbuf_3_6__f_clk/A (sky130_fd_sc_hd__clkbuf_16)
                  0.06    0.17    0.56 ^ clkbuf_3_6__f_clk/X (sky130_fd_sc_hd__clkbuf_16)
     7    0.04                           clknet_3_6__leaf_clk (net)
                  0.06    0.00    0.56 ^ _431_/CLK (sky130_fd_sc_hd__dfrtp_1)
                  0.12    0.42    0.99 v _431_/Q (sky130_fd_sc_hd__dfrtp_1)
     2    0.02                           net199 (net)
                  0.12    0.00    0.99 v output199/A (sky130_fd_sc_hd__clkbuf_4)
                  0.08    0.21    1.19 v output199/X (sky130_fd_sc_hd__clkbuf_4)
     1    0.03                           pwdata[7] (net)
                  0.08    0.00    1.20 v pwdata[7] (out)
                                  1.20   data arrival time

                          0.00    0.00   clock clk (rise edge)
                          0.00    0.00   clock network delay (propagated)
                          0.25    0.25   clock uncertainty
                          0.00    0.25   clock reconvergence pessimism
                         -2.00   -1.75   output external delay
                                 -1.75   data required time
-----------------------------------------------------------------------------
                                 -1.75   data required time
                                 -1.20   data arrival time
-----------------------------------------------------------------------------
                                  2.95   slack (MET)


Startpoint: _414_ (rising edge-triggered flip-flop clocked by clk)
Endpoint: paddr[22] (output port clocked by clk)
Path Group: clk
Path Type: min

Fanout     Cap    Slew   Delay    Time   Description
-----------------------------------------------------------------------------
                          0.00    0.00   clock clk (rise edge)
                          0.00    0.00   clock source latency
                  0.22    0.14    0.14 ^ clk (in)
     1    0.05                           clk (net)
                  0.22    0.00    0.14 ^ clkbuf_0_clk/A (sky130_fd_sc_hd__clkbuf_16)
                  0.14    0.25    0.39 ^ clkbuf_0_clk/X (sky130_fd_sc_hd__clkbuf_16)
     8    0.13                           clknet_0_clk (net)
                  0.14    0.00    0.39 ^ clkbuf_3_4__f_clk/A (sky130_fd_sc_hd__clkbuf_16)
                  0.08    0.18    0.57 ^ clkbuf_3_4__f_clk/X (sky130_fd_sc_hd__clkbuf_16)
    14    0.06                           clknet_3_4__leaf_clk (net)
                  0.08    0.00    0.57 ^ _414_/CLK (sky130_fd_sc_hd__dfrtp_1)
                  0.12    0.42    0.99 v _414_/Q (sky130_fd_sc_hd__dfrtp_1)
     2    0.02                           net148 (net)
                  0.12    0.00    1.00 v output148/A (sky130_fd_sc_hd__clkbuf_4)
                  0.08    0.20    1.20 v output148/X (sky130_fd_sc_hd__clkbuf_4)
     1    0.03                           paddr[22] (net)
                  0.08    0.00    1.20 v paddr[22] (out)
                                  1.20   data arrival time

                          0.00    0.00   clock clk (rise edge)
                          0.00    0.00   clock network delay (propagated)
                          0.25    0.25   clock uncertainty
                          0.00    0.25   clock reconvergence pessimism
                         -2.00   -1.75   output external delay
                                 -1.75   data required time
-----------------------------------------------------------------------------
                                 -1.75   data required time
                                 -1.20   data arrival time
-----------------------------------------------------------------------------
                                  2.95   slack (MET)


Startpoint: _421_ (rising edge-triggered flip-flop clocked by clk)
Endpoint: paddr[29] (output port clocked by clk)
Path Group: clk
Path Type: min

Fanout     Cap    Slew   Delay    Time   Description
-----------------------------------------------------------------------------
                          0.00    0.00   clock clk (rise edge)
                          0.00    0.00   clock source latency
                  0.22    0.14    0.14 ^ clk (in)
     1    0.05                           clk (net)
                  0.22    0.00    0.14 ^ clkbuf_0_clk/A (sky130_fd_sc_hd__clkbuf_16)
                  0.14    0.25    0.39 ^ clkbuf_0_clk/X (sky130_fd_sc_hd__clkbuf_16)
     8    0.13                           clknet_0_clk (net)
                  0.14    0.00    0.39 ^ clkbuf_3_7__f_clk/A (sky130_fd_sc_hd__clkbuf_16)
                  0.09    0.18    0.58 ^ clkbuf_3_7__f_clk/X (sky130_fd_sc_hd__clkbuf_16)
     9    0.07                           clknet_3_7__leaf_clk (net)
                  0.09    0.00    0.58 ^ _421_/CLK (sky130_fd_sc_hd__dfrtp_1)
                  0.11    0.42    1.00 v _421_/Q (sky130_fd_sc_hd__dfrtp_1)
     2    0.02                           net155 (net)
                  0.11    0.00    1.00 v output155/A (sky130_fd_sc_hd__buf_2)
                  0.09    0.20    1.20 v output155/X (sky130_fd_sc_hd__buf_2)
     1    0.03                           paddr[29] (net)
                  0.09    0.00    1.20 v paddr[29] (out)
                                  1.20   data arrival time

                          0.00    0.00   clock clk (rise edge)
                          0.00    0.00   clock network delay (propagated)
                          0.25    0.25   clock uncertainty
                          0.00    0.25   clock reconvergence pessimism
                         -2.00   -1.75   output external delay
                                 -1.75   data required time
-----------------------------------------------------------------------------
                                 -1.75   data required time
                                 -1.20   data arrival time
-----------------------------------------------------------------------------
                                  2.95   slack (MET)


Startpoint: _398_ (rising edge-triggered flip-flop clocked by clk)
Endpoint: paddr[6] (output port clocked by clk)
Path Group: clk
Path Type: min

Fanout     Cap    Slew   Delay    Time   Description
-----------------------------------------------------------------------------
                          0.00    0.00   clock clk (rise edge)
                          0.00    0.00   clock source latency
                  0.22    0.14    0.14 ^ clk (in)
     1    0.05                           clk (net)
                  0.22    0.00    0.14 ^ clkbuf_0_clk/A (sky130_fd_sc_hd__clkbuf_16)
                  0.14    0.25    0.39 ^ clkbuf_0_clk/X (sky130_fd_sc_hd__clkbuf_16)
     8    0.13                           clknet_0_clk (net)
                  0.14    0.00    0.39 ^ clkbuf_3_3__f_clk/A (sky130_fd_sc_hd__clkbuf_16)
                  0.06    0.16    0.56 ^ clkbuf_3_3__f_clk/X (sky130_fd_sc_hd__clkbuf_16)
     5    0.04                           clknet_3_3__leaf_clk (net)
                  0.06    0.00    0.56 ^ _398_/CLK (sky130_fd_sc_hd__dfrtp_2)
                  0.16    0.42    0.98 ^ _398_/Q (sky130_fd_sc_hd__dfrtp_2)
     2    0.03                           net162 (net)
                  0.16    0.00    0.99 ^ output162/A (sky130_fd_sc_hd__clkbuf_4)
                  0.11    0.22    1.20 ^ output162/X (sky130_fd_sc_hd__clkbuf_4)
     1    0.03                           paddr[6] (net)
                  0.11    0.00    1.20 ^ paddr[6] (out)
                                  1.20   data arrival time

                          0.00    0.00   clock clk (rise edge)
                          0.00    0.00   clock network delay (propagated)
                          0.25    0.25   clock uncertainty
                          0.00    0.25   clock reconvergence pessimism
                         -2.00   -1.75   output external delay
                                 -1.75   data required time
-----------------------------------------------------------------------------
                                 -1.75   data required time
                                 -1.20   data arrival time
-----------------------------------------------------------------------------
                                  2.95   slack (MET)


Startpoint: _395_ (rising edge-triggered flip-flop clocked by clk)
Endpoint: paddr[3] (output port clocked by clk)
Path Group: clk
Path Type: min

Fanout     Cap    Slew   Delay    Time   Description
-----------------------------------------------------------------------------
                          0.00    0.00   clock clk (rise edge)
                          0.00    0.00   clock source latency
                  0.22    0.14    0.14 ^ clk (in)
     1    0.05                           clk (net)
                  0.22    0.00    0.14 ^ clkbuf_0_clk/A (sky130_fd_sc_hd__clkbuf_16)
                  0.14    0.25    0.39 ^ clkbuf_0_clk/X (sky130_fd_sc_hd__clkbuf_16)
     8    0.13                           clknet_0_clk (net)
                  0.14    0.00    0.39 ^ clkbuf_3_1__f_clk/A (sky130_fd_sc_hd__clkbuf_16)
                  0.05    0.16    0.55 ^ clkbuf_3_1__f_clk/X (sky130_fd_sc_hd__clkbuf_16)
     9    0.03                           clknet_3_1__leaf_clk (net)
                  0.05    0.00    0.56 ^ _395_/CLK (sky130_fd_sc_hd__dfrtp_4)
                  0.12    0.44    1.00 ^ _395_/Q (sky130_fd_sc_hd__dfrtp_4)
     2    0.03                           net159 (net)
                  0.12    0.00    1.00 ^ output159/A (sky130_fd_sc_hd__clkbuf_4)
                  0.11    0.20    1.20 ^ output159/X (sky130_fd_sc_hd__clkbuf_4)
     1    0.03                           paddr[3] (net)
                  0.11    0.00    1.20 ^ paddr[3] (out)
                                  1.20   data arrival time

                          0.00    0.00   clock clk (rise edge)
                          0.00    0.00   clock network delay (propagated)
                          0.25    0.25   clock uncertainty
                          0.00    0.25   clock reconvergence pessimism
                         -2.00   -1.75   output external delay
                                 -1.75   data required time
-----------------------------------------------------------------------------
                                 -1.75   data required time
                                 -1.20   data arrival time
-----------------------------------------------------------------------------
                                  2.95   slack (MET)


Startpoint: _426_ (rising edge-triggered flip-flop clocked by clk)
Endpoint: pwdata[2] (output port clocked by clk)
Path Group: clk
Path Type: min

Fanout     Cap    Slew   Delay    Time   Description
-----------------------------------------------------------------------------
                          0.00    0.00   clock clk (rise edge)
                          0.00    0.00   clock source latency
                  0.22    0.14    0.14 ^ clk (in)
     1    0.05                           clk (net)
                  0.22    0.00    0.14 ^ clkbuf_0_clk/A (sky130_fd_sc_hd__clkbuf_16)
                  0.14    0.25    0.39 ^ clkbuf_0_clk/X (sky130_fd_sc_hd__clkbuf_16)
     8    0.13                           clknet_0_clk (net)
                  0.14    0.00    0.39 ^ clkbuf_3_4__f_clk/A (sky130_fd_sc_hd__clkbuf_16)
                  0.08    0.18    0.57 ^ clkbuf_3_4__f_clk/X (sky130_fd_sc_hd__clkbuf_16)
    14    0.06                           clknet_3_4__leaf_clk (net)
                  0.08    0.00    0.57 ^ _426_/CLK (sky130_fd_sc_hd__dfrtp_1)
                  0.12    0.42    1.00 v _426_/Q (sky130_fd_sc_hd__dfrtp_1)
     2    0.02                           net192 (net)
                  0.12    0.00    1.00 v output192/A (sky130_fd_sc_hd__clkbuf_4)
                  0.08    0.21    1.20 v output192/X (sky130_fd_sc_hd__clkbuf_4)
     1    0.03                           pwdata[2] (net)
                  0.08    0.00    1.20 v pwdata[2] (out)
                                  1.20   data arrival time

                          0.00    0.00   clock clk (rise edge)
                          0.00    0.00   clock network delay (propagated)
                          0.25    0.25   clock uncertainty
                          0.00    0.25   clock reconvergence pessimism
                         -2.00   -1.75   output external delay
                                 -1.75   data required time
-----------------------------------------------------------------------------
                                 -1.75   data required time
                                 -1.20   data arrival time
-----------------------------------------------------------------------------
                                  2.95   slack (MET)


Startpoint: _399_ (rising edge-triggered flip-flop clocked by clk)
Endpoint: paddr[7] (output port clocked by clk)
Path Group: clk
Path Type: min

Fanout     Cap    Slew   Delay    Time   Description
-----------------------------------------------------------------------------
                          0.00    0.00   clock clk (rise edge)
                          0.00    0.00   clock source latency
                  0.22    0.14    0.14 ^ clk (in)
     1    0.05                           clk (net)
                  0.22    0.00    0.14 ^ clkbuf_0_clk/A (sky130_fd_sc_hd__clkbuf_16)
                  0.14    0.25    0.39 ^ clkbuf_0_clk/X (sky130_fd_sc_hd__clkbuf_16)
     8    0.13                           clknet_0_clk (net)
                  0.14    0.00    0.39 ^ clkbuf_3_0__f_clk/A (sky130_fd_sc_hd__clkbuf_16)
                  0.07    0.17    0.56 ^ clkbuf_3_0__f_clk/X (sky130_fd_sc_hd__clkbuf_16)
     7    0.05                           clknet_3_0__leaf_clk (net)
                  0.07    0.00    0.57 ^ _399_/CLK (sky130_fd_sc_hd__dfrtp_2)
                  0.16    0.42    0.99 ^ _399_/Q (sky130_fd_sc_hd__dfrtp_2)
     2    0.03                           net163 (net)
                  0.16    0.00    0.99 ^ output163/A (sky130_fd_sc_hd__clkbuf_4)
                  0.11    0.21    1.20 ^ output163/X (sky130_fd_sc_hd__clkbuf_4)
     1    0.03                           paddr[7] (net)
                  0.11    0.00    1.20 ^ paddr[7] (out)
                                  1.20   data arrival time

                          0.00    0.00   clock clk (rise edge)
                          0.00    0.00   clock network delay (propagated)
                          0.25    0.25   clock uncertainty
                          0.00    0.25   clock reconvergence pessimism
                         -2.00   -1.75   output external delay
                                 -1.75   data required time
-----------------------------------------------------------------------------
                                 -1.75   data required time
                                 -1.20   data arrival time
-----------------------------------------------------------------------------
                                  2.95   slack (MET)


Startpoint: _445_ (rising edge-triggered flip-flop clocked by clk)
Endpoint: pwdata[21] (output port clocked by clk)
Path Group: clk
Path Type: min

Fanout     Cap    Slew   Delay    Time   Description
-----------------------------------------------------------------------------
                          0.00    0.00   clock clk (rise edge)
                          0.00    0.00   clock source latency
                  0.22    0.14    0.14 ^ clk (in)
     1    0.05                           clk (net)
                  0.22    0.00    0.14 ^ clkbuf_0_clk/A (sky130_fd_sc_hd__clkbuf_16)
                  0.14    0.25    0.39 ^ clkbuf_0_clk/X (sky130_fd_sc_hd__clkbuf_16)
     8    0.13                           clknet_0_clk (net)
                  0.14    0.00    0.39 ^ clkbuf_3_0__f_clk/A (sky130_fd_sc_hd__clkbuf_16)
                  0.07    0.17    0.56 ^ clkbuf_3_0__f_clk/X (sky130_fd_sc_hd__clkbuf_16)
     7    0.05                           clknet_3_0__leaf_clk (net)
                  0.07    0.00    0.57 ^ _445_/CLK (sky130_fd_sc_hd__dfrtp_1)
                  0.13    0.43    0.99 v _445_/Q (sky130_fd_sc_hd__dfrtp_1)
     2    0.02                           net183 (net)
                  0.13    0.00    0.99 v output183/A (sky130_fd_sc_hd__clkbuf_4)
                  0.08    0.21    1.20 v output183/X (sky130_fd_sc_hd__clkbuf_4)
     1    0.03                           pwdata[21] (net)
                  0.08    0.00    1.20 v pwdata[21] (out)
                                  1.20   data arrival time

                          0.00    0.00   clock clk (rise edge)
                          0.00    0.00   clock network delay (propagated)
                          0.25    0.25   clock uncertainty
                          0.00    0.25   clock reconvergence pessimism
                         -2.00   -1.75   output external delay
                                 -1.75   data required time
-----------------------------------------------------------------------------
                                 -1.75   data required time
                                 -1.20   data arrival time
-----------------------------------------------------------------------------
                                  2.95   slack (MET)


Startpoint: _440_ (rising edge-triggered flip-flop clocked by clk)
Endpoint: pwdata[16] (output port clocked by clk)
Path Group: clk
Path Type: min

Fanout     Cap    Slew   Delay    Time   Description
-----------------------------------------------------------------------------
                          0.00    0.00   clock clk (rise edge)
                          0.00    0.00   clock source latency
                  0.22    0.14    0.14 ^ clk (in)
     1    0.05                           clk (net)
                  0.22    0.00    0.14 ^ clkbuf_0_clk/A (sky130_fd_sc_hd__clkbuf_16)
                  0.14    0.25    0.39 ^ clkbuf_0_clk/X (sky130_fd_sc_hd__clkbuf_16)
     8    0.13                           clknet_0_clk (net)
                  0.14    0.00    0.39 ^ clkbuf_3_7__f_clk/A (sky130_fd_sc_hd__clkbuf_16)
                  0.09    0.18    0.58 ^ clkbuf_3_7__f_clk/X (sky130_fd_sc_hd__clkbuf_16)
     9    0.07                           clknet_3_7__leaf_clk (net)
                  0.09    0.00    0.58 ^ _440_/CLK (sky130_fd_sc_hd__dfrtp_1)
                  0.11    0.42    1.00 v _440_/Q (sky130_fd_sc_hd__dfrtp_1)
     2    0.02                           net177 (net)
                  0.11    0.00    1.00 v output177/A (sky130_fd_sc_hd__clkbuf_4)
                  0.08    0.20    1.20 v output177/X (sky130_fd_sc_hd__clkbuf_4)
     1    0.03                           pwdata[16] (net)
                  0.08    0.00    1.20 v pwdata[16] (out)
                                  1.20   data arrival time

                          0.00    0.00   clock clk (rise edge)
                          0.00    0.00   clock network delay (propagated)
                          0.25    0.25   clock uncertainty
                          0.00    0.25   clock reconvergence pessimism
                         -2.00   -1.75   output external delay
                                 -1.75   data required time
-----------------------------------------------------------------------------
                                 -1.75   data required time
                                 -1.20   data arrival time
-----------------------------------------------------------------------------
                                  2.95   slack (MET)


Startpoint: _401_ (rising edge-triggered flip-flop clocked by clk)
Endpoint: paddr[9] (output port clocked by clk)
Path Group: clk
Path Type: min

Fanout     Cap    Slew   Delay    Time   Description
-----------------------------------------------------------------------------
                          0.00    0.00   clock clk (rise edge)
                          0.00    0.00   clock source latency
                  0.22    0.14    0.14 ^ clk (in)
     1    0.05                           clk (net)
                  0.22    0.00    0.14 ^ clkbuf_0_clk/A (sky130_fd_sc_hd__clkbuf_16)
                  0.14    0.25    0.39 ^ clkbuf_0_clk/X (sky130_fd_sc_hd__clkbuf_16)
     8    0.13                           clknet_0_clk (net)
                  0.14    0.00    0.39 ^ clkbuf_3_5__f_clk/A (sky130_fd_sc_hd__clkbuf_16)
                  0.08    0.18    0.57 ^ clkbuf_3_5__f_clk/X (sky130_fd_sc_hd__clkbuf_16)
    10    0.06                           clknet_3_5__leaf_clk (net)
                  0.08    0.00    0.58 ^ _401_/CLK (sky130_fd_sc_hd__dfrtp_2)
                  0.15    0.42    0.99 ^ _401_/Q (sky130_fd_sc_hd__dfrtp_2)
     2    0.03                           net165 (net)
                  0.15    0.00    1.00 ^ output165/A (sky130_fd_sc_hd__clkbuf_4)
                  0.11    0.21    1.21 ^ output165/X (sky130_fd_sc_hd__clkbuf_4)
     1    0.03                           paddr[9] (net)
                  0.11    0.00    1.21 ^ paddr[9] (out)
                                  1.21   data arrival time

                          0.00    0.00   clock clk (rise edge)
                          0.00    0.00   clock network delay (propagated)
                          0.25    0.25   clock uncertainty
                          0.00    0.25   clock reconvergence pessimism
                         -2.00   -1.75   output external delay
                                 -1.75   data required time
-----------------------------------------------------------------------------
                                 -1.75   data required time
                                 -1.21   data arrival time
-----------------------------------------------------------------------------
                                  2.96   slack (MET)


Startpoint: _411_ (rising edge-triggered flip-flop clocked by clk)
Endpoint: paddr[19] (output port clocked by clk)
Path Group: clk
Path Type: min

Fanout     Cap    Slew   Delay    Time   Description
-----------------------------------------------------------------------------
                          0.00    0.00   clock clk (rise edge)
                          0.00    0.00   clock source latency
                  0.22    0.14    0.14 ^ clk (in)
     1    0.05                           clk (net)
                  0.22    0.00    0.14 ^ clkbuf_0_clk/A (sky130_fd_sc_hd__clkbuf_16)
                  0.14    0.25    0.39 ^ clkbuf_0_clk/X (sky130_fd_sc_hd__clkbuf_16)
     8    0.13                           clknet_0_clk (net)
                  0.14    0.00    0.39 ^ clkbuf_3_1__f_clk/A (sky130_fd_sc_hd__clkbuf_16)
                  0.05    0.16    0.55 ^ clkbuf_3_1__f_clk/X (sky130_fd_sc_hd__clkbuf_16)
     9    0.03                           clknet_3_1__leaf_clk (net)
                  0.05    0.00    0.55 ^ _411_/CLK (sky130_fd_sc_hd__dfrtp_2)
                  0.18    0.43    0.98 ^ _411_/Q (sky130_fd_sc_hd__dfrtp_2)
     2    0.03                           net144 (net)
                  0.18    0.00    0.99 ^ output144/A (sky130_fd_sc_hd__clkbuf_4)
                  0.11    0.22    1.21 ^ output144/X (sky130_fd_sc_hd__clkbuf_4)
     1    0.03                           paddr[19] (net)
                  0.11    0.00    1.21 ^ paddr[19] (out)
                                  1.21   data arrival time

                          0.00    0.00   clock clk (rise edge)
                          0.00    0.00   clock network delay (propagated)
                          0.25    0.25   clock uncertainty
                          0.00    0.25   clock reconvergence pessimism
                         -2.00   -1.75   output external delay
                                 -1.75   data required time
-----------------------------------------------------------------------------
                                 -1.75   data required time
                                 -1.21   data arrival time
-----------------------------------------------------------------------------
                                  2.96   slack (MET)


Startpoint: _444_ (rising edge-triggered flip-flop clocked by clk)
Endpoint: pwdata[20] (output port clocked by clk)
Path Group: clk
Path Type: min

Fanout     Cap    Slew   Delay    Time   Description
-----------------------------------------------------------------------------
                          0.00    0.00   clock clk (rise edge)
                          0.00    0.00   clock source latency
                  0.22    0.14    0.14 ^ clk (in)
     1    0.05                           clk (net)
                  0.22    0.00    0.14 ^ clkbuf_0_clk/A (sky130_fd_sc_hd__clkbuf_16)
                  0.14    0.25    0.39 ^ clkbuf_0_clk/X (sky130_fd_sc_hd__clkbuf_16)
     8    0.13                           clknet_0_clk (net)
                  0.14    0.00    0.39 ^ clkbuf_3_0__f_clk/A (sky130_fd_sc_hd__clkbuf_16)
                  0.07    0.17    0.56 ^ clkbuf_3_0__f_clk/X (sky130_fd_sc_hd__clkbuf_16)
     7    0.05                           clknet_3_0__leaf_clk (net)
                  0.07    0.00    0.57 ^ _444_/CLK (sky130_fd_sc_hd__dfrtp_1)
                  0.13    0.43    1.00 v _444_/Q (sky130_fd_sc_hd__dfrtp_1)
     2    0.02                           net182 (net)
                  0.13    0.00    1.00 v output182/A (sky130_fd_sc_hd__clkbuf_4)
                  0.08    0.21    1.21 v output182/X (sky130_fd_sc_hd__clkbuf_4)
     1    0.03                           pwdata[20] (net)
                  0.08    0.00    1.21 v pwdata[20] (out)
                                  1.21   data arrival time

                          0.00    0.00   clock clk (rise edge)
                          0.00    0.00   clock network delay (propagated)
                          0.25    0.25   clock uncertainty
                          0.00    0.25   clock reconvergence pessimism
                         -2.00   -1.75   output external delay
                                 -1.75   data required time
-----------------------------------------------------------------------------
                                 -1.75   data required time
                                 -1.21   data arrival time
-----------------------------------------------------------------------------
                                  2.96   slack (MET)


Startpoint: _449_ (rising edge-triggered flip-flop clocked by clk)
Endpoint: pwdata[25] (output port clocked by clk)
Path Group: clk
Path Type: min

Fanout     Cap    Slew   Delay    Time   Description
-----------------------------------------------------------------------------
                          0.00    0.00   clock clk (rise edge)
                          0.00    0.00   clock source latency
                  0.22    0.14    0.14 ^ clk (in)
     1    0.05                           clk (net)
                  0.22    0.00    0.14 ^ clkbuf_0_clk/A (sky130_fd_sc_hd__clkbuf_16)
                  0.14    0.25    0.39 ^ clkbuf_0_clk/X (sky130_fd_sc_hd__clkbuf_16)
     8    0.13                           clknet_0_clk (net)
                  0.14    0.00    0.39 ^ clkbuf_3_1__f_clk/A (sky130_fd_sc_hd__clkbuf_16)
                  0.05    0.16    0.55 ^ clkbuf_3_1__f_clk/X (sky130_fd_sc_hd__clkbuf_16)
     9    0.03                           clknet_3_1__leaf_clk (net)
                  0.05    0.00    0.55 ^ _449_/CLK (sky130_fd_sc_hd__dfrtp_4)
                  0.13    0.45    1.00 ^ _449_/Q (sky130_fd_sc_hd__dfrtp_4)
     2    0.03                           net187 (net)
                  0.13    0.00    1.00 ^ output187/A (sky130_fd_sc_hd__clkbuf_4)
                  0.11    0.20    1.21 ^ output187/X (sky130_fd_sc_hd__clkbuf_4)
     1    0.03                           pwdata[25] (net)
                  0.11    0.00    1.21 ^ pwdata[25] (out)
                                  1.21   data arrival time

                          0.00    0.00   clock clk (rise edge)
                          0.00    0.00   clock network delay (propagated)
                          0.25    0.25   clock uncertainty
                          0.00    0.25   clock reconvergence pessimism
                         -2.00   -1.75   output external delay
                                 -1.75   data required time
-----------------------------------------------------------------------------
                                 -1.75   data required time
                                 -1.21   data arrival time
-----------------------------------------------------------------------------
                                  2.96   slack (MET)


Startpoint: _403_ (rising edge-triggered flip-flop clocked by clk)
Endpoint: paddr[11] (output port clocked by clk)
Path Group: clk
Path Type: min

Fanout     Cap    Slew   Delay    Time   Description
-----------------------------------------------------------------------------
                          0.00    0.00   clock clk (rise edge)
                          0.00    0.00   clock source latency
                  0.22    0.14    0.14 ^ clk (in)
     1    0.05                           clk (net)
                  0.22    0.00    0.14 ^ clkbuf_0_clk/A (sky130_fd_sc_hd__clkbuf_16)
                  0.14    0.25    0.39 ^ clkbuf_0_clk/X (sky130_fd_sc_hd__clkbuf_16)
     8    0.13                           clknet_0_clk (net)
                  0.14    0.00    0.39 ^ clkbuf_3_5__f_clk/A (sky130_fd_sc_hd__clkbuf_16)
                  0.08    0.18    0.57 ^ clkbuf_3_5__f_clk/X (sky130_fd_sc_hd__clkbuf_16)
    10    0.06                           clknet_3_5__leaf_clk (net)
                  0.08    0.00    0.57 ^ _403_/CLK (sky130_fd_sc_hd__dfrtp_4)
                  0.11    0.44    1.01 ^ _403_/Q (sky130_fd_sc_hd__dfrtp_4)
     2    0.03                           net136 (net)
                  0.11    0.00    1.02 ^ output136/A (sky130_fd_sc_hd__clkbuf_4)
                  0.11    0.20    1.21 ^ output136/X (sky130_fd_sc_hd__clkbuf_4)
     1    0.03                           paddr[11] (net)
                  0.11    0.00    1.21 ^ paddr[11] (out)
                                  1.21   data arrival time

                          0.00    0.00   clock clk (rise edge)
                          0.00    0.00   clock network delay (propagated)
                          0.25    0.25   clock uncertainty
                          0.00    0.25   clock reconvergence pessimism
                         -2.00   -1.75   output external delay
                                 -1.75   data required time
-----------------------------------------------------------------------------
                                 -1.75   data required time
                                 -1.21   data arrival time
-----------------------------------------------------------------------------
                                  2.96   slack (MET)


Startpoint: _389_ (rising edge-triggered flip-flop clocked by clk)
Endpoint: pwrite (output port clocked by clk)
Path Group: clk
Path Type: min

Fanout     Cap    Slew   Delay    Time   Description
-----------------------------------------------------------------------------
                          0.00    0.00   clock clk (rise edge)
                          0.00    0.00   clock source latency
                  0.22    0.14    0.14 ^ clk (in)
     1    0.05                           clk (net)
                  0.22    0.00    0.14 ^ clkbuf_0_clk/A (sky130_fd_sc_hd__clkbuf_16)
                  0.14    0.25    0.39 ^ clkbuf_0_clk/X (sky130_fd_sc_hd__clkbuf_16)
     8    0.13                           clknet_0_clk (net)
                  0.14    0.00    0.39 ^ clkbuf_3_1__f_clk/A (sky130_fd_sc_hd__clkbuf_16)
                  0.05    0.16    0.55 ^ clkbuf_3_1__f_clk/X (sky130_fd_sc_hd__clkbuf_16)
     9    0.03                           clknet_3_1__leaf_clk (net)
                  0.05    0.00    0.56 ^ _389_/CLK (sky130_fd_sc_hd__dfrtp_4)
                  0.13    0.45    1.00 ^ _389_/Q (sky130_fd_sc_hd__dfrtp_4)
     2    0.04                           net202 (net)
                  0.13    0.00    1.01 ^ output202/A (sky130_fd_sc_hd__clkbuf_4)
                  0.11    0.21    1.21 ^ output202/X (sky130_fd_sc_hd__clkbuf_4)
     1    0.03                           pwrite (net)
                  0.11    0.00    1.21 ^ pwrite (out)
                                  1.21   data arrival time

                          0.00    0.00   clock clk (rise edge)
                          0.00    0.00   clock network delay (propagated)
                          0.25    0.25   clock uncertainty
                          0.00    0.25   clock reconvergence pessimism
                         -2.00   -1.75   output external delay
                                 -1.75   data required time
-----------------------------------------------------------------------------
                                 -1.75   data required time
                                 -1.21   data arrival time
-----------------------------------------------------------------------------
                                  2.96   slack (MET)


Startpoint: _425_ (rising edge-triggered flip-flop clocked by clk)
Endpoint: pwdata[1] (output port clocked by clk)
Path Group: clk
Path Type: min

Fanout     Cap    Slew   Delay    Time   Description
-----------------------------------------------------------------------------
                          0.00    0.00   clock clk (rise edge)
                          0.00    0.00   clock source latency
                  0.22    0.14    0.14 ^ clk (in)
     1    0.05                           clk (net)
                  0.22    0.00    0.14 ^ clkbuf_0_clk/A (sky130_fd_sc_hd__clkbuf_16)
                  0.14    0.25    0.39 ^ clkbuf_0_clk/X (sky130_fd_sc_hd__clkbuf_16)
     8    0.13                           clknet_0_clk (net)
                  0.14    0.00    0.39 ^ clkbuf_3_4__f_clk/A (sky130_fd_sc_hd__clkbuf_16)
                  0.08    0.18    0.57 ^ clkbuf_3_4__f_clk/X (sky130_fd_sc_hd__clkbuf_16)
    14    0.06                           clknet_3_4__leaf_clk (net)
                  0.08    0.00    0.57 ^ _425_/CLK (sky130_fd_sc_hd__dfrtp_4)
                  0.11    0.44    1.01 ^ _425_/Q (sky130_fd_sc_hd__dfrtp_4)
     2    0.03                           net181 (net)
                  0.11    0.00    1.02 ^ output181/A (sky130_fd_sc_hd__clkbuf_4)
                  0.11    0.20    1.22 ^ output181/X (sky130_fd_sc_hd__clkbuf_4)
     1    0.03                           pwdata[1] (net)
                  0.11    0.00    1.22 ^ pwdata[1] (out)
                                  1.22   data arrival time

                          0.00    0.00   clock clk (rise edge)
                          0.00    0.00   clock network delay (propagated)
                          0.25    0.25   clock uncertainty
                          0.00    0.25   clock reconvergence pessimism
                         -2.00   -1.75   output external delay
                                 -1.75   data required time
-----------------------------------------------------------------------------
                                 -1.75   data required time
                                 -1.22   data arrival time
-----------------------------------------------------------------------------
                                  2.97   slack (MET)


Startpoint: _419_ (rising edge-triggered flip-flop clocked by clk)
Endpoint: paddr[27] (output port clocked by clk)
Path Group: clk
Path Type: min

Fanout     Cap    Slew   Delay    Time   Description
-----------------------------------------------------------------------------
                          0.00    0.00   clock clk (rise edge)
                          0.00    0.00   clock source latency
                  0.22    0.14    0.14 ^ clk (in)
     1    0.05                           clk (net)
                  0.22    0.00    0.14 ^ clkbuf_0_clk/A (sky130_fd_sc_hd__clkbuf_16)
                  0.14    0.25    0.39 ^ clkbuf_0_clk/X (sky130_fd_sc_hd__clkbuf_16)
     8    0.13                           clknet_0_clk (net)
                  0.14    0.00    0.39 ^ clkbuf_3_3__f_clk/A (sky130_fd_sc_hd__clkbuf_16)
                  0.06    0.16    0.56 ^ clkbuf_3_3__f_clk/X (sky130_fd_sc_hd__clkbuf_16)
     5    0.04                           clknet_3_3__leaf_clk (net)
                  0.06    0.00    0.56 ^ _419_/CLK (sky130_fd_sc_hd__dfrtp_4)
                  0.13    0.45    1.01 ^ _419_/Q (sky130_fd_sc_hd__dfrtp_4)
     2    0.04                           net153 (net)
                  0.13    0.00    1.01 ^ output153/A (sky130_fd_sc_hd__clkbuf_4)
                  0.11    0.20    1.22 ^ output153/X (sky130_fd_sc_hd__clkbuf_4)
     1    0.03                           paddr[27] (net)
                  0.11    0.00    1.22 ^ paddr[27] (out)
                                  1.22   data arrival time

                          0.00    0.00   clock clk (rise edge)
                          0.00    0.00   clock network delay (propagated)
                          0.25    0.25   clock uncertainty
                          0.00    0.25   clock reconvergence pessimism
                         -2.00   -1.75   output external delay
                                 -1.75   data required time
-----------------------------------------------------------------------------
                                 -1.75   data required time
                                 -1.22   data arrival time
-----------------------------------------------------------------------------
                                  2.97   slack (MET)


Startpoint: _420_ (rising edge-triggered flip-flop clocked by clk)
Endpoint: paddr[28] (output port clocked by clk)
Path Group: clk
Path Type: min

Fanout     Cap    Slew   Delay    Time   Description
-----------------------------------------------------------------------------
                          0.00    0.00   clock clk (rise edge)
                          0.00    0.00   clock source latency
                  0.22    0.14    0.14 ^ clk (in)
     1    0.05                           clk (net)
                  0.22    0.00    0.14 ^ clkbuf_0_clk/A (sky130_fd_sc_hd__clkbuf_16)
                  0.14    0.25    0.39 ^ clkbuf_0_clk/X (sky130_fd_sc_hd__clkbuf_16)
     8    0.13                           clknet_0_clk (net)
                  0.14    0.00    0.39 ^ clkbuf_3_4__f_clk/A (sky130_fd_sc_hd__clkbuf_16)
                  0.08    0.18    0.57 ^ clkbuf_3_4__f_clk/X (sky130_fd_sc_hd__clkbuf_16)
    14    0.06                           clknet_3_4__leaf_clk (net)
                  0.08    0.00    0.57 ^ _420_/CLK (sky130_fd_sc_hd__dfrtp_4)
                  0.11    0.45    1.02 ^ _420_/Q (sky130_fd_sc_hd__dfrtp_4)
     2    0.03                           net154 (net)
                  0.12    0.00    1.02 ^ output154/A (sky130_fd_sc_hd__clkbuf_4)
                  0.11    0.20    1.22 ^ output154/X (sky130_fd_sc_hd__clkbuf_4)
     1    0.03                           paddr[28] (net)
                  0.11    0.00    1.22 ^ paddr[28] (out)
                                  1.22   data arrival time

                          0.00    0.00   clock clk (rise edge)
                          0.00    0.00   clock network delay (propagated)
                          0.25    0.25   clock uncertainty
                          0.00    0.25   clock reconvergence pessimism
                         -2.00   -1.75   output external delay
                                 -1.75   data required time
-----------------------------------------------------------------------------
                                 -1.75   data required time
                                 -1.22   data arrival time
-----------------------------------------------------------------------------
                                  2.97   slack (MET)


Startpoint: _410_ (rising edge-triggered flip-flop clocked by clk)
Endpoint: paddr[18] (output port clocked by clk)
Path Group: clk
Path Type: min

Fanout     Cap    Slew   Delay    Time   Description
-----------------------------------------------------------------------------
                          0.00    0.00   clock clk (rise edge)
                          0.00    0.00   clock source latency
                  0.22    0.14    0.14 ^ clk (in)
     1    0.05                           clk (net)
                  0.22    0.00    0.14 ^ clkbuf_0_clk/A (sky130_fd_sc_hd__clkbuf_16)
                  0.14    0.25    0.39 ^ clkbuf_0_clk/X (sky130_fd_sc_hd__clkbuf_16)
     8    0.13                           clknet_0_clk (net)
                  0.14    0.00    0.39 ^ clkbuf_3_1__f_clk/A (sky130_fd_sc_hd__clkbuf_16)
                  0.05    0.16    0.55 ^ clkbuf_3_1__f_clk/X (sky130_fd_sc_hd__clkbuf_16)
     9    0.03                           clknet_3_1__leaf_clk (net)
                  0.05    0.00    0.56 ^ _410_/CLK (sky130_fd_sc_hd__dfrtp_4)
                  0.14    0.45    1.01 ^ _410_/Q (sky130_fd_sc_hd__dfrtp_4)
     2    0.04                           net143 (net)
                  0.14    0.01    1.01 ^ output143/A (sky130_fd_sc_hd__clkbuf_4)
                  0.11    0.21    1.22 ^ output143/X (sky130_fd_sc_hd__clkbuf_4)
     1    0.03                           paddr[18] (net)
                  0.11    0.00    1.22 ^ paddr[18] (out)
                                  1.22   data arrival time

                          0.00    0.00   clock clk (rise edge)
                          0.00    0.00   clock network delay (propagated)
                          0.25    0.25   clock uncertainty
                          0.00    0.25   clock reconvergence pessimism
                         -2.00   -1.75   output external delay
                                 -1.75   data required time
-----------------------------------------------------------------------------
                                 -1.75   data required time
                                 -1.22   data arrival time
-----------------------------------------------------------------------------
                                  2.97   slack (MET)


Startpoint: _441_ (rising edge-triggered flip-flop clocked by clk)
Endpoint: pwdata[17] (output port clocked by clk)
Path Group: clk
Path Type: min

Fanout     Cap    Slew   Delay    Time   Description
-----------------------------------------------------------------------------
                          0.00    0.00   clock clk (rise edge)
                          0.00    0.00   clock source latency
                  0.22    0.14    0.14 ^ clk (in)
     1    0.05                           clk (net)
                  0.22    0.00    0.14 ^ clkbuf_0_clk/A (sky130_fd_sc_hd__clkbuf_16)
                  0.14    0.25    0.39 ^ clkbuf_0_clk/X (sky130_fd_sc_hd__clkbuf_16)
     8    0.13                           clknet_0_clk (net)
                  0.14    0.00    0.39 ^ clkbuf_3_4__f_clk/A (sky130_fd_sc_hd__clkbuf_16)
                  0.08    0.18    0.57 ^ clkbuf_3_4__f_clk/X (sky130_fd_sc_hd__clkbuf_16)
    14    0.06                           clknet_3_4__leaf_clk (net)
                  0.08    0.00    0.57 ^ _441_/CLK (sky130_fd_sc_hd__dfrtp_4)
                  0.12    0.45    1.03 ^ _441_/Q (sky130_fd_sc_hd__dfrtp_4)
     2    0.03                           net178 (net)
                  0.12    0.00    1.03 ^ output178/A (sky130_fd_sc_hd__clkbuf_4)
                  0.11    0.20    1.23 ^ output178/X (sky130_fd_sc_hd__clkbuf_4)
     1    0.03                           pwdata[17] (net)
                  0.11    0.00    1.23 ^ pwdata[17] (out)
                                  1.23   data arrival time

                          0.00    0.00   clock clk (rise edge)
                          0.00    0.00   clock network delay (propagated)
                          0.25    0.25   clock uncertainty
                          0.00    0.25   clock reconvergence pessimism
                         -2.00   -1.75   output external delay
                                 -1.75   data required time
-----------------------------------------------------------------------------
                                 -1.75   data required time
                                 -1.23   data arrival time
-----------------------------------------------------------------------------
                                  2.98   slack (MET)


Startpoint: _409_ (rising edge-triggered flip-flop clocked by clk)
Endpoint: paddr[17] (output port clocked by clk)
Path Group: clk
Path Type: min

Fanout     Cap    Slew   Delay    Time   Description
-----------------------------------------------------------------------------
                          0.00    0.00   clock clk (rise edge)
                          0.00    0.00   clock source latency
                  0.22    0.14    0.14 ^ clk (in)
     1    0.05                           clk (net)
                  0.22    0.00    0.14 ^ clkbuf_0_clk/A (sky130_fd_sc_hd__clkbuf_16)
                  0.14    0.25    0.39 ^ clkbuf_0_clk/X (sky130_fd_sc_hd__clkbuf_16)
     8    0.13                           clknet_0_clk (net)
                  0.14    0.00    0.39 ^ clkbuf_3_5__f_clk/A (sky130_fd_sc_hd__clkbuf_16)
                  0.08    0.18    0.57 ^ clkbuf_3_5__f_clk/X (sky130_fd_sc_hd__clkbuf_16)
    10    0.06                           clknet_3_5__leaf_clk (net)
                  0.08    0.00    0.57 ^ _409_/CLK (sky130_fd_sc_hd__dfrtp_2)
                  0.11    0.46    1.03 v _409_/Q (sky130_fd_sc_hd__dfrtp_2)
     2    0.03                           net142 (net)
                  0.11    0.00    1.03 v output142/A (sky130_fd_sc_hd__buf_2)
                  0.09    0.20    1.23 v output142/X (sky130_fd_sc_hd__buf_2)
     1    0.03                           paddr[17] (net)
                  0.09    0.00    1.23 v paddr[17] (out)
                                  1.23   data arrival time

                          0.00    0.00   clock clk (rise edge)
                          0.00    0.00   clock network delay (propagated)
                          0.25    0.25   clock uncertainty
                          0.00    0.25   clock reconvergence pessimism
                         -2.00   -1.75   output external delay
                                 -1.75   data required time
-----------------------------------------------------------------------------
                                 -1.75   data required time
                                 -1.23   data arrival time
-----------------------------------------------------------------------------
                                  2.98   slack (MET)


Startpoint: _404_ (rising edge-triggered flip-flop clocked by clk)
Endpoint: paddr[12] (output port clocked by clk)
Path Group: clk
Path Type: min

Fanout     Cap    Slew   Delay    Time   Description
-----------------------------------------------------------------------------
                          0.00    0.00   clock clk (rise edge)
                          0.00    0.00   clock source latency
                  0.22    0.14    0.14 ^ clk (in)
     1    0.05                           clk (net)
                  0.22    0.00    0.14 ^ clkbuf_0_clk/A (sky130_fd_sc_hd__clkbuf_16)
                  0.14    0.25    0.39 ^ clkbuf_0_clk/X (sky130_fd_sc_hd__clkbuf_16)
     8    0.13                           clknet_0_clk (net)
                  0.14    0.00    0.39 ^ clkbuf_3_4__f_clk/A (sky130_fd_sc_hd__clkbuf_16)
                  0.08    0.18    0.57 ^ clkbuf_3_4__f_clk/X (sky130_fd_sc_hd__clkbuf_16)
    14    0.06                           clknet_3_4__leaf_clk (net)
                  0.08    0.00    0.57 ^ _404_/CLK (sky130_fd_sc_hd__dfrtp_4)
                  0.13    0.46    1.03 ^ _404_/Q (sky130_fd_sc_hd__dfrtp_4)
     2    0.04                           net137 (net)
                  0.13    0.01    1.04 ^ output137/A (sky130_fd_sc_hd__clkbuf_4)
                  0.11    0.21    1.24 ^ output137/X (sky130_fd_sc_hd__clkbuf_4)
     1    0.03                           paddr[12] (net)
                  0.11    0.00    1.24 ^ paddr[12] (out)
                                  1.24   data arrival time

                          0.00    0.00   clock clk (rise edge)
                          0.00    0.00   clock network delay (propagated)
                          0.25    0.25   clock uncertainty
                          0.00    0.25   clock reconvergence pessimism
                         -2.00   -1.75   output external delay
                                 -1.75   data required time
-----------------------------------------------------------------------------
                                 -1.75   data required time
                                 -1.24   data arrival time
-----------------------------------------------------------------------------
                                  2.99   slack (MET)


Startpoint: _405_ (rising edge-triggered flip-flop clocked by clk)
Endpoint: paddr[13] (output port clocked by clk)
Path Group: clk
Path Type: min

Fanout     Cap    Slew   Delay    Time   Description
-----------------------------------------------------------------------------
                          0.00    0.00   clock clk (rise edge)
                          0.00    0.00   clock source latency
                  0.22    0.14    0.14 ^ clk (in)
     1    0.05                           clk (net)
                  0.22    0.00    0.14 ^ clkbuf_0_clk/A (sky130_fd_sc_hd__clkbuf_16)
                  0.14    0.25    0.39 ^ clkbuf_0_clk/X (sky130_fd_sc_hd__clkbuf_16)
     8    0.13                           clknet_0_clk (net)
                  0.14    0.00    0.39 ^ clkbuf_3_5__f_clk/A (sky130_fd_sc_hd__clkbuf_16)
                  0.08    0.18    0.57 ^ clkbuf_3_5__f_clk/X (sky130_fd_sc_hd__clkbuf_16)
    10    0.06                           clknet_3_5__leaf_clk (net)
                  0.08    0.00    0.57 ^ _405_/CLK (sky130_fd_sc_hd__dfrtp_2)
                  0.12    0.46    1.03 v _405_/Q (sky130_fd_sc_hd__dfrtp_2)
     2    0.04                           net138 (net)
                  0.12    0.00    1.04 v output138/A (sky130_fd_sc_hd__clkbuf_4)
                  0.08    0.21    1.24 v output138/X (sky130_fd_sc_hd__clkbuf_4)
     1    0.03                           paddr[13] (net)
                  0.08    0.00    1.24 v paddr[13] (out)
                                  1.24   data arrival time

                          0.00    0.00   clock clk (rise edge)
                          0.00    0.00   clock network delay (propagated)
                          0.25    0.25   clock uncertainty
                          0.00    0.25   clock reconvergence pessimism
                         -2.00   -1.75   output external delay
                                 -1.75   data required time
-----------------------------------------------------------------------------
                                 -1.75   data required time
                                 -1.24   data arrival time
-----------------------------------------------------------------------------
                                  2.99   slack (MET)


Startpoint: _413_ (rising edge-triggered flip-flop clocked by clk)
Endpoint: paddr[21] (output port clocked by clk)
Path Group: clk
Path Type: min

Fanout     Cap    Slew   Delay    Time   Description
-----------------------------------------------------------------------------
                          0.00    0.00   clock clk (rise edge)
                          0.00    0.00   clock source latency
                  0.22    0.14    0.14 ^ clk (in)
     1    0.05                           clk (net)
                  0.22    0.00    0.14 ^ clkbuf_0_clk/A (sky130_fd_sc_hd__clkbuf_16)
                  0.14    0.25    0.39 ^ clkbuf_0_clk/X (sky130_fd_sc_hd__clkbuf_16)
     8    0.13                           clknet_0_clk (net)
                  0.14    0.00    0.39 ^ clkbuf_3_4__f_clk/A (sky130_fd_sc_hd__clkbuf_16)
                  0.08    0.18    0.57 ^ clkbuf_3_4__f_clk/X (sky130_fd_sc_hd__clkbuf_16)
    14    0.06                           clknet_3_4__leaf_clk (net)
                  0.08    0.00    0.57 ^ _413_/CLK (sky130_fd_sc_hd__dfrtp_4)
                  0.13    0.46    1.03 ^ _413_/Q (sky130_fd_sc_hd__dfrtp_4)
     2    0.04                           net147 (net)
                  0.13    0.00    1.04 ^ output147/A (sky130_fd_sc_hd__clkbuf_4)
                  0.11    0.21    1.24 ^ output147/X (sky130_fd_sc_hd__clkbuf_4)
     1    0.03                           paddr[21] (net)
                  0.11    0.00    1.24 ^ paddr[21] (out)
                                  1.24   data arrival time

                          0.00    0.00   clock clk (rise edge)
                          0.00    0.00   clock network delay (propagated)
                          0.25    0.25   clock uncertainty
                          0.00    0.25   clock reconvergence pessimism
                         -2.00   -1.75   output external delay
                                 -1.75   data required time
-----------------------------------------------------------------------------
                                 -1.75   data required time
                                 -1.24   data arrival time
-----------------------------------------------------------------------------
                                  2.99   slack (MET)


Startpoint: _434_ (rising edge-triggered flip-flop clocked by clk)
Endpoint: pwdata[10] (output port clocked by clk)
Path Group: clk
Path Type: min

Fanout     Cap    Slew   Delay    Time   Description
-----------------------------------------------------------------------------
                          0.00    0.00   clock clk (rise edge)
                          0.00    0.00   clock source latency
                  0.22    0.14    0.14 ^ clk (in)
     1    0.05                           clk (net)
                  0.22    0.00    0.14 ^ clkbuf_0_clk/A (sky130_fd_sc_hd__clkbuf_16)
                  0.14    0.25    0.39 ^ clkbuf_0_clk/X (sky130_fd_sc_hd__clkbuf_16)
     8    0.13                           clknet_0_clk (net)
                  0.14    0.00    0.39 ^ clkbuf_3_4__f_clk/A (sky130_fd_sc_hd__clkbuf_16)
                  0.08    0.18    0.57 ^ clkbuf_3_4__f_clk/X (sky130_fd_sc_hd__clkbuf_16)
    14    0.06                           clknet_3_4__leaf_clk (net)
                  0.08    0.00    0.57 ^ _434_/CLK (sky130_fd_sc_hd__dfrtp_4)
                  0.14    0.46    1.04 ^ _434_/Q (sky130_fd_sc_hd__dfrtp_4)
     2    0.04                           net171 (net)
                  0.14    0.01    1.04 ^ output171/A (sky130_fd_sc_hd__clkbuf_4)
                  0.12    0.21    1.25 ^ output171/X (sky130_fd_sc_hd__clkbuf_4)
     1    0.04                           pwdata[10] (net)
                  0.12    0.00    1.25 ^ pwdata[10] (out)
                                  1.25   data arrival time

                          0.00    0.00   clock clk (rise edge)
                          0.00    0.00   clock network delay (propagated)
                          0.25    0.25   clock uncertainty
                          0.00    0.25   clock reconvergence pessimism
                         -2.00   -1.75   output external delay
                                 -1.75   data required time
-----------------------------------------------------------------------------
                                 -1.75   data required time
                                 -1.25   data arrival time
-----------------------------------------------------------------------------
                                  3.00   slack (MET)


Startpoint: _418_ (rising edge-triggered flip-flop clocked by clk)
Endpoint: paddr[26] (output port clocked by clk)
Path Group: clk
Path Type: min

Fanout     Cap    Slew   Delay    Time   Description
-----------------------------------------------------------------------------
                          0.00    0.00   clock clk (rise edge)
                          0.00    0.00   clock source latency
                  0.22    0.14    0.14 ^ clk (in)
     1    0.05                           clk (net)
                  0.22    0.00    0.14 ^ clkbuf_0_clk/A (sky130_fd_sc_hd__clkbuf_16)
                  0.14    0.25    0.39 ^ clkbuf_0_clk/X (sky130_fd_sc_hd__clkbuf_16)
     8    0.13                           clknet_0_clk (net)
                  0.14    0.00    0.39 ^ clkbuf_3_1__f_clk/A (sky130_fd_sc_hd__clkbuf_16)
                  0.05    0.16    0.55 ^ clkbuf_3_1__f_clk/X (sky130_fd_sc_hd__clkbuf_16)
     9    0.03                           clknet_3_1__leaf_clk (net)
                  0.05    0.00    0.56 ^ _418_/CLK (sky130_fd_sc_hd__dfrtp_4)
                  0.16    0.47    1.03 ^ _418_/Q (sky130_fd_sc_hd__dfrtp_4)
     2    0.05                           net152 (net)
                  0.17    0.01    1.04 ^ output152/A (sky130_fd_sc_hd__clkbuf_4)
                  0.11    0.22    1.25 ^ output152/X (sky130_fd_sc_hd__clkbuf_4)
     1    0.03                           paddr[26] (net)
                  0.11    0.00    1.25 ^ paddr[26] (out)
                                  1.25   data arrival time

                          0.00    0.00   clock clk (rise edge)
                          0.00    0.00   clock network delay (propagated)
                          0.25    0.25   clock uncertainty
                          0.00    0.25   clock reconvergence pessimism
                         -2.00   -1.75   output external delay
                                 -1.75   data required time
-----------------------------------------------------------------------------
                                 -1.75   data required time
                                 -1.25   data arrival time
-----------------------------------------------------------------------------
                                  3.00   slack (MET)


Startpoint: _439_ (rising edge-triggered flip-flop clocked by clk)
Endpoint: pwdata[15] (output port clocked by clk)
Path Group: clk
Path Type: min

Fanout     Cap    Slew   Delay    Time   Description
-----------------------------------------------------------------------------
                          0.00    0.00   clock clk (rise edge)
                          0.00    0.00   clock source latency
                  0.22    0.14    0.14 ^ clk (in)
     1    0.05                           clk (net)
                  0.22    0.00    0.14 ^ clkbuf_0_clk/A (sky130_fd_sc_hd__clkbuf_16)
                  0.14    0.25    0.39 ^ clkbuf_0_clk/X (sky130_fd_sc_hd__clkbuf_16)
     8    0.13                           clknet_0_clk (net)
                  0.14    0.00    0.39 ^ clkbuf_3_3__f_clk/A (sky130_fd_sc_hd__clkbuf_16)
                  0.06    0.16    0.56 ^ clkbuf_3_3__f_clk/X (sky130_fd_sc_hd__clkbuf_16)
     5    0.04                           clknet_3_3__leaf_clk (net)
                  0.06    0.00    0.56 ^ _439_/CLK (sky130_fd_sc_hd__dfrtp_4)
                  0.16    0.47    1.03 ^ _439_/Q (sky130_fd_sc_hd__dfrtp_4)
     2    0.05                           net176 (net)
                  0.16    0.01    1.04 ^ output176/A (sky130_fd_sc_hd__clkbuf_4)
                  0.12    0.22    1.26 ^ output176/X (sky130_fd_sc_hd__clkbuf_4)
     1    0.04                           pwdata[15] (net)
                  0.12    0.00    1.26 ^ pwdata[15] (out)
                                  1.26   data arrival time

                          0.00    0.00   clock clk (rise edge)
                          0.00    0.00   clock network delay (propagated)
                          0.25    0.25   clock uncertainty
                          0.00    0.25   clock reconvergence pessimism
                         -2.00   -1.75   output external delay
                                 -1.75   data required time
-----------------------------------------------------------------------------
                                 -1.75   data required time
                                 -1.26   data arrival time
-----------------------------------------------------------------------------
                                  3.01   slack (MET)


Startpoint: _424_ (rising edge-triggered flip-flop clocked by clk)
Endpoint: pwdata[0] (output port clocked by clk)
Path Group: clk
Path Type: min

Fanout     Cap    Slew   Delay    Time   Description
-----------------------------------------------------------------------------
                          0.00    0.00   clock clk (rise edge)
                          0.00    0.00   clock source latency
                  0.22    0.14    0.14 ^ clk (in)
     1    0.05                           clk (net)
                  0.22    0.00    0.14 ^ clkbuf_0_clk/A (sky130_fd_sc_hd__clkbuf_16)
                  0.14    0.25    0.39 ^ clkbuf_0_clk/X (sky130_fd_sc_hd__clkbuf_16)
     8    0.13                           clknet_0_clk (net)
                  0.14    0.00    0.39 ^ clkbuf_3_4__f_clk/A (sky130_fd_sc_hd__clkbuf_16)
                  0.08    0.18    0.57 ^ clkbuf_3_4__f_clk/X (sky130_fd_sc_hd__clkbuf_16)
    14    0.06                           clknet_3_4__leaf_clk (net)
                  0.08    0.00    0.57 ^ _424_/CLK (sky130_fd_sc_hd__dfrtp_4)
                  0.16    0.48    1.05 ^ _424_/Q (sky130_fd_sc_hd__dfrtp_4)
     2    0.05                           net170 (net)
                  0.16    0.01    1.06 ^ output170/A (sky130_fd_sc_hd__clkbuf_4)
                  0.11    0.21    1.27 ^ output170/X (sky130_fd_sc_hd__clkbuf_4)
     1    0.03                           pwdata[0] (net)
                  0.11    0.00    1.27 ^ pwdata[0] (out)
                                  1.27   data arrival time

                          0.00    0.00   clock clk (rise edge)
                          0.00    0.00   clock network delay (propagated)
                          0.25    0.25   clock uncertainty
                          0.00    0.25   clock reconvergence pessimism
                         -2.00   -1.75   output external delay
                                 -1.75   data required time
-----------------------------------------------------------------------------
                                 -1.75   data required time
                                 -1.27   data arrival time
-----------------------------------------------------------------------------
                                  3.02   slack (MET)


Startpoint: _408_ (rising edge-triggered flip-flop clocked by clk)
Endpoint: paddr[16] (output port clocked by clk)
Path Group: clk
Path Type: min

Fanout     Cap    Slew   Delay    Time   Description
-----------------------------------------------------------------------------
                          0.00    0.00   clock clk (rise edge)
                          0.00    0.00   clock source latency
                  0.22    0.14    0.14 ^ clk (in)
     1    0.05                           clk (net)
                  0.22    0.00    0.14 ^ clkbuf_0_clk/A (sky130_fd_sc_hd__clkbuf_16)
                  0.14    0.25    0.39 ^ clkbuf_0_clk/X (sky130_fd_sc_hd__clkbuf_16)
     8    0.13                           clknet_0_clk (net)
                  0.14    0.00    0.39 ^ clkbuf_3_4__f_clk/A (sky130_fd_sc_hd__clkbuf_16)
                  0.08    0.18    0.57 ^ clkbuf_3_4__f_clk/X (sky130_fd_sc_hd__clkbuf_16)
    14    0.06                           clknet_3_4__leaf_clk (net)
                  0.08    0.00    0.57 ^ _408_/CLK (sky130_fd_sc_hd__dfrtp_4)
                  0.17    0.49    1.06 ^ _408_/Q (sky130_fd_sc_hd__dfrtp_4)
     2    0.05                           net141 (net)
                  0.17    0.01    1.07 ^ output141/A (sky130_fd_sc_hd__clkbuf_4)
                  0.11    0.22    1.29 ^ output141/X (sky130_fd_sc_hd__clkbuf_4)
     1    0.03                           paddr[16] (net)
                  0.11    0.00    1.29 ^ paddr[16] (out)
                                  1.29   data arrival time

                          0.00    0.00   clock clk (rise edge)
                          0.00    0.00   clock network delay (propagated)
                          0.25    0.25   clock uncertainty
                          0.00    0.25   clock reconvergence pessimism
                         -2.00   -1.75   output external delay
                                 -1.75   data required time
-----------------------------------------------------------------------------
                                 -1.75   data required time
                                 -1.29   data arrival time
-----------------------------------------------------------------------------
                                  3.04   slack (MET)


Startpoint: _390_ (rising edge-triggered flip-flop clocked by clk)
Endpoint: penable (output port clocked by clk)
Path Group: clk
Path Type: min

Fanout     Cap    Slew   Delay    Time   Description
-----------------------------------------------------------------------------
                          0.00    0.00   clock clk (rise edge)
                          0.00    0.00   clock source latency
                  0.22    0.14    0.14 ^ clk (in)
     1    0.05                           clk (net)
                  0.22    0.00    0.14 ^ clkbuf_0_clk/A (sky130_fd_sc_hd__clkbuf_16)
                  0.14    0.25    0.39 ^ clkbuf_0_clk/X (sky130_fd_sc_hd__clkbuf_16)
     8    0.13                           clknet_0_clk (net)
                  0.14    0.00    0.39 ^ clkbuf_3_7__f_clk/A (sky130_fd_sc_hd__clkbuf_16)
                  0.09    0.18    0.58 ^ clkbuf_3_7__f_clk/X (sky130_fd_sc_hd__clkbuf_16)
     9    0.07                           clknet_3_7__leaf_clk (net)
                  0.09    0.00    0.58 ^ _390_/CLK (sky130_fd_sc_hd__dfrtp_1)
                  0.11    0.37    0.95 ^ _390_/Q (sky130_fd_sc_hd__dfrtp_1)
     4    0.01                           state[0] (net)
                  0.11    0.00    0.95 ^ _177_/A (sky130_fd_sc_hd__or2b_1)
                  0.12    0.16    1.11 ^ _177_/X (sky130_fd_sc_hd__or2b_1)
     3    0.01                           _067_ (net)
                  0.12    0.00    1.11 ^ _178_/A (sky130_fd_sc_hd__inv_2)
                  0.05    0.06    1.17 v _178_/Y (sky130_fd_sc_hd__inv_2)
     1    0.01                           net167 (net)
                  0.05    0.00    1.17 v output167/A (sky130_fd_sc_hd__buf_2)
                  0.09    0.17    1.34 v output167/X (sky130_fd_sc_hd__buf_2)
     1    0.03                           penable (net)
                  0.09    0.00    1.34 v penable (out)
                                  1.34   data arrival time

                          0.00    0.00   clock clk (rise edge)
                          0.00    0.00   clock network delay (propagated)
                          0.25    0.25   clock uncertainty
                          0.00    0.25   clock reconvergence pessimism
                         -2.00   -1.75   output external delay
                                 -1.75   data required time
-----------------------------------------------------------------------------
                                 -1.75   data required time
                                 -1.34   data arrival time
-----------------------------------------------------------------------------
                                  3.09   slack (MET)


Startpoint: _390_ (rising edge-triggered flip-flop clocked by clk)
Endpoint: psel (output port clocked by clk)
Path Group: clk
Path Type: min

Fanout     Cap    Slew   Delay    Time   Description
-----------------------------------------------------------------------------
                          0.00    0.00   clock clk (rise edge)
                          0.00    0.00   clock source latency
                  0.22    0.14    0.14 ^ clk (in)
     1    0.05                           clk (net)
                  0.22    0.00    0.14 ^ clkbuf_0_clk/A (sky130_fd_sc_hd__clkbuf_16)
                  0.14    0.25    0.39 ^ clkbuf_0_clk/X (sky130_fd_sc_hd__clkbuf_16)
     8    0.13                           clknet_0_clk (net)
                  0.14    0.00    0.39 ^ clkbuf_3_7__f_clk/A (sky130_fd_sc_hd__clkbuf_16)
                  0.09    0.18    0.58 ^ clkbuf_3_7__f_clk/X (sky130_fd_sc_hd__clkbuf_16)
     9    0.07                           clknet_3_7__leaf_clk (net)
                  0.09    0.00    0.58 ^ _390_/CLK (sky130_fd_sc_hd__dfrtp_1)
                  0.11    0.37    0.95 ^ _390_/Q (sky130_fd_sc_hd__dfrtp_1)
     4    0.01                           state[0] (net)
                  0.11    0.00    0.95 ^ _177_/A (sky130_fd_sc_hd__or2b_1)
                  0.12    0.16    1.11 ^ _177_/X (sky130_fd_sc_hd__or2b_1)
     3    0.01                           _067_ (net)
                  0.12    0.00    1.11 ^ _180_/A (sky130_fd_sc_hd__nand2_1)
                  0.12    0.13    1.24 v _180_/Y (sky130_fd_sc_hd__nand2_1)
     1    0.02                           net169 (net)
                  0.12    0.00    1.24 v output169/A (sky130_fd_sc_hd__buf_2)
                  0.09    0.20    1.44 v output169/X (sky130_fd_sc_hd__buf_2)
     1    0.03                           psel (net)
                  0.09    0.00    1.44 v psel (out)
                                  1.44   data arrival time

                          0.00    0.00   clock clk (rise edge)
                          0.00    0.00   clock network delay (propagated)
                          0.25    0.25   clock uncertainty
                          0.00    0.25   clock reconvergence pessimism
                         -2.00   -1.75   output external delay
                                 -1.75   data required time
-----------------------------------------------------------------------------
                                 -1.75   data required time
                                 -1.44   data arrival time
-----------------------------------------------------------------------------
                                  3.19   slack (MET)


Startpoint: _390_ (rising edge-triggered flip-flop clocked by clk)
Endpoint: m_ready (output port clocked by clk)
Path Group: clk
Path Type: min

Fanout     Cap    Slew   Delay    Time   Description
-----------------------------------------------------------------------------
                          0.00    0.00   clock clk (rise edge)
                          0.00    0.00   clock source latency
                  0.22    0.14    0.14 ^ clk (in)
     1    0.05                           clk (net)
                  0.22    0.00    0.14 ^ clkbuf_0_clk/A (sky130_fd_sc_hd__clkbuf_16)
                  0.14    0.25    0.39 ^ clkbuf_0_clk/X (sky130_fd_sc_hd__clkbuf_16)
     8    0.13                           clknet_0_clk (net)
                  0.14    0.00    0.39 ^ clkbuf_3_7__f_clk/A (sky130_fd_sc_hd__clkbuf_16)
                  0.09    0.18    0.58 ^ clkbuf_3_7__f_clk/X (sky130_fd_sc_hd__clkbuf_16)
     9    0.07                           clknet_3_7__leaf_clk (net)
                  0.09    0.00    0.58 ^ _390_/CLK (sky130_fd_sc_hd__dfrtp_1)
                  0.11    0.37    0.95 ^ _390_/Q (sky130_fd_sc_hd__dfrtp_1)
     4    0.01                           state[0] (net)
                  0.11    0.00    0.95 ^ _181_/A_N (sky130_fd_sc_hd__and3b_2)
                  0.10    0.28    1.22 v _181_/X (sky130_fd_sc_hd__and3b_2)
     6    0.03                           _069_ (net)
                  0.10    0.00    1.22 v _182_/A (sky130_fd_sc_hd__clkbuf_8)
                  0.11    0.22    1.44 v _182_/X (sky130_fd_sc_hd__clkbuf_8)
    10    0.09                           net133 (net)
                  0.11    0.01    1.45 v output133/A (sky130_fd_sc_hd__clkbuf_4)
                  0.08    0.20    1.66 v output133/X (sky130_fd_sc_hd__clkbuf_4)
     1    0.04                           m_ready (net)
                  0.08    0.00    1.66 v m_ready (out)
                                  1.66   data arrival time

                          0.00    0.00   clock clk (rise edge)
                          0.00    0.00   clock network delay (propagated)
                          0.25    0.25   clock uncertainty
                          0.00    0.25   clock reconvergence pessimism
                         -2.00   -1.75   output external delay
                                 -1.75   data required time
-----------------------------------------------------------------------------
                                 -1.75   data required time
                                 -1.66   data arrival time
-----------------------------------------------------------------------------
                                  3.41   slack (MET)


Startpoint: _390_ (rising edge-triggered flip-flop clocked by clk)
Endpoint: m_rdata[30] (output port clocked by clk)
Path Group: clk
Path Type: min

Fanout     Cap    Slew   Delay    Time   Description
-----------------------------------------------------------------------------
                          0.00    0.00   clock clk (rise edge)
                          0.00    0.00   clock source latency
                  0.22    0.14    0.14 ^ clk (in)
     1    0.05                           clk (net)
                  0.22    0.00    0.14 ^ clkbuf_0_clk/A (sky130_fd_sc_hd__clkbuf_16)
                  0.14    0.25    0.39 ^ clkbuf_0_clk/X (sky130_fd_sc_hd__clkbuf_16)
     8    0.13                           clknet_0_clk (net)
                  0.14    0.00    0.39 ^ clkbuf_3_7__f_clk/A (sky130_fd_sc_hd__clkbuf_16)
                  0.09    0.18    0.58 ^ clkbuf_3_7__f_clk/X (sky130_fd_sc_hd__clkbuf_16)
     9    0.07                           clknet_3_7__leaf_clk (net)
                  0.09    0.00    0.58 ^ _390_/CLK (sky130_fd_sc_hd__dfrtp_1)
                  0.11    0.37    0.95 ^ _390_/Q (sky130_fd_sc_hd__dfrtp_1)
     4    0.01                           state[0] (net)
                  0.11    0.00    0.95 ^ _181_/A_N (sky130_fd_sc_hd__and3b_2)
                  0.10    0.28    1.22 v _181_/X (sky130_fd_sc_hd__and3b_2)
     6    0.03                           _069_ (net)
                  0.10    0.00    1.22 v _245_/B (sky130_fd_sc_hd__and2_1)
                  0.03    0.17    1.39 v _245_/X (sky130_fd_sc_hd__and2_1)
     1    0.00                           _102_ (net)
                  0.03    0.00    1.39 v _246_/A (sky130_fd_sc_hd__buf_1)
                  0.09    0.13    1.52 v _246_/X (sky130_fd_sc_hd__buf_1)
     1    0.02                           net124 (net)
                  0.09    0.00    1.52 v output124/A (sky130_fd_sc_hd__clkbuf_4)
                  0.08    0.19    1.72 v output124/X (sky130_fd_sc_hd__clkbuf_4)
     1    0.03                           m_rdata[30] (net)
                  0.08    0.00    1.72 v m_rdata[30] (out)
                                  1.72   data arrival time

                          0.00    0.00   clock clk (rise edge)
                          0.00    0.00   clock network delay (propagated)
                          0.25    0.25   clock uncertainty
                          0.00    0.25   clock reconvergence pessimism
                         -2.00   -1.75   output external delay
                                 -1.75   data required time
-----------------------------------------------------------------------------
                                 -1.75   data required time
                                 -1.72   data arrival time
-----------------------------------------------------------------------------
                                  3.47   slack (MET)


Startpoint: _390_ (rising edge-triggered flip-flop clocked by clk)
Endpoint: m_rdata[31] (output port clocked by clk)
Path Group: clk
Path Type: min

Fanout     Cap    Slew   Delay    Time   Description
-----------------------------------------------------------------------------
                          0.00    0.00   clock clk (rise edge)
                          0.00    0.00   clock source latency
                  0.22    0.14    0.14 ^ clk (in)
     1    0.05                           clk (net)
                  0.22    0.00    0.14 ^ clkbuf_0_clk/A (sky130_fd_sc_hd__clkbuf_16)
                  0.14    0.25    0.39 ^ clkbuf_0_clk/X (sky130_fd_sc_hd__clkbuf_16)
     8    0.13                           clknet_0_clk (net)
                  0.14    0.00    0.39 ^ clkbuf_3_7__f_clk/A (sky130_fd_sc_hd__clkbuf_16)
                  0.09    0.18    0.58 ^ clkbuf_3_7__f_clk/X (sky130_fd_sc_hd__clkbuf_16)
     9    0.07                           clknet_3_7__leaf_clk (net)
                  0.09    0.00    0.58 ^ _390_/CLK (sky130_fd_sc_hd__dfrtp_1)
                  0.11    0.37    0.95 ^ _390_/Q (sky130_fd_sc_hd__dfrtp_1)
     4    0.01                           state[0] (net)
                  0.11    0.00    0.95 ^ _181_/A_N (sky130_fd_sc_hd__and3b_2)
                  0.10    0.28    1.22 v _181_/X (sky130_fd_sc_hd__and3b_2)
     6    0.03                           _069_ (net)
                  0.10    0.00    1.22 v _247_/B (sky130_fd_sc_hd__and2_1)
                  0.03    0.17    1.39 v _247_/X (sky130_fd_sc_hd__and2_1)
     1    0.00                           _103_ (net)
                  0.03    0.00    1.39 v _248_/A (sky130_fd_sc_hd__clkbuf_2)
                  0.12    0.16    1.55 v _248_/X (sky130_fd_sc_hd__clkbuf_2)
     1    0.03                           net125 (net)
                  0.12    0.00    1.56 v output125/A (sky130_fd_sc_hd__clkbuf_4)
                  0.08    0.20    1.76 v output125/X (sky130_fd_sc_hd__clkbuf_4)
     1    0.03                           m_rdata[31] (net)
                  0.08    0.00    1.76 v m_rdata[31] (out)
                                  1.76   data arrival time

                          0.00    0.00   clock clk (rise edge)
                          0.00    0.00   clock network delay (propagated)
                          0.25    0.25   clock uncertainty
                          0.00    0.25   clock reconvergence pessimism
                         -2.00   -1.75   output external delay
                                 -1.75   data required time
-----------------------------------------------------------------------------
                                 -1.75   data required time
                                 -1.76   data arrival time
-----------------------------------------------------------------------------
                                  3.51   slack (MET)


Startpoint: _390_ (rising edge-triggered flip-flop clocked by clk)
Endpoint: m_rdata[29] (output port clocked by clk)
Path Group: clk
Path Type: min

Fanout     Cap    Slew   Delay    Time   Description
-----------------------------------------------------------------------------
                          0.00    0.00   clock clk (rise edge)
                          0.00    0.00   clock source latency
                  0.22    0.14    0.14 ^ clk (in)
     1    0.05                           clk (net)
                  0.22    0.00    0.14 ^ clkbuf_0_clk/A (sky130_fd_sc_hd__clkbuf_16)
                  0.14    0.25    0.39 ^ clkbuf_0_clk/X (sky130_fd_sc_hd__clkbuf_16)
     8    0.13                           clknet_0_clk (net)
                  0.14    0.00    0.39 ^ clkbuf_3_7__f_clk/A (sky130_fd_sc_hd__clkbuf_16)
                  0.09    0.18    0.58 ^ clkbuf_3_7__f_clk/X (sky130_fd_sc_hd__clkbuf_16)
     9    0.07                           clknet_3_7__leaf_clk (net)
                  0.09    0.00    0.58 ^ _390_/CLK (sky130_fd_sc_hd__dfrtp_1)
                  0.11    0.37    0.95 ^ _390_/Q (sky130_fd_sc_hd__dfrtp_1)
     4    0.01                           state[0] (net)
                  0.11    0.00    0.95 ^ _181_/A_N (sky130_fd_sc_hd__and3b_2)
                  0.10    0.28    1.22 v _181_/X (sky130_fd_sc_hd__and3b_2)
     6    0.03                           _069_ (net)
                  0.10    0.00    1.22 v _243_/B (sky130_fd_sc_hd__and2_1)
                  0.04    0.17    1.40 v _243_/X (sky130_fd_sc_hd__and2_1)
     1    0.00                           _101_ (net)
                  0.04    0.00    1.40 v _244_/A (sky130_fd_sc_hd__clkbuf_2)
                  0.13    0.17    1.57 v _244_/X (sky130_fd_sc_hd__clkbuf_2)
     1    0.03                           net122 (net)
                  0.13    0.00    1.57 v output122/A (sky130_fd_sc_hd__buf_2)
                  0.09    0.21    1.78 v output122/X (sky130_fd_sc_hd__buf_2)
     1    0.03                           m_rdata[29] (net)
                  0.09    0.00    1.78 v m_rdata[29] (out)
                                  1.78   data arrival time

                          0.00    0.00   clock clk (rise edge)
                          0.00    0.00   clock network delay (propagated)
                          0.25    0.25   clock uncertainty
                          0.00    0.25   clock reconvergence pessimism
                         -2.00   -1.75   output external delay
                                 -1.75   data required time
-----------------------------------------------------------------------------
                                 -1.75   data required time
                                 -1.78   data arrival time
-----------------------------------------------------------------------------
                                  3.53   slack (MET)


Startpoint: _390_ (rising edge-triggered flip-flop clocked by clk)
Endpoint: m_rdata[23] (output port clocked by clk)
Path Group: clk
Path Type: min

Fanout     Cap    Slew   Delay    Time   Description
-----------------------------------------------------------------------------
                          0.00    0.00   clock clk (rise edge)
                          0.00    0.00   clock source latency
                  0.22    0.14    0.14 ^ clk (in)
     1    0.05                           clk (net)
                  0.22    0.00    0.14 ^ clkbuf_0_clk/A (sky130_fd_sc_hd__clkbuf_16)
                  0.14    0.25    0.39 ^ clkbuf_0_clk/X (sky130_fd_sc_hd__clkbuf_16)
     8    0.13                           clknet_0_clk (net)
                  0.14    0.00    0.39 ^ clkbuf_3_7__f_clk/A (sky130_fd_sc_hd__clkbuf_16)
                  0.09    0.18    0.58 ^ clkbuf_3_7__f_clk/X (sky130_fd_sc_hd__clkbuf_16)
     9    0.07                           clknet_3_7__leaf_clk (net)
                  0.09    0.00    0.58 ^ _390_/CLK (sky130_fd_sc_hd__dfrtp_1)
                  0.11    0.37    0.95 ^ _390_/Q (sky130_fd_sc_hd__dfrtp_1)
     4    0.01                           state[0] (net)
                  0.11    0.00    0.95 ^ _181_/A_N (sky130_fd_sc_hd__and3b_2)
                  0.10    0.28    1.22 v _181_/X (sky130_fd_sc_hd__and3b_2)
     6    0.03                           _069_ (net)
                  0.10    0.00    1.22 v _222_/A (sky130_fd_sc_hd__clkbuf_8)
                  0.11    0.22    1.44 v _222_/X (sky130_fd_sc_hd__clkbuf_8)
    10    0.10                           _090_ (net)
                  0.11    0.01    1.46 v _231_/B (sky130_fd_sc_hd__and2_1)
                  0.03    0.17    1.62 v _231_/X (sky130_fd_sc_hd__and2_1)
     1    0.00                           _095_ (net)
                  0.03    0.00    1.62 v _232_/A (sky130_fd_sc_hd__clkbuf_1)
                  0.03    0.08    1.70 v _232_/X (sky130_fd_sc_hd__clkbuf_1)
     1    0.00                           net116 (net)
                  0.03    0.00    1.70 v output116/A (sky130_fd_sc_hd__clkbuf_4)
                  0.08    0.17    1.87 v output116/X (sky130_fd_sc_hd__clkbuf_4)
     1    0.03                           m_rdata[23] (net)
                  0.08    0.00    1.87 v m_rdata[23] (out)
                                  1.87   data arrival time

                          0.00    0.00   clock clk (rise edge)
                          0.00    0.00   clock network delay (propagated)
                          0.25    0.25   clock uncertainty
                          0.00    0.25   clock reconvergence pessimism
                         -2.00   -1.75   output external delay
                                 -1.75   data required time
-----------------------------------------------------------------------------
                                 -1.75   data required time
                                 -1.87   data arrival time
-----------------------------------------------------------------------------
                                  3.62   slack (MET)


Startpoint: _390_ (rising edge-triggered flip-flop clocked by clk)
Endpoint: m_rdata[2] (output port clocked by clk)
Path Group: clk
Path Type: min

Fanout     Cap    Slew   Delay    Time   Description
-----------------------------------------------------------------------------
                          0.00    0.00   clock clk (rise edge)
                          0.00    0.00   clock source latency
                  0.22    0.14    0.14 ^ clk (in)
     1    0.05                           clk (net)
                  0.22    0.00    0.14 ^ clkbuf_0_clk/A (sky130_fd_sc_hd__clkbuf_16)
                  0.14    0.25    0.39 ^ clkbuf_0_clk/X (sky130_fd_sc_hd__clkbuf_16)
     8    0.13                           clknet_0_clk (net)
                  0.14    0.00    0.39 ^ clkbuf_3_7__f_clk/A (sky130_fd_sc_hd__clkbuf_16)
                  0.09    0.18    0.58 ^ clkbuf_3_7__f_clk/X (sky130_fd_sc_hd__clkbuf_16)
     9    0.07                           clknet_3_7__leaf_clk (net)
                  0.09    0.00    0.58 ^ _390_/CLK (sky130_fd_sc_hd__dfrtp_1)
                  0.11    0.37    0.95 ^ _390_/Q (sky130_fd_sc_hd__dfrtp_1)
     4    0.01                           state[0] (net)
                  0.11    0.00    0.95 ^ _181_/A_N (sky130_fd_sc_hd__and3b_2)
                  0.10    0.28    1.22 v _181_/X (sky130_fd_sc_hd__and3b_2)
     6    0.03                           _069_ (net)
                  0.10    0.00    1.22 v _182_/A (sky130_fd_sc_hd__clkbuf_8)
                  0.11    0.22    1.44 v _182_/X (sky130_fd_sc_hd__clkbuf_8)
    10    0.09                           net133 (net)
                  0.11    0.00    1.44 v _187_/B (sky130_fd_sc_hd__and2_1)
                  0.03    0.17    1.61 v _187_/X (sky130_fd_sc_hd__and2_1)
     1    0.00                           _072_ (net)
                  0.03    0.00    1.61 v _188_/A (sky130_fd_sc_hd__clkbuf_1)
                  0.04    0.09    1.70 v _188_/X (sky130_fd_sc_hd__clkbuf_1)
     1    0.01                           net123 (net)
                  0.04    0.00    1.70 v output123/A (sky130_fd_sc_hd__clkbuf_4)
                  0.08    0.17    1.88 v output123/X (sky130_fd_sc_hd__clkbuf_4)
     1    0.03                           m_rdata[2] (net)
                  0.08    0.00    1.88 v m_rdata[2] (out)
                                  1.88   data arrival time

                          0.00    0.00   clock clk (rise edge)
                          0.00    0.00   clock network delay (propagated)
                          0.25    0.25   clock uncertainty
                          0.00    0.25   clock reconvergence pessimism
                         -2.00   -1.75   output external delay
                                 -1.75   data required time
-----------------------------------------------------------------------------
                                 -1.75   data required time
                                 -1.88   data arrival time
-----------------------------------------------------------------------------
                                  3.63   slack (MET)


Startpoint: _390_ (rising edge-triggered flip-flop clocked by clk)
Endpoint: m_rdata[21] (output port clocked by clk)
Path Group: clk
Path Type: min

Fanout     Cap    Slew   Delay    Time   Description
-----------------------------------------------------------------------------
                          0.00    0.00   clock clk (rise edge)
                          0.00    0.00   clock source latency
                  0.22    0.14    0.14 ^ clk (in)
     1    0.05                           clk (net)
                  0.22    0.00    0.14 ^ clkbuf_0_clk/A (sky130_fd_sc_hd__clkbuf_16)
                  0.14    0.25    0.39 ^ clkbuf_0_clk/X (sky130_fd_sc_hd__clkbuf_16)
     8    0.13                           clknet_0_clk (net)
                  0.14    0.00    0.39 ^ clkbuf_3_7__f_clk/A (sky130_fd_sc_hd__clkbuf_16)
                  0.09    0.18    0.58 ^ clkbuf_3_7__f_clk/X (sky130_fd_sc_hd__clkbuf_16)
     9    0.07                           clknet_3_7__leaf_clk (net)
                  0.09    0.00    0.58 ^ _390_/CLK (sky130_fd_sc_hd__dfrtp_1)
                  0.11    0.37    0.95 ^ _390_/Q (sky130_fd_sc_hd__dfrtp_1)
     4    0.01                           state[0] (net)
                  0.11    0.00    0.95 ^ _181_/A_N (sky130_fd_sc_hd__and3b_2)
                  0.10    0.28    1.22 v _181_/X (sky130_fd_sc_hd__and3b_2)
     6    0.03                           _069_ (net)
                  0.10    0.00    1.22 v _222_/A (sky130_fd_sc_hd__clkbuf_8)
                  0.11    0.22    1.44 v _222_/X (sky130_fd_sc_hd__clkbuf_8)
    10    0.10                           _090_ (net)
                  0.11    0.01    1.45 v _227_/B (sky130_fd_sc_hd__and2_1)
                  0.03    0.17    1.63 v _227_/X (sky130_fd_sc_hd__and2_1)
     1    0.00                           _093_ (net)
                  0.03    0.00    1.63 v _228_/A (sky130_fd_sc_hd__clkbuf_1)
                  0.03    0.09    1.71 v _228_/X (sky130_fd_sc_hd__clkbuf_1)
     1    0.00                           net114 (net)
                  0.03    0.00    1.71 v output114/A (sky130_fd_sc_hd__clkbuf_4)
                  0.08    0.17    1.88 v output114/X (sky130_fd_sc_hd__clkbuf_4)
     1    0.03                           m_rdata[21] (net)
                  0.08    0.00    1.88 v m_rdata[21] (out)
                                  1.88   data arrival time

                          0.00    0.00   clock clk (rise edge)
                          0.00    0.00   clock network delay (propagated)
                          0.25    0.25   clock uncertainty
                          0.00    0.25   clock reconvergence pessimism
                         -2.00   -1.75   output external delay
                                 -1.75   data required time
-----------------------------------------------------------------------------
                                 -1.75   data required time
                                 -1.88   data arrival time
-----------------------------------------------------------------------------
                                  3.63   slack (MET)


Startpoint: _390_ (rising edge-triggered flip-flop clocked by clk)
Endpoint: m_rdata[3] (output port clocked by clk)
Path Group: clk
Path Type: min

Fanout     Cap    Slew   Delay    Time   Description
-----------------------------------------------------------------------------
                          0.00    0.00   clock clk (rise edge)
                          0.00    0.00   clock source latency
                  0.22    0.14    0.14 ^ clk (in)
     1    0.05                           clk (net)
                  0.22    0.00    0.14 ^ clkbuf_0_clk/A (sky130_fd_sc_hd__clkbuf_16)
                  0.14    0.25    0.39 ^ clkbuf_0_clk/X (sky130_fd_sc_hd__clkbuf_16)
     8    0.13                           clknet_0_clk (net)
                  0.14    0.00    0.39 ^ clkbuf_3_7__f_clk/A (sky130_fd_sc_hd__clkbuf_16)
                  0.09    0.18    0.58 ^ clkbuf_3_7__f_clk/X (sky130_fd_sc_hd__clkbuf_16)
     9    0.07                           clknet_3_7__leaf_clk (net)
                  0.09    0.00    0.58 ^ _390_/CLK (sky130_fd_sc_hd__dfrtp_1)
                  0.11    0.37    0.95 ^ _390_/Q (sky130_fd_sc_hd__dfrtp_1)
     4    0.01                           state[0] (net)
                  0.11    0.00    0.95 ^ _181_/A_N (sky130_fd_sc_hd__and3b_2)
                  0.10    0.28    1.22 v _181_/X (sky130_fd_sc_hd__and3b_2)
     6    0.03                           _069_ (net)
                  0.10    0.00    1.22 v _182_/A (sky130_fd_sc_hd__clkbuf_8)
                  0.11    0.22    1.44 v _182_/X (sky130_fd_sc_hd__clkbuf_8)
    10    0.09                           net133 (net)
                  0.11    0.01    1.45 v _189_/B (sky130_fd_sc_hd__and2_1)
                  0.03    0.17    1.62 v _189_/X (sky130_fd_sc_hd__and2_1)
     1    0.00                           _073_ (net)
                  0.03    0.00    1.62 v _190_/A (sky130_fd_sc_hd__clkbuf_1)
                  0.05    0.10    1.72 v _190_/X (sky130_fd_sc_hd__clkbuf_1)
     1    0.01                           net126 (net)
                  0.05    0.00    1.72 v output126/A (sky130_fd_sc_hd__clkbuf_4)
                  0.08    0.17    1.89 v output126/X (sky130_fd_sc_hd__clkbuf_4)
     1    0.03                           m_rdata[3] (net)
                  0.08    0.00    1.89 v m_rdata[3] (out)
                                  1.89   data arrival time

                          0.00    0.00   clock clk (rise edge)
                          0.00    0.00   clock network delay (propagated)
                          0.25    0.25   clock uncertainty
                          0.00    0.25   clock reconvergence pessimism
                         -2.00   -1.75   output external delay
                                 -1.75   data required time
-----------------------------------------------------------------------------
                                 -1.75   data required time
                                 -1.89   data arrival time
-----------------------------------------------------------------------------
                                  3.64   slack (MET)


Startpoint: _390_ (rising edge-triggered flip-flop clocked by clk)
Endpoint: m_rdata[13] (output port clocked by clk)
Path Group: clk
Path Type: min

Fanout     Cap    Slew   Delay    Time   Description
-----------------------------------------------------------------------------
                          0.00    0.00   clock clk (rise edge)
                          0.00    0.00   clock source latency
                  0.22    0.14    0.14 ^ clk (in)
     1    0.05                           clk (net)
                  0.22    0.00    0.14 ^ clkbuf_0_clk/A (sky130_fd_sc_hd__clkbuf_16)
                  0.14    0.25    0.39 ^ clkbuf_0_clk/X (sky130_fd_sc_hd__clkbuf_16)
     8    0.13                           clknet_0_clk (net)
                  0.14    0.00    0.39 ^ clkbuf_3_7__f_clk/A (sky130_fd_sc_hd__clkbuf_16)
                  0.09    0.18    0.58 ^ clkbuf_3_7__f_clk/X (sky130_fd_sc_hd__clkbuf_16)
     9    0.07                           clknet_3_7__leaf_clk (net)
                  0.09    0.00    0.58 ^ _390_/CLK (sky130_fd_sc_hd__dfrtp_1)
                  0.11    0.37    0.95 ^ _390_/Q (sky130_fd_sc_hd__dfrtp_1)
     4    0.01                           state[0] (net)
                  0.11    0.00    0.95 ^ _181_/A_N (sky130_fd_sc_hd__and3b_2)
                  0.10    0.28    1.22 v _181_/X (sky130_fd_sc_hd__and3b_2)
     6    0.03                           _069_ (net)
                  0.10    0.00    1.22 v _201_/A (sky130_fd_sc_hd__buf_4)
                  0.12    0.23    1.45 v _201_/X (sky130_fd_sc_hd__buf_4)
    10    0.09                           _079_ (net)
                  0.12    0.01    1.46 v _210_/B (sky130_fd_sc_hd__and2_1)
                  0.03    0.17    1.64 v _210_/X (sky130_fd_sc_hd__and2_1)
     1    0.00                           _084_ (net)
                  0.03    0.00    1.64 v _211_/A (sky130_fd_sc_hd__clkbuf_1)
                  0.05    0.09    1.73 v _211_/X (sky130_fd_sc_hd__clkbuf_1)
     1    0.01                           net105 (net)
                  0.05    0.00    1.73 v output105/A (sky130_fd_sc_hd__clkbuf_4)
                  0.08    0.17    1.90 v output105/X (sky130_fd_sc_hd__clkbuf_4)
     1    0.03                           m_rdata[13] (net)
                  0.08    0.00    1.91 v m_rdata[13] (out)
                                  1.91   data arrival time

                          0.00    0.00   clock clk (rise edge)
                          0.00    0.00   clock network delay (propagated)
                          0.25    0.25   clock uncertainty
                          0.00    0.25   clock reconvergence pessimism
                         -2.00   -1.75   output external delay
                                 -1.75   data required time
-----------------------------------------------------------------------------
                                 -1.75   data required time
                                 -1.91   data arrival time
-----------------------------------------------------------------------------
                                  3.66   slack (MET)


Startpoint: _390_ (rising edge-triggered flip-flop clocked by clk)
Endpoint: m_rdata[28] (output port clocked by clk)
Path Group: clk
Path Type: min

Fanout     Cap    Slew   Delay    Time   Description
-----------------------------------------------------------------------------
                          0.00    0.00   clock clk (rise edge)
                          0.00    0.00   clock source latency
                  0.22    0.14    0.14 ^ clk (in)
     1    0.05                           clk (net)
                  0.22    0.00    0.14 ^ clkbuf_0_clk/A (sky130_fd_sc_hd__clkbuf_16)
                  0.14    0.25    0.39 ^ clkbuf_0_clk/X (sky130_fd_sc_hd__clkbuf_16)
     8    0.13                           clknet_0_clk (net)
                  0.14    0.00    0.39 ^ clkbuf_3_7__f_clk/A (sky130_fd_sc_hd__clkbuf_16)
                  0.09    0.18    0.58 ^ clkbuf_3_7__f_clk/X (sky130_fd_sc_hd__clkbuf_16)
     9    0.07                           clknet_3_7__leaf_clk (net)
                  0.09    0.00    0.58 ^ _390_/CLK (sky130_fd_sc_hd__dfrtp_1)
                  0.11    0.37    0.95 ^ _390_/Q (sky130_fd_sc_hd__dfrtp_1)
     4    0.01                           state[0] (net)
                  0.11    0.00    0.95 ^ _181_/A_N (sky130_fd_sc_hd__and3b_2)
                  0.10    0.28    1.22 v _181_/X (sky130_fd_sc_hd__and3b_2)
     6    0.03                           _069_ (net)
                  0.10    0.00    1.22 v _222_/A (sky130_fd_sc_hd__clkbuf_8)
                  0.11    0.22    1.44 v _222_/X (sky130_fd_sc_hd__clkbuf_8)
    10    0.10                           _090_ (net)
                  0.11    0.00    1.45 v _241_/B (sky130_fd_sc_hd__and2_1)
                  0.03    0.17    1.62 v _241_/X (sky130_fd_sc_hd__and2_1)
     1    0.00                           _100_ (net)
                  0.03    0.00    1.62 v _242_/A (sky130_fd_sc_hd__buf_1)
                  0.06    0.11    1.73 v _242_/X (sky130_fd_sc_hd__buf_1)
     1    0.01                           net121 (net)
                  0.06    0.00    1.73 v output121/A (sky130_fd_sc_hd__buf_2)
                  0.09    0.18    1.91 v output121/X (sky130_fd_sc_hd__buf_2)
     1    0.04                           m_rdata[28] (net)
                  0.09    0.00    1.91 v m_rdata[28] (out)
                                  1.91   data arrival time

                          0.00    0.00   clock clk (rise edge)
                          0.00    0.00   clock network delay (propagated)
                          0.25    0.25   clock uncertainty
                          0.00    0.25   clock reconvergence pessimism
                         -2.00   -1.75   output external delay
                                 -1.75   data required time
-----------------------------------------------------------------------------
                                 -1.75   data required time
                                 -1.91   data arrival time
-----------------------------------------------------------------------------
                                  3.66   slack (MET)


Startpoint: _390_ (rising edge-triggered flip-flop clocked by clk)
Endpoint: m_rdata[6] (output port clocked by clk)
Path Group: clk
Path Type: min

Fanout     Cap    Slew   Delay    Time   Description
-----------------------------------------------------------------------------
                          0.00    0.00   clock clk (rise edge)
                          0.00    0.00   clock source latency
                  0.22    0.14    0.14 ^ clk (in)
     1    0.05                           clk (net)
                  0.22    0.00    0.14 ^ clkbuf_0_clk/A (sky130_fd_sc_hd__clkbuf_16)
                  0.14    0.25    0.39 ^ clkbuf_0_clk/X (sky130_fd_sc_hd__clkbuf_16)
     8    0.13                           clknet_0_clk (net)
                  0.14    0.00    0.39 ^ clkbuf_3_7__f_clk/A (sky130_fd_sc_hd__clkbuf_16)
                  0.09    0.18    0.58 ^ clkbuf_3_7__f_clk/X (sky130_fd_sc_hd__clkbuf_16)
     9    0.07                           clknet_3_7__leaf_clk (net)
                  0.09    0.00    0.58 ^ _390_/CLK (sky130_fd_sc_hd__dfrtp_1)
                  0.11    0.37    0.95 ^ _390_/Q (sky130_fd_sc_hd__dfrtp_1)
     4    0.01                           state[0] (net)
                  0.11    0.00    0.95 ^ _181_/A_N (sky130_fd_sc_hd__and3b_2)
                  0.10    0.28    1.22 v _181_/X (sky130_fd_sc_hd__and3b_2)
     6    0.03                           _069_ (net)
                  0.10    0.00    1.22 v _182_/A (sky130_fd_sc_hd__clkbuf_8)
                  0.11    0.22    1.44 v _182_/X (sky130_fd_sc_hd__clkbuf_8)
    10    0.09                           net133 (net)
                  0.11    0.01    1.45 v _195_/B (sky130_fd_sc_hd__and2_1)
                  0.04    0.17    1.63 v _195_/X (sky130_fd_sc_hd__and2_1)
     1    0.00                           _076_ (net)
                  0.04    0.00    1.63 v _196_/A (sky130_fd_sc_hd__buf_1)
                  0.10    0.13    1.76 v _196_/X (sky130_fd_sc_hd__buf_1)
     1    0.02                           net129 (net)
                  0.10    0.00    1.76 v output129/A (sky130_fd_sc_hd__clkbuf_4)
                  0.08    0.20    1.96 v output129/X (sky130_fd_sc_hd__clkbuf_4)
     1    0.03                           m_rdata[6] (net)
                  0.08    0.00    1.96 v m_rdata[6] (out)
                                  1.96   data arrival time

                          0.00    0.00   clock clk (rise edge)
                          0.00    0.00   clock network delay (propagated)
                          0.25    0.25   clock uncertainty
                          0.00    0.25   clock reconvergence pessimism
                         -2.00   -1.75   output external delay
                                 -1.75   data required time
-----------------------------------------------------------------------------
                                 -1.75   data required time
                                 -1.96   data arrival time
-----------------------------------------------------------------------------
                                  3.71   slack (MET)


Startpoint: _390_ (rising edge-triggered flip-flop clocked by clk)
Endpoint: m_rdata[0] (output port clocked by clk)
Path Group: clk
Path Type: min

Fanout     Cap    Slew   Delay    Time   Description
-----------------------------------------------------------------------------
                          0.00    0.00   clock clk (rise edge)
                          0.00    0.00   clock source latency
                  0.22    0.14    0.14 ^ clk (in)
     1    0.05                           clk (net)
                  0.22    0.00    0.14 ^ clkbuf_0_clk/A (sky130_fd_sc_hd__clkbuf_16)
                  0.14    0.25    0.39 ^ clkbuf_0_clk/X (sky130_fd_sc_hd__clkbuf_16)
     8    0.13                           clknet_0_clk (net)
                  0.14    0.00    0.39 ^ clkbuf_3_7__f_clk/A (sky130_fd_sc_hd__clkbuf_16)
                  0.09    0.18    0.58 ^ clkbuf_3_7__f_clk/X (sky130_fd_sc_hd__clkbuf_16)
     9    0.07                           clknet_3_7__leaf_clk (net)
                  0.09    0.00    0.58 ^ _390_/CLK (sky130_fd_sc_hd__dfrtp_1)
                  0.11    0.37    0.95 ^ _390_/Q (sky130_fd_sc_hd__dfrtp_1)
     4    0.01                           state[0] (net)
                  0.11    0.00    0.95 ^ _181_/A_N (sky130_fd_sc_hd__and3b_2)
                  0.10    0.28    1.22 v _181_/X (sky130_fd_sc_hd__and3b_2)
     6    0.03                           _069_ (net)
                  0.10    0.00    1.22 v _182_/A (sky130_fd_sc_hd__clkbuf_8)
                  0.11    0.22    1.44 v _182_/X (sky130_fd_sc_hd__clkbuf_8)
    10    0.09                           net133 (net)
                  0.11    0.01    1.45 v _183_/B (sky130_fd_sc_hd__and2_1)
                  0.03    0.17    1.62 v _183_/X (sky130_fd_sc_hd__and2_1)
     1    0.00                           _070_ (net)
                  0.03    0.00    1.62 v _184_/A (sky130_fd_sc_hd__buf_1)
                  0.10    0.14    1.76 v _184_/X (sky130_fd_sc_hd__buf_1)
     1    0.02                           net101 (net)
                  0.10    0.00    1.76 v output101/A (sky130_fd_sc_hd__clkbuf_4)
                  0.08    0.20    1.96 v output101/X (sky130_fd_sc_hd__clkbuf_4)
     1    0.03                           m_rdata[0] (net)
                  0.08    0.00    1.96 v m_rdata[0] (out)
                                  1.96   data arrival time

                          0.00    0.00   clock clk (rise edge)
                          0.00    0.00   clock network delay (propagated)
                          0.25    0.25   clock uncertainty
                          0.00    0.25   clock reconvergence pessimism
                         -2.00   -1.75   output external delay
                                 -1.75   data required time
-----------------------------------------------------------------------------
                                 -1.75   data required time
                                 -1.96   data arrival time
-----------------------------------------------------------------------------
                                  3.71   slack (MET)


Startpoint: _390_ (rising edge-triggered flip-flop clocked by clk)
Endpoint: m_rdata[25] (output port clocked by clk)
Path Group: clk
Path Type: min

Fanout     Cap    Slew   Delay    Time   Description
-----------------------------------------------------------------------------
                          0.00    0.00   clock clk (rise edge)
                          0.00    0.00   clock source latency
                  0.22    0.14    0.14 ^ clk (in)
     1    0.05                           clk (net)
                  0.22    0.00    0.14 ^ clkbuf_0_clk/A (sky130_fd_sc_hd__clkbuf_16)
                  0.14    0.25    0.39 ^ clkbuf_0_clk/X (sky130_fd_sc_hd__clkbuf_16)
     8    0.13                           clknet_0_clk (net)
                  0.14    0.00    0.39 ^ clkbuf_3_7__f_clk/A (sky130_fd_sc_hd__clkbuf_16)
                  0.09    0.18    0.58 ^ clkbuf_3_7__f_clk/X (sky130_fd_sc_hd__clkbuf_16)
     9    0.07                           clknet_3_7__leaf_clk (net)
                  0.09    0.00    0.58 ^ _390_/CLK (sky130_fd_sc_hd__dfrtp_1)
                  0.11    0.37    0.95 ^ _390_/Q (sky130_fd_sc_hd__dfrtp_1)
     4    0.01                           state[0] (net)
                  0.11    0.00    0.95 ^ _181_/A_N (sky130_fd_sc_hd__and3b_2)
                  0.10    0.28    1.22 v _181_/X (sky130_fd_sc_hd__and3b_2)
     6    0.03                           _069_ (net)
                  0.10    0.00    1.22 v _222_/A (sky130_fd_sc_hd__clkbuf_8)
                  0.11    0.22    1.44 v _222_/X (sky130_fd_sc_hd__clkbuf_8)
    10    0.10                           _090_ (net)
                  0.11    0.01    1.45 v _235_/B (sky130_fd_sc_hd__and2_1)
                  0.03    0.17    1.63 v _235_/X (sky130_fd_sc_hd__and2_1)
     1    0.00                           _097_ (net)
                  0.03    0.00    1.63 v _236_/A (sky130_fd_sc_hd__buf_1)
                  0.11    0.14    1.77 v _236_/X (sky130_fd_sc_hd__buf_1)
     1    0.02                           net118 (net)
                  0.11    0.00    1.77 v output118/A (sky130_fd_sc_hd__clkbuf_4)
                  0.08    0.20    1.97 v output118/X (sky130_fd_sc_hd__clkbuf_4)
     1    0.03                           m_rdata[25] (net)
                  0.08    0.00    1.97 v m_rdata[25] (out)
                                  1.97   data arrival time

                          0.00    0.00   clock clk (rise edge)
                          0.00    0.00   clock network delay (propagated)
                          0.25    0.25   clock uncertainty
                          0.00    0.25   clock reconvergence pessimism
                         -2.00   -1.75   output external delay
                                 -1.75   data required time
-----------------------------------------------------------------------------
                                 -1.75   data required time
                                 -1.97   data arrival time
-----------------------------------------------------------------------------
                                  3.72   slack (MET)


Startpoint: _390_ (rising edge-triggered flip-flop clocked by clk)
Endpoint: m_rdata[11] (output port clocked by clk)
Path Group: clk
Path Type: min

Fanout     Cap    Slew   Delay    Time   Description
-----------------------------------------------------------------------------
                          0.00    0.00   clock clk (rise edge)
                          0.00    0.00   clock source latency
                  0.22    0.14    0.14 ^ clk (in)
     1    0.05                           clk (net)
                  0.22    0.00    0.14 ^ clkbuf_0_clk/A (sky130_fd_sc_hd__clkbuf_16)
                  0.14    0.25    0.39 ^ clkbuf_0_clk/X (sky130_fd_sc_hd__clkbuf_16)
     8    0.13                           clknet_0_clk (net)
                  0.14    0.00    0.39 ^ clkbuf_3_7__f_clk/A (sky130_fd_sc_hd__clkbuf_16)
                  0.09    0.18    0.58 ^ clkbuf_3_7__f_clk/X (sky130_fd_sc_hd__clkbuf_16)
     9    0.07                           clknet_3_7__leaf_clk (net)
                  0.09    0.00    0.58 ^ _390_/CLK (sky130_fd_sc_hd__dfrtp_1)
                  0.11    0.37    0.95 ^ _390_/Q (sky130_fd_sc_hd__dfrtp_1)
     4    0.01                           state[0] (net)
                  0.11    0.00    0.95 ^ _181_/A_N (sky130_fd_sc_hd__and3b_2)
                  0.10    0.28    1.22 v _181_/X (sky130_fd_sc_hd__and3b_2)
     6    0.03                           _069_ (net)
                  0.10    0.00    1.22 v _201_/A (sky130_fd_sc_hd__buf_4)
                  0.12    0.23    1.45 v _201_/X (sky130_fd_sc_hd__buf_4)
    10    0.09                           _079_ (net)
                  0.12    0.01    1.46 v _206_/B (sky130_fd_sc_hd__and2_1)
                  0.04    0.18    1.64 v _206_/X (sky130_fd_sc_hd__and2_1)
     1    0.00                           _082_ (net)
                  0.04    0.00    1.64 v _207_/A (sky130_fd_sc_hd__buf_1)
                  0.10    0.13    1.77 v _207_/X (sky130_fd_sc_hd__buf_1)
     1    0.02                           net103 (net)
                  0.10    0.00    1.77 v output103/A (sky130_fd_sc_hd__clkbuf_4)
                  0.08    0.20    1.97 v output103/X (sky130_fd_sc_hd__clkbuf_4)
     1    0.03                           m_rdata[11] (net)
                  0.08    0.00    1.97 v m_rdata[11] (out)
                                  1.97   data arrival time

                          0.00    0.00   clock clk (rise edge)
                          0.00    0.00   clock network delay (propagated)
                          0.25    0.25   clock uncertainty
                          0.00    0.25   clock reconvergence pessimism
                         -2.00   -1.75   output external delay
                                 -1.75   data required time
-----------------------------------------------------------------------------
                                 -1.75   data required time
                                 -1.97   data arrival time
-----------------------------------------------------------------------------
                                  3.72   slack (MET)


Startpoint: _390_ (rising edge-triggered flip-flop clocked by clk)
Endpoint: m_rdata[7] (output port clocked by clk)
Path Group: clk
Path Type: min

Fanout     Cap    Slew   Delay    Time   Description
-----------------------------------------------------------------------------
                          0.00    0.00   clock clk (rise edge)
                          0.00    0.00   clock source latency
                  0.22    0.14    0.14 ^ clk (in)
     1    0.05                           clk (net)
                  0.22    0.00    0.14 ^ clkbuf_0_clk/A (sky130_fd_sc_hd__clkbuf_16)
                  0.14    0.25    0.39 ^ clkbuf_0_clk/X (sky130_fd_sc_hd__clkbuf_16)
     8    0.13                           clknet_0_clk (net)
                  0.14    0.00    0.39 ^ clkbuf_3_7__f_clk/A (sky130_fd_sc_hd__clkbuf_16)
                  0.09    0.18    0.58 ^ clkbuf_3_7__f_clk/X (sky130_fd_sc_hd__clkbuf_16)
     9    0.07                           clknet_3_7__leaf_clk (net)
                  0.09    0.00    0.58 ^ _390_/CLK (sky130_fd_sc_hd__dfrtp_1)
                  0.11    0.37    0.95 ^ _390_/Q (sky130_fd_sc_hd__dfrtp_1)
     4    0.01                           state[0] (net)
                  0.11    0.00    0.95 ^ _181_/A_N (sky130_fd_sc_hd__and3b_2)
                  0.10    0.28    1.22 v _181_/X (sky130_fd_sc_hd__and3b_2)
     6    0.03                           _069_ (net)
                  0.10    0.00    1.22 v _182_/A (sky130_fd_sc_hd__clkbuf_8)
                  0.11    0.22    1.44 v _182_/X (sky130_fd_sc_hd__clkbuf_8)
    10    0.09                           net133 (net)
                  0.11    0.01    1.45 v _197_/B (sky130_fd_sc_hd__and2_1)
                  0.03    0.17    1.62 v _197_/X (sky130_fd_sc_hd__and2_1)
     1    0.00                           _077_ (net)
                  0.03    0.00    1.62 v _198_/A (sky130_fd_sc_hd__buf_1)
                  0.11    0.14    1.77 v _198_/X (sky130_fd_sc_hd__buf_1)
     1    0.02                           net130 (net)
                  0.11    0.00    1.77 v output130/A (sky130_fd_sc_hd__clkbuf_4)
                  0.08    0.20    1.97 v output130/X (sky130_fd_sc_hd__clkbuf_4)
     1    0.03                           m_rdata[7] (net)
                  0.08    0.00    1.97 v m_rdata[7] (out)
                                  1.97   data arrival time

                          0.00    0.00   clock clk (rise edge)
                          0.00    0.00   clock network delay (propagated)
                          0.25    0.25   clock uncertainty
                          0.00    0.25   clock reconvergence pessimism
                         -2.00   -1.75   output external delay
                                 -1.75   data required time
-----------------------------------------------------------------------------
                                 -1.75   data required time
                                 -1.97   data arrival time
-----------------------------------------------------------------------------
                                  3.72   slack (MET)


Startpoint: _390_ (rising edge-triggered flip-flop clocked by clk)
Endpoint: m_rdata[18] (output port clocked by clk)
Path Group: clk
Path Type: min

Fanout     Cap    Slew   Delay    Time   Description
-----------------------------------------------------------------------------
                          0.00    0.00   clock clk (rise edge)
                          0.00    0.00   clock source latency
                  0.22    0.14    0.14 ^ clk (in)
     1    0.05                           clk (net)
                  0.22    0.00    0.14 ^ clkbuf_0_clk/A (sky130_fd_sc_hd__clkbuf_16)
                  0.14    0.25    0.39 ^ clkbuf_0_clk/X (sky130_fd_sc_hd__clkbuf_16)
     8    0.13                           clknet_0_clk (net)
                  0.14    0.00    0.39 ^ clkbuf_3_7__f_clk/A (sky130_fd_sc_hd__clkbuf_16)
                  0.09    0.18    0.58 ^ clkbuf_3_7__f_clk/X (sky130_fd_sc_hd__clkbuf_16)
     9    0.07                           clknet_3_7__leaf_clk (net)
                  0.09    0.00    0.58 ^ _390_/CLK (sky130_fd_sc_hd__dfrtp_1)
                  0.11    0.37    0.95 ^ _390_/Q (sky130_fd_sc_hd__dfrtp_1)
     4    0.01                           state[0] (net)
                  0.11    0.00    0.95 ^ _181_/A_N (sky130_fd_sc_hd__and3b_2)
                  0.10    0.28    1.22 v _181_/X (sky130_fd_sc_hd__and3b_2)
     6    0.03                           _069_ (net)
                  0.10    0.00    1.22 v _201_/A (sky130_fd_sc_hd__buf_4)
                  0.12    0.23    1.45 v _201_/X (sky130_fd_sc_hd__buf_4)
    10    0.09                           _079_ (net)
                  0.12    0.01    1.46 v _220_/B (sky130_fd_sc_hd__and2_1)
                  0.03    0.17    1.63 v _220_/X (sky130_fd_sc_hd__and2_1)
     1    0.00                           _089_ (net)
                  0.03    0.00    1.63 v _221_/A (sky130_fd_sc_hd__buf_1)
                  0.11    0.14    1.77 v _221_/X (sky130_fd_sc_hd__buf_1)
     1    0.02                           net110 (net)
                  0.11    0.00    1.77 v output110/A (sky130_fd_sc_hd__clkbuf_4)
                  0.08    0.20    1.97 v output110/X (sky130_fd_sc_hd__clkbuf_4)
     1    0.03                           m_rdata[18] (net)
                  0.08    0.00    1.97 v m_rdata[18] (out)
                                  1.97   data arrival time

                          0.00    0.00   clock clk (rise edge)
                          0.00    0.00   clock network delay (propagated)
                          0.25    0.25   clock uncertainty
                          0.00    0.25   clock reconvergence pessimism
                         -2.00   -1.75   output external delay
                                 -1.75   data required time
-----------------------------------------------------------------------------
                                 -1.75   data required time
                                 -1.97   data arrival time
-----------------------------------------------------------------------------
                                  3.72   slack (MET)


Startpoint: _390_ (rising edge-triggered flip-flop clocked by clk)
Endpoint: m_rdata[12] (output port clocked by clk)
Path Group: clk
Path Type: min

Fanout     Cap    Slew   Delay    Time   Description
-----------------------------------------------------------------------------
                          0.00    0.00   clock clk (rise edge)
                          0.00    0.00   clock source latency
                  0.22    0.14    0.14 ^ clk (in)
     1    0.05                           clk (net)
                  0.22    0.00    0.14 ^ clkbuf_0_clk/A (sky130_fd_sc_hd__clkbuf_16)
                  0.14    0.25    0.39 ^ clkbuf_0_clk/X (sky130_fd_sc_hd__clkbuf_16)
     8    0.13                           clknet_0_clk (net)
                  0.14    0.00    0.39 ^ clkbuf_3_7__f_clk/A (sky130_fd_sc_hd__clkbuf_16)
                  0.09    0.18    0.58 ^ clkbuf_3_7__f_clk/X (sky130_fd_sc_hd__clkbuf_16)
     9    0.07                           clknet_3_7__leaf_clk (net)
                  0.09    0.00    0.58 ^ _390_/CLK (sky130_fd_sc_hd__dfrtp_1)
                  0.11    0.37    0.95 ^ _390_/Q (sky130_fd_sc_hd__dfrtp_1)
     4    0.01                           state[0] (net)
                  0.11    0.00    0.95 ^ _181_/A_N (sky130_fd_sc_hd__and3b_2)
                  0.10    0.28    1.22 v _181_/X (sky130_fd_sc_hd__and3b_2)
     6    0.03                           _069_ (net)
                  0.10    0.00    1.22 v _201_/A (sky130_fd_sc_hd__buf_4)
                  0.12    0.23    1.45 v _201_/X (sky130_fd_sc_hd__buf_4)
    10    0.09                           _079_ (net)
                  0.12    0.01    1.46 v _208_/B (sky130_fd_sc_hd__and2_1)
                  0.03    0.18    1.64 v _208_/X (sky130_fd_sc_hd__and2_1)
     1    0.00                           _083_ (net)
                  0.03    0.00    1.64 v _209_/A (sky130_fd_sc_hd__buf_1)
                  0.10    0.14    1.77 v _209_/X (sky130_fd_sc_hd__buf_1)
     1    0.02                           net104 (net)
                  0.10    0.00    1.77 v output104/A (sky130_fd_sc_hd__clkbuf_4)
                  0.08    0.20    1.97 v output104/X (sky130_fd_sc_hd__clkbuf_4)
     1    0.03                           m_rdata[12] (net)
                  0.08    0.00    1.97 v m_rdata[12] (out)
                                  1.97   data arrival time

                          0.00    0.00   clock clk (rise edge)
                          0.00    0.00   clock network delay (propagated)
                          0.25    0.25   clock uncertainty
                          0.00    0.25   clock reconvergence pessimism
                         -2.00   -1.75   output external delay
                                 -1.75   data required time
-----------------------------------------------------------------------------
                                 -1.75   data required time
                                 -1.97   data arrival time
-----------------------------------------------------------------------------
                                  3.72   slack (MET)


Startpoint: _390_ (rising edge-triggered flip-flop clocked by clk)
Endpoint: m_rdata[14] (output port clocked by clk)
Path Group: clk
Path Type: min

Fanout     Cap    Slew   Delay    Time   Description
-----------------------------------------------------------------------------
                          0.00    0.00   clock clk (rise edge)
                          0.00    0.00   clock source latency
                  0.22    0.14    0.14 ^ clk (in)
     1    0.05                           clk (net)
                  0.22    0.00    0.14 ^ clkbuf_0_clk/A (sky130_fd_sc_hd__clkbuf_16)
                  0.14    0.25    0.39 ^ clkbuf_0_clk/X (sky130_fd_sc_hd__clkbuf_16)
     8    0.13                           clknet_0_clk (net)
                  0.14    0.00    0.39 ^ clkbuf_3_7__f_clk/A (sky130_fd_sc_hd__clkbuf_16)
                  0.09    0.18    0.58 ^ clkbuf_3_7__f_clk/X (sky130_fd_sc_hd__clkbuf_16)
     9    0.07                           clknet_3_7__leaf_clk (net)
                  0.09    0.00    0.58 ^ _390_/CLK (sky130_fd_sc_hd__dfrtp_1)
                  0.11    0.37    0.95 ^ _390_/Q (sky130_fd_sc_hd__dfrtp_1)
     4    0.01                           state[0] (net)
                  0.11    0.00    0.95 ^ _181_/A_N (sky130_fd_sc_hd__and3b_2)
                  0.10    0.28    1.22 v _181_/X (sky130_fd_sc_hd__and3b_2)
     6    0.03                           _069_ (net)
                  0.10    0.00    1.22 v _201_/A (sky130_fd_sc_hd__buf_4)
                  0.12    0.23    1.45 v _201_/X (sky130_fd_sc_hd__buf_4)
    10    0.09                           _079_ (net)
                  0.12    0.00    1.45 v _212_/B (sky130_fd_sc_hd__and2_1)
                  0.04    0.17    1.63 v _212_/X (sky130_fd_sc_hd__and2_1)
     1    0.00                           _085_ (net)
                  0.04    0.00    1.63 v _213_/A (sky130_fd_sc_hd__buf_1)
                  0.11    0.14    1.77 v _213_/X (sky130_fd_sc_hd__buf_1)
     1    0.02                           net106 (net)
                  0.11    0.00    1.77 v output106/A (sky130_fd_sc_hd__clkbuf_4)
                  0.08    0.20    1.98 v output106/X (sky130_fd_sc_hd__clkbuf_4)
     1    0.03                           m_rdata[14] (net)
                  0.08    0.00    1.98 v m_rdata[14] (out)
                                  1.98   data arrival time

                          0.00    0.00   clock clk (rise edge)
                          0.00    0.00   clock network delay (propagated)
                          0.25    0.25   clock uncertainty
                          0.00    0.25   clock reconvergence pessimism
                         -2.00   -1.75   output external delay
                                 -1.75   data required time
-----------------------------------------------------------------------------
                                 -1.75   data required time
                                 -1.98   data arrival time
-----------------------------------------------------------------------------
                                  3.73   slack (MET)


Startpoint: _390_ (rising edge-triggered flip-flop clocked by clk)
Endpoint: m_rdata[16] (output port clocked by clk)
Path Group: clk
Path Type: min

Fanout     Cap    Slew   Delay    Time   Description
-----------------------------------------------------------------------------
                          0.00    0.00   clock clk (rise edge)
                          0.00    0.00   clock source latency
                  0.22    0.14    0.14 ^ clk (in)
     1    0.05                           clk (net)
                  0.22    0.00    0.14 ^ clkbuf_0_clk/A (sky130_fd_sc_hd__clkbuf_16)
                  0.14    0.25    0.39 ^ clkbuf_0_clk/X (sky130_fd_sc_hd__clkbuf_16)
     8    0.13                           clknet_0_clk (net)
                  0.14    0.00    0.39 ^ clkbuf_3_7__f_clk/A (sky130_fd_sc_hd__clkbuf_16)
                  0.09    0.18    0.58 ^ clkbuf_3_7__f_clk/X (sky130_fd_sc_hd__clkbuf_16)
     9    0.07                           clknet_3_7__leaf_clk (net)
                  0.09    0.00    0.58 ^ _390_/CLK (sky130_fd_sc_hd__dfrtp_1)
                  0.11    0.37    0.95 ^ _390_/Q (sky130_fd_sc_hd__dfrtp_1)
     4    0.01                           state[0] (net)
                  0.11    0.00    0.95 ^ _181_/A_N (sky130_fd_sc_hd__and3b_2)
                  0.10    0.28    1.22 v _181_/X (sky130_fd_sc_hd__and3b_2)
     6    0.03                           _069_ (net)
                  0.10    0.00    1.22 v _201_/A (sky130_fd_sc_hd__buf_4)
                  0.12    0.23    1.45 v _201_/X (sky130_fd_sc_hd__buf_4)
    10    0.09                           _079_ (net)
                  0.12    0.01    1.46 v _216_/B (sky130_fd_sc_hd__and2_1)
                  0.04    0.18    1.64 v _216_/X (sky130_fd_sc_hd__and2_1)
     1    0.00                           _087_ (net)
                  0.04    0.00    1.64 v _217_/A (sky130_fd_sc_hd__buf_1)
                  0.10    0.14    1.78 v _217_/X (sky130_fd_sc_hd__buf_1)
     1    0.02                           net108 (net)
                  0.10    0.00    1.78 v output108/A (sky130_fd_sc_hd__clkbuf_4)
                  0.08    0.20    1.98 v output108/X (sky130_fd_sc_hd__clkbuf_4)
     1    0.03                           m_rdata[16] (net)
                  0.08    0.00    1.98 v m_rdata[16] (out)
                                  1.98   data arrival time

                          0.00    0.00   clock clk (rise edge)
                          0.00    0.00   clock network delay (propagated)
                          0.25    0.25   clock uncertainty
                          0.00    0.25   clock reconvergence pessimism
                         -2.00   -1.75   output external delay
                                 -1.75   data required time
-----------------------------------------------------------------------------
                                 -1.75   data required time
                                 -1.98   data arrival time
-----------------------------------------------------------------------------
                                  3.73   slack (MET)


Startpoint: _390_ (rising edge-triggered flip-flop clocked by clk)
Endpoint: m_rdata[1] (output port clocked by clk)
Path Group: clk
Path Type: min

Fanout     Cap    Slew   Delay    Time   Description
-----------------------------------------------------------------------------
                          0.00    0.00   clock clk (rise edge)
                          0.00    0.00   clock source latency
                  0.22    0.14    0.14 ^ clk (in)
     1    0.05                           clk (net)
                  0.22    0.00    0.14 ^ clkbuf_0_clk/A (sky130_fd_sc_hd__clkbuf_16)
                  0.14    0.25    0.39 ^ clkbuf_0_clk/X (sky130_fd_sc_hd__clkbuf_16)
     8    0.13                           clknet_0_clk (net)
                  0.14    0.00    0.39 ^ clkbuf_3_7__f_clk/A (sky130_fd_sc_hd__clkbuf_16)
                  0.09    0.18    0.58 ^ clkbuf_3_7__f_clk/X (sky130_fd_sc_hd__clkbuf_16)
     9    0.07                           clknet_3_7__leaf_clk (net)
                  0.09    0.00    0.58 ^ _390_/CLK (sky130_fd_sc_hd__dfrtp_1)
                  0.11    0.37    0.95 ^ _390_/Q (sky130_fd_sc_hd__dfrtp_1)
     4    0.01                           state[0] (net)
                  0.11    0.00    0.95 ^ _181_/A_N (sky130_fd_sc_hd__and3b_2)
                  0.10    0.28    1.22 v _181_/X (sky130_fd_sc_hd__and3b_2)
     6    0.03                           _069_ (net)
                  0.10    0.00    1.22 v _182_/A (sky130_fd_sc_hd__clkbuf_8)
                  0.11    0.22    1.44 v _182_/X (sky130_fd_sc_hd__clkbuf_8)
    10    0.09                           net133 (net)
                  0.11    0.01    1.45 v _185_/B (sky130_fd_sc_hd__and2_1)
                  0.03    0.17    1.62 v _185_/X (sky130_fd_sc_hd__and2_1)
     1    0.00                           _071_ (net)
                  0.03    0.00    1.62 v _186_/A (sky130_fd_sc_hd__clkbuf_2)
                  0.11    0.16    1.78 v _186_/X (sky130_fd_sc_hd__clkbuf_2)
     1    0.03                           net112 (net)
                  0.11    0.00    1.78 v output112/A (sky130_fd_sc_hd__clkbuf_4)
                  0.08    0.20    1.98 v output112/X (sky130_fd_sc_hd__clkbuf_4)
     1    0.03                           m_rdata[1] (net)
                  0.08    0.00    1.98 v m_rdata[1] (out)
                                  1.98   data arrival time

                          0.00    0.00   clock clk (rise edge)
                          0.00    0.00   clock network delay (propagated)
                          0.25    0.25   clock uncertainty
                          0.00    0.25   clock reconvergence pessimism
                         -2.00   -1.75   output external delay
                                 -1.75   data required time
-----------------------------------------------------------------------------
                                 -1.75   data required time
                                 -1.98   data arrival time
-----------------------------------------------------------------------------
                                  3.73   slack (MET)


Startpoint: _390_ (rising edge-triggered flip-flop clocked by clk)
Endpoint: m_rdata[10] (output port clocked by clk)
Path Group: clk
Path Type: min

Fanout     Cap    Slew   Delay    Time   Description
-----------------------------------------------------------------------------
                          0.00    0.00   clock clk (rise edge)
                          0.00    0.00   clock source latency
                  0.22    0.14    0.14 ^ clk (in)
     1    0.05                           clk (net)
                  0.22    0.00    0.14 ^ clkbuf_0_clk/A (sky130_fd_sc_hd__clkbuf_16)
                  0.14    0.25    0.39 ^ clkbuf_0_clk/X (sky130_fd_sc_hd__clkbuf_16)
     8    0.13                           clknet_0_clk (net)
                  0.14    0.00    0.39 ^ clkbuf_3_7__f_clk/A (sky130_fd_sc_hd__clkbuf_16)
                  0.09    0.18    0.58 ^ clkbuf_3_7__f_clk/X (sky130_fd_sc_hd__clkbuf_16)
     9    0.07                           clknet_3_7__leaf_clk (net)
                  0.09    0.00    0.58 ^ _390_/CLK (sky130_fd_sc_hd__dfrtp_1)
                  0.11    0.37    0.95 ^ _390_/Q (sky130_fd_sc_hd__dfrtp_1)
     4    0.01                           state[0] (net)
                  0.11    0.00    0.95 ^ _181_/A_N (sky130_fd_sc_hd__and3b_2)
                  0.10    0.28    1.22 v _181_/X (sky130_fd_sc_hd__and3b_2)
     6    0.03                           _069_ (net)
                  0.10    0.00    1.22 v _201_/A (sky130_fd_sc_hd__buf_4)
                  0.12    0.23    1.45 v _201_/X (sky130_fd_sc_hd__buf_4)
    10    0.09                           _079_ (net)
                  0.12    0.01    1.46 v _204_/B (sky130_fd_sc_hd__and2_1)
                  0.03    0.17    1.63 v _204_/X (sky130_fd_sc_hd__and2_1)
     1    0.00                           _081_ (net)
                  0.03    0.00    1.63 v _205_/A (sky130_fd_sc_hd__buf_1)
                  0.12    0.15    1.78 v _205_/X (sky130_fd_sc_hd__buf_1)
     1    0.02                           net102 (net)
                  0.12    0.00    1.78 v output102/A (sky130_fd_sc_hd__clkbuf_4)
                  0.08    0.20    1.98 v output102/X (sky130_fd_sc_hd__clkbuf_4)
     1    0.03                           m_rdata[10] (net)
                  0.08    0.00    1.98 v m_rdata[10] (out)
                                  1.98   data arrival time

                          0.00    0.00   clock clk (rise edge)
                          0.00    0.00   clock network delay (propagated)
                          0.25    0.25   clock uncertainty
                          0.00    0.25   clock reconvergence pessimism
                         -2.00   -1.75   output external delay
                                 -1.75   data required time
-----------------------------------------------------------------------------
                                 -1.75   data required time
                                 -1.98   data arrival time
-----------------------------------------------------------------------------
                                  3.73   slack (MET)


Startpoint: _390_ (rising edge-triggered flip-flop clocked by clk)
Endpoint: m_rdata[19] (output port clocked by clk)
Path Group: clk
Path Type: min

Fanout     Cap    Slew   Delay    Time   Description
-----------------------------------------------------------------------------
                          0.00    0.00   clock clk (rise edge)
                          0.00    0.00   clock source latency
                  0.22    0.14    0.14 ^ clk (in)
     1    0.05                           clk (net)
                  0.22    0.00    0.14 ^ clkbuf_0_clk/A (sky130_fd_sc_hd__clkbuf_16)
                  0.14    0.25    0.39 ^ clkbuf_0_clk/X (sky130_fd_sc_hd__clkbuf_16)
     8    0.13                           clknet_0_clk (net)
                  0.14    0.00    0.39 ^ clkbuf_3_7__f_clk/A (sky130_fd_sc_hd__clkbuf_16)
                  0.09    0.18    0.58 ^ clkbuf_3_7__f_clk/X (sky130_fd_sc_hd__clkbuf_16)
     9    0.07                           clknet_3_7__leaf_clk (net)
                  0.09    0.00    0.58 ^ _390_/CLK (sky130_fd_sc_hd__dfrtp_1)
                  0.11    0.37    0.95 ^ _390_/Q (sky130_fd_sc_hd__dfrtp_1)
     4    0.01                           state[0] (net)
                  0.11    0.00    0.95 ^ _181_/A_N (sky130_fd_sc_hd__and3b_2)
                  0.10    0.28    1.22 v _181_/X (sky130_fd_sc_hd__and3b_2)
     6    0.03                           _069_ (net)
                  0.10    0.00    1.22 v _222_/A (sky130_fd_sc_hd__clkbuf_8)
                  0.11    0.22    1.44 v _222_/X (sky130_fd_sc_hd__clkbuf_8)
    10    0.10                           _090_ (net)
                  0.11    0.01    1.45 v _223_/B (sky130_fd_sc_hd__and2_1)
                  0.04    0.18    1.63 v _223_/X (sky130_fd_sc_hd__and2_1)
     1    0.00                           _091_ (net)
                  0.04    0.00    1.63 v _224_/A (sky130_fd_sc_hd__buf_1)
                  0.12    0.15    1.78 v _224_/X (sky130_fd_sc_hd__buf_1)
     1    0.02                           net111 (net)
                  0.12    0.00    1.78 v output111/A (sky130_fd_sc_hd__clkbuf_4)
                  0.08    0.21    1.99 v output111/X (sky130_fd_sc_hd__clkbuf_4)
     1    0.03                           m_rdata[19] (net)
                  0.08    0.00    1.99 v m_rdata[19] (out)
                                  1.99   data arrival time

                          0.00    0.00   clock clk (rise edge)
                          0.00    0.00   clock network delay (propagated)
                          0.25    0.25   clock uncertainty
                          0.00    0.25   clock reconvergence pessimism
                         -2.00   -1.75   output external delay
                                 -1.75   data required time
-----------------------------------------------------------------------------
                                 -1.75   data required time
                                 -1.99   data arrival time
-----------------------------------------------------------------------------
                                  3.74   slack (MET)


Startpoint: _390_ (rising edge-triggered flip-flop clocked by clk)
Endpoint: m_rdata[17] (output port clocked by clk)
Path Group: clk
Path Type: min

Fanout     Cap    Slew   Delay    Time   Description
-----------------------------------------------------------------------------
                          0.00    0.00   clock clk (rise edge)
                          0.00    0.00   clock source latency
                  0.22    0.14    0.14 ^ clk (in)
     1    0.05                           clk (net)
                  0.22    0.00    0.14 ^ clkbuf_0_clk/A (sky130_fd_sc_hd__clkbuf_16)
                  0.14    0.25    0.39 ^ clkbuf_0_clk/X (sky130_fd_sc_hd__clkbuf_16)
     8    0.13                           clknet_0_clk (net)
                  0.14    0.00    0.39 ^ clkbuf_3_7__f_clk/A (sky130_fd_sc_hd__clkbuf_16)
                  0.09    0.18    0.58 ^ clkbuf_3_7__f_clk/X (sky130_fd_sc_hd__clkbuf_16)
     9    0.07                           clknet_3_7__leaf_clk (net)
                  0.09    0.00    0.58 ^ _390_/CLK (sky130_fd_sc_hd__dfrtp_1)
                  0.11    0.37    0.95 ^ _390_/Q (sky130_fd_sc_hd__dfrtp_1)
     4    0.01                           state[0] (net)
                  0.11    0.00    0.95 ^ _181_/A_N (sky130_fd_sc_hd__and3b_2)
                  0.10    0.28    1.22 v _181_/X (sky130_fd_sc_hd__and3b_2)
     6    0.03                           _069_ (net)
                  0.10    0.00    1.22 v _201_/A (sky130_fd_sc_hd__buf_4)
                  0.12    0.23    1.45 v _201_/X (sky130_fd_sc_hd__buf_4)
    10    0.09                           _079_ (net)
                  0.12    0.01    1.46 v _218_/B (sky130_fd_sc_hd__and2_1)
                  0.03    0.17    1.64 v _218_/X (sky130_fd_sc_hd__and2_1)
     1    0.00                           _088_ (net)
                  0.03    0.00    1.64 v _219_/A (sky130_fd_sc_hd__buf_1)
                  0.12    0.15    1.79 v _219_/X (sky130_fd_sc_hd__buf_1)
     1    0.02                           net109 (net)
                  0.12    0.00    1.79 v output109/A (sky130_fd_sc_hd__clkbuf_4)
                  0.08    0.21    2.00 v output109/X (sky130_fd_sc_hd__clkbuf_4)
     1    0.03                           m_rdata[17] (net)
                  0.08    0.00    2.00 v m_rdata[17] (out)
                                  2.00   data arrival time

                          0.00    0.00   clock clk (rise edge)
                          0.00    0.00   clock network delay (propagated)
                          0.25    0.25   clock uncertainty
                          0.00    0.25   clock reconvergence pessimism
                         -2.00   -1.75   output external delay
                                 -1.75   data required time
-----------------------------------------------------------------------------
                                 -1.75   data required time
                                 -2.00   data arrival time
-----------------------------------------------------------------------------
                                  3.75   slack (MET)


Startpoint: _390_ (rising edge-triggered flip-flop clocked by clk)
Endpoint: m_rdata[9] (output port clocked by clk)
Path Group: clk
Path Type: min

Fanout     Cap    Slew   Delay    Time   Description
-----------------------------------------------------------------------------
                          0.00    0.00   clock clk (rise edge)
                          0.00    0.00   clock source latency
                  0.22    0.14    0.14 ^ clk (in)
     1    0.05                           clk (net)
                  0.22    0.00    0.14 ^ clkbuf_0_clk/A (sky130_fd_sc_hd__clkbuf_16)
                  0.14    0.25    0.39 ^ clkbuf_0_clk/X (sky130_fd_sc_hd__clkbuf_16)
     8    0.13                           clknet_0_clk (net)
                  0.14    0.00    0.39 ^ clkbuf_3_7__f_clk/A (sky130_fd_sc_hd__clkbuf_16)
                  0.09    0.18    0.58 ^ clkbuf_3_7__f_clk/X (sky130_fd_sc_hd__clkbuf_16)
     9    0.07                           clknet_3_7__leaf_clk (net)
                  0.09    0.00    0.58 ^ _390_/CLK (sky130_fd_sc_hd__dfrtp_1)
                  0.11    0.37    0.95 ^ _390_/Q (sky130_fd_sc_hd__dfrtp_1)
     4    0.01                           state[0] (net)
                  0.11    0.00    0.95 ^ _181_/A_N (sky130_fd_sc_hd__and3b_2)
                  0.10    0.28    1.22 v _181_/X (sky130_fd_sc_hd__and3b_2)
     6    0.03                           _069_ (net)
                  0.10    0.00    1.22 v _201_/A (sky130_fd_sc_hd__buf_4)
                  0.12    0.23    1.45 v _201_/X (sky130_fd_sc_hd__buf_4)
    10    0.09                           _079_ (net)
                  0.12    0.01    1.46 v _202_/B (sky130_fd_sc_hd__and2_1)
                  0.04    0.18    1.64 v _202_/X (sky130_fd_sc_hd__and2_1)
     1    0.00                           _080_ (net)
                  0.04    0.00    1.64 v _203_/A (sky130_fd_sc_hd__buf_1)
                  0.12    0.15    1.79 v _203_/X (sky130_fd_sc_hd__buf_1)
     1    0.02                           net132 (net)
                  0.12    0.00    1.79 v output132/A (sky130_fd_sc_hd__clkbuf_4)
                  0.08    0.21    2.00 v output132/X (sky130_fd_sc_hd__clkbuf_4)
     1    0.03                           m_rdata[9] (net)
                  0.08    0.00    2.00 v m_rdata[9] (out)
                                  2.00   data arrival time

                          0.00    0.00   clock clk (rise edge)
                          0.00    0.00   clock network delay (propagated)
                          0.25    0.25   clock uncertainty
                          0.00    0.25   clock reconvergence pessimism
                         -2.00   -1.75   output external delay
                                 -1.75   data required time
-----------------------------------------------------------------------------
                                 -1.75   data required time
                                 -2.00   data arrival time
-----------------------------------------------------------------------------
                                  3.75   slack (MET)


Startpoint: _390_ (rising edge-triggered flip-flop clocked by clk)
Endpoint: m_rdata[20] (output port clocked by clk)
Path Group: clk
Path Type: min

Fanout     Cap    Slew   Delay    Time   Description
-----------------------------------------------------------------------------
                          0.00    0.00   clock clk (rise edge)
                          0.00    0.00   clock source latency
                  0.22    0.14    0.14 ^ clk (in)
     1    0.05                           clk (net)
                  0.22    0.00    0.14 ^ clkbuf_0_clk/A (sky130_fd_sc_hd__clkbuf_16)
                  0.14    0.25    0.39 ^ clkbuf_0_clk/X (sky130_fd_sc_hd__clkbuf_16)
     8    0.13                           clknet_0_clk (net)
                  0.14    0.00    0.39 ^ clkbuf_3_7__f_clk/A (sky130_fd_sc_hd__clkbuf_16)
                  0.09    0.18    0.58 ^ clkbuf_3_7__f_clk/X (sky130_fd_sc_hd__clkbuf_16)
     9    0.07                           clknet_3_7__leaf_clk (net)
                  0.09    0.00    0.58 ^ _390_/CLK (sky130_fd_sc_hd__dfrtp_1)
                  0.11    0.37    0.95 ^ _390_/Q (sky130_fd_sc_hd__dfrtp_1)
     4    0.01                           state[0] (net)
                  0.11    0.00    0.95 ^ _181_/A_N (sky130_fd_sc_hd__and3b_2)
                  0.10    0.28    1.22 v _181_/X (sky130_fd_sc_hd__and3b_2)
     6    0.03                           _069_ (net)
                  0.10    0.00    1.22 v _222_/A (sky130_fd_sc_hd__clkbuf_8)
                  0.11    0.22    1.44 v _222_/X (sky130_fd_sc_hd__clkbuf_8)
    10    0.10                           _090_ (net)
                  0.11    0.01    1.45 v _225_/B (sky130_fd_sc_hd__and2_1)
                  0.04    0.18    1.63 v _225_/X (sky130_fd_sc_hd__and2_1)
     1    0.00                           _092_ (net)
                  0.04    0.00    1.63 v _226_/A (sky130_fd_sc_hd__clkbuf_2)
                  0.12    0.16    1.79 v _226_/X (sky130_fd_sc_hd__clkbuf_2)
     1    0.03                           net113 (net)
                  0.12    0.00    1.80 v output113/A (sky130_fd_sc_hd__clkbuf_4)
                  0.08    0.20    2.00 v output113/X (sky130_fd_sc_hd__clkbuf_4)
     1    0.03                           m_rdata[20] (net)
                  0.08    0.00    2.00 v m_rdata[20] (out)
                                  2.00   data arrival time

                          0.00    0.00   clock clk (rise edge)
                          0.00    0.00   clock network delay (propagated)
                          0.25    0.25   clock uncertainty
                          0.00    0.25   clock reconvergence pessimism
                         -2.00   -1.75   output external delay
                                 -1.75   data required time
-----------------------------------------------------------------------------
                                 -1.75   data required time
                                 -2.00   data arrival time
-----------------------------------------------------------------------------
                                  3.75   slack (MET)


Startpoint: _390_ (rising edge-triggered flip-flop clocked by clk)
Endpoint: m_rdata[22] (output port clocked by clk)
Path Group: clk
Path Type: min

Fanout     Cap    Slew   Delay    Time   Description
-----------------------------------------------------------------------------
                          0.00    0.00   clock clk (rise edge)
                          0.00    0.00   clock source latency
                  0.22    0.14    0.14 ^ clk (in)
     1    0.05                           clk (net)
                  0.22    0.00    0.14 ^ clkbuf_0_clk/A (sky130_fd_sc_hd__clkbuf_16)
                  0.14    0.25    0.39 ^ clkbuf_0_clk/X (sky130_fd_sc_hd__clkbuf_16)
     8    0.13                           clknet_0_clk (net)
                  0.14    0.00    0.39 ^ clkbuf_3_7__f_clk/A (sky130_fd_sc_hd__clkbuf_16)
                  0.09    0.18    0.58 ^ clkbuf_3_7__f_clk/X (sky130_fd_sc_hd__clkbuf_16)
     9    0.07                           clknet_3_7__leaf_clk (net)
                  0.09    0.00    0.58 ^ _390_/CLK (sky130_fd_sc_hd__dfrtp_1)
                  0.11    0.37    0.95 ^ _390_/Q (sky130_fd_sc_hd__dfrtp_1)
     4    0.01                           state[0] (net)
                  0.11    0.00    0.95 ^ _181_/A_N (sky130_fd_sc_hd__and3b_2)
                  0.10    0.28    1.22 v _181_/X (sky130_fd_sc_hd__and3b_2)
     6    0.03                           _069_ (net)
                  0.10    0.00    1.22 v _222_/A (sky130_fd_sc_hd__clkbuf_8)
                  0.11    0.22    1.44 v _222_/X (sky130_fd_sc_hd__clkbuf_8)
    10    0.10                           _090_ (net)
                  0.11    0.01    1.45 v _229_/B (sky130_fd_sc_hd__and2_1)
                  0.03    0.17    1.62 v _229_/X (sky130_fd_sc_hd__and2_1)
     1    0.00                           _094_ (net)
                  0.03    0.00    1.62 v _230_/A (sky130_fd_sc_hd__dlymetal6s2s_1)
                  0.11    0.18    1.81 v _230_/X (sky130_fd_sc_hd__dlymetal6s2s_1)
     1    0.02                           net115 (net)
                  0.11    0.00    1.81 v output115/A (sky130_fd_sc_hd__clkbuf_4)
                  0.08    0.20    2.01 v output115/X (sky130_fd_sc_hd__clkbuf_4)
     1    0.04                           m_rdata[22] (net)
                  0.08    0.00    2.01 v m_rdata[22] (out)
                                  2.01   data arrival time

                          0.00    0.00   clock clk (rise edge)
                          0.00    0.00   clock network delay (propagated)
                          0.25    0.25   clock uncertainty
                          0.00    0.25   clock reconvergence pessimism
                         -2.00   -1.75   output external delay
                                 -1.75   data required time
-----------------------------------------------------------------------------
                                 -1.75   data required time
                                 -2.01   data arrival time
-----------------------------------------------------------------------------
                                  3.76   slack (MET)


Startpoint: _390_ (rising edge-triggered flip-flop clocked by clk)
Endpoint: m_rdata[8] (output port clocked by clk)
Path Group: clk
Path Type: min

Fanout     Cap    Slew   Delay    Time   Description
-----------------------------------------------------------------------------
                          0.00    0.00   clock clk (rise edge)
                          0.00    0.00   clock source latency
                  0.22    0.14    0.14 ^ clk (in)
     1    0.05                           clk (net)
                  0.22    0.00    0.14 ^ clkbuf_0_clk/A (sky130_fd_sc_hd__clkbuf_16)
                  0.14    0.25    0.39 ^ clkbuf_0_clk/X (sky130_fd_sc_hd__clkbuf_16)
     8    0.13                           clknet_0_clk (net)
                  0.14    0.00    0.39 ^ clkbuf_3_7__f_clk/A (sky130_fd_sc_hd__clkbuf_16)
                  0.09    0.18    0.58 ^ clkbuf_3_7__f_clk/X (sky130_fd_sc_hd__clkbuf_16)
     9    0.07                           clknet_3_7__leaf_clk (net)
                  0.09    0.00    0.58 ^ _390_/CLK (sky130_fd_sc_hd__dfrtp_1)
                  0.11    0.37    0.95 ^ _390_/Q (sky130_fd_sc_hd__dfrtp_1)
     4    0.01                           state[0] (net)
                  0.11    0.00    0.95 ^ _181_/A_N (sky130_fd_sc_hd__and3b_2)
                  0.10    0.28    1.22 v _181_/X (sky130_fd_sc_hd__and3b_2)
     6    0.03                           _069_ (net)
                  0.10    0.00    1.22 v _182_/A (sky130_fd_sc_hd__clkbuf_8)
                  0.11    0.22    1.44 v _182_/X (sky130_fd_sc_hd__clkbuf_8)
    10    0.09                           net133 (net)
                  0.11    0.01    1.45 v _199_/B (sky130_fd_sc_hd__and2_1)
                  0.04    0.17    1.62 v _199_/X (sky130_fd_sc_hd__and2_1)
     1    0.00                           _078_ (net)
                  0.04    0.00    1.62 v _200_/A (sky130_fd_sc_hd__clkbuf_2)
                  0.13    0.18    1.80 v _200_/X (sky130_fd_sc_hd__clkbuf_2)
     1    0.04                           net131 (net)
                  0.13    0.00    1.80 v output131/A (sky130_fd_sc_hd__clkbuf_4)
                  0.08    0.21    2.02 v output131/X (sky130_fd_sc_hd__clkbuf_4)
     1    0.03                           m_rdata[8] (net)
                  0.08    0.00    2.02 v m_rdata[8] (out)
                                  2.02   data arrival time

                          0.00    0.00   clock clk (rise edge)
                          0.00    0.00   clock network delay (propagated)
                          0.25    0.25   clock uncertainty
                          0.00    0.25   clock reconvergence pessimism
                         -2.00   -1.75   output external delay
                                 -1.75   data required time
-----------------------------------------------------------------------------
                                 -1.75   data required time
                                 -2.02   data arrival time
-----------------------------------------------------------------------------
                                  3.77   slack (MET)


Startpoint: _390_ (rising edge-triggered flip-flop clocked by clk)
Endpoint: m_rdata[26] (output port clocked by clk)
Path Group: clk
Path Type: min

Fanout     Cap    Slew   Delay    Time   Description
-----------------------------------------------------------------------------
                          0.00    0.00   clock clk (rise edge)
                          0.00    0.00   clock source latency
                  0.22    0.14    0.14 ^ clk (in)
     1    0.05                           clk (net)
                  0.22    0.00    0.14 ^ clkbuf_0_clk/A (sky130_fd_sc_hd__clkbuf_16)
                  0.14    0.25    0.39 ^ clkbuf_0_clk/X (sky130_fd_sc_hd__clkbuf_16)
     8    0.13                           clknet_0_clk (net)
                  0.14    0.00    0.39 ^ clkbuf_3_7__f_clk/A (sky130_fd_sc_hd__clkbuf_16)
                  0.09    0.18    0.58 ^ clkbuf_3_7__f_clk/X (sky130_fd_sc_hd__clkbuf_16)
     9    0.07                           clknet_3_7__leaf_clk (net)
                  0.09    0.00    0.58 ^ _390_/CLK (sky130_fd_sc_hd__dfrtp_1)
                  0.11    0.37    0.95 ^ _390_/Q (sky130_fd_sc_hd__dfrtp_1)
     4    0.01                           state[0] (net)
                  0.11    0.00    0.95 ^ _181_/A_N (sky130_fd_sc_hd__and3b_2)
                  0.10    0.28    1.22 v _181_/X (sky130_fd_sc_hd__and3b_2)
     6    0.03                           _069_ (net)
                  0.10    0.00    1.22 v _222_/A (sky130_fd_sc_hd__clkbuf_8)
                  0.11    0.22    1.44 v _222_/X (sky130_fd_sc_hd__clkbuf_8)
    10    0.10                           _090_ (net)
                  0.11    0.00    1.45 v _237_/B (sky130_fd_sc_hd__and2_1)
                  0.03    0.17    1.62 v _237_/X (sky130_fd_sc_hd__and2_1)
     1    0.00                           _098_ (net)
                  0.03    0.00    1.62 v _238_/A (sky130_fd_sc_hd__dlymetal6s2s_1)
                  0.12    0.20    1.81 v _238_/X (sky130_fd_sc_hd__dlymetal6s2s_1)
     1    0.02                           net119 (net)
                  0.12    0.00    1.81 v output119/A (sky130_fd_sc_hd__clkbuf_4)
                  0.08    0.21    2.02 v output119/X (sky130_fd_sc_hd__clkbuf_4)
     1    0.03                           m_rdata[26] (net)
                  0.08    0.00    2.02 v m_rdata[26] (out)
                                  2.02   data arrival time

                          0.00    0.00   clock clk (rise edge)
                          0.00    0.00   clock network delay (propagated)
                          0.25    0.25   clock uncertainty
                          0.00    0.25   clock reconvergence pessimism
                         -2.00   -1.75   output external delay
                                 -1.75   data required time
-----------------------------------------------------------------------------
                                 -1.75   data required time
                                 -2.02   data arrival time
-----------------------------------------------------------------------------
                                  3.77   slack (MET)


Startpoint: _390_ (rising edge-triggered flip-flop clocked by clk)
Endpoint: m_rdata[5] (output port clocked by clk)
Path Group: clk
Path Type: min

Fanout     Cap    Slew   Delay    Time   Description
-----------------------------------------------------------------------------
                          0.00    0.00   clock clk (rise edge)
                          0.00    0.00   clock source latency
                  0.22    0.14    0.14 ^ clk (in)
     1    0.05                           clk (net)
                  0.22    0.00    0.14 ^ clkbuf_0_clk/A (sky130_fd_sc_hd__clkbuf_16)
                  0.14    0.25    0.39 ^ clkbuf_0_clk/X (sky130_fd_sc_hd__clkbuf_16)
     8    0.13                           clknet_0_clk (net)
                  0.14    0.00    0.39 ^ clkbuf_3_7__f_clk/A (sky130_fd_sc_hd__clkbuf_16)
                  0.09    0.18    0.58 ^ clkbuf_3_7__f_clk/X (sky130_fd_sc_hd__clkbuf_16)
     9    0.07                           clknet_3_7__leaf_clk (net)
                  0.09    0.00    0.58 ^ _390_/CLK (sky130_fd_sc_hd__dfrtp_1)
                  0.11    0.37    0.95 ^ _390_/Q (sky130_fd_sc_hd__dfrtp_1)
     4    0.01                           state[0] (net)
                  0.11    0.00    0.95 ^ _181_/A_N (sky130_fd_sc_hd__and3b_2)
                  0.10    0.28    1.22 v _181_/X (sky130_fd_sc_hd__and3b_2)
     6    0.03                           _069_ (net)
                  0.10    0.00    1.22 v _182_/A (sky130_fd_sc_hd__clkbuf_8)
                  0.11    0.22    1.44 v _182_/X (sky130_fd_sc_hd__clkbuf_8)
    10    0.09                           net133 (net)
                  0.11    0.01    1.45 v _193_/B (sky130_fd_sc_hd__and2_1)
                  0.04    0.18    1.63 v _193_/X (sky130_fd_sc_hd__and2_1)
     1    0.00                           _075_ (net)
                  0.04    0.00    1.63 v _194_/A (sky130_fd_sc_hd__dlymetal6s2s_1)
                  0.11    0.19    1.82 v _194_/X (sky130_fd_sc_hd__dlymetal6s2s_1)
     1    0.02                           net128 (net)
                  0.11    0.00    1.82 v output128/A (sky130_fd_sc_hd__clkbuf_4)
                  0.08    0.20    2.03 v output128/X (sky130_fd_sc_hd__clkbuf_4)
     1    0.04                           m_rdata[5] (net)
                  0.08    0.00    2.03 v m_rdata[5] (out)
                                  2.03   data arrival time

                          0.00    0.00   clock clk (rise edge)
                          0.00    0.00   clock network delay (propagated)
                          0.25    0.25   clock uncertainty
                          0.00    0.25   clock reconvergence pessimism
                         -2.00   -1.75   output external delay
                                 -1.75   data required time
-----------------------------------------------------------------------------
                                 -1.75   data required time
                                 -2.03   data arrival time
-----------------------------------------------------------------------------
                                  3.78   slack (MET)


Startpoint: _390_ (rising edge-triggered flip-flop clocked by clk)
Endpoint: m_rdata[27] (output port clocked by clk)
Path Group: clk
Path Type: min

Fanout     Cap    Slew   Delay    Time   Description
-----------------------------------------------------------------------------
                          0.00    0.00   clock clk (rise edge)
                          0.00    0.00   clock source latency
                  0.22    0.14    0.14 ^ clk (in)
     1    0.05                           clk (net)
                  0.22    0.00    0.14 ^ clkbuf_0_clk/A (sky130_fd_sc_hd__clkbuf_16)
                  0.14    0.25    0.39 ^ clkbuf_0_clk/X (sky130_fd_sc_hd__clkbuf_16)
     8    0.13                           clknet_0_clk (net)
                  0.14    0.00    0.39 ^ clkbuf_3_7__f_clk/A (sky130_fd_sc_hd__clkbuf_16)
                  0.09    0.18    0.58 ^ clkbuf_3_7__f_clk/X (sky130_fd_sc_hd__clkbuf_16)
     9    0.07                           clknet_3_7__leaf_clk (net)
                  0.09    0.00    0.58 ^ _390_/CLK (sky130_fd_sc_hd__dfrtp_1)
                  0.11    0.37    0.95 ^ _390_/Q (sky130_fd_sc_hd__dfrtp_1)
     4    0.01                           state[0] (net)
                  0.11    0.00    0.95 ^ _181_/A_N (sky130_fd_sc_hd__and3b_2)
                  0.10    0.28    1.22 v _181_/X (sky130_fd_sc_hd__and3b_2)
     6    0.03                           _069_ (net)
                  0.10    0.00    1.22 v _222_/A (sky130_fd_sc_hd__clkbuf_8)
                  0.11    0.22    1.44 v _222_/X (sky130_fd_sc_hd__clkbuf_8)
    10    0.10                           _090_ (net)
                  0.11    0.01    1.45 v _239_/B (sky130_fd_sc_hd__and2_1)
                  0.03    0.17    1.62 v _239_/X (sky130_fd_sc_hd__and2_1)
     1    0.00                           _099_ (net)
                  0.03    0.00    1.62 v _240_/A (sky130_fd_sc_hd__dlymetal6s2s_1)
                  0.14    0.20    1.83 v _240_/X (sky130_fd_sc_hd__dlymetal6s2s_1)
     1    0.03                           net120 (net)
                  0.14    0.00    1.83 v output120/A (sky130_fd_sc_hd__clkbuf_4)
                  0.08    0.21    2.04 v output120/X (sky130_fd_sc_hd__clkbuf_4)
     1    0.04                           m_rdata[27] (net)
                  0.08    0.00    2.04 v m_rdata[27] (out)
                                  2.04   data arrival time

                          0.00    0.00   clock clk (rise edge)
                          0.00    0.00   clock network delay (propagated)
                          0.25    0.25   clock uncertainty
                          0.00    0.25   clock reconvergence pessimism
                         -2.00   -1.75   output external delay
                                 -1.75   data required time
-----------------------------------------------------------------------------
                                 -1.75   data required time
                                 -2.04   data arrival time
-----------------------------------------------------------------------------
                                  3.79   slack (MET)


Startpoint: _390_ (rising edge-triggered flip-flop clocked by clk)
Endpoint: m_rdata[24] (output port clocked by clk)
Path Group: clk
Path Type: min

Fanout     Cap    Slew   Delay    Time   Description
-----------------------------------------------------------------------------
                          0.00    0.00   clock clk (rise edge)
                          0.00    0.00   clock source latency
                  0.22    0.14    0.14 ^ clk (in)
     1    0.05                           clk (net)
                  0.22    0.00    0.14 ^ clkbuf_0_clk/A (sky130_fd_sc_hd__clkbuf_16)
                  0.14    0.25    0.39 ^ clkbuf_0_clk/X (sky130_fd_sc_hd__clkbuf_16)
     8    0.13                           clknet_0_clk (net)
                  0.14    0.00    0.39 ^ clkbuf_3_7__f_clk/A (sky130_fd_sc_hd__clkbuf_16)
                  0.09    0.18    0.58 ^ clkbuf_3_7__f_clk/X (sky130_fd_sc_hd__clkbuf_16)
     9    0.07                           clknet_3_7__leaf_clk (net)
                  0.09    0.00    0.58 ^ _390_/CLK (sky130_fd_sc_hd__dfrtp_1)
                  0.11    0.37    0.95 ^ _390_/Q (sky130_fd_sc_hd__dfrtp_1)
     4    0.01                           state[0] (net)
                  0.11    0.00    0.95 ^ _181_/A_N (sky130_fd_sc_hd__and3b_2)
                  0.10    0.28    1.22 v _181_/X (sky130_fd_sc_hd__and3b_2)
     6    0.03                           _069_ (net)
                  0.10    0.00    1.22 v _222_/A (sky130_fd_sc_hd__clkbuf_8)
                  0.11    0.22    1.44 v _222_/X (sky130_fd_sc_hd__clkbuf_8)
    10    0.10                           _090_ (net)
                  0.11    0.01    1.45 v _233_/B (sky130_fd_sc_hd__and2_1)
                  0.04    0.18    1.63 v _233_/X (sky130_fd_sc_hd__and2_1)
     1    0.00                           _096_ (net)
                  0.04    0.00    1.63 v _234_/A (sky130_fd_sc_hd__clkbuf_2)
                  0.16    0.20    1.83 v _234_/X (sky130_fd_sc_hd__clkbuf_2)
     2    0.04                           net117 (net)
                  0.16    0.00    1.83 v output117/A (sky130_fd_sc_hd__buf_2)
                  0.09    0.22    2.05 v output117/X (sky130_fd_sc_hd__buf_2)
     1    0.03                           m_rdata[24] (net)
                  0.09    0.00    2.05 v m_rdata[24] (out)
                                  2.05   data arrival time

                          0.00    0.00   clock clk (rise edge)
                          0.00    0.00   clock network delay (propagated)
                          0.25    0.25   clock uncertainty
                          0.00    0.25   clock reconvergence pessimism
                         -2.00   -1.75   output external delay
                                 -1.75   data required time
-----------------------------------------------------------------------------
                                 -1.75   data required time
                                 -2.05   data arrival time
-----------------------------------------------------------------------------
                                  3.80   slack (MET)


Startpoint: _390_ (rising edge-triggered flip-flop clocked by clk)
Endpoint: m_rdata[15] (output port clocked by clk)
Path Group: clk
Path Type: min

Fanout     Cap    Slew   Delay    Time   Description
-----------------------------------------------------------------------------
                          0.00    0.00   clock clk (rise edge)
                          0.00    0.00   clock source latency
                  0.22    0.14    0.14 ^ clk (in)
     1    0.05                           clk (net)
                  0.22    0.00    0.14 ^ clkbuf_0_clk/A (sky130_fd_sc_hd__clkbuf_16)
                  0.14    0.25    0.39 ^ clkbuf_0_clk/X (sky130_fd_sc_hd__clkbuf_16)
     8    0.13                           clknet_0_clk (net)
                  0.14    0.00    0.39 ^ clkbuf_3_7__f_clk/A (sky130_fd_sc_hd__clkbuf_16)
                  0.09    0.18    0.58 ^ clkbuf_3_7__f_clk/X (sky130_fd_sc_hd__clkbuf_16)
     9    0.07                           clknet_3_7__leaf_clk (net)
                  0.09    0.00    0.58 ^ _390_/CLK (sky130_fd_sc_hd__dfrtp_1)
                  0.11    0.37    0.95 ^ _390_/Q (sky130_fd_sc_hd__dfrtp_1)
     4    0.01                           state[0] (net)
                  0.11    0.00    0.95 ^ _181_/A_N (sky130_fd_sc_hd__and3b_2)
                  0.10    0.28    1.22 v _181_/X (sky130_fd_sc_hd__and3b_2)
     6    0.03                           _069_ (net)
                  0.10    0.00    1.22 v _201_/A (sky130_fd_sc_hd__buf_4)
                  0.12    0.23    1.45 v _201_/X (sky130_fd_sc_hd__buf_4)
    10    0.09                           _079_ (net)
                  0.12    0.01    1.46 v _214_/B (sky130_fd_sc_hd__and2_1)
                  0.04    0.18    1.64 v _214_/X (sky130_fd_sc_hd__and2_1)
     1    0.00                           _086_ (net)
                  0.04    0.00    1.64 v _215_/A (sky130_fd_sc_hd__clkbuf_2)
                  0.16    0.19    1.83 v _215_/X (sky130_fd_sc_hd__clkbuf_2)
     1    0.04                           net107 (net)
                  0.16    0.01    1.83 v output107/A (sky130_fd_sc_hd__clkbuf_4)
                  0.08    0.22    2.06 v output107/X (sky130_fd_sc_hd__clkbuf_4)
     1    0.03                           m_rdata[15] (net)
                  0.08    0.00    2.06 v m_rdata[15] (out)
                                  2.06   data arrival time

                          0.00    0.00   clock clk (rise edge)
                          0.00    0.00   clock network delay (propagated)
                          0.25    0.25   clock uncertainty
                          0.00    0.25   clock reconvergence pessimism
                         -2.00   -1.75   output external delay
                                 -1.75   data required time
-----------------------------------------------------------------------------
                                 -1.75   data required time
                                 -2.06   data arrival time
-----------------------------------------------------------------------------
                                  3.81   slack (MET)


Startpoint: _390_ (rising edge-triggered flip-flop clocked by clk)
Endpoint: m_rdata[4] (output port clocked by clk)
Path Group: clk
Path Type: min

Fanout     Cap    Slew   Delay    Time   Description
-----------------------------------------------------------------------------
                          0.00    0.00   clock clk (rise edge)
                          0.00    0.00   clock source latency
                  0.22    0.14    0.14 ^ clk (in)
     1    0.05                           clk (net)
                  0.22    0.00    0.14 ^ clkbuf_0_clk/A (sky130_fd_sc_hd__clkbuf_16)
                  0.14    0.25    0.39 ^ clkbuf_0_clk/X (sky130_fd_sc_hd__clkbuf_16)
     8    0.13                           clknet_0_clk (net)
                  0.14    0.00    0.39 ^ clkbuf_3_7__f_clk/A (sky130_fd_sc_hd__clkbuf_16)
                  0.09    0.18    0.58 ^ clkbuf_3_7__f_clk/X (sky130_fd_sc_hd__clkbuf_16)
     9    0.07                           clknet_3_7__leaf_clk (net)
                  0.09    0.00    0.58 ^ _390_/CLK (sky130_fd_sc_hd__dfrtp_1)
                  0.11    0.37    0.95 ^ _390_/Q (sky130_fd_sc_hd__dfrtp_1)
     4    0.01                           state[0] (net)
                  0.11    0.00    0.95 ^ _181_/A_N (sky130_fd_sc_hd__and3b_2)
                  0.10    0.28    1.22 v _181_/X (sky130_fd_sc_hd__and3b_2)
     6    0.03                           _069_ (net)
                  0.10    0.00    1.22 v _182_/A (sky130_fd_sc_hd__clkbuf_8)
                  0.11    0.22    1.44 v _182_/X (sky130_fd_sc_hd__clkbuf_8)
    10    0.09                           net133 (net)
                  0.11    0.01    1.45 v _191_/B (sky130_fd_sc_hd__and2_1)
                  0.04    0.18    1.63 v _191_/X (sky130_fd_sc_hd__and2_1)
     1    0.00                           _074_ (net)
                  0.04    0.00    1.63 v _192_/A (sky130_fd_sc_hd__clkbuf_2)
                  0.17    0.20    1.83 v _192_/X (sky130_fd_sc_hd__clkbuf_2)
     1    0.05                           net127 (net)
                  0.17    0.01    1.83 v output127/A (sky130_fd_sc_hd__clkbuf_4)
                  0.08    0.23    2.06 v output127/X (sky130_fd_sc_hd__clkbuf_4)
     1    0.03                           m_rdata[4] (net)
                  0.08    0.00    2.06 v m_rdata[4] (out)
                                  2.06   data arrival time

                          0.00    0.00   clock clk (rise edge)
                          0.00    0.00   clock network delay (propagated)
                          0.25    0.25   clock uncertainty
                          0.00    0.25   clock reconvergence pessimism
                         -2.00   -1.75   output external delay
                                 -1.75   data required time
-----------------------------------------------------------------------------
                                 -1.75   data required time
                                 -2.06   data arrival time
-----------------------------------------------------------------------------
                                  3.81   slack (MET)


Startpoint: rstn (input port clocked by clk)
Endpoint: presetn (output port clocked by clk)
Path Group: clk
Path Type: min

Fanout     Cap    Slew   Delay    Time   Description
-----------------------------------------------------------------------------
                          0.00    0.00   clock clk (rise edge)
                          0.00    0.00   clock network delay (propagated)
                          2.00    2.00 v input external delay
                  0.01    0.00    2.00 v rstn (in)
     1    0.00                           rstn (net)
                  0.01    0.00    2.00 v input100/A (sky130_fd_sc_hd__clkbuf_2)
                  0.12    0.15    2.16 v input100/X (sky130_fd_sc_hd__clkbuf_2)
     2    0.03                           net100 (net)
                  0.12    0.00    2.16 v fanout205/A (sky130_fd_sc_hd__buf_4)
                  0.11    0.23    2.39 v fanout205/X (sky130_fd_sc_hd__buf_4)
    10    0.08                           net205 (net)
                  0.11    0.01    2.40 v _457_/A (sky130_fd_sc_hd__clkbuf_1)
                  0.02    0.11    2.51 v _457_/X (sky130_fd_sc_hd__clkbuf_1)
     1    0.00                           net168 (net)
                  0.02    0.00    2.51 v output168/A (sky130_fd_sc_hd__clkbuf_4)
                  0.08    0.17    2.68 v output168/X (sky130_fd_sc_hd__clkbuf_4)
     1    0.04                           presetn (net)
                  0.08    0.00    2.68 v presetn (out)
                                  2.68   data arrival time

                          0.00    0.00   clock clk (rise edge)
                          0.00    0.00   clock network delay (propagated)
                          0.25    0.25   clock uncertainty
                          0.00    0.25   clock reconvergence pessimism
                         -2.00   -1.75   output external delay
                                 -1.75   data required time
-----------------------------------------------------------------------------
                                 -1.75   data required time
                                 -2.68   data arrival time
-----------------------------------------------------------------------------
                                  4.43   slack (MET)



