
===========================================================================
report_checks -path_delay max (Setup)
============================================================================
======================= Typical Corner ===================================

Startpoint: _429_ (rising edge-triggered flip-flop clocked by clk)
Endpoint: tx_out (output port clocked by clk)
Path Group: clk
Path Type: max

Fanout     Cap    Slew   Delay    Time   Description
-----------------------------------------------------------------------------
                          0.00    0.00   clock clk (rise edge)
                          0.00    0.00   clock source latency
                  0.08    0.06    0.06 ^ clk (in)
     1    0.02                           clk (net)
                  0.08    0.00    0.06 ^ clkbuf_0_clk/A (sky130_fd_sc_hd__clkbuf_16)
                  0.09    0.19    0.24 ^ clkbuf_0_clk/X (sky130_fd_sc_hd__clkbuf_16)
     8    0.08                           clknet_0_clk (net)
                  0.09    0.00    0.25 ^ clkbuf_3_5__f_clk/A (sky130_fd_sc_hd__clkbuf_16)
                  0.04    0.15    0.39 ^ clkbuf_3_5__f_clk/X (sky130_fd_sc_hd__clkbuf_16)
     6    0.02                           clknet_3_5__leaf_clk (net)
                  0.04    0.00    0.39 ^ _429_/CLK (sky130_fd_sc_hd__dfstp_1)
                  0.04    0.51    0.90 ^ _429_/Q (sky130_fd_sc_hd__dfstp_1)
     1    0.00                           net22 (net)
                  0.04    0.00    0.90 ^ output22/A (sky130_fd_sc_hd__buf_2)
                  0.17    0.21    1.11 ^ output22/X (sky130_fd_sc_hd__buf_2)
     1    0.03                           tx_out (net)
                  0.17    0.00    1.11 ^ tx_out (out)
                                  1.11   data arrival time

                         10.00   10.00   clock clk (rise edge)
                          0.00   10.00   clock network delay (propagated)
                         -0.25    9.75   clock uncertainty
                          0.00    9.75   clock reconvergence pessimism
                         -2.00    7.75   output external delay
                                  7.75   data required time
-----------------------------------------------------------------------------
                                  7.75   data required time
                                 -1.11   data arrival time
-----------------------------------------------------------------------------
                                  6.64   slack (MET)


Startpoint: _447_ (rising edge-triggered flip-flop clocked by clk)
Endpoint: tx_busy (output port clocked by clk)
Path Group: clk
Path Type: max

Fanout     Cap    Slew   Delay    Time   Description
-----------------------------------------------------------------------------
                          0.00    0.00   clock clk (rise edge)
                          0.00    0.00   clock source latency
                  0.08    0.06    0.06 ^ clk (in)
     1    0.02                           clk (net)
                  0.08    0.00    0.06 ^ clkbuf_0_clk/A (sky130_fd_sc_hd__clkbuf_16)
                  0.09    0.19    0.24 ^ clkbuf_0_clk/X (sky130_fd_sc_hd__clkbuf_16)
     8    0.08                           clknet_0_clk (net)
                  0.09    0.00    0.25 ^ clkbuf_3_7__f_clk/A (sky130_fd_sc_hd__clkbuf_16)
                  0.04    0.15    0.39 ^ clkbuf_3_7__f_clk/X (sky130_fd_sc_hd__clkbuf_16)
     9    0.02                           clknet_3_7__leaf_clk (net)
                  0.04    0.00    0.39 ^ _447_/CLK (sky130_fd_sc_hd__dfrtp_1)
                  0.08    0.41    0.81 v _447_/Q (sky130_fd_sc_hd__dfrtp_1)
     3    0.01                           net21 (net)
                  0.08    0.00    0.81 v output21/A (sky130_fd_sc_hd__clkbuf_4)
                  0.09    0.21    1.02 v output21/X (sky130_fd_sc_hd__clkbuf_4)
     1    0.04                           tx_busy (net)
                  0.09    0.00    1.02 v tx_busy (out)
                                  1.02   data arrival time

                         10.00   10.00   clock clk (rise edge)
                          0.00   10.00   clock network delay (propagated)
                         -0.25    9.75   clock uncertainty
                          0.00    9.75   clock reconvergence pessimism
                         -2.00    7.75   output external delay
                                  7.75   data required time
-----------------------------------------------------------------------------
                                  7.75   data required time
                                 -1.02   data arrival time
-----------------------------------------------------------------------------
                                  6.73   slack (MET)


Startpoint: _415_ (rising edge-triggered flip-flop clocked by clk)
Endpoint: data_out[6] (output port clocked by clk)
Path Group: clk
Path Type: max

Fanout     Cap    Slew   Delay    Time   Description
-----------------------------------------------------------------------------
                          0.00    0.00   clock clk (rise edge)
                          0.00    0.00   clock source latency
                  0.08    0.06    0.06 ^ clk (in)
     1    0.02                           clk (net)
                  0.08    0.00    0.06 ^ clkbuf_0_clk/A (sky130_fd_sc_hd__clkbuf_16)
                  0.09    0.19    0.24 ^ clkbuf_0_clk/X (sky130_fd_sc_hd__clkbuf_16)
     8    0.08                           clknet_0_clk (net)
                  0.09    0.00    0.25 ^ clkbuf_3_5__f_clk/A (sky130_fd_sc_hd__clkbuf_16)
                  0.04    0.15    0.39 ^ clkbuf_3_5__f_clk/X (sky130_fd_sc_hd__clkbuf_16)
     6    0.02                           clknet_3_5__leaf_clk (net)
                  0.04    0.00    0.39 ^ _415_/CLK (sky130_fd_sc_hd__dfrtp_1)
                  0.07    0.40    0.80 v _415_/Q (sky130_fd_sc_hd__dfrtp_1)
     2    0.01                           net18 (net)
                  0.07    0.00    0.80 v output18/A (sky130_fd_sc_hd__clkbuf_4)
                  0.09    0.21    1.00 v output18/X (sky130_fd_sc_hd__clkbuf_4)
     1    0.04                           data_out[6] (net)
                  0.09    0.00    1.01 v data_out[6] (out)
                                  1.01   data arrival time

                         10.00   10.00   clock clk (rise edge)
                          0.00   10.00   clock network delay (propagated)
                         -0.25    9.75   clock uncertainty
                          0.00    9.75   clock reconvergence pessimism
                         -2.00    7.75   output external delay
                                  7.75   data required time
-----------------------------------------------------------------------------
                                  7.75   data required time
                                 -1.01   data arrival time
-----------------------------------------------------------------------------
                                  6.74   slack (MET)


Startpoint: _416_ (rising edge-triggered flip-flop clocked by clk)
Endpoint: data_out[7] (output port clocked by clk)
Path Group: clk
Path Type: max

Fanout     Cap    Slew   Delay    Time   Description
-----------------------------------------------------------------------------
                          0.00    0.00   clock clk (rise edge)
                          0.00    0.00   clock source latency
                  0.08    0.06    0.06 ^ clk (in)
     1    0.02                           clk (net)
                  0.08    0.00    0.06 ^ clkbuf_0_clk/A (sky130_fd_sc_hd__clkbuf_16)
                  0.09    0.19    0.24 ^ clkbuf_0_clk/X (sky130_fd_sc_hd__clkbuf_16)
     8    0.08                           clknet_0_clk (net)
                  0.09    0.00    0.25 ^ clkbuf_3_5__f_clk/A (sky130_fd_sc_hd__clkbuf_16)
                  0.04    0.15    0.39 ^ clkbuf_3_5__f_clk/X (sky130_fd_sc_hd__clkbuf_16)
     6    0.02                           clknet_3_5__leaf_clk (net)
                  0.04    0.00    0.39 ^ _416_/CLK (sky130_fd_sc_hd__dfrtp_1)
                  0.07    0.40    0.80 v _416_/Q (sky130_fd_sc_hd__dfrtp_1)
     2    0.01                           net19 (net)
                  0.07    0.00    0.80 v output19/A (sky130_fd_sc_hd__buf_2)
                  0.09    0.20    1.00 v output19/X (sky130_fd_sc_hd__buf_2)
     1    0.03                           data_out[7] (net)
                  0.09    0.00    1.00 v data_out[7] (out)
                                  1.00   data arrival time

                         10.00   10.00   clock clk (rise edge)
                          0.00   10.00   clock network delay (propagated)
                         -0.25    9.75   clock uncertainty
                          0.00    9.75   clock reconvergence pessimism
                         -2.00    7.75   output external delay
                                  7.75   data required time
-----------------------------------------------------------------------------
                                  7.75   data required time
                                 -1.00   data arrival time
-----------------------------------------------------------------------------
                                  6.75   slack (MET)


Startpoint: _413_ (rising edge-triggered flip-flop clocked by clk)
Endpoint: data_out[4] (output port clocked by clk)
Path Group: clk
Path Type: max

Fanout     Cap    Slew   Delay    Time   Description
-----------------------------------------------------------------------------
                          0.00    0.00   clock clk (rise edge)
                          0.00    0.00   clock source latency
                  0.08    0.06    0.06 ^ clk (in)
     1    0.02                           clk (net)
                  0.08    0.00    0.06 ^ clkbuf_0_clk/A (sky130_fd_sc_hd__clkbuf_16)
                  0.09    0.19    0.24 ^ clkbuf_0_clk/X (sky130_fd_sc_hd__clkbuf_16)
     8    0.08                           clknet_0_clk (net)
                  0.09    0.00    0.25 ^ clkbuf_3_4__f_clk/A (sky130_fd_sc_hd__clkbuf_16)
                  0.04    0.15    0.40 ^ clkbuf_3_4__f_clk/X (sky130_fd_sc_hd__clkbuf_16)
     8    0.02                           clknet_3_4__leaf_clk (net)
                  0.04    0.00    0.40 ^ _413_/CLK (sky130_fd_sc_hd__dfrtp_1)
                  0.06    0.39    0.79 v _413_/Q (sky130_fd_sc_hd__dfrtp_1)
     2    0.01                           net16 (net)
                  0.06    0.00    0.79 v output16/A (sky130_fd_sc_hd__clkbuf_4)
                  0.09    0.20    0.99 v output16/X (sky130_fd_sc_hd__clkbuf_4)
     1    0.04                           data_out[4] (net)
                  0.09    0.00    1.00 v data_out[4] (out)
                                  1.00   data arrival time

                         10.00   10.00   clock clk (rise edge)
                          0.00   10.00   clock network delay (propagated)
                         -0.25    9.75   clock uncertainty
                          0.00    9.75   clock reconvergence pessimism
                         -2.00    7.75   output external delay
                                  7.75   data required time
-----------------------------------------------------------------------------
                                  7.75   data required time
                                 -1.00   data arrival time
-----------------------------------------------------------------------------
                                  6.75   slack (MET)


Startpoint: _410_ (rising edge-triggered flip-flop clocked by clk)
Endpoint: data_out[1] (output port clocked by clk)
Path Group: clk
Path Type: max

Fanout     Cap    Slew   Delay    Time   Description
-----------------------------------------------------------------------------
                          0.00    0.00   clock clk (rise edge)
                          0.00    0.00   clock source latency
                  0.08    0.06    0.06 ^ clk (in)
     1    0.02                           clk (net)
                  0.08    0.00    0.06 ^ clkbuf_0_clk/A (sky130_fd_sc_hd__clkbuf_16)
                  0.09    0.19    0.24 ^ clkbuf_0_clk/X (sky130_fd_sc_hd__clkbuf_16)
     8    0.08                           clknet_0_clk (net)
                  0.09    0.00    0.25 ^ clkbuf_3_0__f_clk/A (sky130_fd_sc_hd__clkbuf_16)
                  0.05    0.15    0.40 ^ clkbuf_3_0__f_clk/X (sky130_fd_sc_hd__clkbuf_16)
     8    0.02                           clknet_3_0__leaf_clk (net)
                  0.05    0.00    0.40 ^ _410_/CLK (sky130_fd_sc_hd__dfrtp_1)
                  0.05    0.39    0.79 v _410_/Q (sky130_fd_sc_hd__dfrtp_1)
     2    0.01                           net13 (net)
                  0.05    0.00    0.79 v output13/A (sky130_fd_sc_hd__clkbuf_4)
                  0.09    0.20    0.99 v output13/X (sky130_fd_sc_hd__clkbuf_4)
     1    0.04                           data_out[1] (net)
                  0.09    0.00    0.99 v data_out[1] (out)
                                  0.99   data arrival time

                         10.00   10.00   clock clk (rise edge)
                          0.00   10.00   clock network delay (propagated)
                         -0.25    9.75   clock uncertainty
                          0.00    9.75   clock reconvergence pessimism
                         -2.00    7.75   output external delay
                                  7.75   data required time
-----------------------------------------------------------------------------
                                  7.75   data required time
                                 -0.99   data arrival time
-----------------------------------------------------------------------------
                                  6.76   slack (MET)


Startpoint: _409_ (rising edge-triggered flip-flop clocked by clk)
Endpoint: data_out[0] (output port clocked by clk)
Path Group: clk
Path Type: max

Fanout     Cap    Slew   Delay    Time   Description
-----------------------------------------------------------------------------
                          0.00    0.00   clock clk (rise edge)
                          0.00    0.00   clock source latency
                  0.08    0.06    0.06 ^ clk (in)
     1    0.02                           clk (net)
                  0.08    0.00    0.06 ^ clkbuf_0_clk/A (sky130_fd_sc_hd__clkbuf_16)
                  0.09    0.19    0.24 ^ clkbuf_0_clk/X (sky130_fd_sc_hd__clkbuf_16)
     8    0.08                           clknet_0_clk (net)
                  0.09    0.00    0.25 ^ clkbuf_3_4__f_clk/A (sky130_fd_sc_hd__clkbuf_16)
                  0.04    0.15    0.40 ^ clkbuf_3_4__f_clk/X (sky130_fd_sc_hd__clkbuf_16)
     8    0.02                           clknet_3_4__leaf_clk (net)
                  0.04    0.00    0.40 ^ _409_/CLK (sky130_fd_sc_hd__dfrtp_1)
                  0.06    0.39    0.79 v _409_/Q (sky130_fd_sc_hd__dfrtp_1)
     2    0.01                           net12 (net)
                  0.06    0.00    0.79 v output12/A (sky130_fd_sc_hd__clkbuf_4)
                  0.08    0.20    0.99 v output12/X (sky130_fd_sc_hd__clkbuf_4)
     1    0.03                           data_out[0] (net)
                  0.08    0.00    0.99 v data_out[0] (out)
                                  0.99   data arrival time

                         10.00   10.00   clock clk (rise edge)
                          0.00   10.00   clock network delay (propagated)
                         -0.25    9.75   clock uncertainty
                          0.00    9.75   clock reconvergence pessimism
                         -2.00    7.75   output external delay
                                  7.75   data required time
-----------------------------------------------------------------------------
                                  7.75   data required time
                                 -0.99   data arrival time
-----------------------------------------------------------------------------
                                  6.76   slack (MET)


Startpoint: _412_ (rising edge-triggered flip-flop clocked by clk)
Endpoint: data_out[3] (output port clocked by clk)
Path Group: clk
Path Type: max

Fanout     Cap    Slew   Delay    Time   Description
-----------------------------------------------------------------------------
                          0.00    0.00   clock clk (rise edge)
                          0.00    0.00   clock source latency
                  0.08    0.06    0.06 ^ clk (in)
     1    0.02                           clk (net)
                  0.08    0.00    0.06 ^ clkbuf_0_clk/A (sky130_fd_sc_hd__clkbuf_16)
                  0.09    0.19    0.24 ^ clkbuf_0_clk/X (sky130_fd_sc_hd__clkbuf_16)
     8    0.08                           clknet_0_clk (net)
                  0.09    0.00    0.25 ^ clkbuf_3_0__f_clk/A (sky130_fd_sc_hd__clkbuf_16)
                  0.05    0.15    0.40 ^ clkbuf_3_0__f_clk/X (sky130_fd_sc_hd__clkbuf_16)
     8    0.02                           clknet_3_0__leaf_clk (net)
                  0.05    0.00    0.40 ^ _412_/CLK (sky130_fd_sc_hd__dfrtp_1)
                  0.05    0.39    0.79 v _412_/Q (sky130_fd_sc_hd__dfrtp_1)
     2    0.01                           net15 (net)
                  0.05    0.00    0.79 v output15/A (sky130_fd_sc_hd__clkbuf_4)
                  0.08    0.20    0.98 v output15/X (sky130_fd_sc_hd__clkbuf_4)
     1    0.03                           data_out[3] (net)
                  0.08    0.00    0.98 v data_out[3] (out)
                                  0.98   data arrival time

                         10.00   10.00   clock clk (rise edge)
                          0.00   10.00   clock network delay (propagated)
                         -0.25    9.75   clock uncertainty
                          0.00    9.75   clock reconvergence pessimism
                         -2.00    7.75   output external delay
                                  7.75   data required time
-----------------------------------------------------------------------------
                                  7.75   data required time
                                 -0.98   data arrival time
-----------------------------------------------------------------------------
                                  6.77   slack (MET)


Startpoint: _411_ (rising edge-triggered flip-flop clocked by clk)
Endpoint: data_out[2] (output port clocked by clk)
Path Group: clk
Path Type: max

Fanout     Cap    Slew   Delay    Time   Description
-----------------------------------------------------------------------------
                          0.00    0.00   clock clk (rise edge)
                          0.00    0.00   clock source latency
                  0.08    0.06    0.06 ^ clk (in)
     1    0.02                           clk (net)
                  0.08    0.00    0.06 ^ clkbuf_0_clk/A (sky130_fd_sc_hd__clkbuf_16)
                  0.09    0.19    0.24 ^ clkbuf_0_clk/X (sky130_fd_sc_hd__clkbuf_16)
     8    0.08                           clknet_0_clk (net)
                  0.09    0.00    0.25 ^ clkbuf_3_0__f_clk/A (sky130_fd_sc_hd__clkbuf_16)
                  0.05    0.15    0.40 ^ clkbuf_3_0__f_clk/X (sky130_fd_sc_hd__clkbuf_16)
     8    0.02                           clknet_3_0__leaf_clk (net)
                  0.05    0.00    0.40 ^ _411_/CLK (sky130_fd_sc_hd__dfrtp_1)
                  0.05    0.39    0.79 v _411_/Q (sky130_fd_sc_hd__dfrtp_1)
     2    0.01                           net14 (net)
                  0.05    0.00    0.79 v output14/A (sky130_fd_sc_hd__clkbuf_4)
                  0.08    0.19    0.98 v output14/X (sky130_fd_sc_hd__clkbuf_4)
     1    0.03                           data_out[2] (net)
                  0.08    0.00    0.98 v data_out[2] (out)
                                  0.98   data arrival time

                         10.00   10.00   clock clk (rise edge)
                          0.00   10.00   clock network delay (propagated)
                         -0.25    9.75   clock uncertainty
                          0.00    9.75   clock reconvergence pessimism
                         -2.00    7.75   output external delay
                                  7.75   data required time
-----------------------------------------------------------------------------
                                  7.75   data required time
                                 -0.98   data arrival time
-----------------------------------------------------------------------------
                                  6.77   slack (MET)


Startpoint: _414_ (rising edge-triggered flip-flop clocked by clk)
Endpoint: data_out[5] (output port clocked by clk)
Path Group: clk
Path Type: max

Fanout     Cap    Slew   Delay    Time   Description
-----------------------------------------------------------------------------
                          0.00    0.00   clock clk (rise edge)
                          0.00    0.00   clock source latency
                  0.08    0.06    0.06 ^ clk (in)
     1    0.02                           clk (net)
                  0.08    0.00    0.06 ^ clkbuf_0_clk/A (sky130_fd_sc_hd__clkbuf_16)
                  0.09    0.19    0.24 ^ clkbuf_0_clk/X (sky130_fd_sc_hd__clkbuf_16)
     8    0.08                           clknet_0_clk (net)
                  0.09    0.00    0.25 ^ clkbuf_3_1__f_clk/A (sky130_fd_sc_hd__clkbuf_16)
                  0.04    0.15    0.40 ^ clkbuf_3_1__f_clk/X (sky130_fd_sc_hd__clkbuf_16)
     6    0.02                           clknet_3_1__leaf_clk (net)
                  0.04    0.00    0.40 ^ _414_/CLK (sky130_fd_sc_hd__dfrtp_1)
                  0.05    0.38    0.78 v _414_/Q (sky130_fd_sc_hd__dfrtp_1)
     2    0.00                           net17 (net)
                  0.05    0.00    0.78 v output17/A (sky130_fd_sc_hd__clkbuf_4)
                  0.08    0.19    0.97 v output17/X (sky130_fd_sc_hd__clkbuf_4)
     1    0.03                           data_out[5] (net)
                  0.08    0.00    0.97 v data_out[5] (out)
                                  0.97   data arrival time

                         10.00   10.00   clock clk (rise edge)
                          0.00   10.00   clock network delay (propagated)
                         -0.25    9.75   clock uncertainty
                          0.00    9.75   clock reconvergence pessimism
                         -2.00    7.75   output external delay
                                  7.75   data required time
-----------------------------------------------------------------------------
                                  7.75   data required time
                                 -0.97   data arrival time
-----------------------------------------------------------------------------
                                  6.78   slack (MET)


Startpoint: _408_ (rising edge-triggered flip-flop clocked by clk)
Endpoint: data_ready (output port clocked by clk)
Path Group: clk
Path Type: max

Fanout     Cap    Slew   Delay    Time   Description
-----------------------------------------------------------------------------
                          0.00    0.00   clock clk (rise edge)
                          0.00    0.00   clock source latency
                  0.08    0.06    0.06 ^ clk (in)
     1    0.02                           clk (net)
                  0.08    0.00    0.06 ^ clkbuf_0_clk/A (sky130_fd_sc_hd__clkbuf_16)
                  0.09    0.19    0.24 ^ clkbuf_0_clk/X (sky130_fd_sc_hd__clkbuf_16)
     8    0.08                           clknet_0_clk (net)
                  0.09    0.00    0.25 ^ clkbuf_3_3__f_clk/A (sky130_fd_sc_hd__clkbuf_16)
                  0.04    0.15    0.40 ^ clkbuf_3_3__f_clk/X (sky130_fd_sc_hd__clkbuf_16)
     7    0.02                           clknet_3_3__leaf_clk (net)
                  0.04    0.00    0.40 ^ _408_/CLK (sky130_fd_sc_hd__dfrtp_1)
                  0.04    0.37    0.77 v _408_/Q (sky130_fd_sc_hd__dfrtp_1)
     1    0.00                           net20 (net)
                  0.04    0.00    0.77 v output20/A (sky130_fd_sc_hd__clkbuf_4)
                  0.08    0.19    0.96 v output20/X (sky130_fd_sc_hd__clkbuf_4)
     1    0.04                           data_ready (net)
                  0.09    0.00    0.96 v data_ready (out)
                                  0.96   data arrival time

                         10.00   10.00   clock clk (rise edge)
                          0.00   10.00   clock network delay (propagated)
                         -0.25    9.75   clock uncertainty
                          0.00    9.75   clock reconvergence pessimism
                         -2.00    7.75   output external delay
                                  7.75   data required time
-----------------------------------------------------------------------------
                                  7.75   data required time
                                 -0.96   data arrival time
-----------------------------------------------------------------------------
                                  6.79   slack (MET)


Startpoint: _423_ (rising edge-triggered flip-flop clocked by clk)
Endpoint: _411_ (rising edge-triggered flip-flop clocked by clk)
Path Group: clk
Path Type: max

Fanout     Cap    Slew   Delay    Time   Description
-----------------------------------------------------------------------------
                          0.00    0.00   clock clk (rise edge)
                          0.00    0.00   clock source latency
                  0.08    0.06    0.06 ^ clk (in)
     1    0.02                           clk (net)
                  0.08    0.00    0.06 ^ clkbuf_0_clk/A (sky130_fd_sc_hd__clkbuf_16)
                  0.09    0.19    0.24 ^ clkbuf_0_clk/X (sky130_fd_sc_hd__clkbuf_16)
     8    0.08                           clknet_0_clk (net)
                  0.09    0.00    0.25 ^ clkbuf_3_2__f_clk/A (sky130_fd_sc_hd__clkbuf_16)
                  0.05    0.15    0.40 ^ clkbuf_3_2__f_clk/X (sky130_fd_sc_hd__clkbuf_16)
     9    0.02                           clknet_3_2__leaf_clk (net)
                  0.05    0.00    0.40 ^ _423_/CLK (sky130_fd_sc_hd__dfrtp_4)
                  0.08    0.53    0.93 v _423_/Q (sky130_fd_sc_hd__dfrtp_4)
     9    0.02                           rx_baud_cnt[6] (net)
                  0.08    0.00    0.93 v _206_/B (sky130_fd_sc_hd__or4bb_1)
                  0.11    0.55    1.48 v _206_/X (sky130_fd_sc_hd__or4bb_1)
     3    0.01                           _060_ (net)
                  0.11    0.00    1.48 v _207_/C (sky130_fd_sc_hd__nor3_1)
                  0.24    0.23    1.71 ^ _207_/Y (sky130_fd_sc_hd__nor3_1)
     2    0.01                           _061_ (net)
                  0.24    0.00    1.71 ^ max_cap23/A (sky130_fd_sc_hd__clkbuf_2)
                  0.10    0.21    1.92 ^ max_cap23/X (sky130_fd_sc_hd__clkbuf_2)
     4    0.02                           net23 (net)
                  0.10    0.00    1.92 ^ _239_/C (sky130_fd_sc_hd__nand3_4)
                  0.12    0.14    2.06 v _239_/Y (sky130_fd_sc_hd__nand3_4)
     9    0.03                           _086_ (net)
                  0.12    0.00    2.06 v _285_/S (sky130_fd_sc_hd__mux2_1)
                  0.05    0.35    2.41 v _285_/X (sky130_fd_sc_hd__mux2_1)
     1    0.00                           _118_ (net)
                  0.05    0.00    2.41 v hold25/A (sky130_fd_sc_hd__dlygate4sd3_1)
                  0.06    0.59    3.00 v hold25/X (sky130_fd_sc_hd__dlygate4sd3_1)
     1    0.00                           net56 (net)
                  0.06    0.00    3.00 v _286_/A (sky130_fd_sc_hd__clkbuf_1)
                  0.03    0.10    3.10 v _286_/X (sky130_fd_sc_hd__clkbuf_1)
     1    0.00                           _020_ (net)
                  0.03    0.00    3.10 v _411_/D (sky130_fd_sc_hd__dfrtp_1)
                                  3.10   data arrival time

                         10.00   10.00   clock clk (rise edge)
                          0.00   10.00   clock source latency
                  0.08    0.05   10.05 ^ clk (in)
     1    0.02                           clk (net)
                  0.08    0.00   10.05 ^ clkbuf_0_clk/A (sky130_fd_sc_hd__clkbuf_16)
                  0.09    0.17   10.22 ^ clkbuf_0_clk/X (sky130_fd_sc_hd__clkbuf_16)
     8    0.08                           clknet_0_clk (net)
                  0.09    0.00   10.22 ^ clkbuf_3_0__f_clk/A (sky130_fd_sc_hd__clkbuf_16)
                  0.05    0.14   10.36 ^ clkbuf_3_0__f_clk/X (sky130_fd_sc_hd__clkbuf_16)
     8    0.02                           clknet_3_0__leaf_clk (net)
                  0.05    0.00   10.36 ^ _411_/CLK (sky130_fd_sc_hd__dfrtp_1)
                         -0.25   10.11   clock uncertainty
                          0.02   10.14   clock reconvergence pessimism
                         -0.11   10.03   library setup time
                                 10.03   data required time
-----------------------------------------------------------------------------
                                 10.03   data required time
                                 -3.10   data arrival time
-----------------------------------------------------------------------------
                                  6.93   slack (MET)


Startpoint: _423_ (rising edge-triggered flip-flop clocked by clk)
Endpoint: _412_ (rising edge-triggered flip-flop clocked by clk)
Path Group: clk
Path Type: max

Fanout     Cap    Slew   Delay    Time   Description
-----------------------------------------------------------------------------
                          0.00    0.00   clock clk (rise edge)
                          0.00    0.00   clock source latency
                  0.08    0.06    0.06 ^ clk (in)
     1    0.02                           clk (net)
                  0.08    0.00    0.06 ^ clkbuf_0_clk/A (sky130_fd_sc_hd__clkbuf_16)
                  0.09    0.19    0.24 ^ clkbuf_0_clk/X (sky130_fd_sc_hd__clkbuf_16)
     8    0.08                           clknet_0_clk (net)
                  0.09    0.00    0.25 ^ clkbuf_3_2__f_clk/A (sky130_fd_sc_hd__clkbuf_16)
                  0.05    0.15    0.40 ^ clkbuf_3_2__f_clk/X (sky130_fd_sc_hd__clkbuf_16)
     9    0.02                           clknet_3_2__leaf_clk (net)
                  0.05    0.00    0.40 ^ _423_/CLK (sky130_fd_sc_hd__dfrtp_4)
                  0.08    0.53    0.93 v _423_/Q (sky130_fd_sc_hd__dfrtp_4)
     9    0.02                           rx_baud_cnt[6] (net)
                  0.08    0.00    0.93 v _206_/B (sky130_fd_sc_hd__or4bb_1)
                  0.11    0.55    1.48 v _206_/X (sky130_fd_sc_hd__or4bb_1)
     3    0.01                           _060_ (net)
                  0.11    0.00    1.48 v _207_/C (sky130_fd_sc_hd__nor3_1)
                  0.24    0.23    1.71 ^ _207_/Y (sky130_fd_sc_hd__nor3_1)
     2    0.01                           _061_ (net)
                  0.24    0.00    1.71 ^ max_cap23/A (sky130_fd_sc_hd__clkbuf_2)
                  0.10    0.21    1.92 ^ max_cap23/X (sky130_fd_sc_hd__clkbuf_2)
     4    0.02                           net23 (net)
                  0.10    0.00    1.92 ^ _239_/C (sky130_fd_sc_hd__nand3_4)
                  0.12    0.14    2.06 v _239_/Y (sky130_fd_sc_hd__nand3_4)
     9    0.03                           _086_ (net)
                  0.12    0.00    2.06 v _287_/S (sky130_fd_sc_hd__mux2_1)
                  0.05    0.35    2.41 v _287_/X (sky130_fd_sc_hd__mux2_1)
     1    0.00                           _119_ (net)
                  0.05    0.00    2.41 v hold33/A (sky130_fd_sc_hd__dlygate4sd3_1)
                  0.05    0.58    2.99 v hold33/X (sky130_fd_sc_hd__dlygate4sd3_1)
     1    0.00                           net64 (net)
                  0.05    0.00    2.99 v _288_/A (sky130_fd_sc_hd__clkbuf_1)
                  0.03    0.10    3.09 v _288_/X (sky130_fd_sc_hd__clkbuf_1)
     1    0.00                           _021_ (net)
                  0.03    0.00    3.09 v _412_/D (sky130_fd_sc_hd__dfrtp_1)
                                  3.09   data arrival time

                         10.00   10.00   clock clk (rise edge)
                          0.00   10.00   clock source latency
                  0.08    0.05   10.05 ^ clk (in)
     1    0.02                           clk (net)
                  0.08    0.00   10.05 ^ clkbuf_0_clk/A (sky130_fd_sc_hd__clkbuf_16)
                  0.09    0.17   10.22 ^ clkbuf_0_clk/X (sky130_fd_sc_hd__clkbuf_16)
     8    0.08                           clknet_0_clk (net)
                  0.09    0.00   10.22 ^ clkbuf_3_0__f_clk/A (sky130_fd_sc_hd__clkbuf_16)
                  0.05    0.14   10.36 ^ clkbuf_3_0__f_clk/X (sky130_fd_sc_hd__clkbuf_16)
     8    0.02                           clknet_3_0__leaf_clk (net)
                  0.05    0.00   10.36 ^ _412_/CLK (sky130_fd_sc_hd__dfrtp_1)
                         -0.25   10.11   clock uncertainty
                          0.02   10.14   clock reconvergence pessimism
                         -0.11   10.03   library setup time
                                 10.03   data required time
-----------------------------------------------------------------------------
                                 10.03   data required time
                                 -3.09   data arrival time
-----------------------------------------------------------------------------
                                  6.94   slack (MET)


Startpoint: _423_ (rising edge-triggered flip-flop clocked by clk)
Endpoint: _414_ (rising edge-triggered flip-flop clocked by clk)
Path Group: clk
Path Type: max

Fanout     Cap    Slew   Delay    Time   Description
-----------------------------------------------------------------------------
                          0.00    0.00   clock clk (rise edge)
                          0.00    0.00   clock source latency
                  0.08    0.06    0.06 ^ clk (in)
     1    0.02                           clk (net)
                  0.08    0.00    0.06 ^ clkbuf_0_clk/A (sky130_fd_sc_hd__clkbuf_16)
                  0.09    0.19    0.24 ^ clkbuf_0_clk/X (sky130_fd_sc_hd__clkbuf_16)
     8    0.08                           clknet_0_clk (net)
                  0.09    0.00    0.25 ^ clkbuf_3_2__f_clk/A (sky130_fd_sc_hd__clkbuf_16)
                  0.05    0.15    0.40 ^ clkbuf_3_2__f_clk/X (sky130_fd_sc_hd__clkbuf_16)
     9    0.02                           clknet_3_2__leaf_clk (net)
                  0.05    0.00    0.40 ^ _423_/CLK (sky130_fd_sc_hd__dfrtp_4)
                  0.08    0.53    0.93 v _423_/Q (sky130_fd_sc_hd__dfrtp_4)
     9    0.02                           rx_baud_cnt[6] (net)
                  0.08    0.00    0.93 v _206_/B (sky130_fd_sc_hd__or4bb_1)
                  0.11    0.55    1.48 v _206_/X (sky130_fd_sc_hd__or4bb_1)
     3    0.01                           _060_ (net)
                  0.11    0.00    1.48 v _207_/C (sky130_fd_sc_hd__nor3_1)
                  0.24    0.23    1.71 ^ _207_/Y (sky130_fd_sc_hd__nor3_1)
     2    0.01                           _061_ (net)
                  0.24    0.00    1.71 ^ max_cap23/A (sky130_fd_sc_hd__clkbuf_2)
                  0.10    0.21    1.92 ^ max_cap23/X (sky130_fd_sc_hd__clkbuf_2)
     4    0.02                           net23 (net)
                  0.10    0.00    1.92 ^ _239_/C (sky130_fd_sc_hd__nand3_4)
                  0.12    0.14    2.06 v _239_/Y (sky130_fd_sc_hd__nand3_4)
     9    0.03                           _086_ (net)
                  0.12    0.00    2.06 v _291_/S (sky130_fd_sc_hd__mux2_1)
                  0.06    0.35    2.41 v _291_/X (sky130_fd_sc_hd__mux2_1)
     1    0.00                           _121_ (net)
                  0.06    0.00    2.41 v hold16/A (sky130_fd_sc_hd__dlygate4sd3_1)
                  0.05    0.58    2.99 v hold16/X (sky130_fd_sc_hd__dlygate4sd3_1)
     1    0.00                           net47 (net)
                  0.05    0.00    2.99 v _292_/A (sky130_fd_sc_hd__clkbuf_1)
                  0.02    0.09    3.08 v _292_/X (sky130_fd_sc_hd__clkbuf_1)
     1    0.00                           _023_ (net)
                  0.02    0.00    3.08 v _414_/D (sky130_fd_sc_hd__dfrtp_1)
                                  3.08   data arrival time

                         10.00   10.00   clock clk (rise edge)
                          0.00   10.00   clock source latency
                  0.08    0.05   10.05 ^ clk (in)
     1    0.02                           clk (net)
                  0.08    0.00   10.05 ^ clkbuf_0_clk/A (sky130_fd_sc_hd__clkbuf_16)
                  0.09    0.17   10.22 ^ clkbuf_0_clk/X (sky130_fd_sc_hd__clkbuf_16)
     8    0.08                           clknet_0_clk (net)
                  0.09    0.00   10.22 ^ clkbuf_3_1__f_clk/A (sky130_fd_sc_hd__clkbuf_16)
                  0.04    0.13   10.36 ^ clkbuf_3_1__f_clk/X (sky130_fd_sc_hd__clkbuf_16)
     6    0.02                           clknet_3_1__leaf_clk (net)
                  0.04    0.00   10.36 ^ _414_/CLK (sky130_fd_sc_hd__dfrtp_1)
                         -0.25   10.11   clock uncertainty
                          0.02   10.13   clock reconvergence pessimism
                         -0.11   10.03   library setup time
                                 10.03   data required time
-----------------------------------------------------------------------------
                                 10.03   data required time
                                 -3.08   data arrival time
-----------------------------------------------------------------------------
                                  6.94   slack (MET)


Startpoint: _423_ (rising edge-triggered flip-flop clocked by clk)
Endpoint: _409_ (rising edge-triggered flip-flop clocked by clk)
Path Group: clk
Path Type: max

Fanout     Cap    Slew   Delay    Time   Description
-----------------------------------------------------------------------------
                          0.00    0.00   clock clk (rise edge)
                          0.00    0.00   clock source latency
                  0.08    0.06    0.06 ^ clk (in)
     1    0.02                           clk (net)
                  0.08    0.00    0.06 ^ clkbuf_0_clk/A (sky130_fd_sc_hd__clkbuf_16)
                  0.09    0.19    0.24 ^ clkbuf_0_clk/X (sky130_fd_sc_hd__clkbuf_16)
     8    0.08                           clknet_0_clk (net)
                  0.09    0.00    0.25 ^ clkbuf_3_2__f_clk/A (sky130_fd_sc_hd__clkbuf_16)
                  0.05    0.15    0.40 ^ clkbuf_3_2__f_clk/X (sky130_fd_sc_hd__clkbuf_16)
     9    0.02                           clknet_3_2__leaf_clk (net)
                  0.05    0.00    0.40 ^ _423_/CLK (sky130_fd_sc_hd__dfrtp_4)
                  0.08    0.53    0.93 v _423_/Q (sky130_fd_sc_hd__dfrtp_4)
     9    0.02                           rx_baud_cnt[6] (net)
                  0.08    0.00    0.93 v _206_/B (sky130_fd_sc_hd__or4bb_1)
                  0.11    0.55    1.48 v _206_/X (sky130_fd_sc_hd__or4bb_1)
     3    0.01                           _060_ (net)
                  0.11    0.00    1.48 v _207_/C (sky130_fd_sc_hd__nor3_1)
                  0.24    0.23    1.71 ^ _207_/Y (sky130_fd_sc_hd__nor3_1)
     2    0.01                           _061_ (net)
                  0.24    0.00    1.71 ^ max_cap23/A (sky130_fd_sc_hd__clkbuf_2)
                  0.10    0.21    1.92 ^ max_cap23/X (sky130_fd_sc_hd__clkbuf_2)
     4    0.02                           net23 (net)
                  0.10    0.00    1.92 ^ _239_/C (sky130_fd_sc_hd__nand3_4)
                  0.12    0.14    2.06 v _239_/Y (sky130_fd_sc_hd__nand3_4)
     9    0.03                           _086_ (net)
                  0.12    0.00    2.06 v _281_/S (sky130_fd_sc_hd__mux2_1)
                  0.05    0.35    2.41 v _281_/X (sky130_fd_sc_hd__mux2_1)
     1    0.00                           _116_ (net)
                  0.05    0.00    2.41 v hold8/A (sky130_fd_sc_hd__dlygate4sd3_1)
                  0.05    0.58    2.99 v hold8/X (sky130_fd_sc_hd__dlygate4sd3_1)
     1    0.00                           net39 (net)
                  0.05    0.00    2.99 v _282_/A (sky130_fd_sc_hd__clkbuf_1)
                  0.03    0.10    3.08 v _282_/X (sky130_fd_sc_hd__clkbuf_1)
     1    0.00                           _018_ (net)
                  0.03    0.00    3.08 v _409_/D (sky130_fd_sc_hd__dfrtp_1)
                                  3.08   data arrival time

                         10.00   10.00   clock clk (rise edge)
                          0.00   10.00   clock source latency
                  0.08    0.05   10.05 ^ clk (in)
     1    0.02                           clk (net)
                  0.08    0.00   10.05 ^ clkbuf_0_clk/A (sky130_fd_sc_hd__clkbuf_16)
                  0.09    0.17   10.22 ^ clkbuf_0_clk/X (sky130_fd_sc_hd__clkbuf_16)
     8    0.08                           clknet_0_clk (net)
                  0.09    0.00   10.22 ^ clkbuf_3_4__f_clk/A (sky130_fd_sc_hd__clkbuf_16)
                  0.04    0.14   10.36 ^ clkbuf_3_4__f_clk/X (sky130_fd_sc_hd__clkbuf_16)
     8    0.02                           clknet_3_4__leaf_clk (net)
                  0.04    0.00   10.36 ^ _409_/CLK (sky130_fd_sc_hd__dfrtp_1)
                         -0.25   10.11   clock uncertainty
                          0.02   10.13   clock reconvergence pessimism
                         -0.11   10.03   library setup time
                                 10.03   data required time
-----------------------------------------------------------------------------
                                 10.03   data required time
                                 -3.08   data arrival time
-----------------------------------------------------------------------------
                                  6.94   slack (MET)


Startpoint: _423_ (rising edge-triggered flip-flop clocked by clk)
Endpoint: _413_ (rising edge-triggered flip-flop clocked by clk)
Path Group: clk
Path Type: max

Fanout     Cap    Slew   Delay    Time   Description
-----------------------------------------------------------------------------
                          0.00    0.00   clock clk (rise edge)
                          0.00    0.00   clock source latency
                  0.08    0.06    0.06 ^ clk (in)
     1    0.02                           clk (net)
                  0.08    0.00    0.06 ^ clkbuf_0_clk/A (sky130_fd_sc_hd__clkbuf_16)
                  0.09    0.19    0.24 ^ clkbuf_0_clk/X (sky130_fd_sc_hd__clkbuf_16)
     8    0.08                           clknet_0_clk (net)
                  0.09    0.00    0.25 ^ clkbuf_3_2__f_clk/A (sky130_fd_sc_hd__clkbuf_16)
                  0.05    0.15    0.40 ^ clkbuf_3_2__f_clk/X (sky130_fd_sc_hd__clkbuf_16)
     9    0.02                           clknet_3_2__leaf_clk (net)
                  0.05    0.00    0.40 ^ _423_/CLK (sky130_fd_sc_hd__dfrtp_4)
                  0.08    0.53    0.93 v _423_/Q (sky130_fd_sc_hd__dfrtp_4)
     9    0.02                           rx_baud_cnt[6] (net)
                  0.08    0.00    0.93 v _206_/B (sky130_fd_sc_hd__or4bb_1)
                  0.11    0.55    1.48 v _206_/X (sky130_fd_sc_hd__or4bb_1)
     3    0.01                           _060_ (net)
                  0.11    0.00    1.48 v _207_/C (sky130_fd_sc_hd__nor3_1)
                  0.24    0.23    1.71 ^ _207_/Y (sky130_fd_sc_hd__nor3_1)
     2    0.01                           _061_ (net)
                  0.24    0.00    1.71 ^ max_cap23/A (sky130_fd_sc_hd__clkbuf_2)
                  0.10    0.21    1.92 ^ max_cap23/X (sky130_fd_sc_hd__clkbuf_2)
     4    0.02                           net23 (net)
                  0.10    0.00    1.92 ^ _239_/C (sky130_fd_sc_hd__nand3_4)
                  0.12    0.14    2.06 v _239_/Y (sky130_fd_sc_hd__nand3_4)
     9    0.03                           _086_ (net)
                  0.12    0.00    2.06 v _289_/S (sky130_fd_sc_hd__mux2_1)
                  0.05    0.35    2.41 v _289_/X (sky130_fd_sc_hd__mux2_1)
     1    0.00                           _120_ (net)
                  0.05    0.00    2.41 v hold20/A (sky130_fd_sc_hd__dlygate4sd3_1)
                  0.05    0.58    2.99 v hold20/X (sky130_fd_sc_hd__dlygate4sd3_1)
     1    0.00                           net51 (net)
                  0.05    0.00    2.99 v _290_/A (sky130_fd_sc_hd__clkbuf_1)
                  0.02    0.09    3.08 v _290_/X (sky130_fd_sc_hd__clkbuf_1)
     1    0.00                           _022_ (net)
                  0.02    0.00    3.08 v _413_/D (sky130_fd_sc_hd__dfrtp_1)
                                  3.08   data arrival time

                         10.00   10.00   clock clk (rise edge)
                          0.00   10.00   clock source latency
                  0.08    0.05   10.05 ^ clk (in)
     1    0.02                           clk (net)
                  0.08    0.00   10.05 ^ clkbuf_0_clk/A (sky130_fd_sc_hd__clkbuf_16)
                  0.09    0.17   10.22 ^ clkbuf_0_clk/X (sky130_fd_sc_hd__clkbuf_16)
     8    0.08                           clknet_0_clk (net)
                  0.09    0.00   10.22 ^ clkbuf_3_4__f_clk/A (sky130_fd_sc_hd__clkbuf_16)
                  0.04    0.14   10.36 ^ clkbuf_3_4__f_clk/X (sky130_fd_sc_hd__clkbuf_16)
     8    0.02                           clknet_3_4__leaf_clk (net)
                  0.04    0.00   10.36 ^ _413_/CLK (sky130_fd_sc_hd__dfrtp_1)
                         -0.25   10.11   clock uncertainty
                          0.02   10.13   clock reconvergence pessimism
                         -0.11   10.03   library setup time
                                 10.03   data required time
-----------------------------------------------------------------------------
                                 10.03   data required time
                                 -3.08   data arrival time
-----------------------------------------------------------------------------
                                  6.95   slack (MET)


Startpoint: _423_ (rising edge-triggered flip-flop clocked by clk)
Endpoint: _410_ (rising edge-triggered flip-flop clocked by clk)
Path Group: clk
Path Type: max

Fanout     Cap    Slew   Delay    Time   Description
-----------------------------------------------------------------------------
                          0.00    0.00   clock clk (rise edge)
                          0.00    0.00   clock source latency
                  0.08    0.06    0.06 ^ clk (in)
     1    0.02                           clk (net)
                  0.08    0.00    0.06 ^ clkbuf_0_clk/A (sky130_fd_sc_hd__clkbuf_16)
                  0.09    0.19    0.24 ^ clkbuf_0_clk/X (sky130_fd_sc_hd__clkbuf_16)
     8    0.08                           clknet_0_clk (net)
                  0.09    0.00    0.25 ^ clkbuf_3_2__f_clk/A (sky130_fd_sc_hd__clkbuf_16)
                  0.05    0.15    0.40 ^ clkbuf_3_2__f_clk/X (sky130_fd_sc_hd__clkbuf_16)
     9    0.02                           clknet_3_2__leaf_clk (net)
                  0.05    0.00    0.40 ^ _423_/CLK (sky130_fd_sc_hd__dfrtp_4)
                  0.08    0.53    0.93 v _423_/Q (sky130_fd_sc_hd__dfrtp_4)
     9    0.02                           rx_baud_cnt[6] (net)
                  0.08    0.00    0.93 v _206_/B (sky130_fd_sc_hd__or4bb_1)
                  0.11    0.55    1.48 v _206_/X (sky130_fd_sc_hd__or4bb_1)
     3    0.01                           _060_ (net)
                  0.11    0.00    1.48 v _207_/C (sky130_fd_sc_hd__nor3_1)
                  0.24    0.23    1.71 ^ _207_/Y (sky130_fd_sc_hd__nor3_1)
     2    0.01                           _061_ (net)
                  0.24    0.00    1.71 ^ max_cap23/A (sky130_fd_sc_hd__clkbuf_2)
                  0.10    0.21    1.92 ^ max_cap23/X (sky130_fd_sc_hd__clkbuf_2)
     4    0.02                           net23 (net)
                  0.10    0.00    1.92 ^ _239_/C (sky130_fd_sc_hd__nand3_4)
                  0.12    0.14    2.06 v _239_/Y (sky130_fd_sc_hd__nand3_4)
     9    0.03                           _086_ (net)
                  0.12    0.00    2.06 v _283_/S (sky130_fd_sc_hd__mux2_1)
                  0.05    0.34    2.41 v _283_/X (sky130_fd_sc_hd__mux2_1)
     1    0.00                           _117_ (net)
                  0.05    0.00    2.41 v hold27/A (sky130_fd_sc_hd__dlygate4sd3_1)
                  0.05    0.58    2.98 v hold27/X (sky130_fd_sc_hd__dlygate4sd3_1)
     1    0.00                           net58 (net)
                  0.05    0.00    2.98 v _284_/A (sky130_fd_sc_hd__clkbuf_1)
                  0.02    0.09    3.08 v _284_/X (sky130_fd_sc_hd__clkbuf_1)
     1    0.00                           _019_ (net)
                  0.02    0.00    3.08 v _410_/D (sky130_fd_sc_hd__dfrtp_1)
                                  3.08   data arrival time

                         10.00   10.00   clock clk (rise edge)
                          0.00   10.00   clock source latency
                  0.08    0.05   10.05 ^ clk (in)
     1    0.02                           clk (net)
                  0.08    0.00   10.05 ^ clkbuf_0_clk/A (sky130_fd_sc_hd__clkbuf_16)
                  0.09    0.17   10.22 ^ clkbuf_0_clk/X (sky130_fd_sc_hd__clkbuf_16)
     8    0.08                           clknet_0_clk (net)
                  0.09    0.00   10.22 ^ clkbuf_3_0__f_clk/A (sky130_fd_sc_hd__clkbuf_16)
                  0.05    0.14   10.36 ^ clkbuf_3_0__f_clk/X (sky130_fd_sc_hd__clkbuf_16)
     8    0.02                           clknet_3_0__leaf_clk (net)
                  0.05    0.00   10.36 ^ _410_/CLK (sky130_fd_sc_hd__dfrtp_1)
                         -0.25   10.11   clock uncertainty
                          0.02   10.14   clock reconvergence pessimism
                         -0.11   10.03   library setup time
                                 10.03   data required time
-----------------------------------------------------------------------------
                                 10.03   data required time
                                 -3.08   data arrival time
-----------------------------------------------------------------------------
                                  6.95   slack (MET)


Startpoint: _418_ (rising edge-triggered flip-flop clocked by clk)
Endpoint: _432_ (rising edge-triggered flip-flop clocked by clk)
Path Group: clk
Path Type: max

Fanout     Cap    Slew   Delay    Time   Description
-----------------------------------------------------------------------------
                          0.00    0.00   clock clk (rise edge)
                          0.00    0.00   clock source latency
                  0.08    0.06    0.06 ^ clk (in)
     1    0.02                           clk (net)
                  0.08    0.00    0.06 ^ clkbuf_0_clk/A (sky130_fd_sc_hd__clkbuf_16)
                  0.09    0.19    0.24 ^ clkbuf_0_clk/X (sky130_fd_sc_hd__clkbuf_16)
     8    0.08                           clknet_0_clk (net)
                  0.09    0.00    0.25 ^ clkbuf_3_3__f_clk/A (sky130_fd_sc_hd__clkbuf_16)
                  0.04    0.15    0.40 ^ clkbuf_3_3__f_clk/X (sky130_fd_sc_hd__clkbuf_16)
     7    0.02                           clknet_3_3__leaf_clk (net)
                  0.04    0.00    0.40 ^ _418_/CLK (sky130_fd_sc_hd__dfrtp_2)
                  0.07    0.45    0.85 v _418_/Q (sky130_fd_sc_hd__dfrtp_2)
     6    0.02                           rx_baud_cnt[1] (net)
                  0.07    0.00    0.85 v _204_/A (sky130_fd_sc_hd__or3b_2)
                  0.12    0.57    1.41 v _204_/X (sky130_fd_sc_hd__or3b_2)
     6    0.02                           _058_ (net)
                  0.12    0.00    1.41 v _340_/A1 (sky130_fd_sc_hd__o31a_2)
                  0.10    0.45    1.87 v _340_/X (sky130_fd_sc_hd__o31a_2)
    10    0.02                           _158_ (net)
                  0.10    0.00    1.87 v _361_/C (sky130_fd_sc_hd__or4_1)
                  0.10    0.53    2.40 v _361_/X (sky130_fd_sc_hd__or4_1)
     1    0.01                           _174_ (net)
                  0.10    0.00    2.40 v _362_/S (sky130_fd_sc_hd__mux2_1)
                  0.06    0.34    2.74 v _362_/X (sky130_fd_sc_hd__mux2_1)
     1    0.00                           _175_ (net)
                  0.06    0.00    2.74 v _363_/A (sky130_fd_sc_hd__clkbuf_1)
                  0.03    0.10    2.84 v _363_/X (sky130_fd_sc_hd__clkbuf_1)
     1    0.00                           _040_ (net)
                  0.03    0.00    2.84 v _432_/D (sky130_fd_sc_hd__dfrtp_1)
                                  2.84   data arrival time

                         10.00   10.00   clock clk (rise edge)
                          0.00   10.00   clock source latency
                  0.08    0.05   10.05 ^ clk (in)
     1    0.02                           clk (net)
                  0.08    0.00   10.05 ^ clkbuf_0_clk/A (sky130_fd_sc_hd__clkbuf_16)
                  0.09    0.17   10.22 ^ clkbuf_0_clk/X (sky130_fd_sc_hd__clkbuf_16)
     8    0.08                           clknet_0_clk (net)
                  0.09    0.00   10.22 ^ clkbuf_3_0__f_clk/A (sky130_fd_sc_hd__clkbuf_16)
                  0.05    0.14   10.36 ^ clkbuf_3_0__f_clk/X (sky130_fd_sc_hd__clkbuf_16)
     8    0.02                           clknet_3_0__leaf_clk (net)
                  0.05    0.00   10.36 ^ _432_/CLK (sky130_fd_sc_hd__dfrtp_1)
                         -0.25   10.11   clock uncertainty
                          0.02   10.14   clock reconvergence pessimism
                         -0.11   10.03   library setup time
                                 10.03   data required time
-----------------------------------------------------------------------------
                                 10.03   data required time
                                 -2.84   data arrival time
-----------------------------------------------------------------------------
                                  7.19   slack (MET)


Startpoint: _418_ (rising edge-triggered flip-flop clocked by clk)
Endpoint: _434_ (rising edge-triggered flip-flop clocked by clk)
Path Group: clk
Path Type: max

Fanout     Cap    Slew   Delay    Time   Description
-----------------------------------------------------------------------------
                          0.00    0.00   clock clk (rise edge)
                          0.00    0.00   clock source latency
                  0.08    0.06    0.06 ^ clk (in)
     1    0.02                           clk (net)
                  0.08    0.00    0.06 ^ clkbuf_0_clk/A (sky130_fd_sc_hd__clkbuf_16)
                  0.09    0.19    0.24 ^ clkbuf_0_clk/X (sky130_fd_sc_hd__clkbuf_16)
     8    0.08                           clknet_0_clk (net)
                  0.09    0.00    0.25 ^ clkbuf_3_3__f_clk/A (sky130_fd_sc_hd__clkbuf_16)
                  0.04    0.15    0.40 ^ clkbuf_3_3__f_clk/X (sky130_fd_sc_hd__clkbuf_16)
     7    0.02                           clknet_3_3__leaf_clk (net)
                  0.04    0.00    0.40 ^ _418_/CLK (sky130_fd_sc_hd__dfrtp_2)
                  0.07    0.45    0.85 v _418_/Q (sky130_fd_sc_hd__dfrtp_2)
     6    0.02                           rx_baud_cnt[1] (net)
                  0.07    0.00    0.85 v _204_/A (sky130_fd_sc_hd__or3b_2)
                  0.12    0.57    1.41 v _204_/X (sky130_fd_sc_hd__or3b_2)
     6    0.02                           _058_ (net)
                  0.12    0.00    1.41 v _340_/A1 (sky130_fd_sc_hd__o31a_2)
                  0.10    0.45    1.87 v _340_/X (sky130_fd_sc_hd__o31a_2)
    10    0.02                           _158_ (net)
                  0.10    0.00    1.87 v _367_/C (sky130_fd_sc_hd__or4_1)
                  0.10    0.53    2.39 v _367_/X (sky130_fd_sc_hd__or4_1)
     1    0.01                           _178_ (net)
                  0.10    0.00    2.39 v _368_/S (sky130_fd_sc_hd__mux2_1)
                  0.06    0.34    2.73 v _368_/X (sky130_fd_sc_hd__mux2_1)
     1    0.00                           _179_ (net)
                  0.06    0.00    2.74 v _369_/A (sky130_fd_sc_hd__clkbuf_1)
                  0.03    0.10    2.83 v _369_/X (sky130_fd_sc_hd__clkbuf_1)
     1    0.00                           _042_ (net)
                  0.03    0.00    2.83 v _434_/D (sky130_fd_sc_hd__dfrtp_1)
                                  2.83   data arrival time

                         10.00   10.00   clock clk (rise edge)
                          0.00   10.00   clock source latency
                  0.08    0.05   10.05 ^ clk (in)
     1    0.02                           clk (net)
                  0.08    0.00   10.05 ^ clkbuf_0_clk/A (sky130_fd_sc_hd__clkbuf_16)
                  0.09    0.17   10.22 ^ clkbuf_0_clk/X (sky130_fd_sc_hd__clkbuf_16)
     8    0.08                           clknet_0_clk (net)
                  0.09    0.00   10.22 ^ clkbuf_3_4__f_clk/A (sky130_fd_sc_hd__clkbuf_16)
                  0.04    0.14   10.36 ^ clkbuf_3_4__f_clk/X (sky130_fd_sc_hd__clkbuf_16)
     8    0.02                           clknet_3_4__leaf_clk (net)
                  0.04    0.00   10.36 ^ _434_/CLK (sky130_fd_sc_hd__dfrtp_1)
                         -0.25   10.11   clock uncertainty
                          0.02   10.13   clock reconvergence pessimism
                         -0.11   10.03   library setup time
                                 10.03   data required time
-----------------------------------------------------------------------------
                                 10.03   data required time
                                 -2.83   data arrival time
-----------------------------------------------------------------------------
                                  7.20   slack (MET)


Startpoint: _418_ (rising edge-triggered flip-flop clocked by clk)
Endpoint: _436_ (rising edge-triggered flip-flop clocked by clk)
Path Group: clk
Path Type: max

Fanout     Cap    Slew   Delay    Time   Description
-----------------------------------------------------------------------------
                          0.00    0.00   clock clk (rise edge)
                          0.00    0.00   clock source latency
                  0.08    0.06    0.06 ^ clk (in)
     1    0.02                           clk (net)
                  0.08    0.00    0.06 ^ clkbuf_0_clk/A (sky130_fd_sc_hd__clkbuf_16)
                  0.09    0.19    0.24 ^ clkbuf_0_clk/X (sky130_fd_sc_hd__clkbuf_16)
     8    0.08                           clknet_0_clk (net)
                  0.09    0.00    0.25 ^ clkbuf_3_3__f_clk/A (sky130_fd_sc_hd__clkbuf_16)
                  0.04    0.15    0.40 ^ clkbuf_3_3__f_clk/X (sky130_fd_sc_hd__clkbuf_16)
     7    0.02                           clknet_3_3__leaf_clk (net)
                  0.04    0.00    0.40 ^ _418_/CLK (sky130_fd_sc_hd__dfrtp_2)
                  0.07    0.45    0.85 v _418_/Q (sky130_fd_sc_hd__dfrtp_2)
     6    0.02                           rx_baud_cnt[1] (net)
                  0.07    0.00    0.85 v _204_/A (sky130_fd_sc_hd__or3b_2)
                  0.12    0.57    1.41 v _204_/X (sky130_fd_sc_hd__or3b_2)
     6    0.02                           _058_ (net)
                  0.12    0.00    1.41 v _340_/A1 (sky130_fd_sc_hd__o31a_2)
                  0.10    0.45    1.87 v _340_/X (sky130_fd_sc_hd__o31a_2)
    10    0.02                           _158_ (net)
                  0.10    0.00    1.87 v _373_/C (sky130_fd_sc_hd__or4_1)
                  0.10    0.53    2.40 v _373_/X (sky130_fd_sc_hd__or4_1)
     1    0.01                           _182_ (net)
                  0.10    0.00    2.40 v _374_/S (sky130_fd_sc_hd__mux2_1)
                  0.05    0.34    2.74 v _374_/X (sky130_fd_sc_hd__mux2_1)
     1    0.00                           _183_ (net)
                  0.05    0.00    2.74 v _375_/A (sky130_fd_sc_hd__clkbuf_1)
                  0.02    0.09    2.83 v _375_/X (sky130_fd_sc_hd__clkbuf_1)
     1    0.00                           _044_ (net)
                  0.02    0.00    2.83 v _436_/D (sky130_fd_sc_hd__dfrtp_1)
                                  2.83   data arrival time

                         10.00   10.00   clock clk (rise edge)
                          0.00   10.00   clock source latency
                  0.08    0.05   10.05 ^ clk (in)
     1    0.02                           clk (net)
                  0.08    0.00   10.05 ^ clkbuf_0_clk/A (sky130_fd_sc_hd__clkbuf_16)
                  0.09    0.17   10.22 ^ clkbuf_0_clk/X (sky130_fd_sc_hd__clkbuf_16)
     8    0.08                           clknet_0_clk (net)
                  0.09    0.00   10.22 ^ clkbuf_3_4__f_clk/A (sky130_fd_sc_hd__clkbuf_16)
                  0.04    0.14   10.36 ^ clkbuf_3_4__f_clk/X (sky130_fd_sc_hd__clkbuf_16)
     8    0.02                           clknet_3_4__leaf_clk (net)
                  0.04    0.00   10.36 ^ _436_/CLK (sky130_fd_sc_hd__dfrtp_1)
                         -0.25   10.11   clock uncertainty
                          0.02   10.13   clock reconvergence pessimism
                         -0.11   10.03   library setup time
                                 10.03   data required time
-----------------------------------------------------------------------------
                                 10.03   data required time
                                 -2.83   data arrival time
-----------------------------------------------------------------------------
                                  7.20   slack (MET)


Startpoint: _418_ (rising edge-triggered flip-flop clocked by clk)
Endpoint: _431_ (rising edge-triggered flip-flop clocked by clk)
Path Group: clk
Path Type: max

Fanout     Cap    Slew   Delay    Time   Description
-----------------------------------------------------------------------------
                          0.00    0.00   clock clk (rise edge)
                          0.00    0.00   clock source latency
                  0.08    0.06    0.06 ^ clk (in)
     1    0.02                           clk (net)
                  0.08    0.00    0.06 ^ clkbuf_0_clk/A (sky130_fd_sc_hd__clkbuf_16)
                  0.09    0.19    0.24 ^ clkbuf_0_clk/X (sky130_fd_sc_hd__clkbuf_16)
     8    0.08                           clknet_0_clk (net)
                  0.09    0.00    0.25 ^ clkbuf_3_3__f_clk/A (sky130_fd_sc_hd__clkbuf_16)
                  0.04    0.15    0.40 ^ clkbuf_3_3__f_clk/X (sky130_fd_sc_hd__clkbuf_16)
     7    0.02                           clknet_3_3__leaf_clk (net)
                  0.04    0.00    0.40 ^ _418_/CLK (sky130_fd_sc_hd__dfrtp_2)
                  0.07    0.45    0.85 v _418_/Q (sky130_fd_sc_hd__dfrtp_2)
     6    0.02                           rx_baud_cnt[1] (net)
                  0.07    0.00    0.85 v _204_/A (sky130_fd_sc_hd__or3b_2)
                  0.12    0.57    1.41 v _204_/X (sky130_fd_sc_hd__or3b_2)
     6    0.02                           _058_ (net)
                  0.12    0.00    1.41 v _340_/A1 (sky130_fd_sc_hd__o31a_2)
                  0.10    0.45    1.87 v _340_/X (sky130_fd_sc_hd__o31a_2)
    10    0.02                           _158_ (net)
                  0.10    0.00    1.87 v _357_/C (sky130_fd_sc_hd__or4_1)
                  0.10    0.52    2.39 v _357_/X (sky130_fd_sc_hd__or4_1)
     1    0.01                           _171_ (net)
                  0.10    0.00    2.39 v _358_/S (sky130_fd_sc_hd__mux2_1)
                  0.05    0.33    2.72 v _358_/X (sky130_fd_sc_hd__mux2_1)
     1    0.00                           _172_ (net)
                  0.05    0.00    2.72 v _359_/A (sky130_fd_sc_hd__clkbuf_1)
                  0.03    0.10    2.82 v _359_/X (sky130_fd_sc_hd__clkbuf_1)
     1    0.00                           _039_ (net)
                  0.03    0.00    2.82 v _431_/D (sky130_fd_sc_hd__dfrtp_1)
                                  2.82   data arrival time

                         10.00   10.00   clock clk (rise edge)
                          0.00   10.00   clock source latency
                  0.08    0.05   10.05 ^ clk (in)
     1    0.02                           clk (net)
                  0.08    0.00   10.05 ^ clkbuf_0_clk/A (sky130_fd_sc_hd__clkbuf_16)
                  0.09    0.17   10.22 ^ clkbuf_0_clk/X (sky130_fd_sc_hd__clkbuf_16)
     8    0.08                           clknet_0_clk (net)
                  0.09    0.00   10.22 ^ clkbuf_3_0__f_clk/A (sky130_fd_sc_hd__clkbuf_16)
                  0.05    0.14   10.36 ^ clkbuf_3_0__f_clk/X (sky130_fd_sc_hd__clkbuf_16)
     8    0.02                           clknet_3_0__leaf_clk (net)
                  0.05    0.00   10.36 ^ _431_/CLK (sky130_fd_sc_hd__dfrtp_1)
                         -0.25   10.11   clock uncertainty
                          0.02   10.14   clock reconvergence pessimism
                         -0.11   10.03   library setup time
                                 10.03   data required time
-----------------------------------------------------------------------------
                                 10.03   data required time
                                 -2.82   data arrival time
-----------------------------------------------------------------------------
                                  7.21   slack (MET)


Startpoint: _418_ (rising edge-triggered flip-flop clocked by clk)
Endpoint: _435_ (rising edge-triggered flip-flop clocked by clk)
Path Group: clk
Path Type: max

Fanout     Cap    Slew   Delay    Time   Description
-----------------------------------------------------------------------------
                          0.00    0.00   clock clk (rise edge)
                          0.00    0.00   clock source latency
                  0.08    0.06    0.06 ^ clk (in)
     1    0.02                           clk (net)
                  0.08    0.00    0.06 ^ clkbuf_0_clk/A (sky130_fd_sc_hd__clkbuf_16)
                  0.09    0.19    0.24 ^ clkbuf_0_clk/X (sky130_fd_sc_hd__clkbuf_16)
     8    0.08                           clknet_0_clk (net)
                  0.09    0.00    0.25 ^ clkbuf_3_3__f_clk/A (sky130_fd_sc_hd__clkbuf_16)
                  0.04    0.15    0.40 ^ clkbuf_3_3__f_clk/X (sky130_fd_sc_hd__clkbuf_16)
     7    0.02                           clknet_3_3__leaf_clk (net)
                  0.04    0.00    0.40 ^ _418_/CLK (sky130_fd_sc_hd__dfrtp_2)
                  0.07    0.45    0.85 v _418_/Q (sky130_fd_sc_hd__dfrtp_2)
     6    0.02                           rx_baud_cnt[1] (net)
                  0.07    0.00    0.85 v _204_/A (sky130_fd_sc_hd__or3b_2)
                  0.12    0.57    1.41 v _204_/X (sky130_fd_sc_hd__or3b_2)
     6    0.02                           _058_ (net)
                  0.12    0.00    1.41 v _340_/A1 (sky130_fd_sc_hd__o31a_2)
                  0.10    0.45    1.87 v _340_/X (sky130_fd_sc_hd__o31a_2)
    10    0.02                           _158_ (net)
                  0.10    0.00    1.87 v _370_/C (sky130_fd_sc_hd__or4_1)
                  0.09    0.51    2.38 v _370_/X (sky130_fd_sc_hd__or4_1)
     1    0.00                           _180_ (net)
                  0.09    0.00    2.38 v _371_/S (sky130_fd_sc_hd__mux2_1)
                  0.06    0.34    2.72 v _371_/X (sky130_fd_sc_hd__mux2_1)
     1    0.00                           _181_ (net)
                  0.06    0.00    2.72 v _372_/A (sky130_fd_sc_hd__clkbuf_1)
                  0.03    0.10    2.82 v _372_/X (sky130_fd_sc_hd__clkbuf_1)
     1    0.00                           _043_ (net)
                  0.03    0.00    2.82 v _435_/D (sky130_fd_sc_hd__dfrtp_1)
                                  2.82   data arrival time

                         10.00   10.00   clock clk (rise edge)
                          0.00   10.00   clock source latency
                  0.08    0.05   10.05 ^ clk (in)
     1    0.02                           clk (net)
                  0.08    0.00   10.05 ^ clkbuf_0_clk/A (sky130_fd_sc_hd__clkbuf_16)
                  0.09    0.17   10.22 ^ clkbuf_0_clk/X (sky130_fd_sc_hd__clkbuf_16)
     8    0.08                           clknet_0_clk (net)
                  0.09    0.00   10.22 ^ clkbuf_3_1__f_clk/A (sky130_fd_sc_hd__clkbuf_16)
                  0.04    0.13   10.36 ^ clkbuf_3_1__f_clk/X (sky130_fd_sc_hd__clkbuf_16)
     6    0.02                           clknet_3_1__leaf_clk (net)
                  0.04    0.00   10.36 ^ _435_/CLK (sky130_fd_sc_hd__dfrtp_1)
                         -0.25   10.11   clock uncertainty
                          0.02   10.13   clock reconvergence pessimism
                         -0.11   10.02   library setup time
                                 10.02   data required time
-----------------------------------------------------------------------------
                                 10.02   data required time
                                 -2.82   data arrival time
-----------------------------------------------------------------------------
                                  7.21   slack (MET)


Startpoint: _418_ (rising edge-triggered flip-flop clocked by clk)
Endpoint: _430_ (rising edge-triggered flip-flop clocked by clk)
Path Group: clk
Path Type: max

Fanout     Cap    Slew   Delay    Time   Description
-----------------------------------------------------------------------------
                          0.00    0.00   clock clk (rise edge)
                          0.00    0.00   clock source latency
                  0.08    0.06    0.06 ^ clk (in)
     1    0.02                           clk (net)
                  0.08    0.00    0.06 ^ clkbuf_0_clk/A (sky130_fd_sc_hd__clkbuf_16)
                  0.09    0.19    0.24 ^ clkbuf_0_clk/X (sky130_fd_sc_hd__clkbuf_16)
     8    0.08                           clknet_0_clk (net)
                  0.09    0.00    0.25 ^ clkbuf_3_3__f_clk/A (sky130_fd_sc_hd__clkbuf_16)
                  0.04    0.15    0.40 ^ clkbuf_3_3__f_clk/X (sky130_fd_sc_hd__clkbuf_16)
     7    0.02                           clknet_3_3__leaf_clk (net)
                  0.04    0.00    0.40 ^ _418_/CLK (sky130_fd_sc_hd__dfrtp_2)
                  0.07    0.45    0.85 v _418_/Q (sky130_fd_sc_hd__dfrtp_2)
     6    0.02                           rx_baud_cnt[1] (net)
                  0.07    0.00    0.85 v _204_/A (sky130_fd_sc_hd__or3b_2)
                  0.12    0.57    1.41 v _204_/X (sky130_fd_sc_hd__or3b_2)
     6    0.02                           _058_ (net)
                  0.12    0.00    1.41 v _340_/A1 (sky130_fd_sc_hd__o31a_2)
                  0.10    0.45    1.87 v _340_/X (sky130_fd_sc_hd__o31a_2)
    10    0.02                           _158_ (net)
                  0.10    0.00    1.87 v _353_/C (sky130_fd_sc_hd__or4_1)
                  0.09    0.51    2.38 v _353_/X (sky130_fd_sc_hd__or4_1)
     1    0.00                           _168_ (net)
                  0.09    0.00    2.38 v _354_/S (sky130_fd_sc_hd__mux2_1)
                  0.05    0.33    2.71 v _354_/X (sky130_fd_sc_hd__mux2_1)
     1    0.00                           _169_ (net)
                  0.05    0.00    2.71 v _355_/A (sky130_fd_sc_hd__clkbuf_1)
                  0.02    0.09    2.81 v _355_/X (sky130_fd_sc_hd__clkbuf_1)
     1    0.00                           _038_ (net)
                  0.02    0.00    2.81 v _430_/D (sky130_fd_sc_hd__dfrtp_1)
                                  2.81   data arrival time

                         10.00   10.00   clock clk (rise edge)
                          0.00   10.00   clock source latency
                  0.08    0.05   10.05 ^ clk (in)
     1    0.02                           clk (net)
                  0.08    0.00   10.05 ^ clkbuf_0_clk/A (sky130_fd_sc_hd__clkbuf_16)
                  0.09    0.17   10.22 ^ clkbuf_0_clk/X (sky130_fd_sc_hd__clkbuf_16)
     8    0.08                           clknet_0_clk (net)
                  0.09    0.00   10.22 ^ clkbuf_3_1__f_clk/A (sky130_fd_sc_hd__clkbuf_16)
                  0.04    0.13   10.36 ^ clkbuf_3_1__f_clk/X (sky130_fd_sc_hd__clkbuf_16)
     6    0.02                           clknet_3_1__leaf_clk (net)
                  0.04    0.00   10.36 ^ _430_/CLK (sky130_fd_sc_hd__dfrtp_1)
                         -0.25   10.11   clock uncertainty
                          0.02   10.13   clock reconvergence pessimism
                         -0.11   10.03   library setup time
                                 10.03   data required time
-----------------------------------------------------------------------------
                                 10.03   data required time
                                 -2.81   data arrival time
-----------------------------------------------------------------------------
                                  7.22   slack (MET)


Startpoint: data_valid (input port clocked by clk)
Endpoint: _464_ (rising edge-triggered flip-flop clocked by clk)
Path Group: clk
Path Type: max

Fanout     Cap    Slew   Delay    Time   Description
-----------------------------------------------------------------------------
                          0.00    0.00   clock clk (rise edge)
                          0.00    0.00   clock network delay (propagated)
                          2.00    2.00 ^ input external delay
                  0.03    0.02    2.02 ^ data_valid (in)
     1    0.01                           data_valid (net)
                  0.03    0.00    2.02 ^ input9/A (sky130_fd_sc_hd__buf_1)
                  0.16    0.17    2.19 ^ input9/X (sky130_fd_sc_hd__buf_1)
     2    0.01                           net9 (net)
                  0.16    0.00    2.19 ^ _242_/B (sky130_fd_sc_hd__nand2_4)
                  0.09    0.12    2.30 v _242_/Y (sky130_fd_sc_hd__nand2_4)
    10    0.03                           _088_ (net)
                  0.09    0.00    2.30 v _406_/S (sky130_fd_sc_hd__mux2_1)
                  0.05    0.33    2.64 v _406_/X (sky130_fd_sc_hd__mux2_1)
     1    0.00                           _202_ (net)
                  0.05    0.00    2.64 v _407_/A (sky130_fd_sc_hd__clkbuf_1)
                  0.03    0.10    2.74 v _407_/X (sky130_fd_sc_hd__clkbuf_1)
     1    0.00                           _057_ (net)
                  0.03    0.00    2.74 v _464_/D (sky130_fd_sc_hd__dfrtp_1)
                                  2.74   data arrival time

                         10.00   10.00   clock clk (rise edge)
                          0.00   10.00   clock source latency
                  0.08    0.05   10.05 ^ clk (in)
     1    0.02                           clk (net)
                  0.08    0.00   10.05 ^ clkbuf_0_clk/A (sky130_fd_sc_hd__clkbuf_16)
                  0.09    0.17   10.22 ^ clkbuf_0_clk/X (sky130_fd_sc_hd__clkbuf_16)
     8    0.08                           clknet_0_clk (net)
                  0.09    0.00   10.22 ^ clkbuf_3_3__f_clk/A (sky130_fd_sc_hd__clkbuf_16)
                  0.04    0.14   10.36 ^ clkbuf_3_3__f_clk/X (sky130_fd_sc_hd__clkbuf_16)
     7    0.02                           clknet_3_3__leaf_clk (net)
                  0.04    0.00   10.36 ^ _464_/CLK (sky130_fd_sc_hd__dfrtp_1)
                         -0.25   10.11   clock uncertainty
                          0.00   10.11   clock reconvergence pessimism
                         -0.11   10.00   library setup time
                                 10.00   data required time
-----------------------------------------------------------------------------
                                 10.00   data required time
                                 -2.74   data arrival time
-----------------------------------------------------------------------------
                                  7.27   slack (MET)


Startpoint: data_valid (input port clocked by clk)
Endpoint: _458_ (rising edge-triggered flip-flop clocked by clk)
Path Group: clk
Path Type: max

Fanout     Cap    Slew   Delay    Time   Description
-----------------------------------------------------------------------------
                          0.00    0.00   clock clk (rise edge)
                          0.00    0.00   clock network delay (propagated)
                          2.00    2.00 ^ input external delay
                  0.03    0.02    2.02 ^ data_valid (in)
     1    0.01                           data_valid (net)
                  0.03    0.00    2.02 ^ input9/A (sky130_fd_sc_hd__buf_1)
                  0.16    0.17    2.19 ^ input9/X (sky130_fd_sc_hd__buf_1)
     2    0.01                           net9 (net)
                  0.16    0.00    2.19 ^ _242_/B (sky130_fd_sc_hd__nand2_4)
                  0.09    0.12    2.30 v _242_/Y (sky130_fd_sc_hd__nand2_4)
    10    0.03                           _088_ (net)
                  0.09    0.00    2.30 v _394_/S (sky130_fd_sc_hd__mux2_1)
                  0.05    0.33    2.64 v _394_/X (sky130_fd_sc_hd__mux2_1)
     1    0.00                           _196_ (net)
                  0.05    0.00    2.64 v _395_/A (sky130_fd_sc_hd__clkbuf_1)
                  0.03    0.10    2.74 v _395_/X (sky130_fd_sc_hd__clkbuf_1)
     1    0.00                           _051_ (net)
                  0.03    0.00    2.74 v _458_/D (sky130_fd_sc_hd__dfrtp_1)
                                  2.74   data arrival time

                         10.00   10.00   clock clk (rise edge)
                          0.00   10.00   clock source latency
                  0.08    0.05   10.05 ^ clk (in)
     1    0.02                           clk (net)
                  0.08    0.00   10.05 ^ clkbuf_0_clk/A (sky130_fd_sc_hd__clkbuf_16)
                  0.09    0.17   10.22 ^ clkbuf_0_clk/X (sky130_fd_sc_hd__clkbuf_16)
     8    0.08                           clknet_0_clk (net)
                  0.09    0.00   10.22 ^ clkbuf_3_6__f_clk/A (sky130_fd_sc_hd__clkbuf_16)
                  0.04    0.14   10.36 ^ clkbuf_3_6__f_clk/X (sky130_fd_sc_hd__clkbuf_16)
     8    0.02                           clknet_3_6__leaf_clk (net)
                  0.04    0.00   10.36 ^ _458_/CLK (sky130_fd_sc_hd__dfrtp_1)
                         -0.25   10.11   clock uncertainty
                          0.00   10.11   clock reconvergence pessimism
                         -0.11   10.00   library setup time
                                 10.00   data required time
-----------------------------------------------------------------------------
                                 10.00   data required time
                                 -2.74   data arrival time
-----------------------------------------------------------------------------
                                  7.27   slack (MET)


Startpoint: data_valid (input port clocked by clk)
Endpoint: _462_ (rising edge-triggered flip-flop clocked by clk)
Path Group: clk
Path Type: max

Fanout     Cap    Slew   Delay    Time   Description
-----------------------------------------------------------------------------
                          0.00    0.00   clock clk (rise edge)
                          0.00    0.00   clock network delay (propagated)
                          2.00    2.00 ^ input external delay
                  0.03    0.02    2.02 ^ data_valid (in)
     1    0.01                           data_valid (net)
                  0.03    0.00    2.02 ^ input9/A (sky130_fd_sc_hd__buf_1)
                  0.16    0.17    2.19 ^ input9/X (sky130_fd_sc_hd__buf_1)
     2    0.01                           net9 (net)
                  0.16    0.00    2.19 ^ _242_/B (sky130_fd_sc_hd__nand2_4)
                  0.09    0.12    2.30 v _242_/Y (sky130_fd_sc_hd__nand2_4)
    10    0.03                           _088_ (net)
                  0.09    0.00    2.30 v _402_/S (sky130_fd_sc_hd__mux2_1)
                  0.05    0.33    2.64 v _402_/X (sky130_fd_sc_hd__mux2_1)
     1    0.00                           _200_ (net)
                  0.05    0.00    2.64 v _403_/A (sky130_fd_sc_hd__clkbuf_1)
                  0.03    0.10    2.74 v _403_/X (sky130_fd_sc_hd__clkbuf_1)
     1    0.00                           _055_ (net)
                  0.03    0.00    2.74 v _462_/D (sky130_fd_sc_hd__dfrtp_1)
                                  2.74   data arrival time

                         10.00   10.00   clock clk (rise edge)
                          0.00   10.00   clock source latency
                  0.08    0.05   10.05 ^ clk (in)
     1    0.02                           clk (net)
                  0.08    0.00   10.05 ^ clkbuf_0_clk/A (sky130_fd_sc_hd__clkbuf_16)
                  0.09    0.17   10.22 ^ clkbuf_0_clk/X (sky130_fd_sc_hd__clkbuf_16)
     8    0.08                           clknet_0_clk (net)
                  0.09    0.00   10.22 ^ clkbuf_3_3__f_clk/A (sky130_fd_sc_hd__clkbuf_16)
                  0.04    0.14   10.36 ^ clkbuf_3_3__f_clk/X (sky130_fd_sc_hd__clkbuf_16)
     7    0.02                           clknet_3_3__leaf_clk (net)
                  0.04    0.00   10.36 ^ _462_/CLK (sky130_fd_sc_hd__dfrtp_1)
                         -0.25   10.11   clock uncertainty
                          0.00   10.11   clock reconvergence pessimism
                         -0.11   10.00   library setup time
                                 10.00   data required time
-----------------------------------------------------------------------------
                                 10.00   data required time
                                 -2.74   data arrival time
-----------------------------------------------------------------------------
                                  7.27   slack (MET)


Startpoint: data_valid (input port clocked by clk)
Endpoint: _461_ (rising edge-triggered flip-flop clocked by clk)
Path Group: clk
Path Type: max

Fanout     Cap    Slew   Delay    Time   Description
-----------------------------------------------------------------------------
                          0.00    0.00   clock clk (rise edge)
                          0.00    0.00   clock network delay (propagated)
                          2.00    2.00 ^ input external delay
                  0.03    0.02    2.02 ^ data_valid (in)
     1    0.01                           data_valid (net)
                  0.03    0.00    2.02 ^ input9/A (sky130_fd_sc_hd__buf_1)
                  0.16    0.17    2.19 ^ input9/X (sky130_fd_sc_hd__buf_1)
     2    0.01                           net9 (net)
                  0.16    0.00    2.19 ^ _242_/B (sky130_fd_sc_hd__nand2_4)
                  0.09    0.12    2.30 v _242_/Y (sky130_fd_sc_hd__nand2_4)
    10    0.03                           _088_ (net)
                  0.09    0.00    2.30 v _400_/S (sky130_fd_sc_hd__mux2_1)
                  0.06    0.34    2.64 v _400_/X (sky130_fd_sc_hd__mux2_1)
     1    0.00                           _199_ (net)
                  0.06    0.00    2.64 v _401_/A (sky130_fd_sc_hd__clkbuf_1)
                  0.03    0.10    2.74 v _401_/X (sky130_fd_sc_hd__clkbuf_1)
     1    0.00                           _054_ (net)
                  0.03    0.00    2.74 v _461_/D (sky130_fd_sc_hd__dfrtp_1)
                                  2.74   data arrival time

                         10.00   10.00   clock clk (rise edge)
                          0.00   10.00   clock source latency
                  0.08    0.05   10.05 ^ clk (in)
     1    0.02                           clk (net)
                  0.08    0.00   10.05 ^ clkbuf_0_clk/A (sky130_fd_sc_hd__clkbuf_16)
                  0.09    0.17   10.22 ^ clkbuf_0_clk/X (sky130_fd_sc_hd__clkbuf_16)
     8    0.08                           clknet_0_clk (net)
                  0.09    0.00   10.22 ^ clkbuf_3_2__f_clk/A (sky130_fd_sc_hd__clkbuf_16)
                  0.05    0.14   10.36 ^ clkbuf_3_2__f_clk/X (sky130_fd_sc_hd__clkbuf_16)
     9    0.02                           clknet_3_2__leaf_clk (net)
                  0.05    0.00   10.36 ^ _461_/CLK (sky130_fd_sc_hd__dfrtp_1)
                         -0.25   10.11   clock uncertainty
                          0.00   10.11   clock reconvergence pessimism
                         -0.11   10.01   library setup time
                                 10.01   data required time
-----------------------------------------------------------------------------
                                 10.01   data required time
                                 -2.74   data arrival time
-----------------------------------------------------------------------------
                                  7.27   slack (MET)


Startpoint: data_valid (input port clocked by clk)
Endpoint: _460_ (rising edge-triggered flip-flop clocked by clk)
Path Group: clk
Path Type: max

Fanout     Cap    Slew   Delay    Time   Description
-----------------------------------------------------------------------------
                          0.00    0.00   clock clk (rise edge)
                          0.00    0.00   clock network delay (propagated)
                          2.00    2.00 ^ input external delay
                  0.03    0.02    2.02 ^ data_valid (in)
     1    0.01                           data_valid (net)
                  0.03    0.00    2.02 ^ input9/A (sky130_fd_sc_hd__buf_1)
                  0.16    0.17    2.19 ^ input9/X (sky130_fd_sc_hd__buf_1)
     2    0.01                           net9 (net)
                  0.16    0.00    2.19 ^ _242_/B (sky130_fd_sc_hd__nand2_4)
                  0.09    0.12    2.30 v _242_/Y (sky130_fd_sc_hd__nand2_4)
    10    0.03                           _088_ (net)
                  0.09    0.00    2.30 v _398_/S (sky130_fd_sc_hd__mux2_1)
                  0.05    0.34    2.64 v _398_/X (sky130_fd_sc_hd__mux2_1)
     1    0.00                           _198_ (net)
                  0.05    0.00    2.64 v _399_/A (sky130_fd_sc_hd__clkbuf_1)
                  0.03    0.10    2.74 v _399_/X (sky130_fd_sc_hd__clkbuf_1)
     1    0.00                           _053_ (net)
                  0.03    0.00    2.74 v _460_/D (sky130_fd_sc_hd__dfrtp_1)
                                  2.74   data arrival time

                         10.00   10.00   clock clk (rise edge)
                          0.00   10.00   clock source latency
                  0.08    0.05   10.05 ^ clk (in)
     1    0.02                           clk (net)
                  0.08    0.00   10.05 ^ clkbuf_0_clk/A (sky130_fd_sc_hd__clkbuf_16)
                  0.09    0.17   10.22 ^ clkbuf_0_clk/X (sky130_fd_sc_hd__clkbuf_16)
     8    0.08                           clknet_0_clk (net)
                  0.09    0.00   10.22 ^ clkbuf_3_3__f_clk/A (sky130_fd_sc_hd__clkbuf_16)
                  0.04    0.14   10.36 ^ clkbuf_3_3__f_clk/X (sky130_fd_sc_hd__clkbuf_16)
     7    0.02                           clknet_3_3__leaf_clk (net)
                  0.04    0.00   10.36 ^ _460_/CLK (sky130_fd_sc_hd__dfrtp_1)
                         -0.25   10.11   clock uncertainty
                          0.00   10.11   clock reconvergence pessimism
                         -0.11   10.01   library setup time
                                 10.01   data required time
-----------------------------------------------------------------------------
                                 10.01   data required time
                                 -2.74   data arrival time
-----------------------------------------------------------------------------
                                  7.27   slack (MET)


Startpoint: data_valid (input port clocked by clk)
Endpoint: _463_ (rising edge-triggered flip-flop clocked by clk)
Path Group: clk
Path Type: max

Fanout     Cap    Slew   Delay    Time   Description
-----------------------------------------------------------------------------
                          0.00    0.00   clock clk (rise edge)
                          0.00    0.00   clock network delay (propagated)
                          2.00    2.00 ^ input external delay
                  0.03    0.02    2.02 ^ data_valid (in)
     1    0.01                           data_valid (net)
                  0.03    0.00    2.02 ^ input9/A (sky130_fd_sc_hd__buf_1)
                  0.16    0.17    2.19 ^ input9/X (sky130_fd_sc_hd__buf_1)
     2    0.01                           net9 (net)
                  0.16    0.00    2.19 ^ _242_/B (sky130_fd_sc_hd__nand2_4)
                  0.09    0.12    2.30 v _242_/Y (sky130_fd_sc_hd__nand2_4)
    10    0.03                           _088_ (net)
                  0.09    0.00    2.30 v _404_/S (sky130_fd_sc_hd__mux2_1)
                  0.05    0.33    2.64 v _404_/X (sky130_fd_sc_hd__mux2_1)
     1    0.00                           _201_ (net)
                  0.05    0.00    2.64 v _405_/A (sky130_fd_sc_hd__clkbuf_1)
                  0.03    0.10    2.73 v _405_/X (sky130_fd_sc_hd__clkbuf_1)
     1    0.00                           _056_ (net)
                  0.03    0.00    2.73 v _463_/D (sky130_fd_sc_hd__dfrtp_1)
                                  2.73   data arrival time

                         10.00   10.00   clock clk (rise edge)
                          0.00   10.00   clock source latency
                  0.08    0.05   10.05 ^ clk (in)
     1    0.02                           clk (net)
                  0.08    0.00   10.05 ^ clkbuf_0_clk/A (sky130_fd_sc_hd__clkbuf_16)
                  0.09    0.17   10.22 ^ clkbuf_0_clk/X (sky130_fd_sc_hd__clkbuf_16)
     8    0.08                           clknet_0_clk (net)
                  0.09    0.00   10.22 ^ clkbuf_3_3__f_clk/A (sky130_fd_sc_hd__clkbuf_16)
                  0.04    0.14   10.36 ^ clkbuf_3_3__f_clk/X (sky130_fd_sc_hd__clkbuf_16)
     7    0.02                           clknet_3_3__leaf_clk (net)
                  0.04    0.00   10.36 ^ _463_/CLK (sky130_fd_sc_hd__dfrtp_1)
                         -0.25   10.11   clock uncertainty
                          0.00   10.11   clock reconvergence pessimism
                         -0.11   10.00   library setup time
                                 10.00   data required time
-----------------------------------------------------------------------------
                                 10.00   data required time
                                 -2.73   data arrival time
-----------------------------------------------------------------------------
                                  7.27   slack (MET)


Startpoint: _418_ (rising edge-triggered flip-flop clocked by clk)
Endpoint: _437_ (rising edge-triggered flip-flop clocked by clk)
Path Group: clk
Path Type: max

Fanout     Cap    Slew   Delay    Time   Description
-----------------------------------------------------------------------------
                          0.00    0.00   clock clk (rise edge)
                          0.00    0.00   clock source latency
                  0.08    0.06    0.06 ^ clk (in)
     1    0.02                           clk (net)
                  0.08    0.00    0.06 ^ clkbuf_0_clk/A (sky130_fd_sc_hd__clkbuf_16)
                  0.09    0.19    0.24 ^ clkbuf_0_clk/X (sky130_fd_sc_hd__clkbuf_16)
     8    0.08                           clknet_0_clk (net)
                  0.09    0.00    0.25 ^ clkbuf_3_3__f_clk/A (sky130_fd_sc_hd__clkbuf_16)
                  0.04    0.15    0.40 ^ clkbuf_3_3__f_clk/X (sky130_fd_sc_hd__clkbuf_16)
     7    0.02                           clknet_3_3__leaf_clk (net)
                  0.04    0.00    0.40 ^ _418_/CLK (sky130_fd_sc_hd__dfrtp_2)
                  0.07    0.45    0.85 v _418_/Q (sky130_fd_sc_hd__dfrtp_2)
     6    0.02                           rx_baud_cnt[1] (net)
                  0.07    0.00    0.85 v _204_/A (sky130_fd_sc_hd__or3b_2)
                  0.12    0.57    1.41 v _204_/X (sky130_fd_sc_hd__or3b_2)
     6    0.02                           _058_ (net)
                  0.12    0.00    1.41 v _340_/A1 (sky130_fd_sc_hd__o31a_2)
                  0.10    0.45    1.87 v _340_/X (sky130_fd_sc_hd__o31a_2)
    10    0.02                           _158_ (net)
                  0.10    0.00    1.87 v _376_/D (sky130_fd_sc_hd__or4_1)
                  0.10    0.45    2.32 v _376_/X (sky130_fd_sc_hd__or4_1)
     1    0.01                           _184_ (net)
                  0.10    0.00    2.32 v _377_/S (sky130_fd_sc_hd__mux2_1)
                  0.06    0.34    2.66 v _377_/X (sky130_fd_sc_hd__mux2_1)
     1    0.00                           _185_ (net)
                  0.06    0.00    2.66 v _378_/A (sky130_fd_sc_hd__clkbuf_1)
                  0.03    0.10    2.76 v _378_/X (sky130_fd_sc_hd__clkbuf_1)
     1    0.00                           _045_ (net)
                  0.03    0.00    2.76 v _437_/D (sky130_fd_sc_hd__dfrtp_1)
                                  2.76   data arrival time

                         10.00   10.00   clock clk (rise edge)
                          0.00   10.00   clock source latency
                  0.08    0.05   10.05 ^ clk (in)
     1    0.02                           clk (net)
                  0.08    0.00   10.05 ^ clkbuf_0_clk/A (sky130_fd_sc_hd__clkbuf_16)
                  0.09    0.17   10.22 ^ clkbuf_0_clk/X (sky130_fd_sc_hd__clkbuf_16)
     8    0.08                           clknet_0_clk (net)
                  0.09    0.00   10.22 ^ clkbuf_3_4__f_clk/A (sky130_fd_sc_hd__clkbuf_16)
                  0.04    0.14   10.36 ^ clkbuf_3_4__f_clk/X (sky130_fd_sc_hd__clkbuf_16)
     8    0.02                           clknet_3_4__leaf_clk (net)
                  0.04    0.00   10.36 ^ _437_/CLK (sky130_fd_sc_hd__dfrtp_1)
                         -0.25   10.11   clock uncertainty
                          0.02   10.13   clock reconvergence pessimism
                         -0.11   10.03   library setup time
                                 10.03   data required time
-----------------------------------------------------------------------------
                                 10.03   data required time
                                 -2.76   data arrival time
-----------------------------------------------------------------------------
                                  7.27   slack (MET)


Startpoint: _418_ (rising edge-triggered flip-flop clocked by clk)
Endpoint: _433_ (rising edge-triggered flip-flop clocked by clk)
Path Group: clk
Path Type: max

Fanout     Cap    Slew   Delay    Time   Description
-----------------------------------------------------------------------------
                          0.00    0.00   clock clk (rise edge)
                          0.00    0.00   clock source latency
                  0.08    0.06    0.06 ^ clk (in)
     1    0.02                           clk (net)
                  0.08    0.00    0.06 ^ clkbuf_0_clk/A (sky130_fd_sc_hd__clkbuf_16)
                  0.09    0.19    0.24 ^ clkbuf_0_clk/X (sky130_fd_sc_hd__clkbuf_16)
     8    0.08                           clknet_0_clk (net)
                  0.09    0.00    0.25 ^ clkbuf_3_3__f_clk/A (sky130_fd_sc_hd__clkbuf_16)
                  0.04    0.15    0.40 ^ clkbuf_3_3__f_clk/X (sky130_fd_sc_hd__clkbuf_16)
     7    0.02                           clknet_3_3__leaf_clk (net)
                  0.04    0.00    0.40 ^ _418_/CLK (sky130_fd_sc_hd__dfrtp_2)
                  0.07    0.45    0.85 v _418_/Q (sky130_fd_sc_hd__dfrtp_2)
     6    0.02                           rx_baud_cnt[1] (net)
                  0.07    0.00    0.85 v _204_/A (sky130_fd_sc_hd__or3b_2)
                  0.12    0.57    1.41 v _204_/X (sky130_fd_sc_hd__or3b_2)
     6    0.02                           _058_ (net)
                  0.12    0.00    1.41 v _340_/A1 (sky130_fd_sc_hd__o31a_2)
                  0.10    0.45    1.87 v _340_/X (sky130_fd_sc_hd__o31a_2)
    10    0.02                           _158_ (net)
                  0.10    0.00    1.87 v _364_/D (sky130_fd_sc_hd__or4_1)
                  0.10    0.45    2.32 v _364_/X (sky130_fd_sc_hd__or4_1)
     1    0.01                           _176_ (net)
                  0.10    0.00    2.32 v _365_/S (sky130_fd_sc_hd__mux2_1)
                  0.06    0.34    2.66 v _365_/X (sky130_fd_sc_hd__mux2_1)
     1    0.00                           _177_ (net)
                  0.06    0.00    2.66 v _366_/A (sky130_fd_sc_hd__clkbuf_1)
                  0.03    0.10    2.76 v _366_/X (sky130_fd_sc_hd__clkbuf_1)
     1    0.00                           _041_ (net)
                  0.03    0.00    2.76 v _433_/D (sky130_fd_sc_hd__dfrtp_1)
                                  2.76   data arrival time

                         10.00   10.00   clock clk (rise edge)
                          0.00   10.00   clock source latency
                  0.08    0.05   10.05 ^ clk (in)
     1    0.02                           clk (net)
                  0.08    0.00   10.05 ^ clkbuf_0_clk/A (sky130_fd_sc_hd__clkbuf_16)
                  0.09    0.17   10.22 ^ clkbuf_0_clk/X (sky130_fd_sc_hd__clkbuf_16)
     8    0.08                           clknet_0_clk (net)
                  0.09    0.00   10.22 ^ clkbuf_3_0__f_clk/A (sky130_fd_sc_hd__clkbuf_16)
                  0.05    0.14   10.36 ^ clkbuf_3_0__f_clk/X (sky130_fd_sc_hd__clkbuf_16)
     8    0.02                           clknet_3_0__leaf_clk (net)
                  0.05    0.00   10.36 ^ _433_/CLK (sky130_fd_sc_hd__dfrtp_1)
                         -0.25   10.11   clock uncertainty
                          0.02   10.14   clock reconvergence pessimism
                         -0.11   10.03   library setup time
                                 10.03   data required time
-----------------------------------------------------------------------------
                                 10.03   data required time
                                 -2.76   data arrival time
-----------------------------------------------------------------------------
                                  7.27   slack (MET)


Startpoint: data_valid (input port clocked by clk)
Endpoint: _457_ (rising edge-triggered flip-flop clocked by clk)
Path Group: clk
Path Type: max

Fanout     Cap    Slew   Delay    Time   Description
-----------------------------------------------------------------------------
                          0.00    0.00   clock clk (rise edge)
                          0.00    0.00   clock network delay (propagated)
                          2.00    2.00 ^ input external delay
                  0.03    0.02    2.02 ^ data_valid (in)
     1    0.01                           data_valid (net)
                  0.03    0.00    2.02 ^ input9/A (sky130_fd_sc_hd__buf_1)
                  0.16    0.17    2.19 ^ input9/X (sky130_fd_sc_hd__buf_1)
     2    0.01                           net9 (net)
                  0.16    0.00    2.19 ^ _242_/B (sky130_fd_sc_hd__nand2_4)
                  0.09    0.12    2.30 v _242_/Y (sky130_fd_sc_hd__nand2_4)
    10    0.03                           _088_ (net)
                  0.09    0.00    2.30 v _392_/S (sky130_fd_sc_hd__mux2_1)
                  0.05    0.33    2.64 v _392_/X (sky130_fd_sc_hd__mux2_1)
     1    0.00                           _195_ (net)
                  0.05    0.00    2.64 v _393_/A (sky130_fd_sc_hd__clkbuf_1)
                  0.03    0.10    2.73 v _393_/X (sky130_fd_sc_hd__clkbuf_1)
     1    0.00                           _050_ (net)
                  0.03    0.00    2.73 v _457_/D (sky130_fd_sc_hd__dfrtp_1)
                                  2.73   data arrival time

                         10.00   10.00   clock clk (rise edge)
                          0.00   10.00   clock source latency
                  0.08    0.05   10.05 ^ clk (in)
     1    0.02                           clk (net)
                  0.08    0.00   10.05 ^ clkbuf_0_clk/A (sky130_fd_sc_hd__clkbuf_16)
                  0.09    0.17   10.22 ^ clkbuf_0_clk/X (sky130_fd_sc_hd__clkbuf_16)
     8    0.08                           clknet_0_clk (net)
                  0.09    0.00   10.22 ^ clkbuf_3_2__f_clk/A (sky130_fd_sc_hd__clkbuf_16)
                  0.05    0.14   10.36 ^ clkbuf_3_2__f_clk/X (sky130_fd_sc_hd__clkbuf_16)
     9    0.02                           clknet_3_2__leaf_clk (net)
                  0.05    0.00   10.36 ^ _457_/CLK (sky130_fd_sc_hd__dfrtp_1)
                         -0.25   10.11   clock uncertainty
                          0.00   10.11   clock reconvergence pessimism
                         -0.11   10.01   library setup time
                                 10.01   data required time
-----------------------------------------------------------------------------
                                 10.01   data required time
                                 -2.73   data arrival time
-----------------------------------------------------------------------------
                                  7.27   slack (MET)


Startpoint: data_valid (input port clocked by clk)
Endpoint: _459_ (rising edge-triggered flip-flop clocked by clk)
Path Group: clk
Path Type: max

Fanout     Cap    Slew   Delay    Time   Description
-----------------------------------------------------------------------------
                          0.00    0.00   clock clk (rise edge)
                          0.00    0.00   clock network delay (propagated)
                          2.00    2.00 ^ input external delay
                  0.03    0.02    2.02 ^ data_valid (in)
     1    0.01                           data_valid (net)
                  0.03    0.00    2.02 ^ input9/A (sky130_fd_sc_hd__buf_1)
                  0.16    0.17    2.19 ^ input9/X (sky130_fd_sc_hd__buf_1)
     2    0.01                           net9 (net)
                  0.16    0.00    2.19 ^ _242_/B (sky130_fd_sc_hd__nand2_4)
                  0.09    0.12    2.30 v _242_/Y (sky130_fd_sc_hd__nand2_4)
    10    0.03                           _088_ (net)
                  0.09    0.00    2.30 v _396_/S (sky130_fd_sc_hd__mux2_1)
                  0.05    0.33    2.64 v _396_/X (sky130_fd_sc_hd__mux2_1)
     1    0.00                           _197_ (net)
                  0.05    0.00    2.64 v _397_/A (sky130_fd_sc_hd__clkbuf_1)
                  0.02    0.09    2.73 v _397_/X (sky130_fd_sc_hd__clkbuf_1)
     1    0.00                           _052_ (net)
                  0.02    0.00    2.73 v _459_/D (sky130_fd_sc_hd__dfrtp_1)
                                  2.73   data arrival time

                         10.00   10.00   clock clk (rise edge)
                          0.00   10.00   clock source latency
                  0.08    0.05   10.05 ^ clk (in)
     1    0.02                           clk (net)
                  0.08    0.00   10.05 ^ clkbuf_0_clk/A (sky130_fd_sc_hd__clkbuf_16)
                  0.09    0.17   10.22 ^ clkbuf_0_clk/X (sky130_fd_sc_hd__clkbuf_16)
     8    0.08                           clknet_0_clk (net)
                  0.09    0.00   10.22 ^ clkbuf_3_2__f_clk/A (sky130_fd_sc_hd__clkbuf_16)
                  0.05    0.14   10.36 ^ clkbuf_3_2__f_clk/X (sky130_fd_sc_hd__clkbuf_16)
     9    0.02                           clknet_3_2__leaf_clk (net)
                  0.05    0.00   10.36 ^ _459_/CLK (sky130_fd_sc_hd__dfrtp_1)
                         -0.25   10.11   clock uncertainty
                          0.00   10.11   clock reconvergence pessimism
                         -0.10   10.01   library setup time
                                 10.01   data required time
-----------------------------------------------------------------------------
                                 10.01   data required time
                                 -2.73   data arrival time
-----------------------------------------------------------------------------
                                  7.28   slack (MET)


Startpoint: data_valid (input port clocked by clk)
Endpoint: _447_ (rising edge-triggered flip-flop clocked by clk)
Path Group: clk
Path Type: max

Fanout     Cap    Slew   Delay    Time   Description
-----------------------------------------------------------------------------
                          0.00    0.00   clock clk (rise edge)
                          0.00    0.00   clock network delay (propagated)
                          2.00    2.00 v input external delay
                  0.01    0.01    2.01 v data_valid (in)
     1    0.01                           data_valid (net)
                  0.01    0.00    2.01 v input9/A (sky130_fd_sc_hd__buf_1)
                  0.08    0.12    2.13 v input9/X (sky130_fd_sc_hd__buf_1)
     2    0.01                           net9 (net)
                  0.08    0.00    2.13 v _222_/A (sky130_fd_sc_hd__or2b_1)
                  0.06    0.26    2.39 v _222_/X (sky130_fd_sc_hd__or2b_1)
     2    0.01                           _074_ (net)
                  0.06    0.00    2.39 v _380_/A1 (sky130_fd_sc_hd__a21boi_1)
                  0.12    0.14    2.53 ^ _380_/Y (sky130_fd_sc_hd__a21boi_1)
     1    0.00                           _187_ (net)
                  0.12    0.00    2.53 ^ _381_/B1 (sky130_fd_sc_hd__o22a_1)
                  0.05    0.16    2.69 ^ _381_/X (sky130_fd_sc_hd__o22a_1)
     1    0.00                           _046_ (net)
                  0.05    0.00    2.69 ^ _447_/D (sky130_fd_sc_hd__dfrtp_1)
                                  2.69   data arrival time

                         10.00   10.00   clock clk (rise edge)
                          0.00   10.00   clock source latency
                  0.08    0.05   10.05 ^ clk (in)
     1    0.02                           clk (net)
                  0.08    0.00   10.05 ^ clkbuf_0_clk/A (sky130_fd_sc_hd__clkbuf_16)
                  0.09    0.17   10.22 ^ clkbuf_0_clk/X (sky130_fd_sc_hd__clkbuf_16)
     8    0.08                           clknet_0_clk (net)
                  0.09    0.00   10.22 ^ clkbuf_3_7__f_clk/A (sky130_fd_sc_hd__clkbuf_16)
                  0.04    0.13   10.36 ^ clkbuf_3_7__f_clk/X (sky130_fd_sc_hd__clkbuf_16)
     9    0.02                           clknet_3_7__leaf_clk (net)
                  0.04    0.00   10.36 ^ _447_/CLK (sky130_fd_sc_hd__dfrtp_1)
                         -0.25   10.11   clock uncertainty
                          0.00   10.11   clock reconvergence pessimism
                         -0.06   10.04   library setup time
                                 10.04   data required time
-----------------------------------------------------------------------------
                                 10.04   data required time
                                 -2.69   data arrival time
-----------------------------------------------------------------------------
                                  7.35   slack (MET)


Startpoint: _418_ (rising edge-triggered flip-flop clocked by clk)
Endpoint: _417_ (rising edge-triggered flip-flop clocked by clk)
Path Group: clk
Path Type: max

Fanout     Cap    Slew   Delay    Time   Description
-----------------------------------------------------------------------------
                          0.00    0.00   clock clk (rise edge)
                          0.00    0.00   clock source latency
                  0.08    0.06    0.06 ^ clk (in)
     1    0.02                           clk (net)
                  0.08    0.00    0.06 ^ clkbuf_0_clk/A (sky130_fd_sc_hd__clkbuf_16)
                  0.09    0.19    0.24 ^ clkbuf_0_clk/X (sky130_fd_sc_hd__clkbuf_16)
     8    0.08                           clknet_0_clk (net)
                  0.09    0.00    0.25 ^ clkbuf_3_3__f_clk/A (sky130_fd_sc_hd__clkbuf_16)
                  0.04    0.15    0.40 ^ clkbuf_3_3__f_clk/X (sky130_fd_sc_hd__clkbuf_16)
     7    0.02                           clknet_3_3__leaf_clk (net)
                  0.04    0.00    0.40 ^ _418_/CLK (sky130_fd_sc_hd__dfrtp_2)
                  0.07    0.45    0.85 v _418_/Q (sky130_fd_sc_hd__dfrtp_2)
     6    0.02                           rx_baud_cnt[1] (net)
                  0.07    0.00    0.85 v _204_/A (sky130_fd_sc_hd__or3b_2)
                  0.12    0.57    1.41 v _204_/X (sky130_fd_sc_hd__or3b_2)
     6    0.02                           _058_ (net)
                  0.12    0.00    1.41 v _211_/B (sky130_fd_sc_hd__or4_2)
                  0.11    0.71    2.13 v _211_/X (sky130_fd_sc_hd__or4_2)
     3    0.01                           _065_ (net)
                  0.11    0.00    2.13 v _300_/A1 (sky130_fd_sc_hd__a21oi_1)
                  0.25    0.27    2.40 ^ _300_/Y (sky130_fd_sc_hd__a21oi_1)
     3    0.01                           _127_ (net)
                  0.25    0.00    2.40 ^ _301_/A1 (sky130_fd_sc_hd__mux2_1)
                  0.05    0.19    2.59 ^ _301_/X (sky130_fd_sc_hd__mux2_1)
     1    0.00                           _128_ (net)
                  0.05    0.00    2.59 ^ _302_/A (sky130_fd_sc_hd__clkbuf_1)
                  0.05    0.09    2.68 ^ _302_/X (sky130_fd_sc_hd__clkbuf_1)
     1    0.00                           _026_ (net)
                  0.05    0.00    2.68 ^ _417_/D (sky130_fd_sc_hd__dfrtp_2)
                                  2.68   data arrival time

                         10.00   10.00   clock clk (rise edge)
                          0.00   10.00   clock source latency
                  0.08    0.05   10.05 ^ clk (in)
     1    0.02                           clk (net)
                  0.08    0.00   10.05 ^ clkbuf_0_clk/A (sky130_fd_sc_hd__clkbuf_16)
                  0.09    0.17   10.22 ^ clkbuf_0_clk/X (sky130_fd_sc_hd__clkbuf_16)
     8    0.08                           clknet_0_clk (net)
                  0.09    0.00   10.22 ^ clkbuf_3_2__f_clk/A (sky130_fd_sc_hd__clkbuf_16)
                  0.05    0.14   10.36 ^ clkbuf_3_2__f_clk/X (sky130_fd_sc_hd__clkbuf_16)
     9    0.02                           clknet_3_2__leaf_clk (net)
                  0.05    0.00   10.36 ^ _417_/CLK (sky130_fd_sc_hd__dfrtp_2)
                         -0.25   10.11   clock uncertainty
                          0.02   10.14   clock reconvergence pessimism
                         -0.06   10.07   library setup time
                                 10.07   data required time
-----------------------------------------------------------------------------
                                 10.07   data required time
                                 -2.68   data arrival time
-----------------------------------------------------------------------------
                                  7.39   slack (MET)


Startpoint: data_valid (input port clocked by clk)
Endpoint: _465_ (rising edge-triggered flip-flop clocked by clk)
Path Group: clk
Path Type: max

Fanout     Cap    Slew   Delay    Time   Description
-----------------------------------------------------------------------------
                          0.00    0.00   clock clk (rise edge)
                          0.00    0.00   clock network delay (propagated)
                          2.00    2.00 v input external delay
                  0.01    0.01    2.01 v data_valid (in)
     1    0.01                           data_valid (net)
                  0.01    0.00    2.01 v input9/A (sky130_fd_sc_hd__buf_1)
                  0.08    0.12    2.13 v input9/X (sky130_fd_sc_hd__buf_1)
     2    0.01                           net9 (net)
                  0.08    0.00    2.13 v _222_/A (sky130_fd_sc_hd__or2b_1)
                  0.06    0.26    2.39 v _222_/X (sky130_fd_sc_hd__or2b_1)
     2    0.01                           _074_ (net)
                  0.06    0.00    2.39 v _223_/B1_N (sky130_fd_sc_hd__a21bo_1)
                  0.05    0.19    2.59 ^ _223_/X (sky130_fd_sc_hd__a21bo_1)
     1    0.00                           _014_ (net)
                  0.05    0.00    2.59 ^ _465_/D (sky130_fd_sc_hd__dfstp_1)
                                  2.59   data arrival time

                         10.00   10.00   clock clk (rise edge)
                          0.00   10.00   clock source latency
                  0.08    0.05   10.05 ^ clk (in)
     1    0.02                           clk (net)
                  0.08    0.00   10.05 ^ clkbuf_0_clk/A (sky130_fd_sc_hd__clkbuf_16)
                  0.09    0.17   10.22 ^ clkbuf_0_clk/X (sky130_fd_sc_hd__clkbuf_16)
     8    0.08                           clknet_0_clk (net)
                  0.09    0.00   10.22 ^ clkbuf_3_7__f_clk/A (sky130_fd_sc_hd__clkbuf_16)
                  0.04    0.13   10.36 ^ clkbuf_3_7__f_clk/X (sky130_fd_sc_hd__clkbuf_16)
     9    0.02                           clknet_3_7__leaf_clk (net)
                  0.04    0.00   10.36 ^ _465_/CLK (sky130_fd_sc_hd__dfstp_1)
                         -0.25   10.11   clock uncertainty
                          0.00   10.11   clock reconvergence pessimism
                         -0.06   10.05   library setup time
                                 10.05   data required time
-----------------------------------------------------------------------------
                                 10.05   data required time
                                 -2.59   data arrival time
-----------------------------------------------------------------------------
                                  7.46   slack (MET)


Startpoint: _418_ (rising edge-triggered flip-flop clocked by clk)
Endpoint: _421_ (rising edge-triggered flip-flop clocked by clk)
Path Group: clk
Path Type: max

Fanout     Cap    Slew   Delay    Time   Description
-----------------------------------------------------------------------------
                          0.00    0.00   clock clk (rise edge)
                          0.00    0.00   clock source latency
                  0.08    0.06    0.06 ^ clk (in)
     1    0.02                           clk (net)
                  0.08    0.00    0.06 ^ clkbuf_0_clk/A (sky130_fd_sc_hd__clkbuf_16)
                  0.09    0.19    0.24 ^ clkbuf_0_clk/X (sky130_fd_sc_hd__clkbuf_16)
     8    0.08                           clknet_0_clk (net)
                  0.09    0.00    0.25 ^ clkbuf_3_3__f_clk/A (sky130_fd_sc_hd__clkbuf_16)
                  0.04    0.15    0.40 ^ clkbuf_3_3__f_clk/X (sky130_fd_sc_hd__clkbuf_16)
     7    0.02                           clknet_3_3__leaf_clk (net)
                  0.04    0.00    0.40 ^ _418_/CLK (sky130_fd_sc_hd__dfrtp_2)
                  0.07    0.45    0.85 v _418_/Q (sky130_fd_sc_hd__dfrtp_2)
     6    0.02                           rx_baud_cnt[1] (net)
                  0.07    0.00    0.85 v _204_/A (sky130_fd_sc_hd__or3b_2)
                  0.12    0.57    1.41 v _204_/X (sky130_fd_sc_hd__or3b_2)
     6    0.02                           _058_ (net)
                  0.12    0.00    1.41 v _211_/B (sky130_fd_sc_hd__or4_2)
                  0.11    0.71    2.13 v _211_/X (sky130_fd_sc_hd__or4_2)
     3    0.01                           _065_ (net)
                  0.11    0.00    2.13 v _300_/A1 (sky130_fd_sc_hd__a21oi_1)
                  0.25    0.27    2.40 ^ _300_/Y (sky130_fd_sc_hd__a21oi_1)
     3    0.01                           _127_ (net)
                  0.25    0.00    2.40 ^ _320_/B1 (sky130_fd_sc_hd__a32o_1)
                  0.06    0.18    2.58 ^ _320_/X (sky130_fd_sc_hd__a32o_1)
     1    0.00                           _030_ (net)
                  0.06    0.00    2.58 ^ _421_/D (sky130_fd_sc_hd__dfrtp_2)
                                  2.58   data arrival time

                         10.00   10.00   clock clk (rise edge)
                          0.00   10.00   clock source latency
                  0.08    0.05   10.05 ^ clk (in)
     1    0.02                           clk (net)
                  0.08    0.00   10.05 ^ clkbuf_0_clk/A (sky130_fd_sc_hd__clkbuf_16)
                  0.09    0.17   10.22 ^ clkbuf_0_clk/X (sky130_fd_sc_hd__clkbuf_16)
     8    0.08                           clknet_0_clk (net)
                  0.09    0.00   10.22 ^ clkbuf_3_2__f_clk/A (sky130_fd_sc_hd__clkbuf_16)
                  0.05    0.14   10.36 ^ clkbuf_3_2__f_clk/X (sky130_fd_sc_hd__clkbuf_16)
     9    0.02                           clknet_3_2__leaf_clk (net)
                  0.05    0.00   10.36 ^ _421_/CLK (sky130_fd_sc_hd__dfrtp_2)
                         -0.25   10.11   clock uncertainty
                          0.02   10.14   clock reconvergence pessimism
                         -0.07   10.07   library setup time
                                 10.07   data required time
-----------------------------------------------------------------------------
                                 10.07   data required time
                                 -2.58   data arrival time
-----------------------------------------------------------------------------
                                  7.49   slack (MET)


Startpoint: _418_ (rising edge-triggered flip-flop clocked by clk)
Endpoint: _424_ (rising edge-triggered flip-flop clocked by clk)
Path Group: clk
Path Type: max

Fanout     Cap    Slew   Delay    Time   Description
-----------------------------------------------------------------------------
                          0.00    0.00   clock clk (rise edge)
                          0.00    0.00   clock source latency
                  0.08    0.06    0.06 ^ clk (in)
     1    0.02                           clk (net)
                  0.08    0.00    0.06 ^ clkbuf_0_clk/A (sky130_fd_sc_hd__clkbuf_16)
                  0.09    0.19    0.24 ^ clkbuf_0_clk/X (sky130_fd_sc_hd__clkbuf_16)
     8    0.08                           clknet_0_clk (net)
                  0.09    0.00    0.25 ^ clkbuf_3_3__f_clk/A (sky130_fd_sc_hd__clkbuf_16)
                  0.04    0.15    0.40 ^ clkbuf_3_3__f_clk/X (sky130_fd_sc_hd__clkbuf_16)
     7    0.02                           clknet_3_3__leaf_clk (net)
                  0.04    0.00    0.40 ^ _418_/CLK (sky130_fd_sc_hd__dfrtp_2)
                  0.07    0.45    0.85 v _418_/Q (sky130_fd_sc_hd__dfrtp_2)
     6    0.02                           rx_baud_cnt[1] (net)
                  0.07    0.00    0.85 v _204_/A (sky130_fd_sc_hd__or3b_2)
                  0.12    0.57    1.41 v _204_/X (sky130_fd_sc_hd__or3b_2)
     6    0.02                           _058_ (net)
                  0.12    0.00    1.41 v _211_/B (sky130_fd_sc_hd__or4_2)
                  0.11    0.71    2.13 v _211_/X (sky130_fd_sc_hd__or4_2)
     3    0.01                           _065_ (net)
                  0.11    0.00    2.13 v _300_/A1 (sky130_fd_sc_hd__a21oi_1)
                  0.25    0.27    2.40 ^ _300_/Y (sky130_fd_sc_hd__a21oi_1)
     3    0.01                           _127_ (net)
                  0.25    0.00    2.40 ^ _335_/B1 (sky130_fd_sc_hd__a32o_1)
                  0.06    0.18    2.58 ^ _335_/X (sky130_fd_sc_hd__a32o_1)
     1    0.00                           _033_ (net)
                  0.06    0.00    2.58 ^ _424_/D (sky130_fd_sc_hd__dfrtp_2)
                                  2.58   data arrival time

                         10.00   10.00   clock clk (rise edge)
                          0.00   10.00   clock source latency
                  0.08    0.05   10.05 ^ clk (in)
     1    0.02                           clk (net)
                  0.08    0.00   10.05 ^ clkbuf_0_clk/A (sky130_fd_sc_hd__clkbuf_16)
                  0.09    0.17   10.22 ^ clkbuf_0_clk/X (sky130_fd_sc_hd__clkbuf_16)
     8    0.08                           clknet_0_clk (net)
                  0.09    0.00   10.22 ^ clkbuf_3_2__f_clk/A (sky130_fd_sc_hd__clkbuf_16)
                  0.05    0.14   10.36 ^ clkbuf_3_2__f_clk/X (sky130_fd_sc_hd__clkbuf_16)
     9    0.02                           clknet_3_2__leaf_clk (net)
                  0.05    0.00   10.36 ^ _424_/CLK (sky130_fd_sc_hd__dfrtp_2)
                         -0.25   10.11   clock uncertainty
                          0.02   10.14   clock reconvergence pessimism
                         -0.07   10.07   library setup time
                                 10.07   data required time
-----------------------------------------------------------------------------
                                 10.07   data required time
                                 -2.58   data arrival time
-----------------------------------------------------------------------------
                                  7.49   slack (MET)


Startpoint: _423_ (rising edge-triggered flip-flop clocked by clk)
Endpoint: _416_ (rising edge-triggered flip-flop clocked by clk)
Path Group: clk
Path Type: max

Fanout     Cap    Slew   Delay    Time   Description
-----------------------------------------------------------------------------
                          0.00    0.00   clock clk (rise edge)
                          0.00    0.00   clock source latency
                  0.08    0.06    0.06 ^ clk (in)
     1    0.02                           clk (net)
                  0.08    0.00    0.06 ^ clkbuf_0_clk/A (sky130_fd_sc_hd__clkbuf_16)
                  0.09    0.19    0.24 ^ clkbuf_0_clk/X (sky130_fd_sc_hd__clkbuf_16)
     8    0.08                           clknet_0_clk (net)
                  0.09    0.00    0.25 ^ clkbuf_3_2__f_clk/A (sky130_fd_sc_hd__clkbuf_16)
                  0.05    0.15    0.40 ^ clkbuf_3_2__f_clk/X (sky130_fd_sc_hd__clkbuf_16)
     9    0.02                           clknet_3_2__leaf_clk (net)
                  0.05    0.00    0.40 ^ _423_/CLK (sky130_fd_sc_hd__dfrtp_4)
                  0.08    0.53    0.93 v _423_/Q (sky130_fd_sc_hd__dfrtp_4)
     9    0.02                           rx_baud_cnt[6] (net)
                  0.08    0.00    0.93 v _206_/B (sky130_fd_sc_hd__or4bb_1)
                  0.11    0.55    1.48 v _206_/X (sky130_fd_sc_hd__or4bb_1)
     3    0.01                           _060_ (net)
                  0.11    0.00    1.48 v _207_/C (sky130_fd_sc_hd__nor3_1)
                  0.24    0.23    1.71 ^ _207_/Y (sky130_fd_sc_hd__nor3_1)
     2    0.01                           _061_ (net)
                  0.24    0.00    1.71 ^ max_cap23/A (sky130_fd_sc_hd__clkbuf_2)
                  0.10    0.21    1.92 ^ max_cap23/X (sky130_fd_sc_hd__clkbuf_2)
     4    0.02                           net23 (net)
                  0.10    0.00    1.92 ^ _239_/C (sky130_fd_sc_hd__nand3_4)
                  0.12    0.14    2.06 v _239_/Y (sky130_fd_sc_hd__nand3_4)
     9    0.03                           _086_ (net)
                  0.12    0.00    2.06 v _295_/S (sky130_fd_sc_hd__mux2_1)
                  0.06    0.35    2.42 v _295_/X (sky130_fd_sc_hd__mux2_1)
     1    0.00                           _123_ (net)
                  0.06    0.00    2.42 v _296_/A (sky130_fd_sc_hd__clkbuf_1)
                  0.03    0.10    2.51 v _296_/X (sky130_fd_sc_hd__clkbuf_1)
     1    0.00                           _025_ (net)
                  0.03    0.00    2.51 v _416_/D (sky130_fd_sc_hd__dfrtp_1)
                                  2.51   data arrival time

                         10.00   10.00   clock clk (rise edge)
                          0.00   10.00   clock source latency
                  0.08    0.05   10.05 ^ clk (in)
     1    0.02                           clk (net)
                  0.08    0.00   10.05 ^ clkbuf_0_clk/A (sky130_fd_sc_hd__clkbuf_16)
                  0.09    0.17   10.22 ^ clkbuf_0_clk/X (sky130_fd_sc_hd__clkbuf_16)
     8    0.08                           clknet_0_clk (net)
                  0.09    0.00   10.22 ^ clkbuf_3_5__f_clk/A (sky130_fd_sc_hd__clkbuf_16)
                  0.04    0.13   10.36 ^ clkbuf_3_5__f_clk/X (sky130_fd_sc_hd__clkbuf_16)
     6    0.02                           clknet_3_5__leaf_clk (net)
                  0.04    0.00   10.36 ^ _416_/CLK (sky130_fd_sc_hd__dfrtp_1)
                         -0.25   10.11   clock uncertainty
                          0.02   10.13   clock reconvergence pessimism
                         -0.11   10.02   library setup time
                                 10.02   data required time
-----------------------------------------------------------------------------
                                 10.02   data required time
                                 -2.51   data arrival time
-----------------------------------------------------------------------------
                                  7.51   slack (MET)


Startpoint: _423_ (rising edge-triggered flip-flop clocked by clk)
Endpoint: _415_ (rising edge-triggered flip-flop clocked by clk)
Path Group: clk
Path Type: max

Fanout     Cap    Slew   Delay    Time   Description
-----------------------------------------------------------------------------
                          0.00    0.00   clock clk (rise edge)
                          0.00    0.00   clock source latency
                  0.08    0.06    0.06 ^ clk (in)
     1    0.02                           clk (net)
                  0.08    0.00    0.06 ^ clkbuf_0_clk/A (sky130_fd_sc_hd__clkbuf_16)
                  0.09    0.19    0.24 ^ clkbuf_0_clk/X (sky130_fd_sc_hd__clkbuf_16)
     8    0.08                           clknet_0_clk (net)
                  0.09    0.00    0.25 ^ clkbuf_3_2__f_clk/A (sky130_fd_sc_hd__clkbuf_16)
                  0.05    0.15    0.40 ^ clkbuf_3_2__f_clk/X (sky130_fd_sc_hd__clkbuf_16)
     9    0.02                           clknet_3_2__leaf_clk (net)
                  0.05    0.00    0.40 ^ _423_/CLK (sky130_fd_sc_hd__dfrtp_4)
                  0.08    0.53    0.93 v _423_/Q (sky130_fd_sc_hd__dfrtp_4)
     9    0.02                           rx_baud_cnt[6] (net)
                  0.08    0.00    0.93 v _206_/B (sky130_fd_sc_hd__or4bb_1)
                  0.11    0.55    1.48 v _206_/X (sky130_fd_sc_hd__or4bb_1)
     3    0.01                           _060_ (net)
                  0.11    0.00    1.48 v _207_/C (sky130_fd_sc_hd__nor3_1)
                  0.24    0.23    1.71 ^ _207_/Y (sky130_fd_sc_hd__nor3_1)
     2    0.01                           _061_ (net)
                  0.24    0.00    1.71 ^ max_cap23/A (sky130_fd_sc_hd__clkbuf_2)
                  0.10    0.21    1.92 ^ max_cap23/X (sky130_fd_sc_hd__clkbuf_2)
     4    0.02                           net23 (net)
                  0.10    0.00    1.92 ^ _239_/C (sky130_fd_sc_hd__nand3_4)
                  0.12    0.14    2.06 v _239_/Y (sky130_fd_sc_hd__nand3_4)
     9    0.03                           _086_ (net)
                  0.12    0.00    2.06 v _293_/S (sky130_fd_sc_hd__mux2_1)
                  0.06    0.35    2.41 v _293_/X (sky130_fd_sc_hd__mux2_1)
     1    0.00                           _122_ (net)
                  0.06    0.00    2.41 v _294_/A (sky130_fd_sc_hd__clkbuf_1)
                  0.02    0.09    2.51 v _294_/X (sky130_fd_sc_hd__clkbuf_1)
     1    0.00                           _024_ (net)
                  0.02    0.00    2.51 v _415_/D (sky130_fd_sc_hd__dfrtp_1)
                                  2.51   data arrival time

                         10.00   10.00   clock clk (rise edge)
                          0.00   10.00   clock source latency
                  0.08    0.05   10.05 ^ clk (in)
     1    0.02                           clk (net)
                  0.08    0.00   10.05 ^ clkbuf_0_clk/A (sky130_fd_sc_hd__clkbuf_16)
                  0.09    0.17   10.22 ^ clkbuf_0_clk/X (sky130_fd_sc_hd__clkbuf_16)
     8    0.08                           clknet_0_clk (net)
                  0.09    0.00   10.22 ^ clkbuf_3_5__f_clk/A (sky130_fd_sc_hd__clkbuf_16)
                  0.04    0.13   10.36 ^ clkbuf_3_5__f_clk/X (sky130_fd_sc_hd__clkbuf_16)
     6    0.02                           clknet_3_5__leaf_clk (net)
                  0.04    0.00   10.36 ^ _415_/CLK (sky130_fd_sc_hd__dfrtp_1)
                         -0.25   10.11   clock uncertainty
                          0.02   10.13   clock reconvergence pessimism
                         -0.11   10.02   library setup time
                                 10.02   data required time
-----------------------------------------------------------------------------
                                 10.02   data required time
                                 -2.51   data arrival time
-----------------------------------------------------------------------------
                                  7.51   slack (MET)


Startpoint: _418_ (rising edge-triggered flip-flop clocked by clk)
Endpoint: _427_ (rising edge-triggered flip-flop clocked by clk)
Path Group: clk
Path Type: max

Fanout     Cap    Slew   Delay    Time   Description
-----------------------------------------------------------------------------
                          0.00    0.00   clock clk (rise edge)
                          0.00    0.00   clock source latency
                  0.08    0.06    0.06 ^ clk (in)
     1    0.02                           clk (net)
                  0.08    0.00    0.06 ^ clkbuf_0_clk/A (sky130_fd_sc_hd__clkbuf_16)
                  0.09    0.19    0.24 ^ clkbuf_0_clk/X (sky130_fd_sc_hd__clkbuf_16)
     8    0.08                           clknet_0_clk (net)
                  0.09    0.00    0.25 ^ clkbuf_3_3__f_clk/A (sky130_fd_sc_hd__clkbuf_16)
                  0.04    0.15    0.40 ^ clkbuf_3_3__f_clk/X (sky130_fd_sc_hd__clkbuf_16)
     7    0.02                           clknet_3_3__leaf_clk (net)
                  0.04    0.00    0.40 ^ _418_/CLK (sky130_fd_sc_hd__dfrtp_2)
                  0.07    0.45    0.85 v _418_/Q (sky130_fd_sc_hd__dfrtp_2)
     6    0.02                           rx_baud_cnt[1] (net)
                  0.07    0.00    0.85 v _204_/A (sky130_fd_sc_hd__or3b_2)
                  0.12    0.57    1.41 v _204_/X (sky130_fd_sc_hd__or3b_2)
     6    0.02                           _058_ (net)
                  0.12    0.00    1.41 v _340_/A1 (sky130_fd_sc_hd__o31a_2)
                  0.10    0.45    1.87 v _340_/X (sky130_fd_sc_hd__o31a_2)
    10    0.02                           _158_ (net)
                  0.10    0.00    1.87 v _342_/A (sky130_fd_sc_hd__nor2_1)
                  0.15    0.18    2.05 ^ _342_/Y (sky130_fd_sc_hd__nor2_1)
     2    0.01                           _160_ (net)
                  0.15    0.00    2.05 ^ _347_/S (sky130_fd_sc_hd__mux2_1)
                  0.06    0.36    2.40 v _347_/X (sky130_fd_sc_hd__mux2_1)
     1    0.00                           _164_ (net)
                  0.06    0.00    2.40 v _348_/A (sky130_fd_sc_hd__clkbuf_1)
                  0.03    0.10    2.51 v _348_/X (sky130_fd_sc_hd__clkbuf_1)
     1    0.00                           _036_ (net)
                  0.03    0.00    2.51 v _427_/D (sky130_fd_sc_hd__dfrtp_1)
                                  2.51   data arrival time

                         10.00   10.00   clock clk (rise edge)
                          0.00   10.00   clock source latency
                  0.08    0.05   10.05 ^ clk (in)
     1    0.02                           clk (net)
                  0.08    0.00   10.05 ^ clkbuf_0_clk/A (sky130_fd_sc_hd__clkbuf_16)
                  0.09    0.17   10.22 ^ clkbuf_0_clk/X (sky130_fd_sc_hd__clkbuf_16)
     8    0.08                           clknet_0_clk (net)
                  0.09    0.00   10.22 ^ clkbuf_3_4__f_clk/A (sky130_fd_sc_hd__clkbuf_16)
                  0.04    0.14   10.36 ^ clkbuf_3_4__f_clk/X (sky130_fd_sc_hd__clkbuf_16)
     8    0.02                           clknet_3_4__leaf_clk (net)
                  0.04    0.00   10.36 ^ _427_/CLK (sky130_fd_sc_hd__dfrtp_1)
                         -0.25   10.11   clock uncertainty
                          0.02   10.13   clock reconvergence pessimism
                         -0.11   10.03   library setup time
                                 10.03   data required time
-----------------------------------------------------------------------------
                                 10.03   data required time
                                 -2.51   data arrival time
-----------------------------------------------------------------------------
                                  7.52   slack (MET)


Startpoint: _423_ (rising edge-triggered flip-flop clocked by clk)
Endpoint: _418_ (rising edge-triggered flip-flop clocked by clk)
Path Group: clk
Path Type: max

Fanout     Cap    Slew   Delay    Time   Description
-----------------------------------------------------------------------------
                          0.00    0.00   clock clk (rise edge)
                          0.00    0.00   clock source latency
                  0.08    0.06    0.06 ^ clk (in)
     1    0.02                           clk (net)
                  0.08    0.00    0.06 ^ clkbuf_0_clk/A (sky130_fd_sc_hd__clkbuf_16)
                  0.09    0.19    0.24 ^ clkbuf_0_clk/X (sky130_fd_sc_hd__clkbuf_16)
     8    0.08                           clknet_0_clk (net)
                  0.09    0.00    0.25 ^ clkbuf_3_2__f_clk/A (sky130_fd_sc_hd__clkbuf_16)
                  0.05    0.15    0.40 ^ clkbuf_3_2__f_clk/X (sky130_fd_sc_hd__clkbuf_16)
     9    0.02                           clknet_3_2__leaf_clk (net)
                  0.05    0.00    0.40 ^ _423_/CLK (sky130_fd_sc_hd__dfrtp_4)
                  0.08    0.53    0.93 v _423_/Q (sky130_fd_sc_hd__dfrtp_4)
     9    0.02                           rx_baud_cnt[6] (net)
                  0.08    0.00    0.93 v _206_/B (sky130_fd_sc_hd__or4bb_1)
                  0.11    0.55    1.48 v _206_/X (sky130_fd_sc_hd__or4bb_1)
     3    0.01                           _060_ (net)
                  0.11    0.00    1.48 v _234_/C (sky130_fd_sc_hd__or3_2)
                  0.11    0.51    1.99 v _234_/X (sky130_fd_sc_hd__or3_2)
     4    0.01                           _082_ (net)
                  0.11    0.00    1.99 v _305_/A1 (sky130_fd_sc_hd__a21o_1)
                  0.07    0.22    2.21 v _305_/X (sky130_fd_sc_hd__a21o_1)
     3    0.01                           _131_ (net)
                  0.07    0.00    2.21 v _307_/B1 (sky130_fd_sc_hd__a32o_1)
                  0.04    0.22    2.43 v _307_/X (sky130_fd_sc_hd__a32o_1)
     1    0.00                           _027_ (net)
                  0.04    0.00    2.43 v _418_/D (sky130_fd_sc_hd__dfrtp_2)
                                  2.43   data arrival time

                         10.00   10.00   clock clk (rise edge)
                          0.00   10.00   clock source latency
                  0.08    0.05   10.05 ^ clk (in)
     1    0.02                           clk (net)
                  0.08    0.00   10.05 ^ clkbuf_0_clk/A (sky130_fd_sc_hd__clkbuf_16)
                  0.09    0.17   10.22 ^ clkbuf_0_clk/X (sky130_fd_sc_hd__clkbuf_16)
     8    0.08                           clknet_0_clk (net)
                  0.09    0.00   10.22 ^ clkbuf_3_3__f_clk/A (sky130_fd_sc_hd__clkbuf_16)
                  0.04    0.14   10.36 ^ clkbuf_3_3__f_clk/X (sky130_fd_sc_hd__clkbuf_16)
     7    0.02                           clknet_3_3__leaf_clk (net)
                  0.04    0.00   10.36 ^ _418_/CLK (sky130_fd_sc_hd__dfrtp_2)
                         -0.25   10.11   clock uncertainty
                          0.02   10.13   clock reconvergence pessimism
                         -0.11   10.02   library setup time
                                 10.02   data required time
-----------------------------------------------------------------------------
                                 10.02   data required time
                                 -2.43   data arrival time
-----------------------------------------------------------------------------
                                  7.59   slack (MET)


Startpoint: _418_ (rising edge-triggered flip-flop clocked by clk)
Endpoint: _422_ (rising edge-triggered flip-flop clocked by clk)
Path Group: clk
Path Type: max

Fanout     Cap    Slew   Delay    Time   Description
-----------------------------------------------------------------------------
                          0.00    0.00   clock clk (rise edge)
                          0.00    0.00   clock source latency
                  0.08    0.06    0.06 ^ clk (in)
     1    0.02                           clk (net)
                  0.08    0.00    0.06 ^ clkbuf_0_clk/A (sky130_fd_sc_hd__clkbuf_16)
                  0.09    0.19    0.24 ^ clkbuf_0_clk/X (sky130_fd_sc_hd__clkbuf_16)
     8    0.08                           clknet_0_clk (net)
                  0.09    0.00    0.25 ^ clkbuf_3_3__f_clk/A (sky130_fd_sc_hd__clkbuf_16)
                  0.04    0.15    0.40 ^ clkbuf_3_3__f_clk/X (sky130_fd_sc_hd__clkbuf_16)
     7    0.02                           clknet_3_3__leaf_clk (net)
                  0.04    0.00    0.40 ^ _418_/CLK (sky130_fd_sc_hd__dfrtp_2)
                  0.07    0.45    0.85 v _418_/Q (sky130_fd_sc_hd__dfrtp_2)
     6    0.02                           rx_baud_cnt[1] (net)
                  0.07    0.00    0.85 v _204_/A (sky130_fd_sc_hd__or3b_2)
                  0.12    0.57    1.41 v _204_/X (sky130_fd_sc_hd__or3b_2)
     6    0.02                           _058_ (net)
                  0.12    0.00    1.41 v _234_/A (sky130_fd_sc_hd__or3_2)
                  0.11    0.58    1.99 v _234_/X (sky130_fd_sc_hd__or3_2)
     4    0.01                           _082_ (net)
                  0.11    0.00    1.99 v _322_/A1 (sky130_fd_sc_hd__a21o_1)
                  0.05    0.20    2.19 v _322_/X (sky130_fd_sc_hd__a21o_1)
     2    0.01                           _144_ (net)
                  0.05    0.00    2.19 v _328_/A2 (sky130_fd_sc_hd__o211a_1)
                  0.04    0.21    2.40 v _328_/X (sky130_fd_sc_hd__o211a_1)
     1    0.00                           _031_ (net)
                  0.04    0.00    2.41 v _422_/D (sky130_fd_sc_hd__dfrtp_1)
                                  2.41   data arrival time

                         10.00   10.00   clock clk (rise edge)
                          0.00   10.00   clock source latency
                  0.08    0.05   10.05 ^ clk (in)
     1    0.02                           clk (net)
                  0.08    0.00   10.05 ^ clkbuf_0_clk/A (sky130_fd_sc_hd__clkbuf_16)
                  0.09    0.17   10.22 ^ clkbuf_0_clk/X (sky130_fd_sc_hd__clkbuf_16)
     8    0.08                           clknet_0_clk (net)
                  0.09    0.00   10.22 ^ clkbuf_3_0__f_clk/A (sky130_fd_sc_hd__clkbuf_16)
                  0.05    0.14   10.36 ^ clkbuf_3_0__f_clk/X (sky130_fd_sc_hd__clkbuf_16)
     8    0.02                           clknet_3_0__leaf_clk (net)
                  0.05    0.00   10.36 ^ _422_/CLK (sky130_fd_sc_hd__dfrtp_1)
                         -0.25   10.11   clock uncertainty
                          0.02   10.14   clock reconvergence pessimism
                         -0.11   10.02   library setup time
                                 10.02   data required time
-----------------------------------------------------------------------------
                                 10.02   data required time
                                 -2.41   data arrival time
-----------------------------------------------------------------------------
                                  7.62   slack (MET)


Startpoint: data_valid (input port clocked by clk)
Endpoint: _467_ (rising edge-triggered flip-flop clocked by clk)
Path Group: clk
Path Type: max

Fanout     Cap    Slew   Delay    Time   Description
-----------------------------------------------------------------------------
                          0.00    0.00   clock clk (rise edge)
                          0.00    0.00   clock network delay (propagated)
                          2.00    2.00 ^ input external delay
                  0.03    0.02    2.02 ^ data_valid (in)
     1    0.01                           data_valid (net)
                  0.03    0.00    2.02 ^ input9/A (sky130_fd_sc_hd__buf_1)
                  0.16    0.17    2.19 ^ input9/X (sky130_fd_sc_hd__buf_1)
     2    0.01                           net9 (net)
                  0.16    0.00    2.19 ^ _242_/B (sky130_fd_sc_hd__nand2_4)
                  0.09    0.12    2.30 v _242_/Y (sky130_fd_sc_hd__nand2_4)
    10    0.03                           _088_ (net)
                  0.09    0.00    2.30 v _243_/B1 (sky130_fd_sc_hd__o21ai_1)
                  0.11    0.10    2.41 ^ _243_/Y (sky130_fd_sc_hd__o21ai_1)
     1    0.00                           _016_ (net)
                  0.11    0.00    2.41 ^ _467_/D (sky130_fd_sc_hd__dfrtp_1)
                                  2.41   data arrival time

                         10.00   10.00   clock clk (rise edge)
                          0.00   10.00   clock source latency
                  0.08    0.05   10.05 ^ clk (in)
     1    0.02                           clk (net)
                  0.08    0.00   10.05 ^ clkbuf_0_clk/A (sky130_fd_sc_hd__clkbuf_16)
                  0.09    0.17   10.22 ^ clkbuf_0_clk/X (sky130_fd_sc_hd__clkbuf_16)
     8    0.08                           clknet_0_clk (net)
                  0.09    0.00   10.22 ^ clkbuf_3_7__f_clk/A (sky130_fd_sc_hd__clkbuf_16)
                  0.04    0.13   10.36 ^ clkbuf_3_7__f_clk/X (sky130_fd_sc_hd__clkbuf_16)
     9    0.02                           clknet_3_7__leaf_clk (net)
                  0.04    0.00   10.36 ^ _467_/CLK (sky130_fd_sc_hd__dfrtp_1)
                         -0.25   10.11   clock uncertainty
                          0.00   10.11   clock reconvergence pessimism
                         -0.08   10.03   library setup time
                                 10.03   data required time
-----------------------------------------------------------------------------
                                 10.03   data required time
                                 -2.41   data arrival time
-----------------------------------------------------------------------------
                                  7.62   slack (MET)


Startpoint: rst_n (input port clocked by clk)
Endpoint: _429_ (recovery check against rising-edge clock clk)
Path Group: asynchronous
Path Type: max

Fanout     Cap    Slew   Delay    Time   Description
-----------------------------------------------------------------------------
                          0.00    0.00   clock clk (rise edge)
                          0.00    0.00   clock network delay (propagated)
                          2.00    2.00 ^ input external delay
                  0.02    0.01    2.01 ^ rst_n (in)
     1    0.00                           rst_n (net)
                  0.02    0.00    2.01 ^ input10/A (sky130_fd_sc_hd__buf_1)
                  0.12    0.13    2.14 ^ input10/X (sky130_fd_sc_hd__buf_1)
     2    0.01                           net10 (net)
                  0.12    0.00    2.14 ^ fanout27/A (sky130_fd_sc_hd__buf_2)
                  0.16    0.23    2.37 ^ fanout27/X (sky130_fd_sc_hd__buf_2)
     7    0.03                           net27 (net)
                  0.16    0.00    2.37 ^ fanout25/A (sky130_fd_sc_hd__clkbuf_4)
                  0.12    0.24    2.61 ^ fanout25/X (sky130_fd_sc_hd__clkbuf_4)
    10    0.04                           net25 (net)
                  0.12    0.00    2.61 ^ _429_/SET_B (sky130_fd_sc_hd__dfstp_1)
                                  2.61   data arrival time

                         10.00   10.00   clock clk (rise edge)
                          0.00   10.00   clock source latency
                  0.08    0.05   10.05 ^ clk (in)
     1    0.02                           clk (net)
                  0.08    0.00   10.05 ^ clkbuf_0_clk/A (sky130_fd_sc_hd__clkbuf_16)
                  0.09    0.17   10.22 ^ clkbuf_0_clk/X (sky130_fd_sc_hd__clkbuf_16)
     8    0.08                           clknet_0_clk (net)
                  0.09    0.00   10.22 ^ clkbuf_3_5__f_clk/A (sky130_fd_sc_hd__clkbuf_16)
                  0.04    0.13   10.36 ^ clkbuf_3_5__f_clk/X (sky130_fd_sc_hd__clkbuf_16)
     6    0.02                           clknet_3_5__leaf_clk (net)
                  0.04    0.00   10.36 ^ _429_/CLK (sky130_fd_sc_hd__dfstp_1)
                         -0.25   10.11   clock uncertainty
                          0.00   10.11   clock reconvergence pessimism
                          0.13   10.23   library recovery time
                                 10.23   data required time
-----------------------------------------------------------------------------
                                 10.23   data required time
                                 -2.61   data arrival time
-----------------------------------------------------------------------------
                                  7.62   slack (MET)


Startpoint: _418_ (rising edge-triggered flip-flop clocked by clk)
Endpoint: _453_ (rising edge-triggered flip-flop clocked by clk)
Path Group: clk
Path Type: max

Fanout     Cap    Slew   Delay    Time   Description
-----------------------------------------------------------------------------
                          0.00    0.00   clock clk (rise edge)
                          0.00    0.00   clock source latency
                  0.08    0.06    0.06 ^ clk (in)
     1    0.02                           clk (net)
                  0.08    0.00    0.06 ^ clkbuf_0_clk/A (sky130_fd_sc_hd__clkbuf_16)
                  0.09    0.19    0.24 ^ clkbuf_0_clk/X (sky130_fd_sc_hd__clkbuf_16)
     8    0.08                           clknet_0_clk (net)
                  0.09    0.00    0.25 ^ clkbuf_3_3__f_clk/A (sky130_fd_sc_hd__clkbuf_16)
                  0.04    0.15    0.40 ^ clkbuf_3_3__f_clk/X (sky130_fd_sc_hd__clkbuf_16)
     7    0.02                           clknet_3_3__leaf_clk (net)
                  0.04    0.00    0.40 ^ _418_/CLK (sky130_fd_sc_hd__dfrtp_2)
                  0.07    0.45    0.85 v _418_/Q (sky130_fd_sc_hd__dfrtp_2)
     6    0.02                           rx_baud_cnt[1] (net)
                  0.07    0.00    0.85 v _204_/A (sky130_fd_sc_hd__or3b_2)
                  0.12    0.57    1.41 v _204_/X (sky130_fd_sc_hd__or3b_2)
     6    0.02                           _058_ (net)
                  0.12    0.00    1.41 v _211_/B (sky130_fd_sc_hd__or4_2)
                  0.11    0.71    2.13 v _211_/X (sky130_fd_sc_hd__or4_2)
     3    0.01                           _065_ (net)
                  0.11    0.00    2.13 v _212_/B_N (sky130_fd_sc_hd__or2b_1)
                  0.05    0.19    2.32 ^ _212_/X (sky130_fd_sc_hd__or2b_1)
     1    0.00                           _066_ (net)
                  0.05    0.00    2.32 ^ _214_/B1 (sky130_fd_sc_hd__a22o_1)
                  0.05    0.12    2.45 ^ _214_/X (sky130_fd_sc_hd__a22o_1)
     1    0.00                           _010_ (net)
                  0.05    0.00    2.45 ^ _453_/D (sky130_fd_sc_hd__dfstp_1)
                                  2.45   data arrival time

                         10.00   10.00   clock clk (rise edge)
                          0.00   10.00   clock source latency
                  0.08    0.05   10.05 ^ clk (in)
     1    0.02                           clk (net)
                  0.08    0.00   10.05 ^ clkbuf_0_clk/A (sky130_fd_sc_hd__clkbuf_16)
                  0.09    0.17   10.22 ^ clkbuf_0_clk/X (sky130_fd_sc_hd__clkbuf_16)
     8    0.08                           clknet_0_clk (net)
                  0.09    0.00   10.22 ^ clkbuf_3_1__f_clk/A (sky130_fd_sc_hd__clkbuf_16)
                  0.04    0.13   10.36 ^ clkbuf_3_1__f_clk/X (sky130_fd_sc_hd__clkbuf_16)
     6    0.02                           clknet_3_1__leaf_clk (net)
                  0.04    0.00   10.36 ^ _453_/CLK (sky130_fd_sc_hd__dfstp_1)
                         -0.25   10.11   clock uncertainty
                          0.02   10.13   clock reconvergence pessimism
                         -0.06   10.08   library setup time
                                 10.08   data required time
-----------------------------------------------------------------------------
                                 10.08   data required time
                                 -2.45   data arrival time
-----------------------------------------------------------------------------
                                  7.63   slack (MET)


Startpoint: _418_ (rising edge-triggered flip-flop clocked by clk)
Endpoint: _425_ (rising edge-triggered flip-flop clocked by clk)
Path Group: clk
Path Type: max

Fanout     Cap    Slew   Delay    Time   Description
-----------------------------------------------------------------------------
                          0.00    0.00   clock clk (rise edge)
                          0.00    0.00   clock source latency
                  0.08    0.06    0.06 ^ clk (in)
     1    0.02                           clk (net)
                  0.08    0.00    0.06 ^ clkbuf_0_clk/A (sky130_fd_sc_hd__clkbuf_16)
                  0.09    0.19    0.24 ^ clkbuf_0_clk/X (sky130_fd_sc_hd__clkbuf_16)
     8    0.08                           clknet_0_clk (net)
                  0.09    0.00    0.25 ^ clkbuf_3_3__f_clk/A (sky130_fd_sc_hd__clkbuf_16)
                  0.04    0.15    0.40 ^ clkbuf_3_3__f_clk/X (sky130_fd_sc_hd__clkbuf_16)
     7    0.02                           clknet_3_3__leaf_clk (net)
                  0.04    0.00    0.40 ^ _418_/CLK (sky130_fd_sc_hd__dfrtp_2)
                  0.07    0.45    0.85 v _418_/Q (sky130_fd_sc_hd__dfrtp_2)
     6    0.02                           rx_baud_cnt[1] (net)
                  0.07    0.00    0.85 v _204_/A (sky130_fd_sc_hd__or3b_2)
                  0.12    0.57    1.41 v _204_/X (sky130_fd_sc_hd__or3b_2)
     6    0.02                           _058_ (net)
                  0.12    0.00    1.41 v _234_/A (sky130_fd_sc_hd__or3_2)
                  0.11    0.58    1.99 v _234_/X (sky130_fd_sc_hd__or3_2)
     4    0.01                           _082_ (net)
                  0.11    0.00    1.99 v _322_/A1 (sky130_fd_sc_hd__a21o_1)
                  0.05    0.20    2.19 v _322_/X (sky130_fd_sc_hd__a21o_1)
     2    0.01                           _144_ (net)
                  0.05    0.00    2.19 v _339_/A1 (sky130_fd_sc_hd__a31o_1)
                  0.04    0.18    2.38 v _339_/X (sky130_fd_sc_hd__a31o_1)
     1    0.00                           _034_ (net)
                  0.04    0.00    2.38 v _425_/D (sky130_fd_sc_hd__dfrtp_1)
                                  2.38   data arrival time

                         10.00   10.00   clock clk (rise edge)
                          0.00   10.00   clock source latency
                  0.08    0.05   10.05 ^ clk (in)
     1    0.02                           clk (net)
                  0.08    0.00   10.05 ^ clkbuf_0_clk/A (sky130_fd_sc_hd__clkbuf_16)
                  0.09    0.17   10.22 ^ clkbuf_0_clk/X (sky130_fd_sc_hd__clkbuf_16)
     8    0.08                           clknet_0_clk (net)
                  0.09    0.00   10.22 ^ clkbuf_3_0__f_clk/A (sky130_fd_sc_hd__clkbuf_16)
                  0.05    0.14   10.36 ^ clkbuf_3_0__f_clk/X (sky130_fd_sc_hd__clkbuf_16)
     8    0.02                           clknet_3_0__leaf_clk (net)
                  0.05    0.00   10.36 ^ _425_/CLK (sky130_fd_sc_hd__dfrtp_1)
                         -0.25   10.11   clock uncertainty
                          0.02   10.14   clock reconvergence pessimism
                         -0.11   10.02   library setup time
                                 10.02   data required time
-----------------------------------------------------------------------------
                                 10.02   data required time
                                 -2.38   data arrival time
-----------------------------------------------------------------------------
                                  7.65   slack (MET)


Startpoint: rst_n (input port clocked by clk)
Endpoint: _454_ (recovery check against rising-edge clock clk)
Path Group: asynchronous
Path Type: max

Fanout     Cap    Slew   Delay    Time   Description
-----------------------------------------------------------------------------
                          0.00    0.00   clock clk (rise edge)
                          0.00    0.00   clock network delay (propagated)
                          2.00    2.00 ^ input external delay
                  0.02    0.01    2.01 ^ rst_n (in)
     1    0.00                           rst_n (net)
                  0.02    0.00    2.01 ^ input10/A (sky130_fd_sc_hd__buf_1)
                  0.12    0.13    2.14 ^ input10/X (sky130_fd_sc_hd__buf_1)
     2    0.01                           net10 (net)
                  0.12    0.00    2.14 ^ fanout27/A (sky130_fd_sc_hd__buf_2)
                  0.16    0.23    2.37 ^ fanout27/X (sky130_fd_sc_hd__buf_2)
     7    0.03                           net27 (net)
                  0.16    0.00    2.37 ^ fanout24/A (sky130_fd_sc_hd__clkbuf_4)
                  0.14    0.26    2.63 ^ fanout24/X (sky130_fd_sc_hd__clkbuf_4)
    10    0.05                           net24 (net)
                  0.14    0.00    2.63 ^ _454_/RESET_B (sky130_fd_sc_hd__dfrtp_4)
                                  2.63   data arrival time

                         10.00   10.00   clock clk (rise edge)
                          0.00   10.00   clock source latency
                  0.08    0.05   10.05 ^ clk (in)
     1    0.02                           clk (net)
                  0.08    0.00   10.05 ^ clkbuf_0_clk/A (sky130_fd_sc_hd__clkbuf_16)
                  0.09    0.17   10.22 ^ clkbuf_0_clk/X (sky130_fd_sc_hd__clkbuf_16)
     8    0.08                           clknet_0_clk (net)
                  0.09    0.00   10.22 ^ clkbuf_3_1__f_clk/A (sky130_fd_sc_hd__clkbuf_16)
                  0.04    0.13   10.36 ^ clkbuf_3_1__f_clk/X (sky130_fd_sc_hd__clkbuf_16)
     6    0.02                           clknet_3_1__leaf_clk (net)
                  0.04    0.00   10.36 ^ _454_/CLK (sky130_fd_sc_hd__dfrtp_4)
                         -0.25   10.11   clock uncertainty
                          0.00   10.11   clock reconvergence pessimism
                          0.18   10.29   library recovery time
                                 10.29   data required time
-----------------------------------------------------------------------------
                                 10.29   data required time
                                 -2.63   data arrival time
-----------------------------------------------------------------------------
                                  7.66   slack (MET)


Startpoint: rst_n (input port clocked by clk)
Endpoint: _428_ (recovery check against rising-edge clock clk)
Path Group: asynchronous
Path Type: max

Fanout     Cap    Slew   Delay    Time   Description
-----------------------------------------------------------------------------
                          0.00    0.00   clock clk (rise edge)
                          0.00    0.00   clock network delay (propagated)
                          2.00    2.00 ^ input external delay
                  0.02    0.01    2.01 ^ rst_n (in)
     1    0.00                           rst_n (net)
                  0.02    0.00    2.01 ^ input10/A (sky130_fd_sc_hd__buf_1)
                  0.12    0.13    2.14 ^ input10/X (sky130_fd_sc_hd__buf_1)
     2    0.01                           net10 (net)
                  0.12    0.00    2.14 ^ fanout27/A (sky130_fd_sc_hd__buf_2)
                  0.16    0.23    2.37 ^ fanout27/X (sky130_fd_sc_hd__buf_2)
     7    0.03                           net27 (net)
                  0.16    0.00    2.37 ^ fanout24/A (sky130_fd_sc_hd__clkbuf_4)
                  0.14    0.26    2.63 ^ fanout24/X (sky130_fd_sc_hd__clkbuf_4)
    10    0.05                           net24 (net)
                  0.14    0.00    2.63 ^ _428_/RESET_B (sky130_fd_sc_hd__dfrtp_2)
                                  2.63   data arrival time

                         10.00   10.00   clock clk (rise edge)
                          0.00   10.00   clock source latency
                  0.08    0.05   10.05 ^ clk (in)
     1    0.02                           clk (net)
                  0.08    0.00   10.05 ^ clkbuf_0_clk/A (sky130_fd_sc_hd__clkbuf_16)
                  0.09    0.17   10.22 ^ clkbuf_0_clk/X (sky130_fd_sc_hd__clkbuf_16)
     8    0.08                           clknet_0_clk (net)
                  0.09    0.00   10.22 ^ clkbuf_3_1__f_clk/A (sky130_fd_sc_hd__clkbuf_16)
                  0.04    0.13   10.36 ^ clkbuf_3_1__f_clk/X (sky130_fd_sc_hd__clkbuf_16)
     6    0.02                           clknet_3_1__leaf_clk (net)
                  0.04    0.00   10.36 ^ _428_/CLK (sky130_fd_sc_hd__dfrtp_2)
                         -0.25   10.11   clock uncertainty
                          0.00   10.11   clock reconvergence pessimism
                          0.19   10.30   library recovery time
                                 10.30   data required time
-----------------------------------------------------------------------------
                                 10.30   data required time
                                 -2.63   data arrival time
-----------------------------------------------------------------------------
                                  7.66   slack (MET)


Startpoint: rst_n (input port clocked by clk)
Endpoint: _414_ (recovery check against rising-edge clock clk)
Path Group: asynchronous
Path Type: max

Fanout     Cap    Slew   Delay    Time   Description
-----------------------------------------------------------------------------
                          0.00    0.00   clock clk (rise edge)
                          0.00    0.00   clock network delay (propagated)
                          2.00    2.00 ^ input external delay
                  0.02    0.01    2.01 ^ rst_n (in)
     1    0.00                           rst_n (net)
                  0.02    0.00    2.01 ^ input10/A (sky130_fd_sc_hd__buf_1)
                  0.12    0.13    2.14 ^ input10/X (sky130_fd_sc_hd__buf_1)
     2    0.01                           net10 (net)
                  0.12    0.00    2.14 ^ fanout27/A (sky130_fd_sc_hd__buf_2)
                  0.16    0.23    2.37 ^ fanout27/X (sky130_fd_sc_hd__buf_2)
     7    0.03                           net27 (net)
                  0.16    0.00    2.37 ^ fanout24/A (sky130_fd_sc_hd__clkbuf_4)
                  0.14    0.26    2.63 ^ fanout24/X (sky130_fd_sc_hd__clkbuf_4)
    10    0.05                           net24 (net)
                  0.14    0.00    2.63 ^ _414_/RESET_B (sky130_fd_sc_hd__dfrtp_1)
                                  2.63   data arrival time

                         10.00   10.00   clock clk (rise edge)
                          0.00   10.00   clock source latency
                  0.08    0.05   10.05 ^ clk (in)
     1    0.02                           clk (net)
                  0.08    0.00   10.05 ^ clkbuf_0_clk/A (sky130_fd_sc_hd__clkbuf_16)
                  0.09    0.17   10.22 ^ clkbuf_0_clk/X (sky130_fd_sc_hd__clkbuf_16)
     8    0.08                           clknet_0_clk (net)
                  0.09    0.00   10.22 ^ clkbuf_3_1__f_clk/A (sky130_fd_sc_hd__clkbuf_16)
                  0.04    0.13   10.36 ^ clkbuf_3_1__f_clk/X (sky130_fd_sc_hd__clkbuf_16)
     6    0.02                           clknet_3_1__leaf_clk (net)
                  0.04    0.00   10.36 ^ _414_/CLK (sky130_fd_sc_hd__dfrtp_1)
                         -0.25   10.11   clock uncertainty
                          0.00   10.11   clock reconvergence pessimism
                          0.20   10.31   library recovery time
                                 10.31   data required time
-----------------------------------------------------------------------------
                                 10.31   data required time
                                 -2.63   data arrival time
-----------------------------------------------------------------------------
                                  7.68   slack (MET)


Startpoint: rst_n (input port clocked by clk)
Endpoint: _435_ (recovery check against rising-edge clock clk)
Path Group: asynchronous
Path Type: max

Fanout     Cap    Slew   Delay    Time   Description
-----------------------------------------------------------------------------
                          0.00    0.00   clock clk (rise edge)
                          0.00    0.00   clock network delay (propagated)
                          2.00    2.00 ^ input external delay
                  0.02    0.01    2.01 ^ rst_n (in)
     1    0.00                           rst_n (net)
                  0.02    0.00    2.01 ^ input10/A (sky130_fd_sc_hd__buf_1)
                  0.12    0.13    2.14 ^ input10/X (sky130_fd_sc_hd__buf_1)
     2    0.01                           net10 (net)
                  0.12    0.00    2.14 ^ fanout27/A (sky130_fd_sc_hd__buf_2)
                  0.16    0.23    2.37 ^ fanout27/X (sky130_fd_sc_hd__buf_2)
     7    0.03                           net27 (net)
                  0.16    0.00    2.37 ^ fanout24/A (sky130_fd_sc_hd__clkbuf_4)
                  0.14    0.26    2.63 ^ fanout24/X (sky130_fd_sc_hd__clkbuf_4)
    10    0.05                           net24 (net)
                  0.14    0.00    2.63 ^ _435_/RESET_B (sky130_fd_sc_hd__dfrtp_1)
                                  2.63   data arrival time

                         10.00   10.00   clock clk (rise edge)
                          0.00   10.00   clock source latency
                  0.08    0.05   10.05 ^ clk (in)
     1    0.02                           clk (net)
                  0.08    0.00   10.05 ^ clkbuf_0_clk/A (sky130_fd_sc_hd__clkbuf_16)
                  0.09    0.17   10.22 ^ clkbuf_0_clk/X (sky130_fd_sc_hd__clkbuf_16)
     8    0.08                           clknet_0_clk (net)
                  0.09    0.00   10.22 ^ clkbuf_3_1__f_clk/A (sky130_fd_sc_hd__clkbuf_16)
                  0.04    0.13   10.36 ^ clkbuf_3_1__f_clk/X (sky130_fd_sc_hd__clkbuf_16)
     6    0.02                           clknet_3_1__leaf_clk (net)
                  0.04    0.00   10.36 ^ _435_/CLK (sky130_fd_sc_hd__dfrtp_1)
                         -0.25   10.11   clock uncertainty
                          0.00   10.11   clock reconvergence pessimism
                          0.20   10.31   library recovery time
                                 10.31   data required time
-----------------------------------------------------------------------------
                                 10.31   data required time
                                 -2.63   data arrival time
-----------------------------------------------------------------------------
                                  7.68   slack (MET)


Startpoint: _439_ (rising edge-triggered flip-flop clocked by clk)
Endpoint: _466_ (rising edge-triggered flip-flop clocked by clk)
Path Group: clk
Path Type: max

Fanout     Cap    Slew   Delay    Time   Description
-----------------------------------------------------------------------------
                          0.00    0.00   clock clk (rise edge)
                          0.00    0.00   clock source latency
                  0.08    0.06    0.06 ^ clk (in)
     1    0.02                           clk (net)
                  0.08    0.00    0.06 ^ clkbuf_0_clk/A (sky130_fd_sc_hd__clkbuf_16)
                  0.09    0.19    0.24 ^ clkbuf_0_clk/X (sky130_fd_sc_hd__clkbuf_16)
     8    0.08                           clknet_0_clk (net)
                  0.09    0.00    0.25 ^ clkbuf_3_7__f_clk/A (sky130_fd_sc_hd__clkbuf_16)
                  0.04    0.15    0.39 ^ clkbuf_3_7__f_clk/X (sky130_fd_sc_hd__clkbuf_16)
     9    0.02                           clknet_3_7__leaf_clk (net)
                  0.04    0.00    0.39 ^ _439_/CLK (sky130_fd_sc_hd__dfrtp_2)
                  0.07    0.44    0.84 v _439_/Q (sky130_fd_sc_hd__dfrtp_2)
     6    0.02                           tx_baud_cnt[1] (net)
                  0.07    0.00    0.84 v _219_/A_N (sky130_fd_sc_hd__and4bb_1)
                  0.11    0.31    1.15 ^ _219_/X (sky130_fd_sc_hd__and4bb_1)
     3    0.01                           _071_ (net)
                  0.11    0.00    1.15 ^ _220_/C (sky130_fd_sc_hd__and3_1)
                  0.05    0.17    1.32 ^ _220_/X (sky130_fd_sc_hd__and3_1)
     1    0.00                           _072_ (net)
                  0.05    0.00    1.32 ^ _221_/A (sky130_fd_sc_hd__buf_2)
                  0.14    0.19    1.51 ^ _221_/X (sky130_fd_sc_hd__buf_2)
     9    0.03                           _073_ (net)
                  0.14    0.00    1.51 ^ _225_/A (sky130_fd_sc_hd__nand2_1)
                  0.05    0.07    1.58 v _225_/Y (sky130_fd_sc_hd__nand2_1)
     1    0.00                           _076_ (net)
                  0.05    0.00    1.58 v _226_/B1 (sky130_fd_sc_hd__a22o_1)
                  0.04    0.18    1.77 v _226_/X (sky130_fd_sc_hd__a22o_1)
     1    0.00                           _015_ (net)
                  0.04    0.00    1.77 v hold22/A (sky130_fd_sc_hd__dlygate4sd3_1)
                  0.06    0.58    2.34 v hold22/X (sky130_fd_sc_hd__dlygate4sd3_1)
     1    0.00                           net53 (net)
                  0.06    0.00    2.34 v _466_/D (sky130_fd_sc_hd__dfrtp_2)
                                  2.34   data arrival time

                         10.00   10.00   clock clk (rise edge)
                          0.00   10.00   clock source latency
                  0.08    0.05   10.05 ^ clk (in)
     1    0.02                           clk (net)
                  0.08    0.00   10.05 ^ clkbuf_0_clk/A (sky130_fd_sc_hd__clkbuf_16)
                  0.09    0.17   10.22 ^ clkbuf_0_clk/X (sky130_fd_sc_hd__clkbuf_16)
     8    0.08                           clknet_0_clk (net)
                  0.09    0.00   10.22 ^ clkbuf_3_7__f_clk/A (sky130_fd_sc_hd__clkbuf_16)
                  0.04    0.13   10.36 ^ clkbuf_3_7__f_clk/X (sky130_fd_sc_hd__clkbuf_16)
     9    0.02                           clknet_3_7__leaf_clk (net)
                  0.04    0.00   10.36 ^ _466_/CLK (sky130_fd_sc_hd__dfrtp_2)
                         -0.25   10.11   clock uncertainty
                          0.04   10.14   clock reconvergence pessimism
                         -0.12   10.02   library setup time
                                 10.02   data required time
-----------------------------------------------------------------------------
                                 10.02   data required time
                                 -2.34   data arrival time
-----------------------------------------------------------------------------
                                  7.68   slack (MET)


Startpoint: rst_n (input port clocked by clk)
Endpoint: _433_ (recovery check against rising-edge clock clk)
Path Group: asynchronous
Path Type: max

Fanout     Cap    Slew   Delay    Time   Description
-----------------------------------------------------------------------------
                          0.00    0.00   clock clk (rise edge)
                          0.00    0.00   clock network delay (propagated)
                          2.00    2.00 ^ input external delay
                  0.02    0.01    2.01 ^ rst_n (in)
     1    0.00                           rst_n (net)
                  0.02    0.00    2.01 ^ input10/A (sky130_fd_sc_hd__buf_1)
                  0.12    0.13    2.14 ^ input10/X (sky130_fd_sc_hd__buf_1)
     2    0.01                           net10 (net)
                  0.12    0.00    2.14 ^ fanout27/A (sky130_fd_sc_hd__buf_2)
                  0.16    0.23    2.37 ^ fanout27/X (sky130_fd_sc_hd__buf_2)
     7    0.03                           net27 (net)
                  0.16    0.00    2.37 ^ fanout24/A (sky130_fd_sc_hd__clkbuf_4)
                  0.14    0.26    2.63 ^ fanout24/X (sky130_fd_sc_hd__clkbuf_4)
    10    0.05                           net24 (net)
                  0.14    0.00    2.63 ^ _433_/RESET_B (sky130_fd_sc_hd__dfrtp_1)
                                  2.63   data arrival time

                         10.00   10.00   clock clk (rise edge)
                          0.00   10.00   clock source latency
                  0.08    0.05   10.05 ^ clk (in)
     1    0.02                           clk (net)
                  0.08    0.00   10.05 ^ clkbuf_0_clk/A (sky130_fd_sc_hd__clkbuf_16)
                  0.09    0.17   10.22 ^ clkbuf_0_clk/X (sky130_fd_sc_hd__clkbuf_16)
     8    0.08                           clknet_0_clk (net)
                  0.09    0.00   10.22 ^ clkbuf_3_0__f_clk/A (sky130_fd_sc_hd__clkbuf_16)
                  0.05    0.14   10.36 ^ clkbuf_3_0__f_clk/X (sky130_fd_sc_hd__clkbuf_16)
     8    0.02                           clknet_3_0__leaf_clk (net)
                  0.05    0.00   10.36 ^ _433_/CLK (sky130_fd_sc_hd__dfrtp_1)
                         -0.25   10.11   clock uncertainty
                          0.00   10.11   clock reconvergence pessimism
                          0.20   10.32   library recovery time
                                 10.32   data required time
-----------------------------------------------------------------------------
                                 10.32   data required time
                                 -2.63   data arrival time
-----------------------------------------------------------------------------
                                  7.68   slack (MET)


Startpoint: rst_n (input port clocked by clk)
Endpoint: _432_ (recovery check against rising-edge clock clk)
Path Group: asynchronous
Path Type: max

Fanout     Cap    Slew   Delay    Time   Description
-----------------------------------------------------------------------------
                          0.00    0.00   clock clk (rise edge)
                          0.00    0.00   clock network delay (propagated)
                          2.00    2.00 ^ input external delay
                  0.02    0.01    2.01 ^ rst_n (in)
     1    0.00                           rst_n (net)
                  0.02    0.00    2.01 ^ input10/A (sky130_fd_sc_hd__buf_1)
                  0.12    0.13    2.14 ^ input10/X (sky130_fd_sc_hd__buf_1)
     2    0.01                           net10 (net)
                  0.12    0.00    2.14 ^ fanout27/A (sky130_fd_sc_hd__buf_2)
                  0.16    0.23    2.37 ^ fanout27/X (sky130_fd_sc_hd__buf_2)
     7    0.03                           net27 (net)
                  0.16    0.00    2.37 ^ fanout24/A (sky130_fd_sc_hd__clkbuf_4)
                  0.14    0.26    2.63 ^ fanout24/X (sky130_fd_sc_hd__clkbuf_4)
    10    0.05                           net24 (net)
                  0.14    0.00    2.63 ^ _432_/RESET_B (sky130_fd_sc_hd__dfrtp_1)
                                  2.63   data arrival time

                         10.00   10.00   clock clk (rise edge)
                          0.00   10.00   clock source latency
                  0.08    0.05   10.05 ^ clk (in)
     1    0.02                           clk (net)
                  0.08    0.00   10.05 ^ clkbuf_0_clk/A (sky130_fd_sc_hd__clkbuf_16)
                  0.09    0.17   10.22 ^ clkbuf_0_clk/X (sky130_fd_sc_hd__clkbuf_16)
     8    0.08                           clknet_0_clk (net)
                  0.09    0.00   10.22 ^ clkbuf_3_0__f_clk/A (sky130_fd_sc_hd__clkbuf_16)
                  0.05    0.14   10.36 ^ clkbuf_3_0__f_clk/X (sky130_fd_sc_hd__clkbuf_16)
     8    0.02                           clknet_3_0__leaf_clk (net)
                  0.05    0.00   10.36 ^ _432_/CLK (sky130_fd_sc_hd__dfrtp_1)
                         -0.25   10.11   clock uncertainty
                          0.00   10.11   clock reconvergence pessimism
                          0.20   10.32   library recovery time
                                 10.32   data required time
-----------------------------------------------------------------------------
                                 10.32   data required time
                                 -2.63   data arrival time
-----------------------------------------------------------------------------
                                  7.68   slack (MET)


Startpoint: rst_n (input port clocked by clk)
Endpoint: _412_ (recovery check against rising-edge clock clk)
Path Group: asynchronous
Path Type: max

Fanout     Cap    Slew   Delay    Time   Description
-----------------------------------------------------------------------------
                          0.00    0.00   clock clk (rise edge)
                          0.00    0.00   clock network delay (propagated)
                          2.00    2.00 ^ input external delay
                  0.02    0.01    2.01 ^ rst_n (in)
     1    0.00                           rst_n (net)
                  0.02    0.00    2.01 ^ input10/A (sky130_fd_sc_hd__buf_1)
                  0.12    0.13    2.14 ^ input10/X (sky130_fd_sc_hd__buf_1)
     2    0.01                           net10 (net)
                  0.12    0.00    2.14 ^ fanout27/A (sky130_fd_sc_hd__buf_2)
                  0.16    0.23    2.37 ^ fanout27/X (sky130_fd_sc_hd__buf_2)
     7    0.03                           net27 (net)
                  0.16    0.00    2.37 ^ fanout24/A (sky130_fd_sc_hd__clkbuf_4)
                  0.14    0.26    2.63 ^ fanout24/X (sky130_fd_sc_hd__clkbuf_4)
    10    0.05                           net24 (net)
                  0.14    0.00    2.63 ^ _412_/RESET_B (sky130_fd_sc_hd__dfrtp_1)
                                  2.63   data arrival time

                         10.00   10.00   clock clk (rise edge)
                          0.00   10.00   clock source latency
                  0.08    0.05   10.05 ^ clk (in)
     1    0.02                           clk (net)
                  0.08    0.00   10.05 ^ clkbuf_0_clk/A (sky130_fd_sc_hd__clkbuf_16)
                  0.09    0.17   10.22 ^ clkbuf_0_clk/X (sky130_fd_sc_hd__clkbuf_16)
     8    0.08                           clknet_0_clk (net)
                  0.09    0.00   10.22 ^ clkbuf_3_0__f_clk/A (sky130_fd_sc_hd__clkbuf_16)
                  0.05    0.14   10.36 ^ clkbuf_3_0__f_clk/X (sky130_fd_sc_hd__clkbuf_16)
     8    0.02                           clknet_3_0__leaf_clk (net)
                  0.05    0.00   10.36 ^ _412_/CLK (sky130_fd_sc_hd__dfrtp_1)
                         -0.25   10.11   clock uncertainty
                          0.00   10.11   clock reconvergence pessimism
                          0.20   10.32   library recovery time
                                 10.32   data required time
-----------------------------------------------------------------------------
                                 10.32   data required time
                                 -2.63   data arrival time
-----------------------------------------------------------------------------
                                  7.68   slack (MET)


Startpoint: rst_n (input port clocked by clk)
Endpoint: _411_ (recovery check against rising-edge clock clk)
Path Group: asynchronous
Path Type: max

Fanout     Cap    Slew   Delay    Time   Description
-----------------------------------------------------------------------------
                          0.00    0.00   clock clk (rise edge)
                          0.00    0.00   clock network delay (propagated)
                          2.00    2.00 ^ input external delay
                  0.02    0.01    2.01 ^ rst_n (in)
     1    0.00                           rst_n (net)
                  0.02    0.00    2.01 ^ input10/A (sky130_fd_sc_hd__buf_1)
                  0.12    0.13    2.14 ^ input10/X (sky130_fd_sc_hd__buf_1)
     2    0.01                           net10 (net)
                  0.12    0.00    2.14 ^ fanout27/A (sky130_fd_sc_hd__buf_2)
                  0.16    0.23    2.37 ^ fanout27/X (sky130_fd_sc_hd__buf_2)
     7    0.03                           net27 (net)
                  0.16    0.00    2.37 ^ fanout24/A (sky130_fd_sc_hd__clkbuf_4)
                  0.14    0.26    2.63 ^ fanout24/X (sky130_fd_sc_hd__clkbuf_4)
    10    0.05                           net24 (net)
                  0.14    0.00    2.63 ^ _411_/RESET_B (sky130_fd_sc_hd__dfrtp_1)
                                  2.63   data arrival time

                         10.00   10.00   clock clk (rise edge)
                          0.00   10.00   clock source latency
                  0.08    0.05   10.05 ^ clk (in)
     1    0.02                           clk (net)
                  0.08    0.00   10.05 ^ clkbuf_0_clk/A (sky130_fd_sc_hd__clkbuf_16)
                  0.09    0.17   10.22 ^ clkbuf_0_clk/X (sky130_fd_sc_hd__clkbuf_16)
     8    0.08                           clknet_0_clk (net)
                  0.09    0.00   10.22 ^ clkbuf_3_0__f_clk/A (sky130_fd_sc_hd__clkbuf_16)
                  0.05    0.14   10.36 ^ clkbuf_3_0__f_clk/X (sky130_fd_sc_hd__clkbuf_16)
     8    0.02                           clknet_3_0__leaf_clk (net)
                  0.05    0.00   10.36 ^ _411_/CLK (sky130_fd_sc_hd__dfrtp_1)
                         -0.25   10.11   clock uncertainty
                          0.00   10.11   clock reconvergence pessimism
                          0.20   10.32   library recovery time
                                 10.32   data required time
-----------------------------------------------------------------------------
                                 10.32   data required time
                                 -2.63   data arrival time
-----------------------------------------------------------------------------
                                  7.68   slack (MET)


Startpoint: rst_n (input port clocked by clk)
Endpoint: _410_ (recovery check against rising-edge clock clk)
Path Group: asynchronous
Path Type: max

Fanout     Cap    Slew   Delay    Time   Description
-----------------------------------------------------------------------------
                          0.00    0.00   clock clk (rise edge)
                          0.00    0.00   clock network delay (propagated)
                          2.00    2.00 ^ input external delay
                  0.02    0.01    2.01 ^ rst_n (in)
     1    0.00                           rst_n (net)
                  0.02    0.00    2.01 ^ input10/A (sky130_fd_sc_hd__buf_1)
                  0.12    0.13    2.14 ^ input10/X (sky130_fd_sc_hd__buf_1)
     2    0.01                           net10 (net)
                  0.12    0.00    2.14 ^ fanout27/A (sky130_fd_sc_hd__buf_2)
                  0.16    0.23    2.37 ^ fanout27/X (sky130_fd_sc_hd__buf_2)
     7    0.03                           net27 (net)
                  0.16    0.00    2.37 ^ fanout24/A (sky130_fd_sc_hd__clkbuf_4)
                  0.14    0.26    2.63 ^ fanout24/X (sky130_fd_sc_hd__clkbuf_4)
    10    0.05                           net24 (net)
                  0.14    0.00    2.63 ^ _410_/RESET_B (sky130_fd_sc_hd__dfrtp_1)
                                  2.63   data arrival time

                         10.00   10.00   clock clk (rise edge)
                          0.00   10.00   clock source latency
                  0.08    0.05   10.05 ^ clk (in)
     1    0.02                           clk (net)
                  0.08    0.00   10.05 ^ clkbuf_0_clk/A (sky130_fd_sc_hd__clkbuf_16)
                  0.09    0.17   10.22 ^ clkbuf_0_clk/X (sky130_fd_sc_hd__clkbuf_16)
     8    0.08                           clknet_0_clk (net)
                  0.09    0.00   10.22 ^ clkbuf_3_0__f_clk/A (sky130_fd_sc_hd__clkbuf_16)
                  0.05    0.14   10.36 ^ clkbuf_3_0__f_clk/X (sky130_fd_sc_hd__clkbuf_16)
     8    0.02                           clknet_3_0__leaf_clk (net)
                  0.05    0.00   10.36 ^ _410_/CLK (sky130_fd_sc_hd__dfrtp_1)
                         -0.25   10.11   clock uncertainty
                          0.00   10.11   clock reconvergence pessimism
                          0.20   10.32   library recovery time
                                 10.32   data required time
-----------------------------------------------------------------------------
                                 10.32   data required time
                                 -2.63   data arrival time
-----------------------------------------------------------------------------
                                  7.68   slack (MET)


Startpoint: rst_n (input port clocked by clk)
Endpoint: _431_ (recovery check against rising-edge clock clk)
Path Group: asynchronous
Path Type: max

Fanout     Cap    Slew   Delay    Time   Description
-----------------------------------------------------------------------------
                          0.00    0.00   clock clk (rise edge)
                          0.00    0.00   clock network delay (propagated)
                          2.00    2.00 ^ input external delay
                  0.02    0.01    2.01 ^ rst_n (in)
     1    0.00                           rst_n (net)
                  0.02    0.00    2.01 ^ input10/A (sky130_fd_sc_hd__buf_1)
                  0.12    0.13    2.14 ^ input10/X (sky130_fd_sc_hd__buf_1)
     2    0.01                           net10 (net)
                  0.12    0.00    2.14 ^ fanout27/A (sky130_fd_sc_hd__buf_2)
                  0.16    0.23    2.37 ^ fanout27/X (sky130_fd_sc_hd__buf_2)
     7    0.03                           net27 (net)
                  0.16    0.00    2.37 ^ fanout24/A (sky130_fd_sc_hd__clkbuf_4)
                  0.14    0.26    2.63 ^ fanout24/X (sky130_fd_sc_hd__clkbuf_4)
    10    0.05                           net24 (net)
                  0.14    0.00    2.63 ^ _431_/RESET_B (sky130_fd_sc_hd__dfrtp_1)
                                  2.63   data arrival time

                         10.00   10.00   clock clk (rise edge)
                          0.00   10.00   clock source latency
                  0.08    0.05   10.05 ^ clk (in)
     1    0.02                           clk (net)
                  0.08    0.00   10.05 ^ clkbuf_0_clk/A (sky130_fd_sc_hd__clkbuf_16)
                  0.09    0.17   10.22 ^ clkbuf_0_clk/X (sky130_fd_sc_hd__clkbuf_16)
     8    0.08                           clknet_0_clk (net)
                  0.09    0.00   10.22 ^ clkbuf_3_0__f_clk/A (sky130_fd_sc_hd__clkbuf_16)
                  0.05    0.14   10.36 ^ clkbuf_3_0__f_clk/X (sky130_fd_sc_hd__clkbuf_16)
     8    0.02                           clknet_3_0__leaf_clk (net)
                  0.05    0.00   10.36 ^ _431_/CLK (sky130_fd_sc_hd__dfrtp_1)
                         -0.25   10.11   clock uncertainty
                          0.00   10.11   clock reconvergence pessimism
                          0.20   10.32   library recovery time
                                 10.32   data required time
-----------------------------------------------------------------------------
                                 10.32   data required time
                                 -2.63   data arrival time
-----------------------------------------------------------------------------
                                  7.69   slack (MET)


Startpoint: rst_n (input port clocked by clk)
Endpoint: _456_ (recovery check against rising-edge clock clk)
Path Group: asynchronous
Path Type: max

Fanout     Cap    Slew   Delay    Time   Description
-----------------------------------------------------------------------------
                          0.00    0.00   clock clk (rise edge)
                          0.00    0.00   clock network delay (propagated)
                          2.00    2.00 ^ input external delay
                  0.02    0.01    2.01 ^ rst_n (in)
     1    0.00                           rst_n (net)
                  0.02    0.00    2.01 ^ input10/A (sky130_fd_sc_hd__buf_1)
                  0.12    0.13    2.14 ^ input10/X (sky130_fd_sc_hd__buf_1)
     2    0.01                           net10 (net)
                  0.12    0.00    2.14 ^ fanout27/A (sky130_fd_sc_hd__buf_2)
                  0.16    0.23    2.37 ^ fanout27/X (sky130_fd_sc_hd__buf_2)
     7    0.03                           net27 (net)
                  0.16    0.00    2.37 ^ fanout26/A (sky130_fd_sc_hd__buf_2)
                  0.14    0.23    2.60 ^ fanout26/X (sky130_fd_sc_hd__buf_2)
     6    0.03                           net26 (net)
                  0.14    0.00    2.60 ^ _456_/RESET_B (sky130_fd_sc_hd__dfrtp_4)
                                  2.60   data arrival time

                         10.00   10.00   clock clk (rise edge)
                          0.00   10.00   clock source latency
                  0.08    0.05   10.05 ^ clk (in)
     1    0.02                           clk (net)
                  0.08    0.00   10.05 ^ clkbuf_0_clk/A (sky130_fd_sc_hd__clkbuf_16)
                  0.09    0.17   10.22 ^ clkbuf_0_clk/X (sky130_fd_sc_hd__clkbuf_16)
     8    0.08                           clknet_0_clk (net)
                  0.09    0.00   10.22 ^ clkbuf_3_5__f_clk/A (sky130_fd_sc_hd__clkbuf_16)
                  0.04    0.13   10.36 ^ clkbuf_3_5__f_clk/X (sky130_fd_sc_hd__clkbuf_16)
     6    0.02                           clknet_3_5__leaf_clk (net)
                  0.04    0.00   10.36 ^ _456_/CLK (sky130_fd_sc_hd__dfrtp_4)
                         -0.25   10.11   clock uncertainty
                          0.00   10.11   clock reconvergence pessimism
                          0.18   10.29   library recovery time
                                 10.29   data required time
-----------------------------------------------------------------------------
                                 10.29   data required time
                                 -2.60   data arrival time
-----------------------------------------------------------------------------
                                  7.69   slack (MET)


Startpoint: rst_n (input port clocked by clk)
Endpoint: _426_ (recovery check against rising-edge clock clk)
Path Group: asynchronous
Path Type: max

Fanout     Cap    Slew   Delay    Time   Description
-----------------------------------------------------------------------------
                          0.00    0.00   clock clk (rise edge)
                          0.00    0.00   clock network delay (propagated)
                          2.00    2.00 ^ input external delay
                  0.02    0.01    2.01 ^ rst_n (in)
     1    0.00                           rst_n (net)
                  0.02    0.00    2.01 ^ input10/A (sky130_fd_sc_hd__buf_1)
                  0.12    0.13    2.14 ^ input10/X (sky130_fd_sc_hd__buf_1)
     2    0.01                           net10 (net)
                  0.12    0.00    2.14 ^ fanout27/A (sky130_fd_sc_hd__buf_2)
                  0.16    0.23    2.37 ^ fanout27/X (sky130_fd_sc_hd__buf_2)
     7    0.03                           net27 (net)
                  0.16    0.00    2.37 ^ fanout25/A (sky130_fd_sc_hd__clkbuf_4)
                  0.12    0.24    2.61 ^ fanout25/X (sky130_fd_sc_hd__clkbuf_4)
    10    0.04                           net25 (net)
                  0.12    0.00    2.61 ^ _426_/RESET_B (sky130_fd_sc_hd__dfrtp_2)
                                  2.61   data arrival time

                         10.00   10.00   clock clk (rise edge)
                          0.00   10.00   clock source latency
                  0.08    0.05   10.05 ^ clk (in)
     1    0.02                           clk (net)
                  0.08    0.00   10.05 ^ clkbuf_0_clk/A (sky130_fd_sc_hd__clkbuf_16)
                  0.09    0.17   10.22 ^ clkbuf_0_clk/X (sky130_fd_sc_hd__clkbuf_16)
     8    0.08                           clknet_0_clk (net)
                  0.09    0.00   10.22 ^ clkbuf_3_4__f_clk/A (sky130_fd_sc_hd__clkbuf_16)
                  0.04    0.14   10.36 ^ clkbuf_3_4__f_clk/X (sky130_fd_sc_hd__clkbuf_16)
     8    0.02                           clknet_3_4__leaf_clk (net)
                  0.04    0.00   10.36 ^ _426_/CLK (sky130_fd_sc_hd__dfrtp_2)
                         -0.25   10.11   clock uncertainty
                          0.00   10.11   clock reconvergence pessimism
                          0.20   10.31   library recovery time
                                 10.31   data required time
-----------------------------------------------------------------------------
                                 10.31   data required time
                                 -2.61   data arrival time
-----------------------------------------------------------------------------
                                  7.70   slack (MET)


Startpoint: rst_n (input port clocked by clk)
Endpoint: _455_ (recovery check against rising-edge clock clk)
Path Group: asynchronous
Path Type: max

Fanout     Cap    Slew   Delay    Time   Description
-----------------------------------------------------------------------------
                          0.00    0.00   clock clk (rise edge)
                          0.00    0.00   clock network delay (propagated)
                          2.00    2.00 ^ input external delay
                  0.02    0.01    2.01 ^ rst_n (in)
     1    0.00                           rst_n (net)
                  0.02    0.00    2.01 ^ input10/A (sky130_fd_sc_hd__buf_1)
                  0.12    0.13    2.14 ^ input10/X (sky130_fd_sc_hd__buf_1)
     2    0.01                           net10 (net)
                  0.12    0.00    2.14 ^ fanout27/A (sky130_fd_sc_hd__buf_2)
                  0.16    0.23    2.37 ^ fanout27/X (sky130_fd_sc_hd__buf_2)
     7    0.03                           net27 (net)
                  0.16    0.00    2.37 ^ fanout26/A (sky130_fd_sc_hd__buf_2)
                  0.14    0.23    2.60 ^ fanout26/X (sky130_fd_sc_hd__buf_2)
     6    0.03                           net26 (net)
                  0.14    0.00    2.60 ^ _455_/RESET_B (sky130_fd_sc_hd__dfrtp_4)
                                  2.60   data arrival time

                         10.00   10.00   clock clk (rise edge)
                          0.00   10.00   clock source latency
                  0.08    0.05   10.05 ^ clk (in)
     1    0.02                           clk (net)
                  0.08    0.00   10.05 ^ clkbuf_0_clk/A (sky130_fd_sc_hd__clkbuf_16)
                  0.09    0.17   10.22 ^ clkbuf_0_clk/X (sky130_fd_sc_hd__clkbuf_16)
     8    0.08                           clknet_0_clk (net)
                  0.09    0.00   10.22 ^ clkbuf_3_3__f_clk/A (sky130_fd_sc_hd__clkbuf_16)
                  0.04    0.14   10.36 ^ clkbuf_3_3__f_clk/X (sky130_fd_sc_hd__clkbuf_16)
     7    0.02                           clknet_3_3__leaf_clk (net)
                  0.04    0.00   10.36 ^ _455_/CLK (sky130_fd_sc_hd__dfrtp_4)
                         -0.25   10.11   clock uncertainty
                          0.00   10.11   clock reconvergence pessimism
                          0.18   10.30   library recovery time
                                 10.30   data required time
-----------------------------------------------------------------------------
                                 10.30   data required time
                                 -2.60   data arrival time
-----------------------------------------------------------------------------
                                  7.70   slack (MET)


Startpoint: rst_n (input port clocked by clk)
Endpoint: _465_ (recovery check against rising-edge clock clk)
Path Group: asynchronous
Path Type: max

Fanout     Cap    Slew   Delay    Time   Description
-----------------------------------------------------------------------------
                          0.00    0.00   clock clk (rise edge)
                          0.00    0.00   clock network delay (propagated)
                          2.00    2.00 ^ input external delay
                  0.02    0.01    2.01 ^ rst_n (in)
     1    0.00                           rst_n (net)
                  0.02    0.00    2.01 ^ input10/A (sky130_fd_sc_hd__buf_1)
                  0.12    0.13    2.14 ^ input10/X (sky130_fd_sc_hd__buf_1)
     2    0.01                           net10 (net)
                  0.12    0.00    2.15 ^ fanout31/A (sky130_fd_sc_hd__clkbuf_2)
                  0.10    0.18    2.33 ^ fanout31/X (sky130_fd_sc_hd__clkbuf_2)
     6    0.02                           net31 (net)
                  0.10    0.00    2.33 ^ fanout30/A (sky130_fd_sc_hd__buf_2)
                  0.14    0.21    2.54 ^ fanout30/X (sky130_fd_sc_hd__buf_2)
     6    0.03                           net30 (net)
                  0.14    0.00    2.54 ^ _465_/SET_B (sky130_fd_sc_hd__dfstp_1)
                                  2.54   data arrival time

                         10.00   10.00   clock clk (rise edge)
                          0.00   10.00   clock source latency
                  0.08    0.05   10.05 ^ clk (in)
     1    0.02                           clk (net)
                  0.08    0.00   10.05 ^ clkbuf_0_clk/A (sky130_fd_sc_hd__clkbuf_16)
                  0.09    0.17   10.22 ^ clkbuf_0_clk/X (sky130_fd_sc_hd__clkbuf_16)
     8    0.08                           clknet_0_clk (net)
                  0.09    0.00   10.22 ^ clkbuf_3_7__f_clk/A (sky130_fd_sc_hd__clkbuf_16)
                  0.04    0.13   10.36 ^ clkbuf_3_7__f_clk/X (sky130_fd_sc_hd__clkbuf_16)
     9    0.02                           clknet_3_7__leaf_clk (net)
                  0.04    0.00   10.36 ^ _465_/CLK (sky130_fd_sc_hd__dfstp_1)
                         -0.25   10.11   clock uncertainty
                          0.00   10.11   clock reconvergence pessimism
                          0.13   10.23   library recovery time
                                 10.23   data required time
-----------------------------------------------------------------------------
                                 10.23   data required time
                                 -2.54   data arrival time
-----------------------------------------------------------------------------
                                  7.70   slack (MET)


Startpoint: _418_ (rising edge-triggered flip-flop clocked by clk)
Endpoint: _456_ (rising edge-triggered flip-flop clocked by clk)
Path Group: clk
Path Type: max

Fanout     Cap    Slew   Delay    Time   Description
-----------------------------------------------------------------------------
                          0.00    0.00   clock clk (rise edge)
                          0.00    0.00   clock source latency
                  0.08    0.06    0.06 ^ clk (in)
     1    0.02                           clk (net)
                  0.08    0.00    0.06 ^ clkbuf_0_clk/A (sky130_fd_sc_hd__clkbuf_16)
                  0.09    0.19    0.24 ^ clkbuf_0_clk/X (sky130_fd_sc_hd__clkbuf_16)
     8    0.08                           clknet_0_clk (net)
                  0.09    0.00    0.25 ^ clkbuf_3_3__f_clk/A (sky130_fd_sc_hd__clkbuf_16)
                  0.04    0.15    0.40 ^ clkbuf_3_3__f_clk/X (sky130_fd_sc_hd__clkbuf_16)
     7    0.02                           clknet_3_3__leaf_clk (net)
                  0.04    0.00    0.40 ^ _418_/CLK (sky130_fd_sc_hd__dfrtp_2)
                  0.07    0.45    0.85 v _418_/Q (sky130_fd_sc_hd__dfrtp_2)
     6    0.02                           rx_baud_cnt[1] (net)
                  0.07    0.00    0.85 v _204_/A (sky130_fd_sc_hd__or3b_2)
                  0.12    0.57    1.41 v _204_/X (sky130_fd_sc_hd__or3b_2)
     6    0.02                           _058_ (net)
                  0.12    0.00    1.41 v _234_/A (sky130_fd_sc_hd__or3_2)
                  0.11    0.58    1.99 v _234_/X (sky130_fd_sc_hd__or3_2)
     4    0.01                           _082_ (net)
                  0.11    0.00    1.99 v _237_/B (sky130_fd_sc_hd__nor3_1)
                  0.17    0.21    2.21 ^ _237_/Y (sky130_fd_sc_hd__nor3_1)
     1    0.00                           _085_ (net)
                  0.17    0.00    2.21 ^ _238_/B1 (sky130_fd_sc_hd__a22o_1)
                  0.05    0.16    2.37 ^ _238_/X (sky130_fd_sc_hd__a22o_1)
     1    0.00                           _013_ (net)
                  0.05    0.00    2.37 ^ _456_/D (sky130_fd_sc_hd__dfrtp_4)
                                  2.37   data arrival time

                         10.00   10.00   clock clk (rise edge)
                          0.00   10.00   clock source latency
                  0.08    0.05   10.05 ^ clk (in)
     1    0.02                           clk (net)
                  0.08    0.00   10.05 ^ clkbuf_0_clk/A (sky130_fd_sc_hd__clkbuf_16)
                  0.09    0.17   10.22 ^ clkbuf_0_clk/X (sky130_fd_sc_hd__clkbuf_16)
     8    0.08                           clknet_0_clk (net)
                  0.09    0.00   10.22 ^ clkbuf_3_5__f_clk/A (sky130_fd_sc_hd__clkbuf_16)
                  0.04    0.13   10.36 ^ clkbuf_3_5__f_clk/X (sky130_fd_sc_hd__clkbuf_16)
     6    0.02                           clknet_3_5__leaf_clk (net)
                  0.04    0.00   10.36 ^ _456_/CLK (sky130_fd_sc_hd__dfrtp_4)
                         -0.25   10.11   clock uncertainty
                          0.02   10.13   clock reconvergence pessimism
                         -0.07   10.06   library setup time
                                 10.06   data required time
-----------------------------------------------------------------------------
                                 10.06   data required time
                                 -2.37   data arrival time
-----------------------------------------------------------------------------
                                  7.70   slack (MET)


Startpoint: rst_n (input port clocked by clk)
Endpoint: _415_ (recovery check against rising-edge clock clk)
Path Group: asynchronous
Path Type: max

Fanout     Cap    Slew   Delay    Time   Description
-----------------------------------------------------------------------------
                          0.00    0.00   clock clk (rise edge)
                          0.00    0.00   clock network delay (propagated)
                          2.00    2.00 ^ input external delay
                  0.02    0.01    2.01 ^ rst_n (in)
     1    0.00                           rst_n (net)
                  0.02    0.00    2.01 ^ input10/A (sky130_fd_sc_hd__buf_1)
                  0.12    0.13    2.14 ^ input10/X (sky130_fd_sc_hd__buf_1)
     2    0.01                           net10 (net)
                  0.12    0.00    2.14 ^ fanout27/A (sky130_fd_sc_hd__buf_2)
                  0.16    0.23    2.37 ^ fanout27/X (sky130_fd_sc_hd__buf_2)
     7    0.03                           net27 (net)
                  0.16    0.00    2.37 ^ fanout25/A (sky130_fd_sc_hd__clkbuf_4)
                  0.12    0.24    2.61 ^ fanout25/X (sky130_fd_sc_hd__clkbuf_4)
    10    0.04                           net25 (net)
                  0.12    0.00    2.61 ^ _415_/RESET_B (sky130_fd_sc_hd__dfrtp_1)
                                  2.61   data arrival time

                         10.00   10.00   clock clk (rise edge)
                          0.00   10.00   clock source latency
                  0.08    0.05   10.05 ^ clk (in)
     1    0.02                           clk (net)
                  0.08    0.00   10.05 ^ clkbuf_0_clk/A (sky130_fd_sc_hd__clkbuf_16)
                  0.09    0.17   10.22 ^ clkbuf_0_clk/X (sky130_fd_sc_hd__clkbuf_16)
     8    0.08                           clknet_0_clk (net)
                  0.09    0.00   10.22 ^ clkbuf_3_5__f_clk/A (sky130_fd_sc_hd__clkbuf_16)
                  0.04    0.13   10.36 ^ clkbuf_3_5__f_clk/X (sky130_fd_sc_hd__clkbuf_16)
     6    0.02                           clknet_3_5__leaf_clk (net)
                  0.04    0.00   10.36 ^ _415_/CLK (sky130_fd_sc_hd__dfrtp_1)
                         -0.25   10.11   clock uncertainty
                          0.00   10.11   clock reconvergence pessimism
                          0.21   10.31   library recovery time
                                 10.31   data required time
-----------------------------------------------------------------------------
                                 10.31   data required time
                                 -2.61   data arrival time
-----------------------------------------------------------------------------
                                  7.70   slack (MET)


Startpoint: rst_n (input port clocked by clk)
Endpoint: _416_ (recovery check against rising-edge clock clk)
Path Group: asynchronous
Path Type: max

Fanout     Cap    Slew   Delay    Time   Description
-----------------------------------------------------------------------------
                          0.00    0.00   clock clk (rise edge)
                          0.00    0.00   clock network delay (propagated)
                          2.00    2.00 ^ input external delay
                  0.02    0.01    2.01 ^ rst_n (in)
     1    0.00                           rst_n (net)
                  0.02    0.00    2.01 ^ input10/A (sky130_fd_sc_hd__buf_1)
                  0.12    0.13    2.14 ^ input10/X (sky130_fd_sc_hd__buf_1)
     2    0.01                           net10 (net)
                  0.12    0.00    2.14 ^ fanout27/A (sky130_fd_sc_hd__buf_2)
                  0.16    0.23    2.37 ^ fanout27/X (sky130_fd_sc_hd__buf_2)
     7    0.03                           net27 (net)
                  0.16    0.00    2.37 ^ fanout25/A (sky130_fd_sc_hd__clkbuf_4)
                  0.12    0.24    2.61 ^ fanout25/X (sky130_fd_sc_hd__clkbuf_4)
    10    0.04                           net25 (net)
                  0.12    0.00    2.61 ^ _416_/RESET_B (sky130_fd_sc_hd__dfrtp_1)
                                  2.61   data arrival time

                         10.00   10.00   clock clk (rise edge)
                          0.00   10.00   clock source latency
                  0.08    0.05   10.05 ^ clk (in)
     1    0.02                           clk (net)
                  0.08    0.00   10.05 ^ clkbuf_0_clk/A (sky130_fd_sc_hd__clkbuf_16)
                  0.09    0.17   10.22 ^ clkbuf_0_clk/X (sky130_fd_sc_hd__clkbuf_16)
     8    0.08                           clknet_0_clk (net)
                  0.09    0.00   10.22 ^ clkbuf_3_5__f_clk/A (sky130_fd_sc_hd__clkbuf_16)
                  0.04    0.13   10.36 ^ clkbuf_3_5__f_clk/X (sky130_fd_sc_hd__clkbuf_16)
     6    0.02                           clknet_3_5__leaf_clk (net)
                  0.04    0.00   10.36 ^ _416_/CLK (sky130_fd_sc_hd__dfrtp_1)
                         -0.25   10.11   clock uncertainty
                          0.00   10.11   clock reconvergence pessimism
                          0.21   10.31   library recovery time
                                 10.31   data required time
-----------------------------------------------------------------------------
                                 10.31   data required time
                                 -2.61   data arrival time
-----------------------------------------------------------------------------
                                  7.70   slack (MET)


Startpoint: rst_n (input port clocked by clk)
Endpoint: _430_ (recovery check against rising-edge clock clk)
Path Group: asynchronous
Path Type: max

Fanout     Cap    Slew   Delay    Time   Description
-----------------------------------------------------------------------------
                          0.00    0.00   clock clk (rise edge)
                          0.00    0.00   clock network delay (propagated)
                          2.00    2.00 ^ input external delay
                  0.02    0.01    2.01 ^ rst_n (in)
     1    0.00                           rst_n (net)
                  0.02    0.00    2.01 ^ input10/A (sky130_fd_sc_hd__buf_1)
                  0.12    0.13    2.14 ^ input10/X (sky130_fd_sc_hd__buf_1)
     2    0.01                           net10 (net)
                  0.12    0.00    2.14 ^ fanout27/A (sky130_fd_sc_hd__buf_2)
                  0.16    0.23    2.37 ^ fanout27/X (sky130_fd_sc_hd__buf_2)
     7    0.03                           net27 (net)
                  0.16    0.00    2.37 ^ fanout25/A (sky130_fd_sc_hd__clkbuf_4)
                  0.12    0.24    2.61 ^ fanout25/X (sky130_fd_sc_hd__clkbuf_4)
    10    0.04                           net25 (net)
                  0.12    0.00    2.61 ^ _430_/RESET_B (sky130_fd_sc_hd__dfrtp_1)
                                  2.61   data arrival time

                         10.00   10.00   clock clk (rise edge)
                          0.00   10.00   clock source latency
                  0.08    0.05   10.05 ^ clk (in)
     1    0.02                           clk (net)
                  0.08    0.00   10.05 ^ clkbuf_0_clk/A (sky130_fd_sc_hd__clkbuf_16)
                  0.09    0.17   10.22 ^ clkbuf_0_clk/X (sky130_fd_sc_hd__clkbuf_16)
     8    0.08                           clknet_0_clk (net)
                  0.09    0.00   10.22 ^ clkbuf_3_1__f_clk/A (sky130_fd_sc_hd__clkbuf_16)
                  0.04    0.13   10.36 ^ clkbuf_3_1__f_clk/X (sky130_fd_sc_hd__clkbuf_16)
     6    0.02                           clknet_3_1__leaf_clk (net)
                  0.04    0.00   10.36 ^ _430_/CLK (sky130_fd_sc_hd__dfrtp_1)
                         -0.25   10.11   clock uncertainty
                          0.00   10.11   clock reconvergence pessimism
                          0.21   10.32   library recovery time
                                 10.32   data required time
-----------------------------------------------------------------------------
                                 10.32   data required time
                                 -2.61   data arrival time
-----------------------------------------------------------------------------
                                  7.71   slack (MET)


Startpoint: rst_n (input port clocked by clk)
Endpoint: _443_ (recovery check against rising-edge clock clk)
Path Group: asynchronous
Path Type: max

Fanout     Cap    Slew   Delay    Time   Description
-----------------------------------------------------------------------------
                          0.00    0.00   clock clk (rise edge)
                          0.00    0.00   clock network delay (propagated)
                          2.00    2.00 ^ input external delay
                  0.02    0.01    2.01 ^ rst_n (in)
     1    0.00                           rst_n (net)
                  0.02    0.00    2.01 ^ input10/A (sky130_fd_sc_hd__buf_1)
                  0.12    0.13    2.14 ^ input10/X (sky130_fd_sc_hd__buf_1)
     2    0.01                           net10 (net)
                  0.12    0.00    2.14 ^ fanout27/A (sky130_fd_sc_hd__buf_2)
                  0.16    0.23    2.37 ^ fanout27/X (sky130_fd_sc_hd__buf_2)
     7    0.03                           net27 (net)
                  0.16    0.00    2.37 ^ fanout26/A (sky130_fd_sc_hd__buf_2)
                  0.14    0.23    2.60 ^ fanout26/X (sky130_fd_sc_hd__buf_2)
     6    0.03                           net26 (net)
                  0.14    0.00    2.60 ^ _443_/RESET_B (sky130_fd_sc_hd__dfrtp_1)
                                  2.60   data arrival time

                         10.00   10.00   clock clk (rise edge)
                          0.00   10.00   clock source latency
                  0.08    0.05   10.05 ^ clk (in)
     1    0.02                           clk (net)
                  0.08    0.00   10.05 ^ clkbuf_0_clk/A (sky130_fd_sc_hd__clkbuf_16)
                  0.09    0.17   10.22 ^ clkbuf_0_clk/X (sky130_fd_sc_hd__clkbuf_16)
     8    0.08                           clknet_0_clk (net)
                  0.09    0.00   10.22 ^ clkbuf_3_5__f_clk/A (sky130_fd_sc_hd__clkbuf_16)
                  0.04    0.13   10.36 ^ clkbuf_3_5__f_clk/X (sky130_fd_sc_hd__clkbuf_16)
     6    0.02                           clknet_3_5__leaf_clk (net)
                  0.04    0.00   10.36 ^ _443_/CLK (sky130_fd_sc_hd__dfrtp_1)
                         -0.25   10.11   clock uncertainty
                          0.00   10.11   clock reconvergence pessimism
                          0.20   10.31   library recovery time
                                 10.31   data required time
-----------------------------------------------------------------------------
                                 10.31   data required time
                                 -2.60   data arrival time
-----------------------------------------------------------------------------
                                  7.71   slack (MET)


Startpoint: rst_n (input port clocked by clk)
Endpoint: _442_ (recovery check against rising-edge clock clk)
Path Group: asynchronous
Path Type: max

Fanout     Cap    Slew   Delay    Time   Description
-----------------------------------------------------------------------------
                          0.00    0.00   clock clk (rise edge)
                          0.00    0.00   clock network delay (propagated)
                          2.00    2.00 ^ input external delay
                  0.02    0.01    2.01 ^ rst_n (in)
     1    0.00                           rst_n (net)
                  0.02    0.00    2.01 ^ input10/A (sky130_fd_sc_hd__buf_1)
                  0.12    0.13    2.14 ^ input10/X (sky130_fd_sc_hd__buf_1)
     2    0.01                           net10 (net)
                  0.12    0.00    2.14 ^ fanout27/A (sky130_fd_sc_hd__buf_2)
                  0.16    0.23    2.37 ^ fanout27/X (sky130_fd_sc_hd__buf_2)
     7    0.03                           net27 (net)
                  0.16    0.00    2.37 ^ fanout26/A (sky130_fd_sc_hd__buf_2)
                  0.14    0.23    2.60 ^ fanout26/X (sky130_fd_sc_hd__buf_2)
     6    0.03                           net26 (net)
                  0.14    0.00    2.60 ^ _442_/RESET_B (sky130_fd_sc_hd__dfrtp_1)
                                  2.60   data arrival time

                         10.00   10.00   clock clk (rise edge)
                          0.00   10.00   clock source latency
                  0.08    0.05   10.05 ^ clk (in)
     1    0.02                           clk (net)
                  0.08    0.00   10.05 ^ clkbuf_0_clk/A (sky130_fd_sc_hd__clkbuf_16)
                  0.09    0.17   10.22 ^ clkbuf_0_clk/X (sky130_fd_sc_hd__clkbuf_16)
     8    0.08                           clknet_0_clk (net)
                  0.09    0.00   10.22 ^ clkbuf_3_5__f_clk/A (sky130_fd_sc_hd__clkbuf_16)
                  0.04    0.13   10.36 ^ clkbuf_3_5__f_clk/X (sky130_fd_sc_hd__clkbuf_16)
     6    0.02                           clknet_3_5__leaf_clk (net)
                  0.04    0.00   10.36 ^ _442_/CLK (sky130_fd_sc_hd__dfrtp_1)
                         -0.25   10.11   clock uncertainty
                          0.00   10.11   clock reconvergence pessimism
                          0.20   10.31   library recovery time
                                 10.31   data required time
-----------------------------------------------------------------------------
                                 10.31   data required time
                                 -2.60   data arrival time
-----------------------------------------------------------------------------
                                  7.71   slack (MET)


Startpoint: rst_n (input port clocked by clk)
Endpoint: _436_ (recovery check against rising-edge clock clk)
Path Group: asynchronous
Path Type: max

Fanout     Cap    Slew   Delay    Time   Description
-----------------------------------------------------------------------------
                          0.00    0.00   clock clk (rise edge)
                          0.00    0.00   clock network delay (propagated)
                          2.00    2.00 ^ input external delay
                  0.02    0.01    2.01 ^ rst_n (in)
     1    0.00                           rst_n (net)
                  0.02    0.00    2.01 ^ input10/A (sky130_fd_sc_hd__buf_1)
                  0.12    0.13    2.14 ^ input10/X (sky130_fd_sc_hd__buf_1)
     2    0.01                           net10 (net)
                  0.12    0.00    2.14 ^ fanout27/A (sky130_fd_sc_hd__buf_2)
                  0.16    0.23    2.37 ^ fanout27/X (sky130_fd_sc_hd__buf_2)
     7    0.03                           net27 (net)
                  0.16    0.00    2.37 ^ fanout25/A (sky130_fd_sc_hd__clkbuf_4)
                  0.12    0.24    2.61 ^ fanout25/X (sky130_fd_sc_hd__clkbuf_4)
    10    0.04                           net25 (net)
                  0.12    0.00    2.61 ^ _436_/RESET_B (sky130_fd_sc_hd__dfrtp_1)
                                  2.61   data arrival time

                         10.00   10.00   clock clk (rise edge)
                          0.00   10.00   clock source latency
                  0.08    0.05   10.05 ^ clk (in)
     1    0.02                           clk (net)
                  0.08    0.00   10.05 ^ clkbuf_0_clk/A (sky130_fd_sc_hd__clkbuf_16)
                  0.09    0.17   10.22 ^ clkbuf_0_clk/X (sky130_fd_sc_hd__clkbuf_16)
     8    0.08                           clknet_0_clk (net)
                  0.09    0.00   10.22 ^ clkbuf_3_4__f_clk/A (sky130_fd_sc_hd__clkbuf_16)
                  0.04    0.14   10.36 ^ clkbuf_3_4__f_clk/X (sky130_fd_sc_hd__clkbuf_16)
     8    0.02                           clknet_3_4__leaf_clk (net)
                  0.04    0.00   10.36 ^ _436_/CLK (sky130_fd_sc_hd__dfrtp_1)
                         -0.25   10.11   clock uncertainty
                          0.00   10.11   clock reconvergence pessimism
                          0.21   10.32   library recovery time
                                 10.32   data required time
-----------------------------------------------------------------------------
                                 10.32   data required time
                                 -2.61   data arrival time
-----------------------------------------------------------------------------
                                  7.71   slack (MET)


Startpoint: rst_n (input port clocked by clk)
Endpoint: _427_ (recovery check against rising-edge clock clk)
Path Group: asynchronous
Path Type: max

Fanout     Cap    Slew   Delay    Time   Description
-----------------------------------------------------------------------------
                          0.00    0.00   clock clk (rise edge)
                          0.00    0.00   clock network delay (propagated)
                          2.00    2.00 ^ input external delay
                  0.02    0.01    2.01 ^ rst_n (in)
     1    0.00                           rst_n (net)
                  0.02    0.00    2.01 ^ input10/A (sky130_fd_sc_hd__buf_1)
                  0.12    0.13    2.14 ^ input10/X (sky130_fd_sc_hd__buf_1)
     2    0.01                           net10 (net)
                  0.12    0.00    2.14 ^ fanout27/A (sky130_fd_sc_hd__buf_2)
                  0.16    0.23    2.37 ^ fanout27/X (sky130_fd_sc_hd__buf_2)
     7    0.03                           net27 (net)
                  0.16    0.00    2.37 ^ fanout25/A (sky130_fd_sc_hd__clkbuf_4)
                  0.12    0.24    2.61 ^ fanout25/X (sky130_fd_sc_hd__clkbuf_4)
    10    0.04                           net25 (net)
                  0.12    0.00    2.61 ^ _427_/RESET_B (sky130_fd_sc_hd__dfrtp_1)
                                  2.61   data arrival time

                         10.00   10.00   clock clk (rise edge)
                          0.00   10.00   clock source latency
                  0.08    0.05   10.05 ^ clk (in)
     1    0.02                           clk (net)
                  0.08    0.00   10.05 ^ clkbuf_0_clk/A (sky130_fd_sc_hd__clkbuf_16)
                  0.09    0.17   10.22 ^ clkbuf_0_clk/X (sky130_fd_sc_hd__clkbuf_16)
     8    0.08                           clknet_0_clk (net)
                  0.09    0.00   10.22 ^ clkbuf_3_4__f_clk/A (sky130_fd_sc_hd__clkbuf_16)
                  0.04    0.14   10.36 ^ clkbuf_3_4__f_clk/X (sky130_fd_sc_hd__clkbuf_16)
     8    0.02                           clknet_3_4__leaf_clk (net)
                  0.04    0.00   10.36 ^ _427_/CLK (sky130_fd_sc_hd__dfrtp_1)
                         -0.25   10.11   clock uncertainty
                          0.00   10.11   clock reconvergence pessimism
                          0.21   10.32   library recovery time
                                 10.32   data required time
-----------------------------------------------------------------------------
                                 10.32   data required time
                                 -2.61   data arrival time
-----------------------------------------------------------------------------
                                  7.71   slack (MET)


Startpoint: rst_n (input port clocked by clk)
Endpoint: _434_ (recovery check against rising-edge clock clk)
Path Group: asynchronous
Path Type: max

Fanout     Cap    Slew   Delay    Time   Description
-----------------------------------------------------------------------------
                          0.00    0.00   clock clk (rise edge)
                          0.00    0.00   clock network delay (propagated)
                          2.00    2.00 ^ input external delay
                  0.02    0.01    2.01 ^ rst_n (in)
     1    0.00                           rst_n (net)
                  0.02    0.00    2.01 ^ input10/A (sky130_fd_sc_hd__buf_1)
                  0.12    0.13    2.14 ^ input10/X (sky130_fd_sc_hd__buf_1)
     2    0.01                           net10 (net)
                  0.12    0.00    2.14 ^ fanout27/A (sky130_fd_sc_hd__buf_2)
                  0.16    0.23    2.37 ^ fanout27/X (sky130_fd_sc_hd__buf_2)
     7    0.03                           net27 (net)
                  0.16    0.00    2.37 ^ fanout25/A (sky130_fd_sc_hd__clkbuf_4)
                  0.12    0.24    2.61 ^ fanout25/X (sky130_fd_sc_hd__clkbuf_4)
    10    0.04                           net25 (net)
                  0.12    0.00    2.61 ^ _434_/RESET_B (sky130_fd_sc_hd__dfrtp_1)
                                  2.61   data arrival time

                         10.00   10.00   clock clk (rise edge)
                          0.00   10.00   clock source latency
                  0.08    0.05   10.05 ^ clk (in)
     1    0.02                           clk (net)
                  0.08    0.00   10.05 ^ clkbuf_0_clk/A (sky130_fd_sc_hd__clkbuf_16)
                  0.09    0.17   10.22 ^ clkbuf_0_clk/X (sky130_fd_sc_hd__clkbuf_16)
     8    0.08                           clknet_0_clk (net)
                  0.09    0.00   10.22 ^ clkbuf_3_4__f_clk/A (sky130_fd_sc_hd__clkbuf_16)
                  0.04    0.14   10.36 ^ clkbuf_3_4__f_clk/X (sky130_fd_sc_hd__clkbuf_16)
     8    0.02                           clknet_3_4__leaf_clk (net)
                  0.04    0.00   10.36 ^ _434_/CLK (sky130_fd_sc_hd__dfrtp_1)
                         -0.25   10.11   clock uncertainty
                          0.00   10.11   clock reconvergence pessimism
                          0.21   10.32   library recovery time
                                 10.32   data required time
-----------------------------------------------------------------------------
                                 10.32   data required time
                                 -2.61   data arrival time
-----------------------------------------------------------------------------
                                  7.71   slack (MET)


Startpoint: rst_n (input port clocked by clk)
Endpoint: _409_ (recovery check against rising-edge clock clk)
Path Group: asynchronous
Path Type: max

Fanout     Cap    Slew   Delay    Time   Description
-----------------------------------------------------------------------------
                          0.00    0.00   clock clk (rise edge)
                          0.00    0.00   clock network delay (propagated)
                          2.00    2.00 ^ input external delay
                  0.02    0.01    2.01 ^ rst_n (in)
     1    0.00                           rst_n (net)
                  0.02    0.00    2.01 ^ input10/A (sky130_fd_sc_hd__buf_1)
                  0.12    0.13    2.14 ^ input10/X (sky130_fd_sc_hd__buf_1)
     2    0.01                           net10 (net)
                  0.12    0.00    2.14 ^ fanout27/A (sky130_fd_sc_hd__buf_2)
                  0.16    0.23    2.37 ^ fanout27/X (sky130_fd_sc_hd__buf_2)
     7    0.03                           net27 (net)
                  0.16    0.00    2.37 ^ fanout25/A (sky130_fd_sc_hd__clkbuf_4)
                  0.12    0.24    2.61 ^ fanout25/X (sky130_fd_sc_hd__clkbuf_4)
    10    0.04                           net25 (net)
                  0.12    0.00    2.61 ^ _409_/RESET_B (sky130_fd_sc_hd__dfrtp_1)
                                  2.61   data arrival time

                         10.00   10.00   clock clk (rise edge)
                          0.00   10.00   clock source latency
                  0.08    0.05   10.05 ^ clk (in)
     1    0.02                           clk (net)
                  0.08    0.00   10.05 ^ clkbuf_0_clk/A (sky130_fd_sc_hd__clkbuf_16)
                  0.09    0.17   10.22 ^ clkbuf_0_clk/X (sky130_fd_sc_hd__clkbuf_16)
     8    0.08                           clknet_0_clk (net)
                  0.09    0.00   10.22 ^ clkbuf_3_4__f_clk/A (sky130_fd_sc_hd__clkbuf_16)
                  0.04    0.14   10.36 ^ clkbuf_3_4__f_clk/X (sky130_fd_sc_hd__clkbuf_16)
     8    0.02                           clknet_3_4__leaf_clk (net)
                  0.04    0.00   10.36 ^ _409_/CLK (sky130_fd_sc_hd__dfrtp_1)
                         -0.25   10.11   clock uncertainty
                          0.00   10.11   clock reconvergence pessimism
                          0.21   10.32   library recovery time
                                 10.32   data required time
-----------------------------------------------------------------------------
                                 10.32   data required time
                                 -2.61   data arrival time
-----------------------------------------------------------------------------
                                  7.71   slack (MET)


Startpoint: rst_n (input port clocked by clk)
Endpoint: _413_ (recovery check against rising-edge clock clk)
Path Group: asynchronous
Path Type: max

Fanout     Cap    Slew   Delay    Time   Description
-----------------------------------------------------------------------------
                          0.00    0.00   clock clk (rise edge)
                          0.00    0.00   clock network delay (propagated)
                          2.00    2.00 ^ input external delay
                  0.02    0.01    2.01 ^ rst_n (in)
     1    0.00                           rst_n (net)
                  0.02    0.00    2.01 ^ input10/A (sky130_fd_sc_hd__buf_1)
                  0.12    0.13    2.14 ^ input10/X (sky130_fd_sc_hd__buf_1)
     2    0.01                           net10 (net)
                  0.12    0.00    2.14 ^ fanout27/A (sky130_fd_sc_hd__buf_2)
                  0.16    0.23    2.37 ^ fanout27/X (sky130_fd_sc_hd__buf_2)
     7    0.03                           net27 (net)
                  0.16    0.00    2.37 ^ fanout25/A (sky130_fd_sc_hd__clkbuf_4)
                  0.12    0.24    2.61 ^ fanout25/X (sky130_fd_sc_hd__clkbuf_4)
    10    0.04                           net25 (net)
                  0.12    0.00    2.61 ^ _413_/RESET_B (sky130_fd_sc_hd__dfrtp_1)
                                  2.61   data arrival time

                         10.00   10.00   clock clk (rise edge)
                          0.00   10.00   clock source latency
                  0.08    0.05   10.05 ^ clk (in)
     1    0.02                           clk (net)
                  0.08    0.00   10.05 ^ clkbuf_0_clk/A (sky130_fd_sc_hd__clkbuf_16)
                  0.09    0.17   10.22 ^ clkbuf_0_clk/X (sky130_fd_sc_hd__clkbuf_16)
     8    0.08                           clknet_0_clk (net)
                  0.09    0.00   10.22 ^ clkbuf_3_4__f_clk/A (sky130_fd_sc_hd__clkbuf_16)
                  0.04    0.14   10.36 ^ clkbuf_3_4__f_clk/X (sky130_fd_sc_hd__clkbuf_16)
     8    0.02                           clknet_3_4__leaf_clk (net)
                  0.04    0.00   10.36 ^ _413_/CLK (sky130_fd_sc_hd__dfrtp_1)
                         -0.25   10.11   clock uncertainty
                          0.00   10.11   clock reconvergence pessimism
                          0.21   10.32   library recovery time
                                 10.32   data required time
-----------------------------------------------------------------------------
                                 10.32   data required time
                                 -2.61   data arrival time
-----------------------------------------------------------------------------
                                  7.71   slack (MET)


Startpoint: rst_n (input port clocked by clk)
Endpoint: _441_ (recovery check against rising-edge clock clk)
Path Group: asynchronous
Path Type: max

Fanout     Cap    Slew   Delay    Time   Description
-----------------------------------------------------------------------------
                          0.00    0.00   clock clk (rise edge)
                          0.00    0.00   clock network delay (propagated)
                          2.00    2.00 ^ input external delay
                  0.02    0.01    2.01 ^ rst_n (in)
     1    0.00                           rst_n (net)
                  0.02    0.00    2.01 ^ input10/A (sky130_fd_sc_hd__buf_1)
                  0.12    0.13    2.14 ^ input10/X (sky130_fd_sc_hd__buf_1)
     2    0.01                           net10 (net)
                  0.12    0.00    2.14 ^ fanout27/A (sky130_fd_sc_hd__buf_2)
                  0.16    0.23    2.37 ^ fanout27/X (sky130_fd_sc_hd__buf_2)
     7    0.03                           net27 (net)
                  0.16    0.00    2.37 ^ fanout26/A (sky130_fd_sc_hd__buf_2)
                  0.14    0.23    2.60 ^ fanout26/X (sky130_fd_sc_hd__buf_2)
     6    0.03                           net26 (net)
                  0.14    0.00    2.60 ^ _441_/RESET_B (sky130_fd_sc_hd__dfrtp_1)
                                  2.60   data arrival time

                         10.00   10.00   clock clk (rise edge)
                          0.00   10.00   clock source latency
                  0.08    0.05   10.05 ^ clk (in)
     1    0.02                           clk (net)
                  0.08    0.00   10.05 ^ clkbuf_0_clk/A (sky130_fd_sc_hd__clkbuf_16)
                  0.09    0.17   10.22 ^ clkbuf_0_clk/X (sky130_fd_sc_hd__clkbuf_16)
     8    0.08                           clknet_0_clk (net)
                  0.09    0.00   10.22 ^ clkbuf_3_4__f_clk/A (sky130_fd_sc_hd__clkbuf_16)
                  0.04    0.14   10.36 ^ clkbuf_3_4__f_clk/X (sky130_fd_sc_hd__clkbuf_16)
     8    0.02                           clknet_3_4__leaf_clk (net)
                  0.04    0.00   10.36 ^ _441_/CLK (sky130_fd_sc_hd__dfrtp_1)
                         -0.25   10.11   clock uncertainty
                          0.00   10.11   clock reconvergence pessimism
                          0.20   10.31   library recovery time
                                 10.31   data required time
-----------------------------------------------------------------------------
                                 10.31   data required time
                                 -2.60   data arrival time
-----------------------------------------------------------------------------
                                  7.71   slack (MET)


Startpoint: rst_n (input port clocked by clk)
Endpoint: _437_ (recovery check against rising-edge clock clk)
Path Group: asynchronous
Path Type: max

Fanout     Cap    Slew   Delay    Time   Description
-----------------------------------------------------------------------------
                          0.00    0.00   clock clk (rise edge)
                          0.00    0.00   clock network delay (propagated)
                          2.00    2.00 ^ input external delay
                  0.02    0.01    2.01 ^ rst_n (in)
     1    0.00                           rst_n (net)
                  0.02    0.00    2.01 ^ input10/A (sky130_fd_sc_hd__buf_1)
                  0.12    0.13    2.14 ^ input10/X (sky130_fd_sc_hd__buf_1)
     2    0.01                           net10 (net)
                  0.12    0.00    2.14 ^ fanout27/A (sky130_fd_sc_hd__buf_2)
                  0.16    0.23    2.37 ^ fanout27/X (sky130_fd_sc_hd__buf_2)
     7    0.03                           net27 (net)
                  0.16    0.00    2.37 ^ fanout26/A (sky130_fd_sc_hd__buf_2)
                  0.14    0.23    2.60 ^ fanout26/X (sky130_fd_sc_hd__buf_2)
     6    0.03                           net26 (net)
                  0.14    0.00    2.60 ^ _437_/RESET_B (sky130_fd_sc_hd__dfrtp_1)
                                  2.60   data arrival time

                         10.00   10.00   clock clk (rise edge)
                          0.00   10.00   clock source latency
                  0.08    0.05   10.05 ^ clk (in)
     1    0.02                           clk (net)
                  0.08    0.00   10.05 ^ clkbuf_0_clk/A (sky130_fd_sc_hd__clkbuf_16)
                  0.09    0.17   10.22 ^ clkbuf_0_clk/X (sky130_fd_sc_hd__clkbuf_16)
     8    0.08                           clknet_0_clk (net)
                  0.09    0.00   10.22 ^ clkbuf_3_4__f_clk/A (sky130_fd_sc_hd__clkbuf_16)
                  0.04    0.14   10.36 ^ clkbuf_3_4__f_clk/X (sky130_fd_sc_hd__clkbuf_16)
     8    0.02                           clknet_3_4__leaf_clk (net)
                  0.04    0.00   10.36 ^ _437_/CLK (sky130_fd_sc_hd__dfrtp_1)
                         -0.25   10.11   clock uncertainty
                          0.00   10.11   clock reconvergence pessimism
                          0.20   10.31   library recovery time
                                 10.31   data required time
-----------------------------------------------------------------------------
                                 10.31   data required time
                                 -2.60   data arrival time
-----------------------------------------------------------------------------
                                  7.72   slack (MET)


Startpoint: rst_n (input port clocked by clk)
Endpoint: _439_ (recovery check against rising-edge clock clk)
Path Group: asynchronous
Path Type: max

Fanout     Cap    Slew   Delay    Time   Description
-----------------------------------------------------------------------------
                          0.00    0.00   clock clk (rise edge)
                          0.00    0.00   clock network delay (propagated)
                          2.00    2.00 ^ input external delay
                  0.02    0.01    2.01 ^ rst_n (in)
     1    0.00                           rst_n (net)
                  0.02    0.00    2.01 ^ input10/A (sky130_fd_sc_hd__buf_1)
                  0.12    0.13    2.14 ^ input10/X (sky130_fd_sc_hd__buf_1)
     2    0.01                           net10 (net)
                  0.12    0.00    2.15 ^ fanout31/A (sky130_fd_sc_hd__clkbuf_2)
                  0.10    0.18    2.33 ^ fanout31/X (sky130_fd_sc_hd__clkbuf_2)
     6    0.02                           net31 (net)
                  0.10    0.00    2.33 ^ fanout29/A (sky130_fd_sc_hd__clkbuf_4)
                  0.15    0.25    2.57 ^ fanout29/X (sky130_fd_sc_hd__clkbuf_4)
    10    0.05                           net29 (net)
                  0.15    0.00    2.57 ^ _439_/RESET_B (sky130_fd_sc_hd__dfrtp_2)
                                  2.57   data arrival time

                         10.00   10.00   clock clk (rise edge)
                          0.00   10.00   clock source latency
                  0.08    0.05   10.05 ^ clk (in)
     1    0.02                           clk (net)
                  0.08    0.00   10.05 ^ clkbuf_0_clk/A (sky130_fd_sc_hd__clkbuf_16)
                  0.09    0.17   10.22 ^ clkbuf_0_clk/X (sky130_fd_sc_hd__clkbuf_16)
     8    0.08                           clknet_0_clk (net)
                  0.09    0.00   10.22 ^ clkbuf_3_7__f_clk/A (sky130_fd_sc_hd__clkbuf_16)
                  0.04    0.13   10.36 ^ clkbuf_3_7__f_clk/X (sky130_fd_sc_hd__clkbuf_16)
     9    0.02                           clknet_3_7__leaf_clk (net)
                  0.04    0.00   10.36 ^ _439_/CLK (sky130_fd_sc_hd__dfrtp_2)
                         -0.25   10.11   clock uncertainty
                          0.00   10.11   clock reconvergence pessimism
                          0.19   10.29   library recovery time
                                 10.29   data required time
-----------------------------------------------------------------------------
                                 10.29   data required time
                                 -2.57   data arrival time
-----------------------------------------------------------------------------
                                  7.72   slack (MET)


Startpoint: rst_n (input port clocked by clk)
Endpoint: _448_ (recovery check against rising-edge clock clk)
Path Group: asynchronous
Path Type: max

Fanout     Cap    Slew   Delay    Time   Description
-----------------------------------------------------------------------------
                          0.00    0.00   clock clk (rise edge)
                          0.00    0.00   clock network delay (propagated)
                          2.00    2.00 ^ input external delay
                  0.02    0.01    2.01 ^ rst_n (in)
     1    0.00                           rst_n (net)
                  0.02    0.00    2.01 ^ input10/A (sky130_fd_sc_hd__buf_1)
                  0.12    0.13    2.14 ^ input10/X (sky130_fd_sc_hd__buf_1)
     2    0.01                           net10 (net)
                  0.12    0.00    2.15 ^ fanout31/A (sky130_fd_sc_hd__clkbuf_2)
                  0.10    0.18    2.33 ^ fanout31/X (sky130_fd_sc_hd__clkbuf_2)
     6    0.02                           net31 (net)
                  0.10    0.00    2.33 ^ fanout29/A (sky130_fd_sc_hd__clkbuf_4)
                  0.15    0.25    2.57 ^ fanout29/X (sky130_fd_sc_hd__clkbuf_4)
    10    0.05                           net29 (net)
                  0.15    0.00    2.57 ^ _448_/RESET_B (sky130_fd_sc_hd__dfrtp_4)
                                  2.57   data arrival time

                         10.00   10.00   clock clk (rise edge)
                          0.00   10.00   clock source latency
                  0.08    0.05   10.05 ^ clk (in)
     1    0.02                           clk (net)
                  0.08    0.00   10.05 ^ clkbuf_0_clk/A (sky130_fd_sc_hd__clkbuf_16)
                  0.09    0.17   10.22 ^ clkbuf_0_clk/X (sky130_fd_sc_hd__clkbuf_16)
     8    0.08                           clknet_0_clk (net)
                  0.09    0.00   10.22 ^ clkbuf_3_6__f_clk/A (sky130_fd_sc_hd__clkbuf_16)
                  0.04    0.14   10.36 ^ clkbuf_3_6__f_clk/X (sky130_fd_sc_hd__clkbuf_16)
     8    0.02                           clknet_3_6__leaf_clk (net)
                  0.04    0.00   10.36 ^ _448_/CLK (sky130_fd_sc_hd__dfrtp_4)
                         -0.25   10.11   clock uncertainty
                          0.00   10.11   clock reconvergence pessimism
                          0.18   10.29   library recovery time
                                 10.29   data required time
-----------------------------------------------------------------------------
                                 10.29   data required time
                                 -2.57   data arrival time
-----------------------------------------------------------------------------
                                  7.72   slack (MET)


Startpoint: rst_n (input port clocked by clk)
Endpoint: _438_ (recovery check against rising-edge clock clk)
Path Group: asynchronous
Path Type: max

Fanout     Cap    Slew   Delay    Time   Description
-----------------------------------------------------------------------------
                          0.00    0.00   clock clk (rise edge)
                          0.00    0.00   clock network delay (propagated)
                          2.00    2.00 ^ input external delay
                  0.02    0.01    2.01 ^ rst_n (in)
     1    0.00                           rst_n (net)
                  0.02    0.00    2.01 ^ input10/A (sky130_fd_sc_hd__buf_1)
                  0.12    0.13    2.14 ^ input10/X (sky130_fd_sc_hd__buf_1)
     2    0.01                           net10 (net)
                  0.12    0.00    2.15 ^ fanout31/A (sky130_fd_sc_hd__clkbuf_2)
                  0.10    0.18    2.33 ^ fanout31/X (sky130_fd_sc_hd__clkbuf_2)
     6    0.02                           net31 (net)
                  0.10    0.00    2.33 ^ fanout29/A (sky130_fd_sc_hd__clkbuf_4)
                  0.15    0.25    2.57 ^ fanout29/X (sky130_fd_sc_hd__clkbuf_4)
    10    0.05                           net29 (net)
                  0.15    0.00    2.57 ^ _438_/RESET_B (sky130_fd_sc_hd__dfrtp_4)
                                  2.57   data arrival time

                         10.00   10.00   clock clk (rise edge)
                          0.00   10.00   clock source latency
                  0.08    0.05   10.05 ^ clk (in)
     1    0.02                           clk (net)
                  0.08    0.00   10.05 ^ clkbuf_0_clk/A (sky130_fd_sc_hd__clkbuf_16)
                  0.09    0.17   10.22 ^ clkbuf_0_clk/X (sky130_fd_sc_hd__clkbuf_16)
     8    0.08                           clknet_0_clk (net)
                  0.09    0.00   10.22 ^ clkbuf_3_6__f_clk/A (sky130_fd_sc_hd__clkbuf_16)
                  0.04    0.14   10.36 ^ clkbuf_3_6__f_clk/X (sky130_fd_sc_hd__clkbuf_16)
     8    0.02                           clknet_3_6__leaf_clk (net)
                  0.04    0.00   10.36 ^ _438_/CLK (sky130_fd_sc_hd__dfrtp_4)
                         -0.25   10.11   clock uncertainty
                          0.00   10.11   clock reconvergence pessimism
                          0.18   10.29   library recovery time
                                 10.29   data required time
-----------------------------------------------------------------------------
                                 10.29   data required time
                                 -2.57   data arrival time
-----------------------------------------------------------------------------
                                  7.72   slack (MET)


Startpoint: rst_n (input port clocked by clk)
Endpoint: _449_ (recovery check against rising-edge clock clk)
Path Group: asynchronous
Path Type: max

Fanout     Cap    Slew   Delay    Time   Description
-----------------------------------------------------------------------------
                          0.00    0.00   clock clk (rise edge)
                          0.00    0.00   clock network delay (propagated)
                          2.00    2.00 ^ input external delay
                  0.02    0.01    2.01 ^ rst_n (in)
     1    0.00                           rst_n (net)
                  0.02    0.00    2.01 ^ input10/A (sky130_fd_sc_hd__buf_1)
                  0.12    0.13    2.14 ^ input10/X (sky130_fd_sc_hd__buf_1)
     2    0.01                           net10 (net)
                  0.12    0.00    2.15 ^ fanout31/A (sky130_fd_sc_hd__clkbuf_2)
                  0.10    0.18    2.33 ^ fanout31/X (sky130_fd_sc_hd__clkbuf_2)
     6    0.02                           net31 (net)
                  0.10    0.00    2.33 ^ fanout29/A (sky130_fd_sc_hd__clkbuf_4)
                  0.15    0.25    2.57 ^ fanout29/X (sky130_fd_sc_hd__clkbuf_4)
    10    0.05                           net29 (net)
                  0.15    0.00    2.57 ^ _449_/RESET_B (sky130_fd_sc_hd__dfrtp_2)
                                  2.57   data arrival time

                         10.00   10.00   clock clk (rise edge)
                          0.00   10.00   clock source latency
                  0.08    0.05   10.05 ^ clk (in)
     1    0.02                           clk (net)
                  0.08    0.00   10.05 ^ clkbuf_0_clk/A (sky130_fd_sc_hd__clkbuf_16)
                  0.09    0.17   10.22 ^ clkbuf_0_clk/X (sky130_fd_sc_hd__clkbuf_16)
     8    0.08                           clknet_0_clk (net)
                  0.09    0.00   10.22 ^ clkbuf_3_6__f_clk/A (sky130_fd_sc_hd__clkbuf_16)
                  0.04    0.14   10.36 ^ clkbuf_3_6__f_clk/X (sky130_fd_sc_hd__clkbuf_16)
     8    0.02                           clknet_3_6__leaf_clk (net)
                  0.04    0.00   10.36 ^ _449_/CLK (sky130_fd_sc_hd__dfrtp_2)
                         -0.25   10.11   clock uncertainty
                          0.00   10.11   clock reconvergence pessimism
                          0.19   10.30   library recovery time
                                 10.30   data required time
-----------------------------------------------------------------------------
                                 10.30   data required time
                                 -2.57   data arrival time
-----------------------------------------------------------------------------
                                  7.72   slack (MET)


Startpoint: rst_n (input port clocked by clk)
Endpoint: _444_ (recovery check against rising-edge clock clk)
Path Group: asynchronous
Path Type: max

Fanout     Cap    Slew   Delay    Time   Description
-----------------------------------------------------------------------------
                          0.00    0.00   clock clk (rise edge)
                          0.00    0.00   clock network delay (propagated)
                          2.00    2.00 ^ input external delay
                  0.02    0.01    2.01 ^ rst_n (in)
     1    0.00                           rst_n (net)
                  0.02    0.00    2.01 ^ input10/A (sky130_fd_sc_hd__buf_1)
                  0.12    0.13    2.14 ^ input10/X (sky130_fd_sc_hd__buf_1)
     2    0.01                           net10 (net)
                  0.12    0.00    2.15 ^ fanout31/A (sky130_fd_sc_hd__clkbuf_2)
                  0.10    0.18    2.33 ^ fanout31/X (sky130_fd_sc_hd__clkbuf_2)
     6    0.02                           net31 (net)
                  0.10    0.00    2.33 ^ fanout29/A (sky130_fd_sc_hd__clkbuf_4)
                  0.15    0.25    2.57 ^ fanout29/X (sky130_fd_sc_hd__clkbuf_4)
    10    0.05                           net29 (net)
                  0.15    0.00    2.58 ^ _444_/RESET_B (sky130_fd_sc_hd__dfrtp_1)
                                  2.58   data arrival time

                         10.00   10.00   clock clk (rise edge)
                          0.00   10.00   clock source latency
                  0.08    0.05   10.05 ^ clk (in)
     1    0.02                           clk (net)
                  0.08    0.00   10.05 ^ clkbuf_0_clk/A (sky130_fd_sc_hd__clkbuf_16)
                  0.09    0.17   10.22 ^ clkbuf_0_clk/X (sky130_fd_sc_hd__clkbuf_16)
     8    0.08                           clknet_0_clk (net)
                  0.09    0.00   10.22 ^ clkbuf_3_7__f_clk/A (sky130_fd_sc_hd__clkbuf_16)
                  0.04    0.13   10.36 ^ clkbuf_3_7__f_clk/X (sky130_fd_sc_hd__clkbuf_16)
     9    0.02                           clknet_3_7__leaf_clk (net)
                  0.04    0.00   10.36 ^ _444_/CLK (sky130_fd_sc_hd__dfrtp_1)
                         -0.25   10.11   clock uncertainty
                          0.00   10.11   clock reconvergence pessimism
                          0.20   10.31   library recovery time
                                 10.31   data required time
-----------------------------------------------------------------------------
                                 10.31   data required time
                                 -2.58   data arrival time
-----------------------------------------------------------------------------
                                  7.73   slack (MET)


Startpoint: rst_n (input port clocked by clk)
Endpoint: _447_ (recovery check against rising-edge clock clk)
Path Group: asynchronous
Path Type: max

Fanout     Cap    Slew   Delay    Time   Description
-----------------------------------------------------------------------------
                          0.00    0.00   clock clk (rise edge)
                          0.00    0.00   clock network delay (propagated)
                          2.00    2.00 ^ input external delay
                  0.02    0.01    2.01 ^ rst_n (in)
     1    0.00                           rst_n (net)
                  0.02    0.00    2.01 ^ input10/A (sky130_fd_sc_hd__buf_1)
                  0.12    0.13    2.14 ^ input10/X (sky130_fd_sc_hd__buf_1)
     2    0.01                           net10 (net)
                  0.12    0.00    2.15 ^ fanout31/A (sky130_fd_sc_hd__clkbuf_2)
                  0.10    0.18    2.33 ^ fanout31/X (sky130_fd_sc_hd__clkbuf_2)
     6    0.02                           net31 (net)
                  0.10    0.00    2.33 ^ fanout29/A (sky130_fd_sc_hd__clkbuf_4)
                  0.15    0.25    2.57 ^ fanout29/X (sky130_fd_sc_hd__clkbuf_4)
    10    0.05                           net29 (net)
                  0.15    0.00    2.58 ^ _447_/RESET_B (sky130_fd_sc_hd__dfrtp_1)
                                  2.58   data arrival time

                         10.00   10.00   clock clk (rise edge)
                          0.00   10.00   clock source latency
                  0.08    0.05   10.05 ^ clk (in)
     1    0.02                           clk (net)
                  0.08    0.00   10.05 ^ clkbuf_0_clk/A (sky130_fd_sc_hd__clkbuf_16)
                  0.09    0.17   10.22 ^ clkbuf_0_clk/X (sky130_fd_sc_hd__clkbuf_16)
     8    0.08                           clknet_0_clk (net)
                  0.09    0.00   10.22 ^ clkbuf_3_7__f_clk/A (sky130_fd_sc_hd__clkbuf_16)
                  0.04    0.13   10.36 ^ clkbuf_3_7__f_clk/X (sky130_fd_sc_hd__clkbuf_16)
     9    0.02                           clknet_3_7__leaf_clk (net)
                  0.04    0.00   10.36 ^ _447_/CLK (sky130_fd_sc_hd__dfrtp_1)
                         -0.25   10.11   clock uncertainty
                          0.00   10.11   clock reconvergence pessimism
                          0.20   10.31   library recovery time
                                 10.31   data required time
-----------------------------------------------------------------------------
                                 10.31   data required time
                                 -2.58   data arrival time
-----------------------------------------------------------------------------
                                  7.73   slack (MET)


Startpoint: rst_n (input port clocked by clk)
Endpoint: _445_ (recovery check against rising-edge clock clk)
Path Group: asynchronous
Path Type: max

Fanout     Cap    Slew   Delay    Time   Description
-----------------------------------------------------------------------------
                          0.00    0.00   clock clk (rise edge)
                          0.00    0.00   clock network delay (propagated)
                          2.00    2.00 ^ input external delay
                  0.02    0.01    2.01 ^ rst_n (in)
     1    0.00                           rst_n (net)
                  0.02    0.00    2.01 ^ input10/A (sky130_fd_sc_hd__buf_1)
                  0.12    0.13    2.14 ^ input10/X (sky130_fd_sc_hd__buf_1)
     2    0.01                           net10 (net)
                  0.12    0.00    2.15 ^ fanout31/A (sky130_fd_sc_hd__clkbuf_2)
                  0.10    0.18    2.33 ^ fanout31/X (sky130_fd_sc_hd__clkbuf_2)
     6    0.02                           net31 (net)
                  0.10    0.00    2.33 ^ fanout29/A (sky130_fd_sc_hd__clkbuf_4)
                  0.15    0.25    2.57 ^ fanout29/X (sky130_fd_sc_hd__clkbuf_4)
    10    0.05                           net29 (net)
                  0.15    0.00    2.58 ^ _445_/RESET_B (sky130_fd_sc_hd__dfrtp_1)
                                  2.58   data arrival time

                         10.00   10.00   clock clk (rise edge)
                          0.00   10.00   clock source latency
                  0.08    0.05   10.05 ^ clk (in)
     1    0.02                           clk (net)
                  0.08    0.00   10.05 ^ clkbuf_0_clk/A (sky130_fd_sc_hd__clkbuf_16)
                  0.09    0.17   10.22 ^ clkbuf_0_clk/X (sky130_fd_sc_hd__clkbuf_16)
     8    0.08                           clknet_0_clk (net)
                  0.09    0.00   10.22 ^ clkbuf_3_7__f_clk/A (sky130_fd_sc_hd__clkbuf_16)
                  0.04    0.13   10.36 ^ clkbuf_3_7__f_clk/X (sky130_fd_sc_hd__clkbuf_16)
     9    0.02                           clknet_3_7__leaf_clk (net)
                  0.04    0.00   10.36 ^ _445_/CLK (sky130_fd_sc_hd__dfrtp_1)
                         -0.25   10.11   clock uncertainty
                          0.00   10.11   clock reconvergence pessimism
                          0.20   10.31   library recovery time
                                 10.31   data required time
-----------------------------------------------------------------------------
                                 10.31   data required time
                                 -2.58   data arrival time
-----------------------------------------------------------------------------
                                  7.73   slack (MET)


Startpoint: rst_n (input port clocked by clk)
Endpoint: _446_ (recovery check against rising-edge clock clk)
Path Group: asynchronous
Path Type: max

Fanout     Cap    Slew   Delay    Time   Description
-----------------------------------------------------------------------------
                          0.00    0.00   clock clk (rise edge)
                          0.00    0.00   clock network delay (propagated)
                          2.00    2.00 ^ input external delay
                  0.02    0.01    2.01 ^ rst_n (in)
     1    0.00                           rst_n (net)
                  0.02    0.00    2.01 ^ input10/A (sky130_fd_sc_hd__buf_1)
                  0.12    0.13    2.14 ^ input10/X (sky130_fd_sc_hd__buf_1)
     2    0.01                           net10 (net)
                  0.12    0.00    2.15 ^ fanout31/A (sky130_fd_sc_hd__clkbuf_2)
                  0.10    0.18    2.33 ^ fanout31/X (sky130_fd_sc_hd__clkbuf_2)
     6    0.02                           net31 (net)
                  0.10    0.00    2.33 ^ fanout29/A (sky130_fd_sc_hd__clkbuf_4)
                  0.15    0.25    2.57 ^ fanout29/X (sky130_fd_sc_hd__clkbuf_4)
    10    0.05                           net29 (net)
                  0.15    0.00    2.58 ^ _446_/RESET_B (sky130_fd_sc_hd__dfrtp_1)
                                  2.58   data arrival time

                         10.00   10.00   clock clk (rise edge)
                          0.00   10.00   clock source latency
                  0.08    0.05   10.05 ^ clk (in)
     1    0.02                           clk (net)
                  0.08    0.00   10.05 ^ clkbuf_0_clk/A (sky130_fd_sc_hd__clkbuf_16)
                  0.09    0.17   10.22 ^ clkbuf_0_clk/X (sky130_fd_sc_hd__clkbuf_16)
     8    0.08                           clknet_0_clk (net)
                  0.09    0.00   10.22 ^ clkbuf_3_7__f_clk/A (sky130_fd_sc_hd__clkbuf_16)
                  0.04    0.13   10.36 ^ clkbuf_3_7__f_clk/X (sky130_fd_sc_hd__clkbuf_16)
     9    0.02                           clknet_3_7__leaf_clk (net)
                  0.04    0.00   10.36 ^ _446_/CLK (sky130_fd_sc_hd__dfrtp_1)
                         -0.25   10.11   clock uncertainty
                          0.00   10.11   clock reconvergence pessimism
                          0.20   10.31   library recovery time
                                 10.31   data required time
-----------------------------------------------------------------------------
                                 10.31   data required time
                                 -2.58   data arrival time
-----------------------------------------------------------------------------
                                  7.73   slack (MET)


Startpoint: rst_n (input port clocked by clk)
Endpoint: _408_ (recovery check against rising-edge clock clk)
Path Group: asynchronous
Path Type: max

Fanout     Cap    Slew   Delay    Time   Description
-----------------------------------------------------------------------------
                          0.00    0.00   clock clk (rise edge)
                          0.00    0.00   clock network delay (propagated)
                          2.00    2.00 ^ input external delay
                  0.02    0.01    2.01 ^ rst_n (in)
     1    0.00                           rst_n (net)
                  0.02    0.00    2.01 ^ input10/A (sky130_fd_sc_hd__buf_1)
                  0.12    0.13    2.14 ^ input10/X (sky130_fd_sc_hd__buf_1)
     2    0.01                           net10 (net)
                  0.12    0.00    2.15 ^ fanout31/A (sky130_fd_sc_hd__clkbuf_2)
                  0.10    0.18    2.33 ^ fanout31/X (sky130_fd_sc_hd__clkbuf_2)
     6    0.02                           net31 (net)
                  0.10    0.00    2.33 ^ fanout29/A (sky130_fd_sc_hd__clkbuf_4)
                  0.15    0.25    2.57 ^ fanout29/X (sky130_fd_sc_hd__clkbuf_4)
    10    0.05                           net29 (net)
                  0.15    0.00    2.58 ^ _408_/RESET_B (sky130_fd_sc_hd__dfrtp_1)
                                  2.58   data arrival time

                         10.00   10.00   clock clk (rise edge)
                          0.00   10.00   clock source latency
                  0.08    0.05   10.05 ^ clk (in)
     1    0.02                           clk (net)
                  0.08    0.00   10.05 ^ clkbuf_0_clk/A (sky130_fd_sc_hd__clkbuf_16)
                  0.09    0.17   10.22 ^ clkbuf_0_clk/X (sky130_fd_sc_hd__clkbuf_16)
     8    0.08                           clknet_0_clk (net)
                  0.09    0.00   10.22 ^ clkbuf_3_3__f_clk/A (sky130_fd_sc_hd__clkbuf_16)
                  0.04    0.14   10.36 ^ clkbuf_3_3__f_clk/X (sky130_fd_sc_hd__clkbuf_16)
     7    0.02                           clknet_3_3__leaf_clk (net)
                  0.04    0.00   10.36 ^ _408_/CLK (sky130_fd_sc_hd__dfrtp_1)
                         -0.25   10.11   clock uncertainty
                          0.00   10.11   clock reconvergence pessimism
                          0.20   10.31   library recovery time
                                 10.31   data required time
-----------------------------------------------------------------------------
                                 10.31   data required time
                                 -2.58   data arrival time
-----------------------------------------------------------------------------
                                  7.74   slack (MET)


Startpoint: rst_n (input port clocked by clk)
Endpoint: _440_ (recovery check against rising-edge clock clk)
Path Group: asynchronous
Path Type: max

Fanout     Cap    Slew   Delay    Time   Description
-----------------------------------------------------------------------------
                          0.00    0.00   clock clk (rise edge)
                          0.00    0.00   clock network delay (propagated)
                          2.00    2.00 ^ input external delay
                  0.02    0.01    2.01 ^ rst_n (in)
     1    0.00                           rst_n (net)
                  0.02    0.00    2.01 ^ input10/A (sky130_fd_sc_hd__buf_1)
                  0.12    0.13    2.14 ^ input10/X (sky130_fd_sc_hd__buf_1)
     2    0.01                           net10 (net)
                  0.12    0.00    2.15 ^ fanout31/A (sky130_fd_sc_hd__clkbuf_2)
                  0.10    0.18    2.33 ^ fanout31/X (sky130_fd_sc_hd__clkbuf_2)
     6    0.02                           net31 (net)
                  0.10    0.00    2.33 ^ fanout29/A (sky130_fd_sc_hd__clkbuf_4)
                  0.15    0.25    2.57 ^ fanout29/X (sky130_fd_sc_hd__clkbuf_4)
    10    0.05                           net29 (net)
                  0.15    0.00    2.57 ^ _440_/RESET_B (sky130_fd_sc_hd__dfrtp_1)
                                  2.57   data arrival time

                         10.00   10.00   clock clk (rise edge)
                          0.00   10.00   clock source latency
                  0.08    0.05   10.05 ^ clk (in)
     1    0.02                           clk (net)
                  0.08    0.00   10.05 ^ clkbuf_0_clk/A (sky130_fd_sc_hd__clkbuf_16)
                  0.09    0.17   10.22 ^ clkbuf_0_clk/X (sky130_fd_sc_hd__clkbuf_16)
     8    0.08                           clknet_0_clk (net)
                  0.09    0.00   10.22 ^ clkbuf_3_6__f_clk/A (sky130_fd_sc_hd__clkbuf_16)
                  0.04    0.14   10.36 ^ clkbuf_3_6__f_clk/X (sky130_fd_sc_hd__clkbuf_16)
     8    0.02                           clknet_3_6__leaf_clk (net)
                  0.04    0.00   10.36 ^ _440_/CLK (sky130_fd_sc_hd__dfrtp_1)
                         -0.25   10.11   clock uncertainty
                          0.00   10.11   clock reconvergence pessimism
                          0.20   10.31   library recovery time
                                 10.31   data required time
-----------------------------------------------------------------------------
                                 10.31   data required time
                                 -2.57   data arrival time
-----------------------------------------------------------------------------
                                  7.74   slack (MET)


Startpoint: _418_ (rising edge-triggered flip-flop clocked by clk)
Endpoint: _423_ (rising edge-triggered flip-flop clocked by clk)
Path Group: clk
Path Type: max

Fanout     Cap    Slew   Delay    Time   Description
-----------------------------------------------------------------------------
                          0.00    0.00   clock clk (rise edge)
                          0.00    0.00   clock source latency
                  0.08    0.06    0.06 ^ clk (in)
     1    0.02                           clk (net)
                  0.08    0.00    0.06 ^ clkbuf_0_clk/A (sky130_fd_sc_hd__clkbuf_16)
                  0.09    0.19    0.24 ^ clkbuf_0_clk/X (sky130_fd_sc_hd__clkbuf_16)
     8    0.08                           clknet_0_clk (net)
                  0.09    0.00    0.25 ^ clkbuf_3_3__f_clk/A (sky130_fd_sc_hd__clkbuf_16)
                  0.04    0.15    0.40 ^ clkbuf_3_3__f_clk/X (sky130_fd_sc_hd__clkbuf_16)
     7    0.02                           clknet_3_3__leaf_clk (net)
                  0.04    0.00    0.40 ^ _418_/CLK (sky130_fd_sc_hd__dfrtp_2)
                  0.07    0.45    0.85 v _418_/Q (sky130_fd_sc_hd__dfrtp_2)
     6    0.02                           rx_baud_cnt[1] (net)
                  0.07    0.00    0.85 v _204_/A (sky130_fd_sc_hd__or3b_2)
                  0.12    0.57    1.41 v _204_/X (sky130_fd_sc_hd__or3b_2)
     6    0.02                           _058_ (net)
                  0.12    0.00    1.41 v _227_/A1 (sky130_fd_sc_hd__o31a_1)
                  0.08    0.38    1.80 v _227_/X (sky130_fd_sc_hd__o31a_1)
     4    0.01                           _077_ (net)
                  0.08    0.00    1.80 v _331_/A1 (sky130_fd_sc_hd__o22a_1)
                  0.04    0.22    2.02 v _331_/X (sky130_fd_sc_hd__o22a_1)
     1    0.00                           _152_ (net)
                  0.04    0.00    2.02 v _332_/B2 (sky130_fd_sc_hd__a2bb2o_1)
                  0.06    0.25    2.27 v _332_/X (sky130_fd_sc_hd__a2bb2o_1)
     1    0.00                           _032_ (net)
                  0.06    0.00    2.27 v _423_/D (sky130_fd_sc_hd__dfrtp_4)
                                  2.27   data arrival time

                         10.00   10.00   clock clk (rise edge)
                          0.00   10.00   clock source latency
                  0.08    0.05   10.05 ^ clk (in)
     1    0.02                           clk (net)
                  0.08    0.00   10.05 ^ clkbuf_0_clk/A (sky130_fd_sc_hd__clkbuf_16)
                  0.09    0.17   10.22 ^ clkbuf_0_clk/X (sky130_fd_sc_hd__clkbuf_16)
     8    0.08                           clknet_0_clk (net)
                  0.09    0.00   10.22 ^ clkbuf_3_2__f_clk/A (sky130_fd_sc_hd__clkbuf_16)
                  0.05    0.14   10.36 ^ clkbuf_3_2__f_clk/X (sky130_fd_sc_hd__clkbuf_16)
     9    0.02                           clknet_3_2__leaf_clk (net)
                  0.05    0.00   10.36 ^ _423_/CLK (sky130_fd_sc_hd__dfrtp_4)
                         -0.25   10.11   clock uncertainty
                          0.02   10.14   clock reconvergence pessimism
                         -0.12   10.02   library setup time
                                 10.02   data required time
-----------------------------------------------------------------------------
                                 10.02   data required time
                                 -2.27   data arrival time
-----------------------------------------------------------------------------
                                  7.74   slack (MET)


Startpoint: _418_ (rising edge-triggered flip-flop clocked by clk)
Endpoint: _428_ (rising edge-triggered flip-flop clocked by clk)
Path Group: clk
Path Type: max

Fanout     Cap    Slew   Delay    Time   Description
-----------------------------------------------------------------------------
                          0.00    0.00   clock clk (rise edge)
                          0.00    0.00   clock source latency
                  0.08    0.06    0.06 ^ clk (in)
     1    0.02                           clk (net)
                  0.08    0.00    0.06 ^ clkbuf_0_clk/A (sky130_fd_sc_hd__clkbuf_16)
                  0.09    0.19    0.24 ^ clkbuf_0_clk/X (sky130_fd_sc_hd__clkbuf_16)
     8    0.08                           clknet_0_clk (net)
                  0.09    0.00    0.25 ^ clkbuf_3_3__f_clk/A (sky130_fd_sc_hd__clkbuf_16)
                  0.04    0.15    0.40 ^ clkbuf_3_3__f_clk/X (sky130_fd_sc_hd__clkbuf_16)
     7    0.02                           clknet_3_3__leaf_clk (net)
                  0.04    0.00    0.40 ^ _418_/CLK (sky130_fd_sc_hd__dfrtp_2)
                  0.07    0.45    0.85 v _418_/Q (sky130_fd_sc_hd__dfrtp_2)
     6    0.02                           rx_baud_cnt[1] (net)
                  0.07    0.00    0.85 v _204_/A (sky130_fd_sc_hd__or3b_2)
                  0.12    0.57    1.41 v _204_/X (sky130_fd_sc_hd__or3b_2)
     6    0.02                           _058_ (net)
                  0.12    0.00    1.41 v _340_/A1 (sky130_fd_sc_hd__o31a_2)
                  0.10    0.45    1.87 v _340_/X (sky130_fd_sc_hd__o31a_2)
    10    0.02                           _158_ (net)
                  0.10    0.00    1.87 v _350_/A2 (sky130_fd_sc_hd__o31a_1)
                  0.05    0.30    2.17 v _350_/X (sky130_fd_sc_hd__o31a_1)
     1    0.00                           _166_ (net)
                  0.05    0.00    2.17 v _351_/B1 (sky130_fd_sc_hd__a21oi_1)
                  0.12    0.13    2.30 ^ _351_/Y (sky130_fd_sc_hd__a21oi_1)
     1    0.00                           _037_ (net)
                  0.12    0.00    2.30 ^ _428_/D (sky130_fd_sc_hd__dfrtp_2)
                                  2.30   data arrival time

                         10.00   10.00   clock clk (rise edge)
                          0.00   10.00   clock source latency
                  0.08    0.05   10.05 ^ clk (in)
     1    0.02                           clk (net)
                  0.08    0.00   10.05 ^ clkbuf_0_clk/A (sky130_fd_sc_hd__clkbuf_16)
                  0.09    0.17   10.22 ^ clkbuf_0_clk/X (sky130_fd_sc_hd__clkbuf_16)
     8    0.08                           clknet_0_clk (net)
                  0.09    0.00   10.22 ^ clkbuf_3_1__f_clk/A (sky130_fd_sc_hd__clkbuf_16)
                  0.04    0.13   10.36 ^ clkbuf_3_1__f_clk/X (sky130_fd_sc_hd__clkbuf_16)
     6    0.02                           clknet_3_1__leaf_clk (net)
                  0.04    0.00   10.36 ^ _428_/CLK (sky130_fd_sc_hd__dfrtp_2)
                         -0.25   10.11   clock uncertainty
                          0.02   10.13   clock reconvergence pessimism
                         -0.08   10.05   library setup time
                                 10.05   data required time
-----------------------------------------------------------------------------
                                 10.05   data required time
                                 -2.30   data arrival time
-----------------------------------------------------------------------------
                                  7.75   slack (MET)


Startpoint: rst_n (input port clocked by clk)
Endpoint: _466_ (recovery check against rising-edge clock clk)
Path Group: asynchronous
Path Type: max

Fanout     Cap    Slew   Delay    Time   Description
-----------------------------------------------------------------------------
                          0.00    0.00   clock clk (rise edge)
                          0.00    0.00   clock network delay (propagated)
                          2.00    2.00 ^ input external delay
                  0.02    0.01    2.01 ^ rst_n (in)
     1    0.00                           rst_n (net)
                  0.02    0.00    2.01 ^ input10/A (sky130_fd_sc_hd__buf_1)
                  0.12    0.13    2.14 ^ input10/X (sky130_fd_sc_hd__buf_1)
     2    0.01                           net10 (net)
                  0.12    0.00    2.15 ^ fanout31/A (sky130_fd_sc_hd__clkbuf_2)
                  0.10    0.18    2.33 ^ fanout31/X (sky130_fd_sc_hd__clkbuf_2)
     6    0.02                           net31 (net)
                  0.10    0.00    2.33 ^ fanout30/A (sky130_fd_sc_hd__buf_2)
                  0.14    0.21    2.54 ^ fanout30/X (sky130_fd_sc_hd__buf_2)
     6    0.03                           net30 (net)
                  0.14    0.00    2.54 ^ _466_/RESET_B (sky130_fd_sc_hd__dfrtp_2)
                                  2.54   data arrival time

                         10.00   10.00   clock clk (rise edge)
                          0.00   10.00   clock source latency
                  0.08    0.05   10.05 ^ clk (in)
     1    0.02                           clk (net)
                  0.08    0.00   10.05 ^ clkbuf_0_clk/A (sky130_fd_sc_hd__clkbuf_16)
                  0.09    0.17   10.22 ^ clkbuf_0_clk/X (sky130_fd_sc_hd__clkbuf_16)
     8    0.08                           clknet_0_clk (net)
                  0.09    0.00   10.22 ^ clkbuf_3_7__f_clk/A (sky130_fd_sc_hd__clkbuf_16)
                  0.04    0.13   10.36 ^ clkbuf_3_7__f_clk/X (sky130_fd_sc_hd__clkbuf_16)
     9    0.02                           clknet_3_7__leaf_clk (net)
                  0.04    0.00   10.36 ^ _466_/CLK (sky130_fd_sc_hd__dfrtp_2)
                         -0.25   10.11   clock uncertainty
                          0.00   10.11   clock reconvergence pessimism
                          0.19   10.29   library recovery time
                                 10.29   data required time
-----------------------------------------------------------------------------
                                 10.29   data required time
                                 -2.54   data arrival time
-----------------------------------------------------------------------------
                                  7.76   slack (MET)


Startpoint: rst_n (input port clocked by clk)
Endpoint: _423_ (recovery check against rising-edge clock clk)
Path Group: asynchronous
Path Type: max

Fanout     Cap    Slew   Delay    Time   Description
-----------------------------------------------------------------------------
                          0.00    0.00   clock clk (rise edge)
                          0.00    0.00   clock network delay (propagated)
                          2.00    2.00 ^ input external delay
                  0.02    0.01    2.01 ^ rst_n (in)
     1    0.00                           rst_n (net)
                  0.02    0.00    2.01 ^ input10/A (sky130_fd_sc_hd__buf_1)
                  0.12    0.13    2.14 ^ input10/X (sky130_fd_sc_hd__buf_1)
     2    0.01                           net10 (net)
                  0.12    0.00    2.15 ^ fanout31/A (sky130_fd_sc_hd__clkbuf_2)
                  0.10    0.18    2.33 ^ fanout31/X (sky130_fd_sc_hd__clkbuf_2)
     6    0.02                           net31 (net)
                  0.10    0.00    2.33 ^ fanout28/A (sky130_fd_sc_hd__clkbuf_4)
                  0.12    0.22    2.55 ^ fanout28/X (sky130_fd_sc_hd__clkbuf_4)
    10    0.04                           net28 (net)
                  0.12    0.00    2.55 ^ _423_/RESET_B (sky130_fd_sc_hd__dfrtp_4)
                                  2.55   data arrival time

                         10.00   10.00   clock clk (rise edge)
                          0.00   10.00   clock source latency
                  0.08    0.05   10.05 ^ clk (in)
     1    0.02                           clk (net)
                  0.08    0.00   10.05 ^ clkbuf_0_clk/A (sky130_fd_sc_hd__clkbuf_16)
                  0.09    0.17   10.22 ^ clkbuf_0_clk/X (sky130_fd_sc_hd__clkbuf_16)
     8    0.08                           clknet_0_clk (net)
                  0.09    0.00   10.22 ^ clkbuf_3_2__f_clk/A (sky130_fd_sc_hd__clkbuf_16)
                  0.05    0.14   10.36 ^ clkbuf_3_2__f_clk/X (sky130_fd_sc_hd__clkbuf_16)
     9    0.02                           clknet_3_2__leaf_clk (net)
                  0.05    0.00   10.36 ^ _423_/CLK (sky130_fd_sc_hd__dfrtp_4)
                         -0.25   10.11   clock uncertainty
                          0.00   10.11   clock reconvergence pessimism
                          0.19   10.31   library recovery time
                                 10.31   data required time
-----------------------------------------------------------------------------
                                 10.31   data required time
                                 -2.55   data arrival time
-----------------------------------------------------------------------------
                                  7.76   slack (MET)


Startpoint: rst_n (input port clocked by clk)
Endpoint: _418_ (recovery check against rising-edge clock clk)
Path Group: asynchronous
Path Type: max

Fanout     Cap    Slew   Delay    Time   Description
-----------------------------------------------------------------------------
                          0.00    0.00   clock clk (rise edge)
                          0.00    0.00   clock network delay (propagated)
                          2.00    2.00 ^ input external delay
                  0.02    0.01    2.01 ^ rst_n (in)
     1    0.00                           rst_n (net)
                  0.02    0.00    2.01 ^ input10/A (sky130_fd_sc_hd__buf_1)
                  0.12    0.13    2.14 ^ input10/X (sky130_fd_sc_hd__buf_1)
     2    0.01                           net10 (net)
                  0.12    0.00    2.15 ^ fanout31/A (sky130_fd_sc_hd__clkbuf_2)
                  0.10    0.18    2.33 ^ fanout31/X (sky130_fd_sc_hd__clkbuf_2)
     6    0.02                           net31 (net)
                  0.10    0.00    2.33 ^ fanout28/A (sky130_fd_sc_hd__clkbuf_4)
                  0.12    0.22    2.55 ^ fanout28/X (sky130_fd_sc_hd__clkbuf_4)
    10    0.04                           net28 (net)
                  0.12    0.00    2.55 ^ _418_/RESET_B (sky130_fd_sc_hd__dfrtp_2)
                                  2.55   data arrival time

                         10.00   10.00   clock clk (rise edge)
                          0.00   10.00   clock source latency
                  0.08    0.05   10.05 ^ clk (in)
     1    0.02                           clk (net)
                  0.08    0.00   10.05 ^ clkbuf_0_clk/A (sky130_fd_sc_hd__clkbuf_16)
                  0.09    0.17   10.22 ^ clkbuf_0_clk/X (sky130_fd_sc_hd__clkbuf_16)
     8    0.08                           clknet_0_clk (net)
                  0.09    0.00   10.22 ^ clkbuf_3_3__f_clk/A (sky130_fd_sc_hd__clkbuf_16)
                  0.04    0.14   10.36 ^ clkbuf_3_3__f_clk/X (sky130_fd_sc_hd__clkbuf_16)
     7    0.02                           clknet_3_3__leaf_clk (net)
                  0.04    0.00   10.36 ^ _418_/CLK (sky130_fd_sc_hd__dfrtp_2)
                         -0.25   10.11   clock uncertainty
                          0.00   10.11   clock reconvergence pessimism
                          0.20   10.31   library recovery time
                                 10.31   data required time
-----------------------------------------------------------------------------
                                 10.31   data required time
                                 -2.55   data arrival time
-----------------------------------------------------------------------------
                                  7.76   slack (MET)


Startpoint: rst_n (input port clocked by clk)
Endpoint: _421_ (recovery check against rising-edge clock clk)
Path Group: asynchronous
Path Type: max

Fanout     Cap    Slew   Delay    Time   Description
-----------------------------------------------------------------------------
                          0.00    0.00   clock clk (rise edge)
                          0.00    0.00   clock network delay (propagated)
                          2.00    2.00 ^ input external delay
                  0.02    0.01    2.01 ^ rst_n (in)
     1    0.00                           rst_n (net)
                  0.02    0.00    2.01 ^ input10/A (sky130_fd_sc_hd__buf_1)
                  0.12    0.13    2.14 ^ input10/X (sky130_fd_sc_hd__buf_1)
     2    0.01                           net10 (net)
                  0.12    0.00    2.15 ^ fanout31/A (sky130_fd_sc_hd__clkbuf_2)
                  0.10    0.18    2.33 ^ fanout31/X (sky130_fd_sc_hd__clkbuf_2)
     6    0.02                           net31 (net)
                  0.10    0.00    2.33 ^ fanout28/A (sky130_fd_sc_hd__clkbuf_4)
                  0.12    0.22    2.55 ^ fanout28/X (sky130_fd_sc_hd__clkbuf_4)
    10    0.04                           net28 (net)
                  0.12    0.00    2.55 ^ _421_/RESET_B (sky130_fd_sc_hd__dfrtp_2)
                                  2.55   data arrival time

                         10.00   10.00   clock clk (rise edge)
                          0.00   10.00   clock source latency
                  0.08    0.05   10.05 ^ clk (in)
     1    0.02                           clk (net)
                  0.08    0.00   10.05 ^ clkbuf_0_clk/A (sky130_fd_sc_hd__clkbuf_16)
                  0.09    0.17   10.22 ^ clkbuf_0_clk/X (sky130_fd_sc_hd__clkbuf_16)
     8    0.08                           clknet_0_clk (net)
                  0.09    0.00   10.22 ^ clkbuf_3_2__f_clk/A (sky130_fd_sc_hd__clkbuf_16)
                  0.05    0.14   10.36 ^ clkbuf_3_2__f_clk/X (sky130_fd_sc_hd__clkbuf_16)
     9    0.02                           clknet_3_2__leaf_clk (net)
                  0.05    0.00   10.36 ^ _421_/CLK (sky130_fd_sc_hd__dfrtp_2)
                         -0.25   10.11   clock uncertainty
                          0.00   10.11   clock reconvergence pessimism
                          0.20   10.31   library recovery time
                                 10.31   data required time
-----------------------------------------------------------------------------
                                 10.31   data required time
                                 -2.55   data arrival time
-----------------------------------------------------------------------------
                                  7.76   slack (MET)


Startpoint: rst_n (input port clocked by clk)
Endpoint: _417_ (recovery check against rising-edge clock clk)
Path Group: asynchronous
Path Type: max

Fanout     Cap    Slew   Delay    Time   Description
-----------------------------------------------------------------------------
                          0.00    0.00   clock clk (rise edge)
                          0.00    0.00   clock network delay (propagated)
                          2.00    2.00 ^ input external delay
                  0.02    0.01    2.01 ^ rst_n (in)
     1    0.00                           rst_n (net)
                  0.02    0.00    2.01 ^ input10/A (sky130_fd_sc_hd__buf_1)
                  0.12    0.13    2.14 ^ input10/X (sky130_fd_sc_hd__buf_1)
     2    0.01                           net10 (net)
                  0.12    0.00    2.15 ^ fanout31/A (sky130_fd_sc_hd__clkbuf_2)
                  0.10    0.18    2.33 ^ fanout31/X (sky130_fd_sc_hd__clkbuf_2)
     6    0.02                           net31 (net)
                  0.10    0.00    2.33 ^ fanout28/A (sky130_fd_sc_hd__clkbuf_4)
                  0.12    0.22    2.55 ^ fanout28/X (sky130_fd_sc_hd__clkbuf_4)
    10    0.04                           net28 (net)
                  0.12    0.00    2.55 ^ _417_/RESET_B (sky130_fd_sc_hd__dfrtp_2)
                                  2.55   data arrival time

                         10.00   10.00   clock clk (rise edge)
                          0.00   10.00   clock source latency
                  0.08    0.05   10.05 ^ clk (in)
     1    0.02                           clk (net)
                  0.08    0.00   10.05 ^ clkbuf_0_clk/A (sky130_fd_sc_hd__clkbuf_16)
                  0.09    0.17   10.22 ^ clkbuf_0_clk/X (sky130_fd_sc_hd__clkbuf_16)
     8    0.08                           clknet_0_clk (net)
                  0.09    0.00   10.22 ^ clkbuf_3_2__f_clk/A (sky130_fd_sc_hd__clkbuf_16)
                  0.05    0.14   10.36 ^ clkbuf_3_2__f_clk/X (sky130_fd_sc_hd__clkbuf_16)
     9    0.02                           clknet_3_2__leaf_clk (net)
                  0.05    0.00   10.36 ^ _417_/CLK (sky130_fd_sc_hd__dfrtp_2)
                         -0.25   10.11   clock uncertainty
                          0.00   10.11   clock reconvergence pessimism
                          0.20   10.31   library recovery time
                                 10.31   data required time
-----------------------------------------------------------------------------
                                 10.31   data required time
                                 -2.55   data arrival time
-----------------------------------------------------------------------------
                                  7.76   slack (MET)


Startpoint: rst_n (input port clocked by clk)
Endpoint: _468_ (recovery check against rising-edge clock clk)
Path Group: asynchronous
Path Type: max

Fanout     Cap    Slew   Delay    Time   Description
-----------------------------------------------------------------------------
                          0.00    0.00   clock clk (rise edge)
                          0.00    0.00   clock network delay (propagated)
                          2.00    2.00 ^ input external delay
                  0.02    0.01    2.01 ^ rst_n (in)
     1    0.00                           rst_n (net)
                  0.02    0.00    2.01 ^ input10/A (sky130_fd_sc_hd__buf_1)
                  0.12    0.13    2.14 ^ input10/X (sky130_fd_sc_hd__buf_1)
     2    0.01                           net10 (net)
                  0.12    0.00    2.15 ^ fanout31/A (sky130_fd_sc_hd__clkbuf_2)
                  0.10    0.18    2.33 ^ fanout31/X (sky130_fd_sc_hd__clkbuf_2)
     6    0.02                           net31 (net)
                  0.10    0.00    2.33 ^ fanout30/A (sky130_fd_sc_hd__buf_2)
                  0.14    0.21    2.54 ^ fanout30/X (sky130_fd_sc_hd__buf_2)
     6    0.03                           net30 (net)
                  0.14    0.00    2.54 ^ _468_/RESET_B (sky130_fd_sc_hd__dfrtp_1)
                                  2.54   data arrival time

                         10.00   10.00   clock clk (rise edge)
                          0.00   10.00   clock source latency
                  0.08    0.05   10.05 ^ clk (in)
     1    0.02                           clk (net)
                  0.08    0.00   10.05 ^ clkbuf_0_clk/A (sky130_fd_sc_hd__clkbuf_16)
                  0.09    0.17   10.22 ^ clkbuf_0_clk/X (sky130_fd_sc_hd__clkbuf_16)
     8    0.08                           clknet_0_clk (net)
                  0.09    0.00   10.22 ^ clkbuf_3_7__f_clk/A (sky130_fd_sc_hd__clkbuf_16)
                  0.04    0.13   10.36 ^ clkbuf_3_7__f_clk/X (sky130_fd_sc_hd__clkbuf_16)
     9    0.02                           clknet_3_7__leaf_clk (net)
                  0.04    0.00   10.36 ^ _468_/CLK (sky130_fd_sc_hd__dfrtp_1)
                         -0.25   10.11   clock uncertainty
                          0.00   10.11   clock reconvergence pessimism
                          0.20   10.31   library recovery time
                                 10.31   data required time
-----------------------------------------------------------------------------
                                 10.31   data required time
                                 -2.54   data arrival time
-----------------------------------------------------------------------------
                                  7.77   slack (MET)


Startpoint: rst_n (input port clocked by clk)
Endpoint: _467_ (recovery check against rising-edge clock clk)
Path Group: asynchronous
Path Type: max

Fanout     Cap    Slew   Delay    Time   Description
-----------------------------------------------------------------------------
                          0.00    0.00   clock clk (rise edge)
                          0.00    0.00   clock network delay (propagated)
                          2.00    2.00 ^ input external delay
                  0.02    0.01    2.01 ^ rst_n (in)
     1    0.00                           rst_n (net)
                  0.02    0.00    2.01 ^ input10/A (sky130_fd_sc_hd__buf_1)
                  0.12    0.13    2.14 ^ input10/X (sky130_fd_sc_hd__buf_1)
     2    0.01                           net10 (net)
                  0.12    0.00    2.15 ^ fanout31/A (sky130_fd_sc_hd__clkbuf_2)
                  0.10    0.18    2.33 ^ fanout31/X (sky130_fd_sc_hd__clkbuf_2)
     6    0.02                           net31 (net)
                  0.10    0.00    2.33 ^ fanout30/A (sky130_fd_sc_hd__buf_2)
                  0.14    0.21    2.54 ^ fanout30/X (sky130_fd_sc_hd__buf_2)
     6    0.03                           net30 (net)
                  0.14    0.00    2.54 ^ _467_/RESET_B (sky130_fd_sc_hd__dfrtp_1)
                                  2.54   data arrival time

                         10.00   10.00   clock clk (rise edge)
                          0.00   10.00   clock source latency
                  0.08    0.05   10.05 ^ clk (in)
     1    0.02                           clk (net)
                  0.08    0.00   10.05 ^ clkbuf_0_clk/A (sky130_fd_sc_hd__clkbuf_16)
                  0.09    0.17   10.22 ^ clkbuf_0_clk/X (sky130_fd_sc_hd__clkbuf_16)
     8    0.08                           clknet_0_clk (net)
                  0.09    0.00   10.22 ^ clkbuf_3_7__f_clk/A (sky130_fd_sc_hd__clkbuf_16)
                  0.04    0.13   10.36 ^ clkbuf_3_7__f_clk/X (sky130_fd_sc_hd__clkbuf_16)
     9    0.02                           clknet_3_7__leaf_clk (net)
                  0.04    0.00   10.36 ^ _467_/CLK (sky130_fd_sc_hd__dfrtp_1)
                         -0.25   10.11   clock uncertainty
                          0.00   10.11   clock reconvergence pessimism
                          0.20   10.31   library recovery time
                                 10.31   data required time
-----------------------------------------------------------------------------
                                 10.31   data required time
                                 -2.54   data arrival time
-----------------------------------------------------------------------------
                                  7.77   slack (MET)


Startpoint: rst_n (input port clocked by clk)
Endpoint: _420_ (recovery check against rising-edge clock clk)
Path Group: asynchronous
Path Type: max

Fanout     Cap    Slew   Delay    Time   Description
-----------------------------------------------------------------------------
                          0.00    0.00   clock clk (rise edge)
                          0.00    0.00   clock network delay (propagated)
                          2.00    2.00 ^ input external delay
                  0.02    0.01    2.01 ^ rst_n (in)
     1    0.00                           rst_n (net)
                  0.02    0.00    2.01 ^ input10/A (sky130_fd_sc_hd__buf_1)
                  0.12    0.13    2.14 ^ input10/X (sky130_fd_sc_hd__buf_1)
     2    0.01                           net10 (net)
                  0.12    0.00    2.15 ^ fanout31/A (sky130_fd_sc_hd__clkbuf_2)
                  0.10    0.18    2.33 ^ fanout31/X (sky130_fd_sc_hd__clkbuf_2)
     6    0.02                           net31 (net)
                  0.10    0.00    2.33 ^ fanout28/A (sky130_fd_sc_hd__clkbuf_4)
                  0.12    0.22    2.55 ^ fanout28/X (sky130_fd_sc_hd__clkbuf_4)
    10    0.04                           net28 (net)
                  0.12    0.00    2.55 ^ _420_/RESET_B (sky130_fd_sc_hd__dfrtp_1)
                                  2.55   data arrival time

                         10.00   10.00   clock clk (rise edge)
                          0.00   10.00   clock source latency
                  0.08    0.05   10.05 ^ clk (in)
     1    0.02                           clk (net)
                  0.08    0.00   10.05 ^ clkbuf_0_clk/A (sky130_fd_sc_hd__clkbuf_16)
                  0.09    0.17   10.22 ^ clkbuf_0_clk/X (sky130_fd_sc_hd__clkbuf_16)
     8    0.08                           clknet_0_clk (net)
                  0.09    0.00   10.22 ^ clkbuf_3_6__f_clk/A (sky130_fd_sc_hd__clkbuf_16)
                  0.04    0.14   10.36 ^ clkbuf_3_6__f_clk/X (sky130_fd_sc_hd__clkbuf_16)
     8    0.02                           clknet_3_6__leaf_clk (net)
                  0.04    0.00   10.36 ^ _420_/CLK (sky130_fd_sc_hd__dfrtp_1)
                         -0.25   10.11   clock uncertainty
                          0.00   10.11   clock reconvergence pessimism
                          0.21   10.32   library recovery time
                                 10.32   data required time
-----------------------------------------------------------------------------
                                 10.32   data required time
                                 -2.55   data arrival time
-----------------------------------------------------------------------------
                                  7.77   slack (MET)


Startpoint: rst_n (input port clocked by clk)
Endpoint: _419_ (recovery check against rising-edge clock clk)
Path Group: asynchronous
Path Type: max

Fanout     Cap    Slew   Delay    Time   Description
-----------------------------------------------------------------------------
                          0.00    0.00   clock clk (rise edge)
                          0.00    0.00   clock network delay (propagated)
                          2.00    2.00 ^ input external delay
                  0.02    0.01    2.01 ^ rst_n (in)
     1    0.00                           rst_n (net)
                  0.02    0.00    2.01 ^ input10/A (sky130_fd_sc_hd__buf_1)
                  0.12    0.13    2.14 ^ input10/X (sky130_fd_sc_hd__buf_1)
     2    0.01                           net10 (net)
                  0.12    0.00    2.15 ^ fanout31/A (sky130_fd_sc_hd__clkbuf_2)
                  0.10    0.18    2.33 ^ fanout31/X (sky130_fd_sc_hd__clkbuf_2)
     6    0.02                           net31 (net)
                  0.10    0.00    2.33 ^ fanout28/A (sky130_fd_sc_hd__clkbuf_4)
                  0.12    0.22    2.55 ^ fanout28/X (sky130_fd_sc_hd__clkbuf_4)
    10    0.04                           net28 (net)
                  0.12    0.00    2.55 ^ _419_/RESET_B (sky130_fd_sc_hd__dfrtp_1)
                                  2.55   data arrival time

                         10.00   10.00   clock clk (rise edge)
                          0.00   10.00   clock source latency
                  0.08    0.05   10.05 ^ clk (in)
     1    0.02                           clk (net)
                  0.08    0.00   10.05 ^ clkbuf_0_clk/A (sky130_fd_sc_hd__clkbuf_16)
                  0.09    0.17   10.22 ^ clkbuf_0_clk/X (sky130_fd_sc_hd__clkbuf_16)
     8    0.08                           clknet_0_clk (net)
                  0.09    0.00   10.22 ^ clkbuf_3_6__f_clk/A (sky130_fd_sc_hd__clkbuf_16)
                  0.04    0.14   10.36 ^ clkbuf_3_6__f_clk/X (sky130_fd_sc_hd__clkbuf_16)
     8    0.02                           clknet_3_6__leaf_clk (net)
                  0.04    0.00   10.36 ^ _419_/CLK (sky130_fd_sc_hd__dfrtp_1)
                         -0.25   10.11   clock uncertainty
                          0.00   10.11   clock reconvergence pessimism
                          0.21   10.32   library recovery time
                                 10.32   data required time
-----------------------------------------------------------------------------
                                 10.32   data required time
                                 -2.55   data arrival time
-----------------------------------------------------------------------------
                                  7.77   slack (MET)


Startpoint: rst_n (input port clocked by clk)
Endpoint: _458_ (recovery check against rising-edge clock clk)
Path Group: asynchronous
Path Type: max

Fanout     Cap    Slew   Delay    Time   Description
-----------------------------------------------------------------------------
                          0.00    0.00   clock clk (rise edge)
                          0.00    0.00   clock network delay (propagated)
                          2.00    2.00 ^ input external delay
                  0.02    0.01    2.01 ^ rst_n (in)
     1    0.00                           rst_n (net)
                  0.02    0.00    2.01 ^ input10/A (sky130_fd_sc_hd__buf_1)
                  0.12    0.13    2.14 ^ input10/X (sky130_fd_sc_hd__buf_1)
     2    0.01                           net10 (net)
                  0.12    0.00    2.15 ^ fanout31/A (sky130_fd_sc_hd__clkbuf_2)
                  0.10    0.18    2.33 ^ fanout31/X (sky130_fd_sc_hd__clkbuf_2)
     6    0.02                           net31 (net)
                  0.10    0.00    2.33 ^ fanout28/A (sky130_fd_sc_hd__clkbuf_4)
                  0.12    0.22    2.55 ^ fanout28/X (sky130_fd_sc_hd__clkbuf_4)
    10    0.04                           net28 (net)
                  0.12    0.00    2.55 ^ _458_/RESET_B (sky130_fd_sc_hd__dfrtp_1)
                                  2.55   data arrival time

                         10.00   10.00   clock clk (rise edge)
                          0.00   10.00   clock source latency
                  0.08    0.05   10.05 ^ clk (in)
     1    0.02                           clk (net)
                  0.08    0.00   10.05 ^ clkbuf_0_clk/A (sky130_fd_sc_hd__clkbuf_16)
                  0.09    0.17   10.22 ^ clkbuf_0_clk/X (sky130_fd_sc_hd__clkbuf_16)
     8    0.08                           clknet_0_clk (net)
                  0.09    0.00   10.22 ^ clkbuf_3_6__f_clk/A (sky130_fd_sc_hd__clkbuf_16)
                  0.04    0.14   10.36 ^ clkbuf_3_6__f_clk/X (sky130_fd_sc_hd__clkbuf_16)
     8    0.02                           clknet_3_6__leaf_clk (net)
                  0.04    0.00   10.36 ^ _458_/CLK (sky130_fd_sc_hd__dfrtp_1)
                         -0.25   10.11   clock uncertainty
                          0.00   10.11   clock reconvergence pessimism
                          0.21   10.32   library recovery time
                                 10.32   data required time
-----------------------------------------------------------------------------
                                 10.32   data required time
                                 -2.55   data arrival time
-----------------------------------------------------------------------------
                                  7.77   slack (MET)


Startpoint: rst_n (input port clocked by clk)
Endpoint: _460_ (recovery check against rising-edge clock clk)
Path Group: asynchronous
Path Type: max

Fanout     Cap    Slew   Delay    Time   Description
-----------------------------------------------------------------------------
                          0.00    0.00   clock clk (rise edge)
                          0.00    0.00   clock network delay (propagated)
                          2.00    2.00 ^ input external delay
                  0.02    0.01    2.01 ^ rst_n (in)
     1    0.00                           rst_n (net)
                  0.02    0.00    2.01 ^ input10/A (sky130_fd_sc_hd__buf_1)
                  0.12    0.13    2.14 ^ input10/X (sky130_fd_sc_hd__buf_1)
     2    0.01                           net10 (net)
                  0.12    0.00    2.15 ^ fanout31/A (sky130_fd_sc_hd__clkbuf_2)
                  0.10    0.18    2.33 ^ fanout31/X (sky130_fd_sc_hd__clkbuf_2)
     6    0.02                           net31 (net)
                  0.10    0.00    2.33 ^ fanout28/A (sky130_fd_sc_hd__clkbuf_4)
                  0.12    0.22    2.55 ^ fanout28/X (sky130_fd_sc_hd__clkbuf_4)
    10    0.04                           net28 (net)
                  0.12    0.00    2.55 ^ _460_/RESET_B (sky130_fd_sc_hd__dfrtp_1)
                                  2.55   data arrival time

                         10.00   10.00   clock clk (rise edge)
                          0.00   10.00   clock source latency
                  0.08    0.05   10.05 ^ clk (in)
     1    0.02                           clk (net)
                  0.08    0.00   10.05 ^ clkbuf_0_clk/A (sky130_fd_sc_hd__clkbuf_16)
                  0.09    0.17   10.22 ^ clkbuf_0_clk/X (sky130_fd_sc_hd__clkbuf_16)
     8    0.08                           clknet_0_clk (net)
                  0.09    0.00   10.22 ^ clkbuf_3_3__f_clk/A (sky130_fd_sc_hd__clkbuf_16)
                  0.04    0.14   10.36 ^ clkbuf_3_3__f_clk/X (sky130_fd_sc_hd__clkbuf_16)
     7    0.02                           clknet_3_3__leaf_clk (net)
                  0.04    0.00   10.36 ^ _460_/CLK (sky130_fd_sc_hd__dfrtp_1)
                         -0.25   10.11   clock uncertainty
                          0.00   10.11   clock reconvergence pessimism
                          0.21   10.32   library recovery time
                                 10.32   data required time
-----------------------------------------------------------------------------
                                 10.32   data required time
                                 -2.55   data arrival time
-----------------------------------------------------------------------------
                                  7.77   slack (MET)


Startpoint: rst_n (input port clocked by clk)
Endpoint: _459_ (recovery check against rising-edge clock clk)
Path Group: asynchronous
Path Type: max

Fanout     Cap    Slew   Delay    Time   Description
-----------------------------------------------------------------------------
                          0.00    0.00   clock clk (rise edge)
                          0.00    0.00   clock network delay (propagated)
                          2.00    2.00 ^ input external delay
                  0.02    0.01    2.01 ^ rst_n (in)
     1    0.00                           rst_n (net)
                  0.02    0.00    2.01 ^ input10/A (sky130_fd_sc_hd__buf_1)
                  0.12    0.13    2.14 ^ input10/X (sky130_fd_sc_hd__buf_1)
     2    0.01                           net10 (net)
                  0.12    0.00    2.15 ^ fanout31/A (sky130_fd_sc_hd__clkbuf_2)
                  0.10    0.18    2.33 ^ fanout31/X (sky130_fd_sc_hd__clkbuf_2)
     6    0.02                           net31 (net)
                  0.10    0.00    2.33 ^ fanout28/A (sky130_fd_sc_hd__clkbuf_4)
                  0.12    0.22    2.55 ^ fanout28/X (sky130_fd_sc_hd__clkbuf_4)
    10    0.04                           net28 (net)
                  0.12    0.00    2.55 ^ _459_/RESET_B (sky130_fd_sc_hd__dfrtp_1)
                                  2.55   data arrival time

                         10.00   10.00   clock clk (rise edge)
                          0.00   10.00   clock source latency
                  0.08    0.05   10.05 ^ clk (in)
     1    0.02                           clk (net)
                  0.08    0.00   10.05 ^ clkbuf_0_clk/A (sky130_fd_sc_hd__clkbuf_16)
                  0.09    0.17   10.22 ^ clkbuf_0_clk/X (sky130_fd_sc_hd__clkbuf_16)
     8    0.08                           clknet_0_clk (net)
                  0.09    0.00   10.22 ^ clkbuf_3_2__f_clk/A (sky130_fd_sc_hd__clkbuf_16)
                  0.05    0.14   10.36 ^ clkbuf_3_2__f_clk/X (sky130_fd_sc_hd__clkbuf_16)
     9    0.02                           clknet_3_2__leaf_clk (net)
                  0.05    0.00   10.36 ^ _459_/CLK (sky130_fd_sc_hd__dfrtp_1)
                         -0.25   10.11   clock uncertainty
                          0.00   10.11   clock reconvergence pessimism
                          0.21   10.32   library recovery time
                                 10.32   data required time
-----------------------------------------------------------------------------
                                 10.32   data required time
                                 -2.55   data arrival time
-----------------------------------------------------------------------------
                                  7.78   slack (MET)


Startpoint: rst_n (input port clocked by clk)
Endpoint: _457_ (recovery check against rising-edge clock clk)
Path Group: asynchronous
Path Type: max

Fanout     Cap    Slew   Delay    Time   Description
-----------------------------------------------------------------------------
                          0.00    0.00   clock clk (rise edge)
                          0.00    0.00   clock network delay (propagated)
                          2.00    2.00 ^ input external delay
                  0.02    0.01    2.01 ^ rst_n (in)
     1    0.00                           rst_n (net)
                  0.02    0.00    2.01 ^ input10/A (sky130_fd_sc_hd__buf_1)
                  0.12    0.13    2.14 ^ input10/X (sky130_fd_sc_hd__buf_1)
     2    0.01                           net10 (net)
                  0.12    0.00    2.15 ^ fanout31/A (sky130_fd_sc_hd__clkbuf_2)
                  0.10    0.18    2.33 ^ fanout31/X (sky130_fd_sc_hd__clkbuf_2)
     6    0.02                           net31 (net)
                  0.10    0.00    2.33 ^ fanout28/A (sky130_fd_sc_hd__clkbuf_4)
                  0.12    0.22    2.55 ^ fanout28/X (sky130_fd_sc_hd__clkbuf_4)
    10    0.04                           net28 (net)
                  0.12    0.00    2.55 ^ _457_/RESET_B (sky130_fd_sc_hd__dfrtp_1)
                                  2.55   data arrival time

                         10.00   10.00   clock clk (rise edge)
                          0.00   10.00   clock source latency
                  0.08    0.05   10.05 ^ clk (in)
     1    0.02                           clk (net)
                  0.08    0.00   10.05 ^ clkbuf_0_clk/A (sky130_fd_sc_hd__clkbuf_16)
                  0.09    0.17   10.22 ^ clkbuf_0_clk/X (sky130_fd_sc_hd__clkbuf_16)
     8    0.08                           clknet_0_clk (net)
                  0.09    0.00   10.22 ^ clkbuf_3_2__f_clk/A (sky130_fd_sc_hd__clkbuf_16)
                  0.05    0.14   10.36 ^ clkbuf_3_2__f_clk/X (sky130_fd_sc_hd__clkbuf_16)
     9    0.02                           clknet_3_2__leaf_clk (net)
                  0.05    0.00   10.36 ^ _457_/CLK (sky130_fd_sc_hd__dfrtp_1)
                         -0.25   10.11   clock uncertainty
                          0.00   10.11   clock reconvergence pessimism
                          0.21   10.32   library recovery time
                                 10.32   data required time
-----------------------------------------------------------------------------
                                 10.32   data required time
                                 -2.55   data arrival time
-----------------------------------------------------------------------------
                                  7.78   slack (MET)


Startpoint: rst_n (input port clocked by clk)
Endpoint: _450_ (recovery check against rising-edge clock clk)
Path Group: asynchronous
Path Type: max

Fanout     Cap    Slew   Delay    Time   Description
-----------------------------------------------------------------------------
                          0.00    0.00   clock clk (rise edge)
                          0.00    0.00   clock network delay (propagated)
                          2.00    2.00 ^ input external delay
                  0.02    0.01    2.01 ^ rst_n (in)
     1    0.00                           rst_n (net)
                  0.02    0.00    2.01 ^ input10/A (sky130_fd_sc_hd__buf_1)
                  0.12    0.13    2.14 ^ input10/X (sky130_fd_sc_hd__buf_1)
     2    0.01                           net10 (net)
                  0.12    0.00    2.15 ^ fanout31/A (sky130_fd_sc_hd__clkbuf_2)
                  0.10    0.18    2.33 ^ fanout31/X (sky130_fd_sc_hd__clkbuf_2)
     6    0.02                           net31 (net)
                  0.10    0.00    2.33 ^ fanout30/A (sky130_fd_sc_hd__buf_2)
                  0.14    0.21    2.54 ^ fanout30/X (sky130_fd_sc_hd__buf_2)
     6    0.03                           net30 (net)
                  0.14    0.00    2.54 ^ _450_/RESET_B (sky130_fd_sc_hd__dfrtp_1)
                                  2.54   data arrival time

                         10.00   10.00   clock clk (rise edge)
                          0.00   10.00   clock source latency
                  0.08    0.05   10.05 ^ clk (in)
     1    0.02                           clk (net)
                  0.08    0.00   10.05 ^ clkbuf_0_clk/A (sky130_fd_sc_hd__clkbuf_16)
                  0.09    0.17   10.22 ^ clkbuf_0_clk/X (sky130_fd_sc_hd__clkbuf_16)
     8    0.08                           clknet_0_clk (net)
                  0.09    0.00   10.22 ^ clkbuf_3_6__f_clk/A (sky130_fd_sc_hd__clkbuf_16)
                  0.04    0.14   10.36 ^ clkbuf_3_6__f_clk/X (sky130_fd_sc_hd__clkbuf_16)
     8    0.02                           clknet_3_6__leaf_clk (net)
                  0.04    0.00   10.36 ^ _450_/CLK (sky130_fd_sc_hd__dfrtp_1)
                         -0.25   10.11   clock uncertainty
                          0.00   10.11   clock reconvergence pessimism
                          0.20   10.32   library recovery time
                                 10.32   data required time
-----------------------------------------------------------------------------
                                 10.32   data required time
                                 -2.54   data arrival time
-----------------------------------------------------------------------------
                                  7.78   slack (MET)


Startpoint: rst_n (input port clocked by clk)
Endpoint: _464_ (recovery check against rising-edge clock clk)
Path Group: asynchronous
Path Type: max

Fanout     Cap    Slew   Delay    Time   Description
-----------------------------------------------------------------------------
                          0.00    0.00   clock clk (rise edge)
                          0.00    0.00   clock network delay (propagated)
                          2.00    2.00 ^ input external delay
                  0.02    0.01    2.01 ^ rst_n (in)
     1    0.00                           rst_n (net)
                  0.02    0.00    2.01 ^ input10/A (sky130_fd_sc_hd__buf_1)
                  0.12    0.13    2.14 ^ input10/X (sky130_fd_sc_hd__buf_1)
     2    0.01                           net10 (net)
                  0.12    0.00    2.15 ^ fanout31/A (sky130_fd_sc_hd__clkbuf_2)
                  0.10    0.18    2.33 ^ fanout31/X (sky130_fd_sc_hd__clkbuf_2)
     6    0.02                           net31 (net)
                  0.10    0.00    2.33 ^ fanout30/A (sky130_fd_sc_hd__buf_2)
                  0.14    0.21    2.54 ^ fanout30/X (sky130_fd_sc_hd__buf_2)
     6    0.03                           net30 (net)
                  0.14    0.00    2.54 ^ _464_/RESET_B (sky130_fd_sc_hd__dfrtp_1)
                                  2.54   data arrival time

                         10.00   10.00   clock clk (rise edge)
                          0.00   10.00   clock source latency
                  0.08    0.05   10.05 ^ clk (in)
     1    0.02                           clk (net)
                  0.08    0.00   10.05 ^ clkbuf_0_clk/A (sky130_fd_sc_hd__clkbuf_16)
                  0.09    0.17   10.22 ^ clkbuf_0_clk/X (sky130_fd_sc_hd__clkbuf_16)
     8    0.08                           clknet_0_clk (net)
                  0.09    0.00   10.22 ^ clkbuf_3_3__f_clk/A (sky130_fd_sc_hd__clkbuf_16)
                  0.04    0.14   10.36 ^ clkbuf_3_3__f_clk/X (sky130_fd_sc_hd__clkbuf_16)
     7    0.02                           clknet_3_3__leaf_clk (net)
                  0.04    0.00   10.36 ^ _464_/CLK (sky130_fd_sc_hd__dfrtp_1)
                         -0.25   10.11   clock uncertainty
                          0.00   10.11   clock reconvergence pessimism
                          0.20   10.32   library recovery time
                                 10.32   data required time
-----------------------------------------------------------------------------
                                 10.32   data required time
                                 -2.54   data arrival time
-----------------------------------------------------------------------------
                                  7.78   slack (MET)


Startpoint: _418_ (rising edge-triggered flip-flop clocked by clk)
Endpoint: _454_ (rising edge-triggered flip-flop clocked by clk)
Path Group: clk
Path Type: max

Fanout     Cap    Slew   Delay    Time   Description
-----------------------------------------------------------------------------
                          0.00    0.00   clock clk (rise edge)
                          0.00    0.00   clock source latency
                  0.08    0.06    0.06 ^ clk (in)
     1    0.02                           clk (net)
                  0.08    0.00    0.06 ^ clkbuf_0_clk/A (sky130_fd_sc_hd__clkbuf_16)
                  0.09    0.19    0.24 ^ clkbuf_0_clk/X (sky130_fd_sc_hd__clkbuf_16)
     8    0.08                           clknet_0_clk (net)
                  0.09    0.00    0.25 ^ clkbuf_3_3__f_clk/A (sky130_fd_sc_hd__clkbuf_16)
                  0.04    0.15    0.40 ^ clkbuf_3_3__f_clk/X (sky130_fd_sc_hd__clkbuf_16)
     7    0.02                           clknet_3_3__leaf_clk (net)
                  0.04    0.00    0.40 ^ _418_/CLK (sky130_fd_sc_hd__dfrtp_2)
                  0.07    0.45    0.85 v _418_/Q (sky130_fd_sc_hd__dfrtp_2)
     6    0.02                           rx_baud_cnt[1] (net)
                  0.07    0.00    0.85 v _204_/A (sky130_fd_sc_hd__or3b_2)
                  0.12    0.57    1.41 v _204_/X (sky130_fd_sc_hd__or3b_2)
     6    0.02                           _058_ (net)
                  0.12    0.00    1.41 v _211_/B (sky130_fd_sc_hd__or4_2)
                  0.11    0.71    2.13 v _211_/X (sky130_fd_sc_hd__or4_2)
     3    0.01                           _065_ (net)
                  0.11    0.00    2.13 v _217_/A2 (sky130_fd_sc_hd__o21ai_1)
                  0.10    0.14    2.27 ^ _217_/Y (sky130_fd_sc_hd__o21ai_1)
     1    0.00                           _011_ (net)
                  0.10    0.00    2.27 ^ _454_/D (sky130_fd_sc_hd__dfrtp_4)
                                  2.27   data arrival time

                         10.00   10.00   clock clk (rise edge)
                          0.00   10.00   clock source latency
                  0.08    0.05   10.05 ^ clk (in)
     1    0.02                           clk (net)
                  0.08    0.00   10.05 ^ clkbuf_0_clk/A (sky130_fd_sc_hd__clkbuf_16)
                  0.09    0.17   10.22 ^ clkbuf_0_clk/X (sky130_fd_sc_hd__clkbuf_16)
     8    0.08                           clknet_0_clk (net)
                  0.09    0.00   10.22 ^ clkbuf_3_1__f_clk/A (sky130_fd_sc_hd__clkbuf_16)
                  0.04    0.13   10.36 ^ clkbuf_3_1__f_clk/X (sky130_fd_sc_hd__clkbuf_16)
     6    0.02                           clknet_3_1__leaf_clk (net)
                  0.04    0.00   10.36 ^ _454_/CLK (sky130_fd_sc_hd__dfrtp_4)
                         -0.25   10.11   clock uncertainty
                          0.02   10.13   clock reconvergence pessimism
                         -0.08   10.05   library setup time
                                 10.05   data required time
-----------------------------------------------------------------------------
                                 10.05   data required time
                                 -2.27   data arrival time
-----------------------------------------------------------------------------
                                  7.78   slack (MET)


Startpoint: rst_n (input port clocked by clk)
Endpoint: _453_ (recovery check against rising-edge clock clk)
Path Group: asynchronous
Path Type: max

Fanout     Cap    Slew   Delay    Time   Description
-----------------------------------------------------------------------------
                          0.00    0.00   clock clk (rise edge)
                          0.00    0.00   clock network delay (propagated)
                          2.00    2.00 ^ input external delay
                  0.02    0.01    2.01 ^ rst_n (in)
     1    0.00                           rst_n (net)
                  0.02    0.00    2.01 ^ input10/A (sky130_fd_sc_hd__buf_1)
                  0.12    0.13    2.14 ^ input10/X (sky130_fd_sc_hd__buf_1)
     2    0.01                           net10 (net)
                  0.12    0.00    2.14 ^ fanout27/A (sky130_fd_sc_hd__buf_2)
                  0.16    0.23    2.37 ^ fanout27/X (sky130_fd_sc_hd__buf_2)
     7    0.03                           net27 (net)
                  0.16    0.00    2.37 ^ _453_/SET_B (sky130_fd_sc_hd__dfstp_1)
                                  2.37   data arrival time

                         10.00   10.00   clock clk (rise edge)
                          0.00   10.00   clock source latency
                  0.08    0.05   10.05 ^ clk (in)
     1    0.02                           clk (net)
                  0.08    0.00   10.05 ^ clkbuf_0_clk/A (sky130_fd_sc_hd__clkbuf_16)
                  0.09    0.17   10.22 ^ clkbuf_0_clk/X (sky130_fd_sc_hd__clkbuf_16)
     8    0.08                           clknet_0_clk (net)
                  0.09    0.00   10.22 ^ clkbuf_3_1__f_clk/A (sky130_fd_sc_hd__clkbuf_16)
                  0.04    0.13   10.36 ^ clkbuf_3_1__f_clk/X (sky130_fd_sc_hd__clkbuf_16)
     6    0.02                           clknet_3_1__leaf_clk (net)
                  0.04    0.00   10.36 ^ _453_/CLK (sky130_fd_sc_hd__dfstp_1)
                         -0.25   10.11   clock uncertainty
                          0.00   10.11   clock reconvergence pessimism
                          0.13   10.23   library recovery time
                                 10.23   data required time
-----------------------------------------------------------------------------
                                 10.23   data required time
                                 -2.37   data arrival time
-----------------------------------------------------------------------------
                                  7.86   slack (MET)


Startpoint: _418_ (rising edge-triggered flip-flop clocked by clk)
Endpoint: _426_ (rising edge-triggered flip-flop clocked by clk)
Path Group: clk
Path Type: max

Fanout     Cap    Slew   Delay    Time   Description
-----------------------------------------------------------------------------
                          0.00    0.00   clock clk (rise edge)
                          0.00    0.00   clock source latency
                  0.08    0.06    0.06 ^ clk (in)
     1    0.02                           clk (net)
                  0.08    0.00    0.06 ^ clkbuf_0_clk/A (sky130_fd_sc_hd__clkbuf_16)
                  0.09    0.19    0.24 ^ clkbuf_0_clk/X (sky130_fd_sc_hd__clkbuf_16)
     8    0.08                           clknet_0_clk (net)
                  0.09    0.00    0.25 ^ clkbuf_3_3__f_clk/A (sky130_fd_sc_hd__clkbuf_16)
                  0.04    0.15    0.40 ^ clkbuf_3_3__f_clk/X (sky130_fd_sc_hd__clkbuf_16)
     7    0.02                           clknet_3_3__leaf_clk (net)
                  0.04    0.00    0.40 ^ _418_/CLK (sky130_fd_sc_hd__dfrtp_2)
                  0.07    0.45    0.85 v _418_/Q (sky130_fd_sc_hd__dfrtp_2)
     6    0.02                           rx_baud_cnt[1] (net)
                  0.07    0.00    0.85 v _204_/A (sky130_fd_sc_hd__or3b_2)
                  0.12    0.57    1.41 v _204_/X (sky130_fd_sc_hd__or3b_2)
     6    0.02                           _058_ (net)
                  0.12    0.00    1.41 v _340_/A1 (sky130_fd_sc_hd__o31a_2)
                  0.10    0.45    1.87 v _340_/X (sky130_fd_sc_hd__o31a_2)
    10    0.02                           _158_ (net)
                  0.10    0.00    1.87 v _342_/A (sky130_fd_sc_hd__nor2_1)
                  0.15    0.18    2.05 ^ _342_/Y (sky130_fd_sc_hd__nor2_1)
     2    0.01                           _160_ (net)
                  0.15    0.00    2.05 ^ _344_/A2 (sky130_fd_sc_hd__a21oi_1)
                  0.06    0.10    2.14 v _344_/Y (sky130_fd_sc_hd__a21oi_1)
     1    0.00                           _035_ (net)
                  0.06    0.00    2.14 v _426_/D (sky130_fd_sc_hd__dfrtp_2)
                                  2.14   data arrival time

                         10.00   10.00   clock clk (rise edge)
                          0.00   10.00   clock source latency
                  0.08    0.05   10.05 ^ clk (in)
     1    0.02                           clk (net)
                  0.08    0.00   10.05 ^ clkbuf_0_clk/A (sky130_fd_sc_hd__clkbuf_16)
                  0.09    0.17   10.22 ^ clkbuf_0_clk/X (sky130_fd_sc_hd__clkbuf_16)
     8    0.08                           clknet_0_clk (net)
                  0.09    0.00   10.22 ^ clkbuf_3_4__f_clk/A (sky130_fd_sc_hd__clkbuf_16)
                  0.04    0.14   10.36 ^ clkbuf_3_4__f_clk/X (sky130_fd_sc_hd__clkbuf_16)
     8    0.02                           clknet_3_4__leaf_clk (net)
                  0.04    0.00   10.36 ^ _426_/CLK (sky130_fd_sc_hd__dfrtp_2)
                         -0.25   10.11   clock uncertainty
                          0.02   10.13   clock reconvergence pessimism
                         -0.12   10.01   library setup time
                                 10.01   data required time
-----------------------------------------------------------------------------
                                 10.01   data required time
                                 -2.14   data arrival time
-----------------------------------------------------------------------------
                                  7.87   slack (MET)


Startpoint: _418_ (rising edge-triggered flip-flop clocked by clk)
Endpoint: _455_ (rising edge-triggered flip-flop clocked by clk)
Path Group: clk
Path Type: max

Fanout     Cap    Slew   Delay    Time   Description
-----------------------------------------------------------------------------
                          0.00    0.00   clock clk (rise edge)
                          0.00    0.00   clock source latency
                  0.08    0.06    0.06 ^ clk (in)
     1    0.02                           clk (net)
                  0.08    0.00    0.06 ^ clkbuf_0_clk/A (sky130_fd_sc_hd__clkbuf_16)
                  0.09    0.19    0.24 ^ clkbuf_0_clk/X (sky130_fd_sc_hd__clkbuf_16)
     8    0.08                           clknet_0_clk (net)
                  0.09    0.00    0.25 ^ clkbuf_3_3__f_clk/A (sky130_fd_sc_hd__clkbuf_16)
                  0.04    0.15    0.40 ^ clkbuf_3_3__f_clk/X (sky130_fd_sc_hd__clkbuf_16)
     7    0.02                           clknet_3_3__leaf_clk (net)
                  0.04    0.00    0.40 ^ _418_/CLK (sky130_fd_sc_hd__dfrtp_2)
                  0.07    0.45    0.85 v _418_/Q (sky130_fd_sc_hd__dfrtp_2)
     6    0.02                           rx_baud_cnt[1] (net)
                  0.07    0.00    0.85 v _204_/A (sky130_fd_sc_hd__or3b_2)
                  0.12    0.57    1.41 v _204_/X (sky130_fd_sc_hd__or3b_2)
     6    0.02                           _058_ (net)
                  0.12    0.00    1.41 v _227_/A1 (sky130_fd_sc_hd__o31a_1)
                  0.08    0.38    1.80 v _227_/X (sky130_fd_sc_hd__o31a_1)
     4    0.01                           _077_ (net)
                  0.08    0.00    1.80 v _229_/A (sky130_fd_sc_hd__or2b_1)
                  0.05    0.25    2.04 v _229_/X (sky130_fd_sc_hd__or2b_1)
     1    0.00                           _079_ (net)
                  0.05    0.00    2.04 v _230_/A (sky130_fd_sc_hd__clkbuf_1)
                  0.03    0.10    2.14 v _230_/X (sky130_fd_sc_hd__clkbuf_1)
     1    0.00                           _012_ (net)
                  0.03    0.00    2.14 v _455_/D (sky130_fd_sc_hd__dfrtp_4)
                                  2.14   data arrival time

                         10.00   10.00   clock clk (rise edge)
                          0.00   10.00   clock source latency
                  0.08    0.05   10.05 ^ clk (in)
     1    0.02                           clk (net)
                  0.08    0.00   10.05 ^ clkbuf_0_clk/A (sky130_fd_sc_hd__clkbuf_16)
                  0.09    0.17   10.22 ^ clkbuf_0_clk/X (sky130_fd_sc_hd__clkbuf_16)
     8    0.08                           clknet_0_clk (net)
                  0.09    0.00   10.22 ^ clkbuf_3_3__f_clk/A (sky130_fd_sc_hd__clkbuf_16)
                  0.04    0.14   10.36 ^ clkbuf_3_3__f_clk/X (sky130_fd_sc_hd__clkbuf_16)
     7    0.02                           clknet_3_3__leaf_clk (net)
                  0.04    0.00   10.36 ^ _455_/CLK (sky130_fd_sc_hd__dfrtp_4)
                         -0.25   10.11   clock uncertainty
                          0.04   10.15   clock reconvergence pessimism
                         -0.11   10.04   library setup time
                                 10.04   data required time
-----------------------------------------------------------------------------
                                 10.04   data required time
                                 -2.14   data arrival time
-----------------------------------------------------------------------------
                                  7.90   slack (MET)


Startpoint: _418_ (rising edge-triggered flip-flop clocked by clk)
Endpoint: _420_ (rising edge-triggered flip-flop clocked by clk)
Path Group: clk
Path Type: max

Fanout     Cap    Slew   Delay    Time   Description
-----------------------------------------------------------------------------
                          0.00    0.00   clock clk (rise edge)
                          0.00    0.00   clock source latency
                  0.08    0.06    0.06 ^ clk (in)
     1    0.02                           clk (net)
                  0.08    0.00    0.06 ^ clkbuf_0_clk/A (sky130_fd_sc_hd__clkbuf_16)
                  0.09    0.19    0.24 ^ clkbuf_0_clk/X (sky130_fd_sc_hd__clkbuf_16)
     8    0.08                           clknet_0_clk (net)
                  0.09    0.00    0.25 ^ clkbuf_3_3__f_clk/A (sky130_fd_sc_hd__clkbuf_16)
                  0.04    0.15    0.40 ^ clkbuf_3_3__f_clk/X (sky130_fd_sc_hd__clkbuf_16)
     7    0.02                           clknet_3_3__leaf_clk (net)
                  0.04    0.00    0.40 ^ _418_/CLK (sky130_fd_sc_hd__dfrtp_2)
                  0.07    0.45    0.85 v _418_/Q (sky130_fd_sc_hd__dfrtp_2)
     6    0.02                           rx_baud_cnt[1] (net)
                  0.07    0.00    0.85 v _204_/A (sky130_fd_sc_hd__or3b_2)
                  0.12    0.57    1.41 v _204_/X (sky130_fd_sc_hd__or3b_2)
     6    0.02                           _058_ (net)
                  0.12    0.00    1.41 v _313_/A1 (sky130_fd_sc_hd__o31a_1)
                  0.04    0.32    1.74 v _313_/X (sky130_fd_sc_hd__o31a_1)
     1    0.00                           _137_ (net)
                  0.04    0.00    1.74 v _314_/B (sky130_fd_sc_hd__or2_1)
                  0.06    0.23    1.97 v _314_/X (sky130_fd_sc_hd__or2_1)
     2    0.01                           _138_ (net)
                  0.06    0.00    1.97 v _316_/A3 (sky130_fd_sc_hd__a31oi_1)
                  0.13    0.18    2.15 ^ _316_/Y (sky130_fd_sc_hd__a31oi_1)
     1    0.00                           _029_ (net)
                  0.13    0.00    2.15 ^ _420_/D (sky130_fd_sc_hd__dfrtp_1)
                                  2.15   data arrival time

                         10.00   10.00   clock clk (rise edge)
                          0.00   10.00   clock source latency
                  0.08    0.05   10.05 ^ clk (in)
     1    0.02                           clk (net)
                  0.08    0.00   10.05 ^ clkbuf_0_clk/A (sky130_fd_sc_hd__clkbuf_16)
                  0.09    0.17   10.22 ^ clkbuf_0_clk/X (sky130_fd_sc_hd__clkbuf_16)
     8    0.08                           clknet_0_clk (net)
                  0.09    0.00   10.22 ^ clkbuf_3_6__f_clk/A (sky130_fd_sc_hd__clkbuf_16)
                  0.04    0.14   10.36 ^ clkbuf_3_6__f_clk/X (sky130_fd_sc_hd__clkbuf_16)
     8    0.02                           clknet_3_6__leaf_clk (net)
                  0.04    0.00   10.36 ^ _420_/CLK (sky130_fd_sc_hd__dfrtp_1)
                         -0.25   10.11   clock uncertainty
                          0.02   10.13   clock reconvergence pessimism
                         -0.08   10.05   library setup time
                                 10.05   data required time
-----------------------------------------------------------------------------
                                 10.05   data required time
                                 -2.15   data arrival time
-----------------------------------------------------------------------------
                                  7.91   slack (MET)


Startpoint: _423_ (rising edge-triggered flip-flop clocked by clk)
Endpoint: _408_ (rising edge-triggered flip-flop clocked by clk)
Path Group: clk
Path Type: max

Fanout     Cap    Slew   Delay    Time   Description
-----------------------------------------------------------------------------
                          0.00    0.00   clock clk (rise edge)
                          0.00    0.00   clock source latency
                  0.08    0.06    0.06 ^ clk (in)
     1    0.02                           clk (net)
                  0.08    0.00    0.06 ^ clkbuf_0_clk/A (sky130_fd_sc_hd__clkbuf_16)
                  0.09    0.19    0.24 ^ clkbuf_0_clk/X (sky130_fd_sc_hd__clkbuf_16)
     8    0.08                           clknet_0_clk (net)
                  0.09    0.00    0.25 ^ clkbuf_3_2__f_clk/A (sky130_fd_sc_hd__clkbuf_16)
                  0.05    0.15    0.40 ^ clkbuf_3_2__f_clk/X (sky130_fd_sc_hd__clkbuf_16)
     9    0.02                           clknet_3_2__leaf_clk (net)
                  0.05    0.00    0.40 ^ _423_/CLK (sky130_fd_sc_hd__dfrtp_4)
                  0.08    0.53    0.93 v _423_/Q (sky130_fd_sc_hd__dfrtp_4)
     9    0.02                           rx_baud_cnt[6] (net)
                  0.08    0.00    0.93 v _206_/B (sky130_fd_sc_hd__or4bb_1)
                  0.11    0.55    1.48 v _206_/X (sky130_fd_sc_hd__or4bb_1)
     3    0.01                           _060_ (net)
                  0.11    0.00    1.48 v _207_/C (sky130_fd_sc_hd__nor3_1)
                  0.24    0.23    1.71 ^ _207_/Y (sky130_fd_sc_hd__nor3_1)
     2    0.01                           _061_ (net)
                  0.24    0.00    1.71 ^ max_cap23/A (sky130_fd_sc_hd__clkbuf_2)
                  0.10    0.21    1.92 ^ max_cap23/X (sky130_fd_sc_hd__clkbuf_2)
     4    0.02                           net23 (net)
                  0.10    0.00    1.92 ^ _239_/C (sky130_fd_sc_hd__nand3_4)
                  0.12    0.14    2.06 v _239_/Y (sky130_fd_sc_hd__nand3_4)
     9    0.03                           _086_ (net)
                  0.12    0.00    2.06 v _240_/A (sky130_fd_sc_hd__inv_2)
                  0.05    0.09    2.15 ^ _240_/Y (sky130_fd_sc_hd__inv_2)
     1    0.01                           _000_ (net)
                  0.05    0.00    2.15 ^ _408_/D (sky130_fd_sc_hd__dfrtp_1)
                                  2.15   data arrival time

                         10.00   10.00   clock clk (rise edge)
                          0.00   10.00   clock source latency
                  0.08    0.05   10.05 ^ clk (in)
     1    0.02                           clk (net)
                  0.08    0.00   10.05 ^ clkbuf_0_clk/A (sky130_fd_sc_hd__clkbuf_16)
                  0.09    0.17   10.22 ^ clkbuf_0_clk/X (sky130_fd_sc_hd__clkbuf_16)
     8    0.08                           clknet_0_clk (net)
                  0.09    0.00   10.22 ^ clkbuf_3_3__f_clk/A (sky130_fd_sc_hd__clkbuf_16)
                  0.04    0.14   10.36 ^ clkbuf_3_3__f_clk/X (sky130_fd_sc_hd__clkbuf_16)
     7    0.02                           clknet_3_3__leaf_clk (net)
                  0.04    0.00   10.36 ^ _408_/CLK (sky130_fd_sc_hd__dfrtp_1)
                         -0.25   10.11   clock uncertainty
                          0.02   10.13   clock reconvergence pessimism
                         -0.06   10.07   library setup time
                                 10.07   data required time
-----------------------------------------------------------------------------
                                 10.07   data required time
                                 -2.15   data arrival time
-----------------------------------------------------------------------------
                                  7.92   slack (MET)


Startpoint: rst_n (input port clocked by clk)
Endpoint: _424_ (recovery check against rising-edge clock clk)
Path Group: asynchronous
Path Type: max

Fanout     Cap    Slew   Delay    Time   Description
-----------------------------------------------------------------------------
                          0.00    0.00   clock clk (rise edge)
                          0.00    0.00   clock network delay (propagated)
                          2.00    2.00 ^ input external delay
                  0.02    0.01    2.01 ^ rst_n (in)
     1    0.00                           rst_n (net)
                  0.02    0.00    2.01 ^ input10/A (sky130_fd_sc_hd__buf_1)
                  0.12    0.13    2.14 ^ input10/X (sky130_fd_sc_hd__buf_1)
     2    0.01                           net10 (net)
                  0.12    0.00    2.14 ^ fanout27/A (sky130_fd_sc_hd__buf_2)
                  0.16    0.23    2.37 ^ fanout27/X (sky130_fd_sc_hd__buf_2)
     7    0.03                           net27 (net)
                  0.16    0.00    2.37 ^ _424_/RESET_B (sky130_fd_sc_hd__dfrtp_2)
                                  2.37   data arrival time

                         10.00   10.00   clock clk (rise edge)
                          0.00   10.00   clock source latency
                  0.08    0.05   10.05 ^ clk (in)
     1    0.02                           clk (net)
                  0.08    0.00   10.05 ^ clkbuf_0_clk/A (sky130_fd_sc_hd__clkbuf_16)
                  0.09    0.17   10.22 ^ clkbuf_0_clk/X (sky130_fd_sc_hd__clkbuf_16)
     8    0.08                           clknet_0_clk (net)
                  0.09    0.00   10.22 ^ clkbuf_3_2__f_clk/A (sky130_fd_sc_hd__clkbuf_16)
                  0.05    0.14   10.36 ^ clkbuf_3_2__f_clk/X (sky130_fd_sc_hd__clkbuf_16)
     9    0.02                           clknet_3_2__leaf_clk (net)
                  0.05    0.00   10.36 ^ _424_/CLK (sky130_fd_sc_hd__dfrtp_2)
                         -0.25   10.11   clock uncertainty
                          0.00   10.11   clock reconvergence pessimism
                          0.19   10.30   library recovery time
                                 10.30   data required time
-----------------------------------------------------------------------------
                                 10.30   data required time
                                 -2.37   data arrival time
-----------------------------------------------------------------------------
                                  7.93   slack (MET)


Startpoint: rx_in (input port clocked by clk)
Endpoint: _451_ (rising edge-triggered flip-flop clocked by clk)
Path Group: clk
Path Type: max

Fanout     Cap    Slew   Delay    Time   Description
-----------------------------------------------------------------------------
                          0.00    0.00   clock clk (rise edge)
                          0.00    0.00   clock network delay (propagated)
                          2.00    2.00 v input external delay
                  0.01    0.00    2.00 v rx_in (in)
     1    0.00                           rx_in (net)
                  0.01    0.00    2.00 v input11/A (sky130_fd_sc_hd__clkbuf_1)
                  0.03    0.08    2.08 v input11/X (sky130_fd_sc_hd__clkbuf_1)
     1    0.00                           net11 (net)
                  0.03    0.00    2.08 v _451_/D (sky130_fd_sc_hd__dfxtp_1)
                                  2.08   data arrival time

                         10.00   10.00   clock clk (rise edge)
                          0.00   10.00   clock source latency
                  0.08    0.05   10.05 ^ clk (in)
     1    0.02                           clk (net)
                  0.08    0.00   10.05 ^ clkbuf_0_clk/A (sky130_fd_sc_hd__clkbuf_16)
                  0.09    0.17   10.22 ^ clkbuf_0_clk/X (sky130_fd_sc_hd__clkbuf_16)
     8    0.08                           clknet_0_clk (net)
                  0.09    0.00   10.22 ^ clkbuf_3_2__f_clk/A (sky130_fd_sc_hd__clkbuf_16)
                  0.05    0.14   10.36 ^ clkbuf_3_2__f_clk/X (sky130_fd_sc_hd__clkbuf_16)
     9    0.02                           clknet_3_2__leaf_clk (net)
                  0.05    0.00   10.36 ^ _451_/CLK (sky130_fd_sc_hd__dfxtp_1)
                         -0.25   10.11   clock uncertainty
                          0.00   10.11   clock reconvergence pessimism
                         -0.10   10.01   library setup time
                                 10.01   data required time
-----------------------------------------------------------------------------
                                 10.01   data required time
                                 -2.08   data arrival time
-----------------------------------------------------------------------------
                                  7.93   slack (MET)


Startpoint: rst_n (input port clocked by clk)
Endpoint: _422_ (recovery check against rising-edge clock clk)
Path Group: asynchronous
Path Type: max

Fanout     Cap    Slew   Delay    Time   Description
-----------------------------------------------------------------------------
                          0.00    0.00   clock clk (rise edge)
                          0.00    0.00   clock network delay (propagated)
                          2.00    2.00 ^ input external delay
                  0.02    0.01    2.01 ^ rst_n (in)
     1    0.00                           rst_n (net)
                  0.02    0.00    2.01 ^ input10/A (sky130_fd_sc_hd__buf_1)
                  0.12    0.13    2.14 ^ input10/X (sky130_fd_sc_hd__buf_1)
     2    0.01                           net10 (net)
                  0.12    0.00    2.14 ^ fanout27/A (sky130_fd_sc_hd__buf_2)
                  0.16    0.23    2.37 ^ fanout27/X (sky130_fd_sc_hd__buf_2)
     7    0.03                           net27 (net)
                  0.16    0.00    2.37 ^ _422_/RESET_B (sky130_fd_sc_hd__dfrtp_1)
                                  2.37   data arrival time

                         10.00   10.00   clock clk (rise edge)
                          0.00   10.00   clock source latency
                  0.08    0.05   10.05 ^ clk (in)
     1    0.02                           clk (net)
                  0.08    0.00   10.05 ^ clkbuf_0_clk/A (sky130_fd_sc_hd__clkbuf_16)
                  0.09    0.17   10.22 ^ clkbuf_0_clk/X (sky130_fd_sc_hd__clkbuf_16)
     8    0.08                           clknet_0_clk (net)
                  0.09    0.00   10.22 ^ clkbuf_3_0__f_clk/A (sky130_fd_sc_hd__clkbuf_16)
                  0.05    0.14   10.36 ^ clkbuf_3_0__f_clk/X (sky130_fd_sc_hd__clkbuf_16)
     8    0.02                           clknet_3_0__leaf_clk (net)
                  0.05    0.00   10.36 ^ _422_/CLK (sky130_fd_sc_hd__dfrtp_1)
                         -0.25   10.11   clock uncertainty
                          0.00   10.11   clock reconvergence pessimism
                          0.20   10.31   library recovery time
                                 10.31   data required time
-----------------------------------------------------------------------------
                                 10.31   data required time
                                 -2.37   data arrival time
-----------------------------------------------------------------------------
                                  7.94   slack (MET)


Startpoint: rst_n (input port clocked by clk)
Endpoint: _425_ (recovery check against rising-edge clock clk)
Path Group: asynchronous
Path Type: max

Fanout     Cap    Slew   Delay    Time   Description
-----------------------------------------------------------------------------
                          0.00    0.00   clock clk (rise edge)
                          0.00    0.00   clock network delay (propagated)
                          2.00    2.00 ^ input external delay
                  0.02    0.01    2.01 ^ rst_n (in)
     1    0.00                           rst_n (net)
                  0.02    0.00    2.01 ^ input10/A (sky130_fd_sc_hd__buf_1)
                  0.12    0.13    2.14 ^ input10/X (sky130_fd_sc_hd__buf_1)
     2    0.01                           net10 (net)
                  0.12    0.00    2.14 ^ fanout27/A (sky130_fd_sc_hd__buf_2)
                  0.16    0.23    2.37 ^ fanout27/X (sky130_fd_sc_hd__buf_2)
     7    0.03                           net27 (net)
                  0.16    0.00    2.37 ^ _425_/RESET_B (sky130_fd_sc_hd__dfrtp_1)
                                  2.37   data arrival time

                         10.00   10.00   clock clk (rise edge)
                          0.00   10.00   clock source latency
                  0.08    0.05   10.05 ^ clk (in)
     1    0.02                           clk (net)
                  0.08    0.00   10.05 ^ clkbuf_0_clk/A (sky130_fd_sc_hd__clkbuf_16)
                  0.09    0.17   10.22 ^ clkbuf_0_clk/X (sky130_fd_sc_hd__clkbuf_16)
     8    0.08                           clknet_0_clk (net)
                  0.09    0.00   10.22 ^ clkbuf_3_0__f_clk/A (sky130_fd_sc_hd__clkbuf_16)
                  0.05    0.14   10.36 ^ clkbuf_3_0__f_clk/X (sky130_fd_sc_hd__clkbuf_16)
     8    0.02                           clknet_3_0__leaf_clk (net)
                  0.05    0.00   10.36 ^ _425_/CLK (sky130_fd_sc_hd__dfrtp_1)
                         -0.25   10.11   clock uncertainty
                          0.00   10.11   clock reconvergence pessimism
                          0.20   10.31   library recovery time
                                 10.31   data required time
-----------------------------------------------------------------------------
                                 10.31   data required time
                                 -2.37   data arrival time
-----------------------------------------------------------------------------
                                  7.94   slack (MET)


Startpoint: rst_n (input port clocked by clk)
Endpoint: _462_ (recovery check against rising-edge clock clk)
Path Group: asynchronous
Path Type: max

Fanout     Cap    Slew   Delay    Time   Description
-----------------------------------------------------------------------------
                          0.00    0.00   clock clk (rise edge)
                          0.00    0.00   clock network delay (propagated)
                          2.00    2.00 ^ input external delay
                  0.02    0.01    2.01 ^ rst_n (in)
     1    0.00                           rst_n (net)
                  0.02    0.00    2.01 ^ input10/A (sky130_fd_sc_hd__buf_1)
                  0.12    0.13    2.14 ^ input10/X (sky130_fd_sc_hd__buf_1)
     2    0.01                           net10 (net)
                  0.12    0.00    2.15 ^ fanout31/A (sky130_fd_sc_hd__clkbuf_2)
                  0.10    0.18    2.33 ^ fanout31/X (sky130_fd_sc_hd__clkbuf_2)
     6    0.02                           net31 (net)
                  0.10    0.00    2.33 ^ _462_/RESET_B (sky130_fd_sc_hd__dfrtp_1)
                                  2.33   data arrival time

                         10.00   10.00   clock clk (rise edge)
                          0.00   10.00   clock source latency
                  0.08    0.05   10.05 ^ clk (in)
     1    0.02                           clk (net)
                  0.08    0.00   10.05 ^ clkbuf_0_clk/A (sky130_fd_sc_hd__clkbuf_16)
                  0.09    0.17   10.22 ^ clkbuf_0_clk/X (sky130_fd_sc_hd__clkbuf_16)
     8    0.08                           clknet_0_clk (net)
                  0.09    0.00   10.22 ^ clkbuf_3_3__f_clk/A (sky130_fd_sc_hd__clkbuf_16)
                  0.04    0.14   10.36 ^ clkbuf_3_3__f_clk/X (sky130_fd_sc_hd__clkbuf_16)
     7    0.02                           clknet_3_3__leaf_clk (net)
                  0.04    0.00   10.36 ^ _462_/CLK (sky130_fd_sc_hd__dfrtp_1)
                         -0.25   10.11   clock uncertainty
                          0.00   10.11   clock reconvergence pessimism
                          0.22   10.33   library recovery time
                                 10.33   data required time
-----------------------------------------------------------------------------
                                 10.33   data required time
                                 -2.33   data arrival time
-----------------------------------------------------------------------------
                                  8.00   slack (MET)


Startpoint: rst_n (input port clocked by clk)
Endpoint: _463_ (recovery check against rising-edge clock clk)
Path Group: asynchronous
Path Type: max

Fanout     Cap    Slew   Delay    Time   Description
-----------------------------------------------------------------------------
                          0.00    0.00   clock clk (rise edge)
                          0.00    0.00   clock network delay (propagated)
                          2.00    2.00 ^ input external delay
                  0.02    0.01    2.01 ^ rst_n (in)
     1    0.00                           rst_n (net)
                  0.02    0.00    2.01 ^ input10/A (sky130_fd_sc_hd__buf_1)
                  0.12    0.13    2.14 ^ input10/X (sky130_fd_sc_hd__buf_1)
     2    0.01                           net10 (net)
                  0.12    0.00    2.15 ^ fanout31/A (sky130_fd_sc_hd__clkbuf_2)
                  0.10    0.18    2.33 ^ fanout31/X (sky130_fd_sc_hd__clkbuf_2)
     6    0.02                           net31 (net)
                  0.10    0.00    2.33 ^ _463_/RESET_B (sky130_fd_sc_hd__dfrtp_1)
                                  2.33   data arrival time

                         10.00   10.00   clock clk (rise edge)
                          0.00   10.00   clock source latency
                  0.08    0.05   10.05 ^ clk (in)
     1    0.02                           clk (net)
                  0.08    0.00   10.05 ^ clkbuf_0_clk/A (sky130_fd_sc_hd__clkbuf_16)
                  0.09    0.17   10.22 ^ clkbuf_0_clk/X (sky130_fd_sc_hd__clkbuf_16)
     8    0.08                           clknet_0_clk (net)
                  0.09    0.00   10.22 ^ clkbuf_3_3__f_clk/A (sky130_fd_sc_hd__clkbuf_16)
                  0.04    0.14   10.36 ^ clkbuf_3_3__f_clk/X (sky130_fd_sc_hd__clkbuf_16)
     7    0.02                           clknet_3_3__leaf_clk (net)
                  0.04    0.00   10.36 ^ _463_/CLK (sky130_fd_sc_hd__dfrtp_1)
                         -0.25   10.11   clock uncertainty
                          0.00   10.11   clock reconvergence pessimism
                          0.22   10.33   library recovery time
                                 10.33   data required time
-----------------------------------------------------------------------------
                                 10.33   data required time
                                 -2.33   data arrival time
-----------------------------------------------------------------------------
                                  8.00   slack (MET)


Startpoint: rst_n (input port clocked by clk)
Endpoint: _461_ (recovery check against rising-edge clock clk)
Path Group: asynchronous
Path Type: max

Fanout     Cap    Slew   Delay    Time   Description
-----------------------------------------------------------------------------
                          0.00    0.00   clock clk (rise edge)
                          0.00    0.00   clock network delay (propagated)
                          2.00    2.00 ^ input external delay
                  0.02    0.01    2.01 ^ rst_n (in)
     1    0.00                           rst_n (net)
                  0.02    0.00    2.01 ^ input10/A (sky130_fd_sc_hd__buf_1)
                  0.12    0.13    2.14 ^ input10/X (sky130_fd_sc_hd__buf_1)
     2    0.01                           net10 (net)
                  0.12    0.00    2.15 ^ fanout31/A (sky130_fd_sc_hd__clkbuf_2)
                  0.10    0.18    2.33 ^ fanout31/X (sky130_fd_sc_hd__clkbuf_2)
     6    0.02                           net31 (net)
                  0.10    0.00    2.33 ^ _461_/RESET_B (sky130_fd_sc_hd__dfrtp_1)
                                  2.33   data arrival time

                         10.00   10.00   clock clk (rise edge)
                          0.00   10.00   clock source latency
                  0.08    0.05   10.05 ^ clk (in)
     1    0.02                           clk (net)
                  0.08    0.00   10.05 ^ clkbuf_0_clk/A (sky130_fd_sc_hd__clkbuf_16)
                  0.09    0.17   10.22 ^ clkbuf_0_clk/X (sky130_fd_sc_hd__clkbuf_16)
     8    0.08                           clknet_0_clk (net)
                  0.09    0.00   10.22 ^ clkbuf_3_2__f_clk/A (sky130_fd_sc_hd__clkbuf_16)
                  0.05    0.14   10.36 ^ clkbuf_3_2__f_clk/X (sky130_fd_sc_hd__clkbuf_16)
     9    0.02                           clknet_3_2__leaf_clk (net)
                  0.05    0.00   10.36 ^ _461_/CLK (sky130_fd_sc_hd__dfrtp_1)
                         -0.25   10.11   clock uncertainty
                          0.00   10.11   clock reconvergence pessimism
                          0.22   10.33   library recovery time
                                 10.33   data required time
-----------------------------------------------------------------------------
                                 10.33   data required time
                                 -2.33   data arrival time
-----------------------------------------------------------------------------
                                  8.00   slack (MET)


Startpoint: _448_ (rising edge-triggered flip-flop clocked by clk)
Endpoint: _429_ (rising edge-triggered flip-flop clocked by clk)
Path Group: clk
Path Type: max

Fanout     Cap    Slew   Delay    Time   Description
-----------------------------------------------------------------------------
                          0.00    0.00   clock clk (rise edge)
                          0.00    0.00   clock source latency
                  0.08    0.06    0.06 ^ clk (in)
     1    0.02                           clk (net)
                  0.08    0.00    0.06 ^ clkbuf_0_clk/A (sky130_fd_sc_hd__clkbuf_16)
                  0.09    0.19    0.24 ^ clkbuf_0_clk/X (sky130_fd_sc_hd__clkbuf_16)
     8    0.08                           clknet_0_clk (net)
                  0.09    0.00    0.25 ^ clkbuf_3_6__f_clk/A (sky130_fd_sc_hd__clkbuf_16)
                  0.04    0.15    0.40 ^ clkbuf_3_6__f_clk/X (sky130_fd_sc_hd__clkbuf_16)
     8    0.02                           clknet_3_6__leaf_clk (net)
                  0.04    0.00    0.40 ^ _448_/CLK (sky130_fd_sc_hd__dfrtp_4)
                  0.10    0.47    0.87 ^ _448_/Q (sky130_fd_sc_hd__dfrtp_4)
     7    0.03                           tx_bit_cnt[0] (net)
                  0.10    0.00    0.87 ^ _246_/S0 (sky130_fd_sc_hd__mux4_1)
                  0.08    0.58    1.44 v _246_/X (sky130_fd_sc_hd__mux4_1)
     1    0.00                           _091_ (net)
                  0.08    0.00    1.44 v _247_/A (sky130_fd_sc_hd__or2b_1)
                  0.05    0.25    1.69 v _247_/X (sky130_fd_sc_hd__or2b_1)
     1    0.00                           _092_ (net)
                  0.05    0.00    1.69 v _248_/A3 (sky130_fd_sc_hd__a311o_1)
                  0.05    0.35    2.05 v _248_/X (sky130_fd_sc_hd__a311o_1)
     1    0.00                           _203_ (net)
                  0.05    0.00    2.05 v _429_/D (sky130_fd_sc_hd__dfstp_1)
                                  2.05   data arrival time

                         10.00   10.00   clock clk (rise edge)
                          0.00   10.00   clock source latency
                  0.08    0.05   10.05 ^ clk (in)
     1    0.02                           clk (net)
                  0.08    0.00   10.05 ^ clkbuf_0_clk/A (sky130_fd_sc_hd__clkbuf_16)
                  0.09    0.17   10.22 ^ clkbuf_0_clk/X (sky130_fd_sc_hd__clkbuf_16)
     8    0.08                           clknet_0_clk (net)
                  0.09    0.00   10.22 ^ clkbuf_3_5__f_clk/A (sky130_fd_sc_hd__clkbuf_16)
                  0.04    0.13   10.36 ^ clkbuf_3_5__f_clk/X (sky130_fd_sc_hd__clkbuf_16)
     6    0.02                           clknet_3_5__leaf_clk (net)
                  0.04    0.00   10.36 ^ _429_/CLK (sky130_fd_sc_hd__dfstp_1)
                         -0.25   10.11   clock uncertainty
                          0.02   10.13   clock reconvergence pessimism
                         -0.07   10.06   library setup time
                                 10.06   data required time
-----------------------------------------------------------------------------
                                 10.06   data required time
                                 -2.05   data arrival time
-----------------------------------------------------------------------------
                                  8.01   slack (MET)


Startpoint: _438_ (rising edge-triggered flip-flop clocked by clk)
Endpoint: _445_ (rising edge-triggered flip-flop clocked by clk)
Path Group: clk
Path Type: max

Fanout     Cap    Slew   Delay    Time   Description
-----------------------------------------------------------------------------
                          0.00    0.00   clock clk (rise edge)
                          0.00    0.00   clock source latency
                  0.08    0.06    0.06 ^ clk (in)
     1    0.02                           clk (net)
                  0.08    0.00    0.06 ^ clkbuf_0_clk/A (sky130_fd_sc_hd__clkbuf_16)
                  0.09    0.19    0.24 ^ clkbuf_0_clk/X (sky130_fd_sc_hd__clkbuf_16)
     8    0.08                           clknet_0_clk (net)
                  0.09    0.00    0.25 ^ clkbuf_3_6__f_clk/A (sky130_fd_sc_hd__clkbuf_16)
                  0.04    0.15    0.40 ^ clkbuf_3_6__f_clk/X (sky130_fd_sc_hd__clkbuf_16)
     8    0.02                           clknet_3_6__leaf_clk (net)
                  0.04    0.00    0.40 ^ _438_/CLK (sky130_fd_sc_hd__dfrtp_4)
                  0.08    0.52    0.92 v _438_/Q (sky130_fd_sc_hd__dfrtp_4)
     9    0.02                           tx_baud_cnt[0] (net)
                  0.08    0.00    0.92 v _261_/B (sky130_fd_sc_hd__and4_1)
                  0.08    0.25    1.17 v _261_/X (sky130_fd_sc_hd__and4_1)
     6    0.01                           _102_ (net)
                  0.08    0.00    1.17 v _272_/D (sky130_fd_sc_hd__and4_2)
                  0.06    0.29    1.46 v _272_/X (sky130_fd_sc_hd__and4_2)
     5    0.01                           _110_ (net)
                  0.06    0.00    1.46 v _275_/A2 (sky130_fd_sc_hd__a211o_1)
                  0.04    0.30    1.75 v _275_/X (sky130_fd_sc_hd__a211o_1)
     1    0.00                           _112_ (net)
                  0.04    0.00    1.75 v _276_/B1_N (sky130_fd_sc_hd__o21ba_1)
                  0.05    0.22    1.97 ^ _276_/X (sky130_fd_sc_hd__o21ba_1)
     1    0.00                           _008_ (net)
                  0.05    0.00    1.97 ^ _445_/D (sky130_fd_sc_hd__dfrtp_1)
                                  1.97   data arrival time

                         10.00   10.00   clock clk (rise edge)
                          0.00   10.00   clock source latency
                  0.08    0.05   10.05 ^ clk (in)
     1    0.02                           clk (net)
                  0.08    0.00   10.05 ^ clkbuf_0_clk/A (sky130_fd_sc_hd__clkbuf_16)
                  0.09    0.17   10.22 ^ clkbuf_0_clk/X (sky130_fd_sc_hd__clkbuf_16)
     8    0.08                           clknet_0_clk (net)
                  0.09    0.00   10.22 ^ clkbuf_3_7__f_clk/A (sky130_fd_sc_hd__clkbuf_16)
                  0.04    0.13   10.36 ^ clkbuf_3_7__f_clk/X (sky130_fd_sc_hd__clkbuf_16)
     9    0.02                           clknet_3_7__leaf_clk (net)
                  0.04    0.00   10.36 ^ _445_/CLK (sky130_fd_sc_hd__dfrtp_1)
                         -0.25   10.11   clock uncertainty
                          0.02   10.13   clock reconvergence pessimism
                         -0.06   10.07   library setup time
                                 10.07   data required time
-----------------------------------------------------------------------------
                                 10.07   data required time
                                 -1.97   data arrival time
-----------------------------------------------------------------------------
                                  8.10   slack (MET)


Startpoint: _438_ (rising edge-triggered flip-flop clocked by clk)
Endpoint: _446_ (rising edge-triggered flip-flop clocked by clk)
Path Group: clk
Path Type: max

Fanout     Cap    Slew   Delay    Time   Description
-----------------------------------------------------------------------------
                          0.00    0.00   clock clk (rise edge)
                          0.00    0.00   clock source latency
                  0.08    0.06    0.06 ^ clk (in)
     1    0.02                           clk (net)
                  0.08    0.00    0.06 ^ clkbuf_0_clk/A (sky130_fd_sc_hd__clkbuf_16)
                  0.09    0.19    0.24 ^ clkbuf_0_clk/X (sky130_fd_sc_hd__clkbuf_16)
     8    0.08                           clknet_0_clk (net)
                  0.09    0.00    0.25 ^ clkbuf_3_6__f_clk/A (sky130_fd_sc_hd__clkbuf_16)
                  0.04    0.15    0.40 ^ clkbuf_3_6__f_clk/X (sky130_fd_sc_hd__clkbuf_16)
     8    0.02                           clknet_3_6__leaf_clk (net)
                  0.04    0.00    0.40 ^ _438_/CLK (sky130_fd_sc_hd__dfrtp_4)
                  0.08    0.52    0.92 v _438_/Q (sky130_fd_sc_hd__dfrtp_4)
     9    0.02                           tx_baud_cnt[0] (net)
                  0.08    0.00    0.92 v _261_/B (sky130_fd_sc_hd__and4_1)
                  0.08    0.25    1.17 v _261_/X (sky130_fd_sc_hd__and4_1)
     6    0.01                           _102_ (net)
                  0.08    0.00    1.17 v _272_/D (sky130_fd_sc_hd__and4_2)
                  0.06    0.29    1.46 v _272_/X (sky130_fd_sc_hd__and4_2)
     5    0.01                           _110_ (net)
                  0.06    0.00    1.46 v _278_/A2 (sky130_fd_sc_hd__a21o_1)
                  0.03    0.18    1.64 v _278_/X (sky130_fd_sc_hd__a21o_1)
     1    0.00                           _114_ (net)
                  0.03    0.00    1.64 v _279_/C (sky130_fd_sc_hd__and3_1)
                  0.04    0.18    1.82 v _279_/X (sky130_fd_sc_hd__and3_1)
     1    0.00                           _115_ (net)
                  0.04    0.00    1.82 v _280_/A (sky130_fd_sc_hd__clkbuf_1)
                  0.03    0.09    1.90 v _280_/X (sky130_fd_sc_hd__clkbuf_1)
     1    0.00                           _009_ (net)
                  0.03    0.00    1.90 v _446_/D (sky130_fd_sc_hd__dfrtp_1)
                                  1.90   data arrival time

                         10.00   10.00   clock clk (rise edge)
                          0.00   10.00   clock source latency
                  0.08    0.05   10.05 ^ clk (in)
     1    0.02                           clk (net)
                  0.08    0.00   10.05 ^ clkbuf_0_clk/A (sky130_fd_sc_hd__clkbuf_16)
                  0.09    0.17   10.22 ^ clkbuf_0_clk/X (sky130_fd_sc_hd__clkbuf_16)
     8    0.08                           clknet_0_clk (net)
                  0.09    0.00   10.22 ^ clkbuf_3_7__f_clk/A (sky130_fd_sc_hd__clkbuf_16)
                  0.04    0.13   10.36 ^ clkbuf_3_7__f_clk/X (sky130_fd_sc_hd__clkbuf_16)
     9    0.02                           clknet_3_7__leaf_clk (net)
                  0.04    0.00   10.36 ^ _446_/CLK (sky130_fd_sc_hd__dfrtp_1)
                         -0.25   10.11   clock uncertainty
                          0.02   10.13   clock reconvergence pessimism
                         -0.11   10.02   library setup time
                                 10.02   data required time
-----------------------------------------------------------------------------
                                 10.02   data required time
                                 -1.90   data arrival time
-----------------------------------------------------------------------------
                                  8.12   slack (MET)


Startpoint: _439_ (rising edge-triggered flip-flop clocked by clk)
Endpoint: _443_ (rising edge-triggered flip-flop clocked by clk)
Path Group: clk
Path Type: max

Fanout     Cap    Slew   Delay    Time   Description
-----------------------------------------------------------------------------
                          0.00    0.00   clock clk (rise edge)
                          0.00    0.00   clock source latency
                  0.08    0.06    0.06 ^ clk (in)
     1    0.02                           clk (net)
                  0.08    0.00    0.06 ^ clkbuf_0_clk/A (sky130_fd_sc_hd__clkbuf_16)
                  0.09    0.19    0.24 ^ clkbuf_0_clk/X (sky130_fd_sc_hd__clkbuf_16)
     8    0.08                           clknet_0_clk (net)
                  0.09    0.00    0.25 ^ clkbuf_3_7__f_clk/A (sky130_fd_sc_hd__clkbuf_16)
                  0.04    0.15    0.39 ^ clkbuf_3_7__f_clk/X (sky130_fd_sc_hd__clkbuf_16)
     9    0.02                           clknet_3_7__leaf_clk (net)
                  0.04    0.00    0.39 ^ _439_/CLK (sky130_fd_sc_hd__dfrtp_2)
                  0.07    0.44    0.84 v _439_/Q (sky130_fd_sc_hd__dfrtp_2)
     6    0.02                           tx_baud_cnt[1] (net)
                  0.07    0.00    0.84 v _219_/A_N (sky130_fd_sc_hd__and4bb_1)
                  0.11    0.31    1.15 ^ _219_/X (sky130_fd_sc_hd__and4bb_1)
     3    0.01                           _071_ (net)
                  0.11    0.00    1.15 ^ _220_/C (sky130_fd_sc_hd__and3_1)
                  0.05    0.17    1.32 ^ _220_/X (sky130_fd_sc_hd__and3_1)
     1    0.00                           _072_ (net)
                  0.05    0.00    1.32 ^ _221_/A (sky130_fd_sc_hd__buf_2)
                  0.14    0.19    1.51 ^ _221_/X (sky130_fd_sc_hd__buf_2)
     9    0.03                           _073_ (net)
                  0.14    0.00    1.51 ^ _251_/A (sky130_fd_sc_hd__nor2_1)
                  0.07    0.09    1.59 v _251_/Y (sky130_fd_sc_hd__nor2_1)
     4    0.01                           _094_ (net)
                  0.07    0.00    1.59 v _270_/B (sky130_fd_sc_hd__and3b_1)
                  0.04    0.18    1.78 v _270_/X (sky130_fd_sc_hd__and3b_1)
     1    0.00                           _109_ (net)
                  0.04    0.00    1.78 v _271_/A (sky130_fd_sc_hd__clkbuf_1)
                  0.03    0.09    1.87 v _271_/X (sky130_fd_sc_hd__clkbuf_1)
     1    0.00                           _006_ (net)
                  0.03    0.00    1.87 v _443_/D (sky130_fd_sc_hd__dfrtp_1)
                                  1.87   data arrival time

                         10.00   10.00   clock clk (rise edge)
                          0.00   10.00   clock source latency
                  0.08    0.05   10.05 ^ clk (in)
     1    0.02                           clk (net)
                  0.08    0.00   10.05 ^ clkbuf_0_clk/A (sky130_fd_sc_hd__clkbuf_16)
                  0.09    0.17   10.22 ^ clkbuf_0_clk/X (sky130_fd_sc_hd__clkbuf_16)
     8    0.08                           clknet_0_clk (net)
                  0.09    0.00   10.22 ^ clkbuf_3_5__f_clk/A (sky130_fd_sc_hd__clkbuf_16)
                  0.04    0.13   10.36 ^ clkbuf_3_5__f_clk/X (sky130_fd_sc_hd__clkbuf_16)
     6    0.02                           clknet_3_5__leaf_clk (net)
                  0.04    0.00   10.36 ^ _443_/CLK (sky130_fd_sc_hd__dfrtp_1)
                         -0.25   10.11   clock uncertainty
                          0.02   10.13   clock reconvergence pessimism
                         -0.11   10.02   library setup time
                                 10.02   data required time
-----------------------------------------------------------------------------
                                 10.02   data required time
                                 -1.87   data arrival time
-----------------------------------------------------------------------------
                                  8.15   slack (MET)


Startpoint: _439_ (rising edge-triggered flip-flop clocked by clk)
Endpoint: _442_ (rising edge-triggered flip-flop clocked by clk)
Path Group: clk
Path Type: max

Fanout     Cap    Slew   Delay    Time   Description
-----------------------------------------------------------------------------
                          0.00    0.00   clock clk (rise edge)
                          0.00    0.00   clock source latency
                  0.08    0.06    0.06 ^ clk (in)
     1    0.02                           clk (net)
                  0.08    0.00    0.06 ^ clkbuf_0_clk/A (sky130_fd_sc_hd__clkbuf_16)
                  0.09    0.19    0.24 ^ clkbuf_0_clk/X (sky130_fd_sc_hd__clkbuf_16)
     8    0.08                           clknet_0_clk (net)
                  0.09    0.00    0.25 ^ clkbuf_3_7__f_clk/A (sky130_fd_sc_hd__clkbuf_16)
                  0.04    0.15    0.39 ^ clkbuf_3_7__f_clk/X (sky130_fd_sc_hd__clkbuf_16)
     9    0.02                           clknet_3_7__leaf_clk (net)
                  0.04    0.00    0.39 ^ _439_/CLK (sky130_fd_sc_hd__dfrtp_2)
                  0.07    0.44    0.84 v _439_/Q (sky130_fd_sc_hd__dfrtp_2)
     6    0.02                           tx_baud_cnt[1] (net)
                  0.07    0.00    0.84 v _219_/A_N (sky130_fd_sc_hd__and4bb_1)
                  0.11    0.31    1.15 ^ _219_/X (sky130_fd_sc_hd__and4bb_1)
     3    0.01                           _071_ (net)
                  0.11    0.00    1.15 ^ _220_/C (sky130_fd_sc_hd__and3_1)
                  0.05    0.17    1.32 ^ _220_/X (sky130_fd_sc_hd__and3_1)
     1    0.00                           _072_ (net)
                  0.05    0.00    1.32 ^ _221_/A (sky130_fd_sc_hd__buf_2)
                  0.14    0.19    1.51 ^ _221_/X (sky130_fd_sc_hd__buf_2)
     9    0.03                           _073_ (net)
                  0.14    0.00    1.51 ^ _251_/A (sky130_fd_sc_hd__nor2_1)
                  0.07    0.09    1.59 v _251_/Y (sky130_fd_sc_hd__nor2_1)
     4    0.01                           _094_ (net)
                  0.07    0.00    1.59 v _266_/A (sky130_fd_sc_hd__and3_1)
                  0.04    0.16    1.75 v _266_/X (sky130_fd_sc_hd__and3_1)
     1    0.00                           _106_ (net)
                  0.04    0.00    1.75 v _267_/A (sky130_fd_sc_hd__clkbuf_1)
                  0.03    0.09    1.85 v _267_/X (sky130_fd_sc_hd__clkbuf_1)
     1    0.00                           _005_ (net)
                  0.03    0.00    1.85 v _442_/D (sky130_fd_sc_hd__dfrtp_1)
                                  1.85   data arrival time

                         10.00   10.00   clock clk (rise edge)
                          0.00   10.00   clock source latency
                  0.08    0.05   10.05 ^ clk (in)
     1    0.02                           clk (net)
                  0.08    0.00   10.05 ^ clkbuf_0_clk/A (sky130_fd_sc_hd__clkbuf_16)
                  0.09    0.17   10.22 ^ clkbuf_0_clk/X (sky130_fd_sc_hd__clkbuf_16)
     8    0.08                           clknet_0_clk (net)
                  0.09    0.00   10.22 ^ clkbuf_3_5__f_clk/A (sky130_fd_sc_hd__clkbuf_16)
                  0.04    0.13   10.36 ^ clkbuf_3_5__f_clk/X (sky130_fd_sc_hd__clkbuf_16)
     6    0.02                           clknet_3_5__leaf_clk (net)
                  0.04    0.00   10.36 ^ _442_/CLK (sky130_fd_sc_hd__dfrtp_1)
                         -0.25   10.11   clock uncertainty
                          0.02   10.13   clock reconvergence pessimism
                         -0.11   10.02   library setup time
                                 10.02   data required time
-----------------------------------------------------------------------------
                                 10.02   data required time
                                 -1.85   data arrival time
-----------------------------------------------------------------------------
                                  8.18   slack (MET)


Startpoint: _456_ (rising edge-triggered flip-flop clocked by clk)
Endpoint: _419_ (rising edge-triggered flip-flop clocked by clk)
Path Group: clk
Path Type: max

Fanout     Cap    Slew   Delay    Time   Description
-----------------------------------------------------------------------------
                          0.00    0.00   clock clk (rise edge)
                          0.00    0.00   clock source latency
                  0.08    0.06    0.06 ^ clk (in)
     1    0.02                           clk (net)
                  0.08    0.00    0.06 ^ clkbuf_0_clk/A (sky130_fd_sc_hd__clkbuf_16)
                  0.09    0.19    0.24 ^ clkbuf_0_clk/X (sky130_fd_sc_hd__clkbuf_16)
     8    0.08                           clknet_0_clk (net)
                  0.09    0.00    0.25 ^ clkbuf_3_5__f_clk/A (sky130_fd_sc_hd__clkbuf_16)
                  0.04    0.15    0.39 ^ clkbuf_3_5__f_clk/X (sky130_fd_sc_hd__clkbuf_16)
     6    0.02                           clknet_3_5__leaf_clk (net)
                  0.04    0.00    0.39 ^ _456_/CLK (sky130_fd_sc_hd__dfrtp_4)
                  0.08    0.52    0.92 v _456_/Q (sky130_fd_sc_hd__dfrtp_4)
     7    0.02                           rx_state[3] (net)
                  0.08    0.00    0.92 v _297_/A (sky130_fd_sc_hd__or3_1)
                  0.06    0.39    1.30 v _297_/X (sky130_fd_sc_hd__or3_1)
     1    0.00                           _124_ (net)
                  0.06    0.00    1.30 v _298_/A (sky130_fd_sc_hd__buf_2)
                  0.08    0.19    1.49 v _298_/X (sky130_fd_sc_hd__buf_2)
     9    0.03                           _125_ (net)
                  0.08    0.00    1.49 v _310_/A3 (sky130_fd_sc_hd__a31o_1)
                  0.04    0.23    1.72 v _310_/X (sky130_fd_sc_hd__a31o_1)
     1    0.00                           _135_ (net)
                  0.04    0.00    1.72 v _311_/C1 (sky130_fd_sc_hd__o211a_1)
                  0.04    0.11    1.84 v _311_/X (sky130_fd_sc_hd__o211a_1)
     1    0.00                           _028_ (net)
                  0.04    0.00    1.84 v _419_/D (sky130_fd_sc_hd__dfrtp_1)
                                  1.84   data arrival time

                         10.00   10.00   clock clk (rise edge)
                          0.00   10.00   clock source latency
                  0.08    0.05   10.05 ^ clk (in)
     1    0.02                           clk (net)
                  0.08    0.00   10.05 ^ clkbuf_0_clk/A (sky130_fd_sc_hd__clkbuf_16)
                  0.09    0.17   10.22 ^ clkbuf_0_clk/X (sky130_fd_sc_hd__clkbuf_16)
     8    0.08                           clknet_0_clk (net)
                  0.09    0.00   10.22 ^ clkbuf_3_6__f_clk/A (sky130_fd_sc_hd__clkbuf_16)
                  0.04    0.14   10.36 ^ clkbuf_3_6__f_clk/X (sky130_fd_sc_hd__clkbuf_16)
     8    0.02                           clknet_3_6__leaf_clk (net)
                  0.04    0.00   10.36 ^ _419_/CLK (sky130_fd_sc_hd__dfrtp_1)
                         -0.25   10.11   clock uncertainty
                          0.02   10.13   clock reconvergence pessimism
                         -0.11   10.02   library setup time
                                 10.02   data required time
-----------------------------------------------------------------------------
                                 10.02   data required time
                                 -1.84   data arrival time
-----------------------------------------------------------------------------
                                  8.18   slack (MET)


Startpoint: _439_ (rising edge-triggered flip-flop clocked by clk)
Endpoint: _439_ (rising edge-triggered flip-flop clocked by clk)
Path Group: clk
Path Type: max

Fanout     Cap    Slew   Delay    Time   Description
-----------------------------------------------------------------------------
                          0.00    0.00   clock clk (rise edge)
                          0.00    0.00   clock source latency
                  0.08    0.06    0.06 ^ clk (in)
     1    0.02                           clk (net)
                  0.08    0.00    0.06 ^ clkbuf_0_clk/A (sky130_fd_sc_hd__clkbuf_16)
                  0.09    0.19    0.24 ^ clkbuf_0_clk/X (sky130_fd_sc_hd__clkbuf_16)
     8    0.08                           clknet_0_clk (net)
                  0.09    0.00    0.25 ^ clkbuf_3_7__f_clk/A (sky130_fd_sc_hd__clkbuf_16)
                  0.04    0.15    0.39 ^ clkbuf_3_7__f_clk/X (sky130_fd_sc_hd__clkbuf_16)
     9    0.02                           clknet_3_7__leaf_clk (net)
                  0.04    0.00    0.39 ^ _439_/CLK (sky130_fd_sc_hd__dfrtp_2)
                  0.07    0.44    0.84 v _439_/Q (sky130_fd_sc_hd__dfrtp_2)
     6    0.02                           tx_baud_cnt[1] (net)
                  0.07    0.00    0.84 v _219_/A_N (sky130_fd_sc_hd__and4bb_1)
                  0.11    0.31    1.15 ^ _219_/X (sky130_fd_sc_hd__and4bb_1)
     3    0.01                           _071_ (net)
                  0.11    0.00    1.15 ^ _220_/C (sky130_fd_sc_hd__and3_1)
                  0.05    0.17    1.32 ^ _220_/X (sky130_fd_sc_hd__and3_1)
     1    0.00                           _072_ (net)
                  0.05    0.00    1.32 ^ _221_/A (sky130_fd_sc_hd__buf_2)
                  0.14    0.19    1.51 ^ _221_/X (sky130_fd_sc_hd__buf_2)
     9    0.03                           _073_ (net)
                  0.14    0.00    1.51 ^ _251_/A (sky130_fd_sc_hd__nor2_1)
                  0.07    0.09    1.59 v _251_/Y (sky130_fd_sc_hd__nor2_1)
     4    0.01                           _094_ (net)
                  0.07    0.00    1.59 v _254_/A (sky130_fd_sc_hd__and3_1)
                  0.04    0.16    1.75 v _254_/X (sky130_fd_sc_hd__and3_1)
     1    0.00                           _097_ (net)
                  0.04    0.00    1.75 v _255_/A (sky130_fd_sc_hd__clkbuf_1)
                  0.03    0.09    1.84 v _255_/X (sky130_fd_sc_hd__clkbuf_1)
     1    0.00                           _002_ (net)
                  0.03    0.00    1.84 v _439_/D (sky130_fd_sc_hd__dfrtp_2)
                                  1.84   data arrival time

                         10.00   10.00   clock clk (rise edge)
                          0.00   10.00   clock source latency
                  0.08    0.05   10.05 ^ clk (in)
     1    0.02                           clk (net)
                  0.08    0.00   10.05 ^ clkbuf_0_clk/A (sky130_fd_sc_hd__clkbuf_16)
                  0.09    0.17   10.22 ^ clkbuf_0_clk/X (sky130_fd_sc_hd__clkbuf_16)
     8    0.08                           clknet_0_clk (net)
                  0.09    0.00   10.22 ^ clkbuf_3_7__f_clk/A (sky130_fd_sc_hd__clkbuf_16)
                  0.04    0.13   10.36 ^ clkbuf_3_7__f_clk/X (sky130_fd_sc_hd__clkbuf_16)
     9    0.02                           clknet_3_7__leaf_clk (net)
                  0.04    0.00   10.36 ^ _439_/CLK (sky130_fd_sc_hd__dfrtp_2)
                         -0.25   10.11   clock uncertainty
                          0.04   10.14   clock reconvergence pessimism
                         -0.11   10.03   library setup time
                                 10.03   data required time
-----------------------------------------------------------------------------
                                 10.03   data required time
                                 -1.84   data arrival time
-----------------------------------------------------------------------------
                                  8.19   slack (MET)


Startpoint: _466_ (rising edge-triggered flip-flop clocked by clk)
Endpoint: _438_ (rising edge-triggered flip-flop clocked by clk)
Path Group: clk
Path Type: max

Fanout     Cap    Slew   Delay    Time   Description
-----------------------------------------------------------------------------
                          0.00    0.00   clock clk (rise edge)
                          0.00    0.00   clock source latency
                  0.08    0.06    0.06 ^ clk (in)
     1    0.02                           clk (net)
                  0.08    0.00    0.06 ^ clkbuf_0_clk/A (sky130_fd_sc_hd__clkbuf_16)
                  0.09    0.19    0.24 ^ clkbuf_0_clk/X (sky130_fd_sc_hd__clkbuf_16)
     8    0.08                           clknet_0_clk (net)
                  0.09    0.00    0.25 ^ clkbuf_3_7__f_clk/A (sky130_fd_sc_hd__clkbuf_16)
                  0.04    0.15    0.39 ^ clkbuf_3_7__f_clk/X (sky130_fd_sc_hd__clkbuf_16)
     9    0.02                           clknet_3_7__leaf_clk (net)
                  0.04    0.00    0.39 ^ _466_/CLK (sky130_fd_sc_hd__dfrtp_2)
                  0.08    0.45    0.85 v _466_/Q (sky130_fd_sc_hd__dfrtp_2)
     7    0.02                           tx_state[1] (net)
                  0.08    0.00    0.85 v _249_/A (sky130_fd_sc_hd__nor3_2)
                  0.26    0.29    1.14 ^ _249_/Y (sky130_fd_sc_hd__nor3_2)
     6    0.01                           _093_ (net)
                  0.26    0.00    1.14 ^ hold43/A (sky130_fd_sc_hd__dlygate4sd3_1)
                  0.06    0.62    1.76 ^ hold43/X (sky130_fd_sc_hd__dlygate4sd3_1)
     1    0.00                           net74 (net)
                  0.06    0.00    1.76 ^ _250_/B (sky130_fd_sc_hd__nor2_1)
                  0.03    0.05    1.81 v _250_/Y (sky130_fd_sc_hd__nor2_1)
     1    0.00                           _001_ (net)
                  0.03    0.00    1.81 v _438_/D (sky130_fd_sc_hd__dfrtp_4)
                                  1.81   data arrival time

                         10.00   10.00   clock clk (rise edge)
                          0.00   10.00   clock source latency
                  0.08    0.05   10.05 ^ clk (in)
     1    0.02                           clk (net)
                  0.08    0.00   10.05 ^ clkbuf_0_clk/A (sky130_fd_sc_hd__clkbuf_16)
                  0.09    0.17   10.22 ^ clkbuf_0_clk/X (sky130_fd_sc_hd__clkbuf_16)
     8    0.08                           clknet_0_clk (net)
                  0.09    0.00   10.22 ^ clkbuf_3_6__f_clk/A (sky130_fd_sc_hd__clkbuf_16)
                  0.04    0.14   10.36 ^ clkbuf_3_6__f_clk/X (sky130_fd_sc_hd__clkbuf_16)
     8    0.02                           clknet_3_6__leaf_clk (net)
                  0.04    0.00   10.36 ^ _438_/CLK (sky130_fd_sc_hd__dfrtp_4)
                         -0.25   10.11   clock uncertainty
                          0.02   10.13   clock reconvergence pessimism
                         -0.11   10.03   library setup time
                                 10.03   data required time
-----------------------------------------------------------------------------
                                 10.03   data required time
                                 -1.81   data arrival time
-----------------------------------------------------------------------------
                                  8.21   slack (MET)


Startpoint: _445_ (rising edge-triggered flip-flop clocked by clk)
Endpoint: _450_ (rising edge-triggered flip-flop clocked by clk)
Path Group: clk
Path Type: max

Fanout     Cap    Slew   Delay    Time   Description
-----------------------------------------------------------------------------
                          0.00    0.00   clock clk (rise edge)
                          0.00    0.00   clock source latency
                  0.08    0.06    0.06 ^ clk (in)
     1    0.02                           clk (net)
                  0.08    0.00    0.06 ^ clkbuf_0_clk/A (sky130_fd_sc_hd__clkbuf_16)
                  0.09    0.19    0.24 ^ clkbuf_0_clk/X (sky130_fd_sc_hd__clkbuf_16)
     8    0.08                           clknet_0_clk (net)
                  0.09    0.00    0.25 ^ clkbuf_3_7__f_clk/A (sky130_fd_sc_hd__clkbuf_16)
                  0.04    0.15    0.39 ^ clkbuf_3_7__f_clk/X (sky130_fd_sc_hd__clkbuf_16)
     9    0.02                           clknet_3_7__leaf_clk (net)
                  0.04    0.00    0.39 ^ _445_/CLK (sky130_fd_sc_hd__dfrtp_1)
                  0.08    0.42    0.81 v _445_/Q (sky130_fd_sc_hd__dfrtp_1)
     5    0.01                           tx_baud_cnt[7] (net)
                  0.08    0.00    0.81 v _219_/C (sky130_fd_sc_hd__and4bb_1)
                  0.06    0.24    1.05 v _219_/X (sky130_fd_sc_hd__and4bb_1)
     3    0.01                           _071_ (net)
                  0.06    0.00    1.05 v _220_/C (sky130_fd_sc_hd__and3_1)
                  0.04    0.19    1.24 v _220_/X (sky130_fd_sc_hd__and3_1)
     1    0.00                           _072_ (net)
                  0.04    0.00    1.24 v _221_/A (sky130_fd_sc_hd__buf_2)
                  0.07    0.17    1.41 v _221_/X (sky130_fd_sc_hd__buf_2)
     9    0.03                           _073_ (net)
                  0.07    0.00    1.41 v _232_/B (sky130_fd_sc_hd__and3_1)
                  0.05    0.20    1.61 v _232_/X (sky130_fd_sc_hd__and3_1)
     2    0.01                           _081_ (net)
                  0.05    0.00    1.61 v _391_/A (sky130_fd_sc_hd__nor3b_1)
                  0.17    0.21    1.82 ^ _391_/Y (sky130_fd_sc_hd__nor3b_1)
     1    0.00                           _049_ (net)
                  0.17    0.00    1.82 ^ _450_/D (sky130_fd_sc_hd__dfrtp_1)
                                  1.82   data arrival time

                         10.00   10.00   clock clk (rise edge)
                          0.00   10.00   clock source latency
                  0.08    0.05   10.05 ^ clk (in)
     1    0.02                           clk (net)
                  0.08    0.00   10.05 ^ clkbuf_0_clk/A (sky130_fd_sc_hd__clkbuf_16)
                  0.09    0.17   10.22 ^ clkbuf_0_clk/X (sky130_fd_sc_hd__clkbuf_16)
     8    0.08                           clknet_0_clk (net)
                  0.09    0.00   10.22 ^ clkbuf_3_6__f_clk/A (sky130_fd_sc_hd__clkbuf_16)
                  0.04    0.14   10.36 ^ clkbuf_3_6__f_clk/X (sky130_fd_sc_hd__clkbuf_16)
     8    0.02                           clknet_3_6__leaf_clk (net)
                  0.04    0.00   10.36 ^ _450_/CLK (sky130_fd_sc_hd__dfrtp_1)
                         -0.25   10.11   clock uncertainty
                          0.02   10.13   clock reconvergence pessimism
                         -0.09   10.05   library setup time
                                 10.05   data required time
-----------------------------------------------------------------------------
                                 10.05   data required time
                                 -1.82   data arrival time
-----------------------------------------------------------------------------
                                  8.23   slack (MET)


Startpoint: _439_ (rising edge-triggered flip-flop clocked by clk)
Endpoint: _468_ (rising edge-triggered flip-flop clocked by clk)
Path Group: clk
Path Type: max

Fanout     Cap    Slew   Delay    Time   Description
-----------------------------------------------------------------------------
                          0.00    0.00   clock clk (rise edge)
                          0.00    0.00   clock source latency
                  0.08    0.06    0.06 ^ clk (in)
     1    0.02                           clk (net)
                  0.08    0.00    0.06 ^ clkbuf_0_clk/A (sky130_fd_sc_hd__clkbuf_16)
                  0.09    0.19    0.24 ^ clkbuf_0_clk/X (sky130_fd_sc_hd__clkbuf_16)
     8    0.08                           clknet_0_clk (net)
                  0.09    0.00    0.25 ^ clkbuf_3_7__f_clk/A (sky130_fd_sc_hd__clkbuf_16)
                  0.04    0.15    0.39 ^ clkbuf_3_7__f_clk/X (sky130_fd_sc_hd__clkbuf_16)
     9    0.02                           clknet_3_7__leaf_clk (net)
                  0.04    0.00    0.39 ^ _439_/CLK (sky130_fd_sc_hd__dfrtp_2)
                  0.07    0.44    0.84 v _439_/Q (sky130_fd_sc_hd__dfrtp_2)
     6    0.02                           tx_baud_cnt[1] (net)
                  0.07    0.00    0.84 v _219_/A_N (sky130_fd_sc_hd__and4bb_1)
                  0.11    0.31    1.15 ^ _219_/X (sky130_fd_sc_hd__and4bb_1)
     3    0.01                           _071_ (net)
                  0.11    0.00    1.15 ^ _220_/C (sky130_fd_sc_hd__and3_1)
                  0.05    0.17    1.32 ^ _220_/X (sky130_fd_sc_hd__and3_1)
     1    0.00                           _072_ (net)
                  0.05    0.00    1.32 ^ _221_/A (sky130_fd_sc_hd__buf_2)
                  0.14    0.19    1.51 ^ _221_/X (sky130_fd_sc_hd__buf_2)
     9    0.03                           _073_ (net)
                  0.14    0.00    1.51 ^ _232_/B (sky130_fd_sc_hd__and3_1)
                  0.08    0.21    1.72 ^ _232_/X (sky130_fd_sc_hd__and3_1)
     2    0.01                           _081_ (net)
                  0.08    0.00    1.72 ^ _233_/B1_N (sky130_fd_sc_hd__o21bai_1)
                  0.11    0.11    1.83 ^ _233_/Y (sky130_fd_sc_hd__o21bai_1)
     1    0.00                           _017_ (net)
                  0.11    0.00    1.83 ^ _468_/D (sky130_fd_sc_hd__dfrtp_1)
                                  1.83   data arrival time

                         10.00   10.00   clock clk (rise edge)
                          0.00   10.00   clock source latency
                  0.08    0.05   10.05 ^ clk (in)
     1    0.02                           clk (net)
                  0.08    0.00   10.05 ^ clkbuf_0_clk/A (sky130_fd_sc_hd__clkbuf_16)
                  0.09    0.17   10.22 ^ clkbuf_0_clk/X (sky130_fd_sc_hd__clkbuf_16)
     8    0.08                           clknet_0_clk (net)
                  0.09    0.00   10.22 ^ clkbuf_3_7__f_clk/A (sky130_fd_sc_hd__clkbuf_16)
                  0.04    0.13   10.36 ^ clkbuf_3_7__f_clk/X (sky130_fd_sc_hd__clkbuf_16)
     9    0.02                           clknet_3_7__leaf_clk (net)
                  0.04    0.00   10.36 ^ _468_/CLK (sky130_fd_sc_hd__dfrtp_1)
                         -0.25   10.11   clock uncertainty
                          0.04   10.14   clock reconvergence pessimism
                         -0.07   10.07   library setup time
                                 10.07   data required time
-----------------------------------------------------------------------------
                                 10.07   data required time
                                 -1.83   data arrival time
-----------------------------------------------------------------------------
                                  8.24   slack (MET)


Startpoint: _438_ (rising edge-triggered flip-flop clocked by clk)
Endpoint: _444_ (rising edge-triggered flip-flop clocked by clk)
Path Group: clk
Path Type: max

Fanout     Cap    Slew   Delay    Time   Description
-----------------------------------------------------------------------------
                          0.00    0.00   clock clk (rise edge)
                          0.00    0.00   clock source latency
                  0.08    0.06    0.06 ^ clk (in)
     1    0.02                           clk (net)
                  0.08    0.00    0.06 ^ clkbuf_0_clk/A (sky130_fd_sc_hd__clkbuf_16)
                  0.09    0.19    0.24 ^ clkbuf_0_clk/X (sky130_fd_sc_hd__clkbuf_16)
     8    0.08                           clknet_0_clk (net)
                  0.09    0.00    0.25 ^ clkbuf_3_6__f_clk/A (sky130_fd_sc_hd__clkbuf_16)
                  0.04    0.15    0.40 ^ clkbuf_3_6__f_clk/X (sky130_fd_sc_hd__clkbuf_16)
     8    0.02                           clknet_3_6__leaf_clk (net)
                  0.04    0.00    0.40 ^ _438_/CLK (sky130_fd_sc_hd__dfrtp_4)
                  0.08    0.52    0.92 v _438_/Q (sky130_fd_sc_hd__dfrtp_4)
     9    0.02                           tx_baud_cnt[0] (net)
                  0.08    0.00    0.92 v _261_/B (sky130_fd_sc_hd__and4_1)
                  0.08    0.25    1.17 v _261_/X (sky130_fd_sc_hd__and4_1)
     6    0.01                           _102_ (net)
                  0.08    0.00    1.17 v _272_/D (sky130_fd_sc_hd__and4_2)
                  0.06    0.29    1.46 v _272_/X (sky130_fd_sc_hd__and4_2)
     5    0.01                           _110_ (net)
                  0.06    0.00    1.46 v _273_/B (sky130_fd_sc_hd__nor2_1)
                  0.09    0.10    1.56 ^ _273_/Y (sky130_fd_sc_hd__nor2_1)
     1    0.00                           _111_ (net)
                  0.09    0.00    1.56 ^ _274_/B1 (sky130_fd_sc_hd__o21a_1)
                  0.04    0.13    1.69 ^ _274_/X (sky130_fd_sc_hd__o21a_1)
     1    0.00                           _007_ (net)
                  0.04    0.00    1.69 ^ _444_/D (sky130_fd_sc_hd__dfrtp_1)
                                  1.69   data arrival time

                         10.00   10.00   clock clk (rise edge)
                          0.00   10.00   clock source latency
                  0.08    0.05   10.05 ^ clk (in)
     1    0.02                           clk (net)
                  0.08    0.00   10.05 ^ clkbuf_0_clk/A (sky130_fd_sc_hd__clkbuf_16)
                  0.09    0.17   10.22 ^ clkbuf_0_clk/X (sky130_fd_sc_hd__clkbuf_16)
     8    0.08                           clknet_0_clk (net)
                  0.09    0.00   10.22 ^ clkbuf_3_7__f_clk/A (sky130_fd_sc_hd__clkbuf_16)
                  0.04    0.13   10.36 ^ clkbuf_3_7__f_clk/X (sky130_fd_sc_hd__clkbuf_16)
     9    0.02                           clknet_3_7__leaf_clk (net)
                  0.04    0.00   10.36 ^ _444_/CLK (sky130_fd_sc_hd__dfrtp_1)
                         -0.25   10.11   clock uncertainty
                          0.02   10.13   clock reconvergence pessimism
                         -0.06   10.07   library setup time
                                 10.07   data required time
-----------------------------------------------------------------------------
                                 10.07   data required time
                                 -1.69   data arrival time
-----------------------------------------------------------------------------
                                  8.38   slack (MET)


Startpoint: _439_ (rising edge-triggered flip-flop clocked by clk)
Endpoint: _449_ (rising edge-triggered flip-flop clocked by clk)
Path Group: clk
Path Type: max

Fanout     Cap    Slew   Delay    Time   Description
-----------------------------------------------------------------------------
                          0.00    0.00   clock clk (rise edge)
                          0.00    0.00   clock source latency
                  0.08    0.06    0.06 ^ clk (in)
     1    0.02                           clk (net)
                  0.08    0.00    0.06 ^ clkbuf_0_clk/A (sky130_fd_sc_hd__clkbuf_16)
                  0.09    0.19    0.24 ^ clkbuf_0_clk/X (sky130_fd_sc_hd__clkbuf_16)
     8    0.08                           clknet_0_clk (net)
                  0.09    0.00    0.25 ^ clkbuf_3_7__f_clk/A (sky130_fd_sc_hd__clkbuf_16)
                  0.04    0.15    0.39 ^ clkbuf_3_7__f_clk/X (sky130_fd_sc_hd__clkbuf_16)
     9    0.02                           clknet_3_7__leaf_clk (net)
                  0.04    0.00    0.39 ^ _439_/CLK (sky130_fd_sc_hd__dfrtp_2)
                  0.07    0.44    0.84 v _439_/Q (sky130_fd_sc_hd__dfrtp_2)
     6    0.02                           tx_baud_cnt[1] (net)
                  0.07    0.00    0.84 v _219_/A_N (sky130_fd_sc_hd__and4bb_1)
                  0.11    0.31    1.15 ^ _219_/X (sky130_fd_sc_hd__and4bb_1)
     3    0.01                           _071_ (net)
                  0.11    0.00    1.15 ^ _382_/D (sky130_fd_sc_hd__and4_1)
                  0.08    0.24    1.39 ^ _382_/X (sky130_fd_sc_hd__and4_1)
     2    0.01                           _188_ (net)
                  0.08    0.00    1.39 ^ _388_/A3 (sky130_fd_sc_hd__a31o_1)
                  0.05    0.15    1.54 ^ _388_/X (sky130_fd_sc_hd__a31o_1)
     1    0.00                           _193_ (net)
                  0.05    0.00    1.54 ^ _389_/B1 (sky130_fd_sc_hd__a21oi_1)
                  0.04    0.04    1.58 v _389_/Y (sky130_fd_sc_hd__a21oi_1)
     1    0.00                           _048_ (net)
                  0.04    0.00    1.58 v _449_/D (sky130_fd_sc_hd__dfrtp_2)
                                  1.58   data arrival time

                         10.00   10.00   clock clk (rise edge)
                          0.00   10.00   clock source latency
                  0.08    0.05   10.05 ^ clk (in)
     1    0.02                           clk (net)
                  0.08    0.00   10.05 ^ clkbuf_0_clk/A (sky130_fd_sc_hd__clkbuf_16)
                  0.09    0.17   10.22 ^ clkbuf_0_clk/X (sky130_fd_sc_hd__clkbuf_16)
     8    0.08                           clknet_0_clk (net)
                  0.09    0.00   10.22 ^ clkbuf_3_6__f_clk/A (sky130_fd_sc_hd__clkbuf_16)
                  0.04    0.14   10.36 ^ clkbuf_3_6__f_clk/X (sky130_fd_sc_hd__clkbuf_16)
     8    0.02                           clknet_3_6__leaf_clk (net)
                  0.04    0.00   10.36 ^ _449_/CLK (sky130_fd_sc_hd__dfrtp_2)
                         -0.25   10.11   clock uncertainty
                          0.02   10.13   clock reconvergence pessimism
                         -0.11   10.02   library setup time
                                 10.02   data required time
-----------------------------------------------------------------------------
                                 10.02   data required time
                                 -1.58   data arrival time
-----------------------------------------------------------------------------
                                  8.44   slack (MET)


Startpoint: _439_ (rising edge-triggered flip-flop clocked by clk)
Endpoint: _448_ (rising edge-triggered flip-flop clocked by clk)
Path Group: clk
Path Type: max

Fanout     Cap    Slew   Delay    Time   Description
-----------------------------------------------------------------------------
                          0.00    0.00   clock clk (rise edge)
                          0.00    0.00   clock source latency
                  0.08    0.06    0.06 ^ clk (in)
     1    0.02                           clk (net)
                  0.08    0.00    0.06 ^ clkbuf_0_clk/A (sky130_fd_sc_hd__clkbuf_16)
                  0.09    0.19    0.24 ^ clkbuf_0_clk/X (sky130_fd_sc_hd__clkbuf_16)
     8    0.08                           clknet_0_clk (net)
                  0.09    0.00    0.25 ^ clkbuf_3_7__f_clk/A (sky130_fd_sc_hd__clkbuf_16)
                  0.04    0.15    0.39 ^ clkbuf_3_7__f_clk/X (sky130_fd_sc_hd__clkbuf_16)
     9    0.02                           clknet_3_7__leaf_clk (net)
                  0.04    0.00    0.39 ^ _439_/CLK (sky130_fd_sc_hd__dfrtp_2)
                  0.07    0.44    0.84 v _439_/Q (sky130_fd_sc_hd__dfrtp_2)
     6    0.02                           tx_baud_cnt[1] (net)
                  0.07    0.00    0.84 v _219_/A_N (sky130_fd_sc_hd__and4bb_1)
                  0.11    0.31    1.15 ^ _219_/X (sky130_fd_sc_hd__and4bb_1)
     3    0.01                           _071_ (net)
                  0.11    0.00    1.15 ^ _384_/A4 (sky130_fd_sc_hd__a41o_1)
                  0.08    0.22    1.37 ^ _384_/X (sky130_fd_sc_hd__a41o_1)
     2    0.01                           _190_ (net)
                  0.08    0.00    1.37 ^ _385_/B (sky130_fd_sc_hd__nand2_1)
                  0.06    0.08    1.45 v _385_/Y (sky130_fd_sc_hd__nand2_1)
     2    0.01                           _191_ (net)
                  0.06    0.00    1.45 v _386_/B1 (sky130_fd_sc_hd__o21a_1)
                  0.04    0.11    1.56 v _386_/X (sky130_fd_sc_hd__o21a_1)
     1    0.00                           _047_ (net)
                  0.04    0.00    1.56 v _448_/D (sky130_fd_sc_hd__dfrtp_4)
                                  1.56   data arrival time

                         10.00   10.00   clock clk (rise edge)
                          0.00   10.00   clock source latency
                  0.08    0.05   10.05 ^ clk (in)
     1    0.02                           clk (net)
                  0.08    0.00   10.05 ^ clkbuf_0_clk/A (sky130_fd_sc_hd__clkbuf_16)
                  0.09    0.17   10.22 ^ clkbuf_0_clk/X (sky130_fd_sc_hd__clkbuf_16)
     8    0.08                           clknet_0_clk (net)
                  0.09    0.00   10.22 ^ clkbuf_3_6__f_clk/A (sky130_fd_sc_hd__clkbuf_16)
                  0.04    0.14   10.36 ^ clkbuf_3_6__f_clk/X (sky130_fd_sc_hd__clkbuf_16)
     8    0.02                           clknet_3_6__leaf_clk (net)
                  0.04    0.00   10.36 ^ _448_/CLK (sky130_fd_sc_hd__dfrtp_4)
                         -0.25   10.11   clock uncertainty
                          0.02   10.13   clock reconvergence pessimism
                         -0.11   10.02   library setup time
                                 10.02   data required time
-----------------------------------------------------------------------------
                                 10.02   data required time
                                 -1.56   data arrival time
-----------------------------------------------------------------------------
                                  8.46   slack (MET)


Startpoint: _438_ (rising edge-triggered flip-flop clocked by clk)
Endpoint: _441_ (rising edge-triggered flip-flop clocked by clk)
Path Group: clk
Path Type: max

Fanout     Cap    Slew   Delay    Time   Description
-----------------------------------------------------------------------------
                          0.00    0.00   clock clk (rise edge)
                          0.00    0.00   clock source latency
                  0.08    0.06    0.06 ^ clk (in)
     1    0.02                           clk (net)
                  0.08    0.00    0.06 ^ clkbuf_0_clk/A (sky130_fd_sc_hd__clkbuf_16)
                  0.09    0.19    0.24 ^ clkbuf_0_clk/X (sky130_fd_sc_hd__clkbuf_16)
     8    0.08                           clknet_0_clk (net)
                  0.09    0.00    0.25 ^ clkbuf_3_6__f_clk/A (sky130_fd_sc_hd__clkbuf_16)
                  0.04    0.15    0.40 ^ clkbuf_3_6__f_clk/X (sky130_fd_sc_hd__clkbuf_16)
     8    0.02                           clknet_3_6__leaf_clk (net)
                  0.04    0.00    0.40 ^ _438_/CLK (sky130_fd_sc_hd__dfrtp_4)
                  0.08    0.52    0.92 v _438_/Q (sky130_fd_sc_hd__dfrtp_4)
     9    0.02                           tx_baud_cnt[0] (net)
                  0.08    0.00    0.92 v _261_/B (sky130_fd_sc_hd__and4_1)
                  0.08    0.25    1.17 v _261_/X (sky130_fd_sc_hd__and4_1)
     6    0.01                           _102_ (net)
                  0.08    0.00    1.17 v _262_/B (sky130_fd_sc_hd__or2_1)
                  0.05    0.23    1.40 v _262_/X (sky130_fd_sc_hd__or2_1)
     1    0.00                           _103_ (net)
                  0.05    0.00    1.40 v _263_/B1 (sky130_fd_sc_hd__a21oi_1)
                  0.12    0.13    1.53 ^ _263_/Y (sky130_fd_sc_hd__a21oi_1)
     1    0.00                           _004_ (net)
                  0.12    0.00    1.53 ^ _441_/D (sky130_fd_sc_hd__dfrtp_1)
                                  1.53   data arrival time

                         10.00   10.00   clock clk (rise edge)
                          0.00   10.00   clock source latency
                  0.08    0.05   10.05 ^ clk (in)
     1    0.02                           clk (net)
                  0.08    0.00   10.05 ^ clkbuf_0_clk/A (sky130_fd_sc_hd__clkbuf_16)
                  0.09    0.17   10.22 ^ clkbuf_0_clk/X (sky130_fd_sc_hd__clkbuf_16)
     8    0.08                           clknet_0_clk (net)
                  0.09    0.00   10.22 ^ clkbuf_3_4__f_clk/A (sky130_fd_sc_hd__clkbuf_16)
                  0.04    0.14   10.36 ^ clkbuf_3_4__f_clk/X (sky130_fd_sc_hd__clkbuf_16)
     8    0.02                           clknet_3_4__leaf_clk (net)
                  0.04    0.00   10.36 ^ _441_/CLK (sky130_fd_sc_hd__dfrtp_1)
                         -0.25   10.11   clock uncertainty
                          0.02   10.13   clock reconvergence pessimism
                         -0.08   10.06   library setup time
                                 10.06   data required time
-----------------------------------------------------------------------------
                                 10.06   data required time
                                 -1.53   data arrival time
-----------------------------------------------------------------------------
                                  8.53   slack (MET)


Startpoint: _466_ (rising edge-triggered flip-flop clocked by clk)
Endpoint: _440_ (rising edge-triggered flip-flop clocked by clk)
Path Group: clk
Path Type: max

Fanout     Cap    Slew   Delay    Time   Description
-----------------------------------------------------------------------------
                          0.00    0.00   clock clk (rise edge)
                          0.00    0.00   clock source latency
                  0.08    0.06    0.06 ^ clk (in)
     1    0.02                           clk (net)
                  0.08    0.00    0.06 ^ clkbuf_0_clk/A (sky130_fd_sc_hd__clkbuf_16)
                  0.09    0.19    0.24 ^ clkbuf_0_clk/X (sky130_fd_sc_hd__clkbuf_16)
     8    0.08                           clknet_0_clk (net)
                  0.09    0.00    0.25 ^ clkbuf_3_7__f_clk/A (sky130_fd_sc_hd__clkbuf_16)
                  0.04    0.15    0.39 ^ clkbuf_3_7__f_clk/X (sky130_fd_sc_hd__clkbuf_16)
     9    0.02                           clknet_3_7__leaf_clk (net)
                  0.04    0.00    0.39 ^ _466_/CLK (sky130_fd_sc_hd__dfrtp_2)
                  0.08    0.45    0.85 v _466_/Q (sky130_fd_sc_hd__dfrtp_2)
     7    0.02                           tx_state[1] (net)
                  0.08    0.00    0.85 v _249_/A (sky130_fd_sc_hd__nor3_2)
                  0.26    0.29    1.14 ^ _249_/Y (sky130_fd_sc_hd__nor3_2)
     6    0.01                           _093_ (net)
                  0.26    0.00    1.14 ^ _258_/A_N (sky130_fd_sc_hd__and3b_1)
                  0.04    0.22    1.36 v _258_/X (sky130_fd_sc_hd__and3b_1)
     1    0.00                           _100_ (net)
                  0.04    0.00    1.36 v _259_/A (sky130_fd_sc_hd__clkbuf_1)
                  0.03    0.09    1.45 v _259_/X (sky130_fd_sc_hd__clkbuf_1)
     1    0.00                           _003_ (net)
                  0.03    0.00    1.45 v _440_/D (sky130_fd_sc_hd__dfrtp_1)
                                  1.45   data arrival time

                         10.00   10.00   clock clk (rise edge)
                          0.00   10.00   clock source latency
                  0.08    0.05   10.05 ^ clk (in)
     1    0.02                           clk (net)
                  0.08    0.00   10.05 ^ clkbuf_0_clk/A (sky130_fd_sc_hd__clkbuf_16)
                  0.09    0.17   10.22 ^ clkbuf_0_clk/X (sky130_fd_sc_hd__clkbuf_16)
     8    0.08                           clknet_0_clk (net)
                  0.09    0.00   10.22 ^ clkbuf_3_6__f_clk/A (sky130_fd_sc_hd__clkbuf_16)
                  0.04    0.14   10.36 ^ clkbuf_3_6__f_clk/X (sky130_fd_sc_hd__clkbuf_16)
     8    0.02                           clknet_3_6__leaf_clk (net)
                  0.04    0.00   10.36 ^ _440_/CLK (sky130_fd_sc_hd__dfrtp_1)
                         -0.25   10.11   clock uncertainty
                          0.02   10.13   clock reconvergence pessimism
                         -0.11   10.03   library setup time
                                 10.03   data required time
-----------------------------------------------------------------------------
                                 10.03   data required time
                                 -1.45   data arrival time
-----------------------------------------------------------------------------
                                  8.57   slack (MET)


Startpoint: _451_ (rising edge-triggered flip-flop clocked by clk)
Endpoint: _452_ (rising edge-triggered flip-flop clocked by clk)
Path Group: clk
Path Type: max

Fanout     Cap    Slew   Delay    Time   Description
-----------------------------------------------------------------------------
                          0.00    0.00   clock clk (rise edge)
                          0.00    0.00   clock source latency
                  0.08    0.06    0.06 ^ clk (in)
     1    0.02                           clk (net)
                  0.08    0.00    0.06 ^ clkbuf_0_clk/A (sky130_fd_sc_hd__clkbuf_16)
                  0.09    0.19    0.24 ^ clkbuf_0_clk/X (sky130_fd_sc_hd__clkbuf_16)
     8    0.08                           clknet_0_clk (net)
                  0.09    0.00    0.25 ^ clkbuf_3_2__f_clk/A (sky130_fd_sc_hd__clkbuf_16)
                  0.05    0.15    0.40 ^ clkbuf_3_2__f_clk/X (sky130_fd_sc_hd__clkbuf_16)
     9    0.02                           clknet_3_2__leaf_clk (net)
                  0.05    0.00    0.40 ^ _451_/CLK (sky130_fd_sc_hd__dfxtp_1)
                  0.02    0.30    0.70 v _451_/Q (sky130_fd_sc_hd__dfxtp_1)
     1    0.00                           rx_sync1 (net)
                  0.02    0.00    0.70 v hold1/A (sky130_fd_sc_hd__dlygate4sd3_1)
                  0.05    0.56    1.27 v hold1/X (sky130_fd_sc_hd__dlygate4sd3_1)
     1    0.00                           net32 (net)
                  0.05    0.00    1.27 v _452_/D (sky130_fd_sc_hd__dfxtp_1)
                                  1.27   data arrival time

                         10.00   10.00   clock clk (rise edge)
                          0.00   10.00   clock source latency
                  0.08    0.05   10.05 ^ clk (in)
     1    0.02                           clk (net)
                  0.08    0.00   10.05 ^ clkbuf_0_clk/A (sky130_fd_sc_hd__clkbuf_16)
                  0.09    0.17   10.22 ^ clkbuf_0_clk/X (sky130_fd_sc_hd__clkbuf_16)
     8    0.08                           clknet_0_clk (net)
                  0.09    0.00   10.22 ^ clkbuf_3_2__f_clk/A (sky130_fd_sc_hd__clkbuf_16)
                  0.05    0.14   10.36 ^ clkbuf_3_2__f_clk/X (sky130_fd_sc_hd__clkbuf_16)
     9    0.02                           clknet_3_2__leaf_clk (net)
                  0.05    0.00   10.36 ^ _452_/CLK (sky130_fd_sc_hd__dfxtp_1)
                         -0.25   10.11   clock uncertainty
                          0.04   10.15   clock reconvergence pessimism
                         -0.11   10.04   library setup time
                                 10.04   data required time
-----------------------------------------------------------------------------
                                 10.04   data required time
                                 -1.27   data arrival time
-----------------------------------------------------------------------------
                                  8.77   slack (MET)



