
===========================================================================
report_checks -path_delay min (Hold)
============================================================================
======================= Typical Corner ===================================

Startpoint: _433_ (rising edge-triggered flip-flop clocked by clk)
Endpoint: _433_ (rising edge-triggered flip-flop clocked by clk)
Path Group: clk
Path Type: min

Fanout     Cap    Slew   Delay    Time   Description
-----------------------------------------------------------------------------
                          0.00    0.00   clock clk (rise edge)
                          0.00    0.00   clock source latency
                  0.14    0.09    0.09 ^ clk (in)
     1    0.03                           clk (net)
                  0.14    0.00    0.09 ^ clkbuf_0_clk/A (sky130_fd_sc_hd__clkbuf_16)
                  0.08    0.18    0.27 ^ clkbuf_0_clk/X (sky130_fd_sc_hd__clkbuf_16)
     8    0.06                           clknet_0_clk (net)
                  0.08    0.00    0.27 ^ clkbuf_3_2__f_clk/A (sky130_fd_sc_hd__clkbuf_16)
                  0.04    0.13    0.40 ^ clkbuf_3_2__f_clk/X (sky130_fd_sc_hd__clkbuf_16)
     7    0.01                           clknet_3_2__leaf_clk (net)
                  0.04    0.00    0.40 ^ _433_/CLK (sky130_fd_sc_hd__dfrtp_1)
                  0.06    0.31    0.71 ^ _433_/Q (sky130_fd_sc_hd__dfrtp_1)
     2    0.00                           net201 (net)
                  0.06    0.00    0.71 ^ _342_/A1 (sky130_fd_sc_hd__mux2_1)
                  0.04    0.12    0.82 ^ _342_/X (sky130_fd_sc_hd__mux2_1)
     1    0.00                           _153_ (net)
                  0.04    0.00    0.82 ^ _343_/A (sky130_fd_sc_hd__clkbuf_1)
                  0.04    0.07    0.90 ^ _343_/X (sky130_fd_sc_hd__clkbuf_1)
     1    0.00                           _044_ (net)
                  0.04    0.00    0.90 ^ _433_/D (sky130_fd_sc_hd__dfrtp_1)
                                  0.90   data arrival time

                          0.00    0.00   clock clk (rise edge)
                          0.00    0.00   clock source latency
                  0.14    0.10    0.10 ^ clk (in)
     1    0.03                           clk (net)
                  0.14    0.00    0.10 ^ clkbuf_0_clk/A (sky130_fd_sc_hd__clkbuf_16)
                  0.08    0.20    0.30 ^ clkbuf_0_clk/X (sky130_fd_sc_hd__clkbuf_16)
     8    0.06                           clknet_0_clk (net)
                  0.08    0.00    0.30 ^ clkbuf_3_2__f_clk/A (sky130_fd_sc_hd__clkbuf_16)
                  0.04    0.14    0.44 ^ clkbuf_3_2__f_clk/X (sky130_fd_sc_hd__clkbuf_16)
     7    0.01                           clknet_3_2__leaf_clk (net)
                  0.04    0.00    0.44 ^ _433_/CLK (sky130_fd_sc_hd__dfrtp_1)
                          0.25    0.69   clock uncertainty
                         -0.04    0.65   clock reconvergence pessimism
                         -0.04    0.62   library hold time
                                  0.62   data required time
-----------------------------------------------------------------------------
                                  0.62   data required time
                                 -0.90   data arrival time
-----------------------------------------------------------------------------
                                  0.28   slack (MET)


Startpoint: _409_ (rising edge-triggered flip-flop clocked by clk)
Endpoint: _409_ (rising edge-triggered flip-flop clocked by clk)
Path Group: clk
Path Type: min

Fanout     Cap    Slew   Delay    Time   Description
-----------------------------------------------------------------------------
                          0.00    0.00   clock clk (rise edge)
                          0.00    0.00   clock source latency
                  0.14    0.09    0.09 ^ clk (in)
     1    0.03                           clk (net)
                  0.14    0.00    0.09 ^ clkbuf_0_clk/A (sky130_fd_sc_hd__clkbuf_16)
                  0.08    0.18    0.27 ^ clkbuf_0_clk/X (sky130_fd_sc_hd__clkbuf_16)
     8    0.06                           clknet_0_clk (net)
                  0.08    0.00    0.27 ^ clkbuf_3_5__f_clk/A (sky130_fd_sc_hd__clkbuf_16)
                  0.04    0.13    0.41 ^ clkbuf_3_5__f_clk/X (sky130_fd_sc_hd__clkbuf_16)
    10    0.02                           clknet_3_5__leaf_clk (net)
                  0.04    0.00    0.41 ^ _409_/CLK (sky130_fd_sc_hd__dfrtp_2)
                  0.04    0.32    0.72 ^ _409_/Q (sky130_fd_sc_hd__dfrtp_2)
     2    0.00                           net142 (net)
                  0.04    0.00    0.72 ^ _291_/A1 (sky130_fd_sc_hd__mux2_1)
                  0.04    0.11    0.83 ^ _291_/X (sky130_fd_sc_hd__mux2_1)
     1    0.00                           _126_ (net)
                  0.04    0.00    0.83 ^ _292_/A (sky130_fd_sc_hd__clkbuf_1)
                  0.04    0.07    0.90 ^ _292_/X (sky130_fd_sc_hd__clkbuf_1)
     1    0.00                           _020_ (net)
                  0.04    0.00    0.90 ^ _409_/D (sky130_fd_sc_hd__dfrtp_2)
                                  0.90   data arrival time

                          0.00    0.00   clock clk (rise edge)
                          0.00    0.00   clock source latency
                  0.14    0.10    0.10 ^ clk (in)
     1    0.03                           clk (net)
                  0.14    0.00    0.10 ^ clkbuf_0_clk/A (sky130_fd_sc_hd__clkbuf_16)
                  0.08    0.20    0.30 ^ clkbuf_0_clk/X (sky130_fd_sc_hd__clkbuf_16)
     8    0.06                           clknet_0_clk (net)
                  0.08    0.00    0.30 ^ clkbuf_3_5__f_clk/A (sky130_fd_sc_hd__clkbuf_16)
                  0.04    0.15    0.45 ^ clkbuf_3_5__f_clk/X (sky130_fd_sc_hd__clkbuf_16)
    10    0.02                           clknet_3_5__leaf_clk (net)
                  0.04    0.00    0.45 ^ _409_/CLK (sky130_fd_sc_hd__dfrtp_2)
                          0.25    0.70   clock uncertainty
                         -0.04    0.66   clock reconvergence pessimism
                         -0.03    0.62   library hold time
                                  0.62   data required time
-----------------------------------------------------------------------------
                                  0.62   data required time
                                 -0.90   data arrival time
-----------------------------------------------------------------------------
                                  0.28   slack (MET)


Startpoint: _432_ (rising edge-triggered flip-flop clocked by clk)
Endpoint: _432_ (rising edge-triggered flip-flop clocked by clk)
Path Group: clk
Path Type: min

Fanout     Cap    Slew   Delay    Time   Description
-----------------------------------------------------------------------------
                          0.00    0.00   clock clk (rise edge)
                          0.00    0.00   clock source latency
                  0.14    0.09    0.09 ^ clk (in)
     1    0.03                           clk (net)
                  0.14    0.00    0.09 ^ clkbuf_0_clk/A (sky130_fd_sc_hd__clkbuf_16)
                  0.08    0.18    0.27 ^ clkbuf_0_clk/X (sky130_fd_sc_hd__clkbuf_16)
     8    0.06                           clknet_0_clk (net)
                  0.08    0.00    0.27 ^ clkbuf_3_5__f_clk/A (sky130_fd_sc_hd__clkbuf_16)
                  0.04    0.13    0.41 ^ clkbuf_3_5__f_clk/X (sky130_fd_sc_hd__clkbuf_16)
    10    0.02                           clknet_3_5__leaf_clk (net)
                  0.04    0.00    0.41 ^ _432_/CLK (sky130_fd_sc_hd__dfrtp_1)
                  0.06    0.31    0.71 ^ _432_/Q (sky130_fd_sc_hd__dfrtp_1)
     2    0.00                           net200 (net)
                  0.06    0.00    0.71 ^ _340_/A1 (sky130_fd_sc_hd__mux2_1)
                  0.05    0.12    0.83 ^ _340_/X (sky130_fd_sc_hd__mux2_1)
     1    0.00                           _152_ (net)
                  0.05    0.00    0.83 ^ _341_/A (sky130_fd_sc_hd__clkbuf_1)
                  0.04    0.07    0.91 ^ _341_/X (sky130_fd_sc_hd__clkbuf_1)
     1    0.00                           _043_ (net)
                  0.04    0.00    0.91 ^ _432_/D (sky130_fd_sc_hd__dfrtp_1)
                                  0.91   data arrival time

                          0.00    0.00   clock clk (rise edge)
                          0.00    0.00   clock source latency
                  0.14    0.10    0.10 ^ clk (in)
     1    0.03                           clk (net)
                  0.14    0.00    0.10 ^ clkbuf_0_clk/A (sky130_fd_sc_hd__clkbuf_16)
                  0.08    0.20    0.30 ^ clkbuf_0_clk/X (sky130_fd_sc_hd__clkbuf_16)
     8    0.06                           clknet_0_clk (net)
                  0.08    0.00    0.30 ^ clkbuf_3_5__f_clk/A (sky130_fd_sc_hd__clkbuf_16)
                  0.04    0.15    0.45 ^ clkbuf_3_5__f_clk/X (sky130_fd_sc_hd__clkbuf_16)
    10    0.02                           clknet_3_5__leaf_clk (net)
                  0.04    0.00    0.45 ^ _432_/CLK (sky130_fd_sc_hd__dfrtp_1)
                          0.25    0.70   clock uncertainty
                         -0.04    0.66   clock reconvergence pessimism
                         -0.03    0.62   library hold time
                                  0.62   data required time
-----------------------------------------------------------------------------
                                  0.62   data required time
                                 -0.91   data arrival time
-----------------------------------------------------------------------------
                                  0.28   slack (MET)


Startpoint: _440_ (rising edge-triggered flip-flop clocked by clk)
Endpoint: _440_ (rising edge-triggered flip-flop clocked by clk)
Path Group: clk
Path Type: min

Fanout     Cap    Slew   Delay    Time   Description
-----------------------------------------------------------------------------
                          0.00    0.00   clock clk (rise edge)
                          0.00    0.00   clock source latency
                  0.14    0.09    0.09 ^ clk (in)
     1    0.03                           clk (net)
                  0.14    0.00    0.09 ^ clkbuf_0_clk/A (sky130_fd_sc_hd__clkbuf_16)
                  0.08    0.18    0.27 ^ clkbuf_0_clk/X (sky130_fd_sc_hd__clkbuf_16)
     8    0.06                           clknet_0_clk (net)
                  0.08    0.00    0.27 ^ clkbuf_3_7__f_clk/A (sky130_fd_sc_hd__clkbuf_16)
                  0.04    0.13    0.40 ^ clkbuf_3_7__f_clk/X (sky130_fd_sc_hd__clkbuf_16)
     9    0.02                           clknet_3_7__leaf_clk (net)
                  0.04    0.00    0.40 ^ _440_/CLK (sky130_fd_sc_hd__dfrtp_1)
                  0.06    0.31    0.71 ^ _440_/Q (sky130_fd_sc_hd__dfrtp_1)
     2    0.00                           net177 (net)
                  0.06    0.00    0.71 ^ _357_/A1 (sky130_fd_sc_hd__mux2_1)
                  0.04    0.12    0.83 ^ _357_/X (sky130_fd_sc_hd__mux2_1)
     1    0.00                           _161_ (net)
                  0.04    0.00    0.83 ^ _358_/A (sky130_fd_sc_hd__clkbuf_1)
                  0.05    0.08    0.90 ^ _358_/X (sky130_fd_sc_hd__clkbuf_1)
     1    0.00                           _051_ (net)
                  0.05    0.00    0.90 ^ _440_/D (sky130_fd_sc_hd__dfrtp_1)
                                  0.90   data arrival time

                          0.00    0.00   clock clk (rise edge)
                          0.00    0.00   clock source latency
                  0.14    0.10    0.10 ^ clk (in)
     1    0.03                           clk (net)
                  0.14    0.00    0.10 ^ clkbuf_0_clk/A (sky130_fd_sc_hd__clkbuf_16)
                  0.08    0.20    0.30 ^ clkbuf_0_clk/X (sky130_fd_sc_hd__clkbuf_16)
     8    0.06                           clknet_0_clk (net)
                  0.08    0.00    0.30 ^ clkbuf_3_7__f_clk/A (sky130_fd_sc_hd__clkbuf_16)
                  0.04    0.14    0.45 ^ clkbuf_3_7__f_clk/X (sky130_fd_sc_hd__clkbuf_16)
     9    0.02                           clknet_3_7__leaf_clk (net)
                  0.04    0.00    0.45 ^ _440_/CLK (sky130_fd_sc_hd__dfrtp_1)
                          0.25    0.70   clock uncertainty
                         -0.04    0.65   clock reconvergence pessimism
                         -0.04    0.62   library hold time
                                  0.62   data required time
-----------------------------------------------------------------------------
                                  0.62   data required time
                                 -0.90   data arrival time
-----------------------------------------------------------------------------
                                  0.28   slack (MET)


Startpoint: _421_ (rising edge-triggered flip-flop clocked by clk)
Endpoint: _421_ (rising edge-triggered flip-flop clocked by clk)
Path Group: clk
Path Type: min

Fanout     Cap    Slew   Delay    Time   Description
-----------------------------------------------------------------------------
                          0.00    0.00   clock clk (rise edge)
                          0.00    0.00   clock source latency
                  0.14    0.09    0.09 ^ clk (in)
     1    0.03                           clk (net)
                  0.14    0.00    0.09 ^ clkbuf_0_clk/A (sky130_fd_sc_hd__clkbuf_16)
                  0.08    0.18    0.27 ^ clkbuf_0_clk/X (sky130_fd_sc_hd__clkbuf_16)
     8    0.06                           clknet_0_clk (net)
                  0.08    0.00    0.27 ^ clkbuf_3_7__f_clk/A (sky130_fd_sc_hd__clkbuf_16)
                  0.04    0.13    0.40 ^ clkbuf_3_7__f_clk/X (sky130_fd_sc_hd__clkbuf_16)
     9    0.02                           clknet_3_7__leaf_clk (net)
                  0.04    0.00    0.40 ^ _421_/CLK (sky130_fd_sc_hd__dfrtp_1)
                  0.05    0.30    0.71 ^ _421_/Q (sky130_fd_sc_hd__dfrtp_1)
     2    0.00                           net155 (net)
                  0.05    0.00    0.71 ^ _317_/A1 (sky130_fd_sc_hd__mux2_1)
                  0.04    0.11    0.82 ^ _317_/X (sky130_fd_sc_hd__mux2_1)
     1    0.00                           _140_ (net)
                  0.04    0.00    0.82 ^ _318_/A (sky130_fd_sc_hd__clkbuf_1)
                  0.06    0.08    0.90 ^ _318_/X (sky130_fd_sc_hd__clkbuf_1)
     1    0.00                           _032_ (net)
                  0.06    0.00    0.90 ^ _421_/D (sky130_fd_sc_hd__dfrtp_1)
                                  0.90   data arrival time

                          0.00    0.00   clock clk (rise edge)
                          0.00    0.00   clock source latency
                  0.14    0.10    0.10 ^ clk (in)
     1    0.03                           clk (net)
                  0.14    0.00    0.10 ^ clkbuf_0_clk/A (sky130_fd_sc_hd__clkbuf_16)
                  0.08    0.20    0.30 ^ clkbuf_0_clk/X (sky130_fd_sc_hd__clkbuf_16)
     8    0.06                           clknet_0_clk (net)
                  0.08    0.00    0.30 ^ clkbuf_3_7__f_clk/A (sky130_fd_sc_hd__clkbuf_16)
                  0.04    0.14    0.45 ^ clkbuf_3_7__f_clk/X (sky130_fd_sc_hd__clkbuf_16)
     9    0.02                           clknet_3_7__leaf_clk (net)
                  0.04    0.00    0.45 ^ _421_/CLK (sky130_fd_sc_hd__dfrtp_1)
                          0.25    0.70   clock uncertainty
                         -0.04    0.65   clock reconvergence pessimism
                         -0.04    0.62   library hold time
                                  0.62   data required time
-----------------------------------------------------------------------------
                                  0.62   data required time
                                 -0.90   data arrival time
-----------------------------------------------------------------------------
                                  0.28   slack (MET)


Startpoint: _406_ (rising edge-triggered flip-flop clocked by clk)
Endpoint: _406_ (rising edge-triggered flip-flop clocked by clk)
Path Group: clk
Path Type: min

Fanout     Cap    Slew   Delay    Time   Description
-----------------------------------------------------------------------------
                          0.00    0.00   clock clk (rise edge)
                          0.00    0.00   clock source latency
                  0.14    0.09    0.09 ^ clk (in)
     1    0.03                           clk (net)
                  0.14    0.00    0.09 ^ clkbuf_0_clk/A (sky130_fd_sc_hd__clkbuf_16)
                  0.08    0.18    0.27 ^ clkbuf_0_clk/X (sky130_fd_sc_hd__clkbuf_16)
     8    0.06                           clknet_0_clk (net)
                  0.08    0.00    0.27 ^ clkbuf_3_5__f_clk/A (sky130_fd_sc_hd__clkbuf_16)
                  0.04    0.13    0.41 ^ clkbuf_3_5__f_clk/X (sky130_fd_sc_hd__clkbuf_16)
    10    0.02                           clknet_3_5__leaf_clk (net)
                  0.04    0.00    0.41 ^ _406_/CLK (sky130_fd_sc_hd__dfrtp_1)
                  0.05    0.30    0.71 ^ _406_/Q (sky130_fd_sc_hd__dfrtp_1)
     2    0.00                           net139 (net)
                  0.05    0.00    0.71 ^ _285_/A1 (sky130_fd_sc_hd__mux2_1)
                  0.04    0.12    0.83 ^ _285_/X (sky130_fd_sc_hd__mux2_1)
     1    0.00                           _123_ (net)
                  0.04    0.00    0.83 ^ _286_/A (sky130_fd_sc_hd__clkbuf_1)
                  0.05    0.08    0.90 ^ _286_/X (sky130_fd_sc_hd__clkbuf_1)
     1    0.00                           _017_ (net)
                  0.05    0.00    0.90 ^ _406_/D (sky130_fd_sc_hd__dfrtp_1)
                                  0.90   data arrival time

                          0.00    0.00   clock clk (rise edge)
                          0.00    0.00   clock source latency
                  0.14    0.10    0.10 ^ clk (in)
     1    0.03                           clk (net)
                  0.14    0.00    0.10 ^ clkbuf_0_clk/A (sky130_fd_sc_hd__clkbuf_16)
                  0.08    0.20    0.30 ^ clkbuf_0_clk/X (sky130_fd_sc_hd__clkbuf_16)
     8    0.06                           clknet_0_clk (net)
                  0.08    0.00    0.30 ^ clkbuf_3_5__f_clk/A (sky130_fd_sc_hd__clkbuf_16)
                  0.04    0.15    0.45 ^ clkbuf_3_5__f_clk/X (sky130_fd_sc_hd__clkbuf_16)
    10    0.02                           clknet_3_5__leaf_clk (net)
                  0.04    0.00    0.45 ^ _406_/CLK (sky130_fd_sc_hd__dfrtp_1)
                          0.25    0.70   clock uncertainty
                         -0.04    0.66   clock reconvergence pessimism
                         -0.04    0.62   library hold time
                                  0.62   data required time
-----------------------------------------------------------------------------
                                  0.62   data required time
                                 -0.90   data arrival time
-----------------------------------------------------------------------------
                                  0.29   slack (MET)


Startpoint: _450_ (rising edge-triggered flip-flop clocked by clk)
Endpoint: _450_ (rising edge-triggered flip-flop clocked by clk)
Path Group: clk
Path Type: min

Fanout     Cap    Slew   Delay    Time   Description
-----------------------------------------------------------------------------
                          0.00    0.00   clock clk (rise edge)
                          0.00    0.00   clock source latency
                  0.14    0.09    0.09 ^ clk (in)
     1    0.03                           clk (net)
                  0.14    0.00    0.09 ^ clkbuf_0_clk/A (sky130_fd_sc_hd__clkbuf_16)
                  0.08    0.18    0.27 ^ clkbuf_0_clk/X (sky130_fd_sc_hd__clkbuf_16)
     8    0.06                           clknet_0_clk (net)
                  0.08    0.00    0.27 ^ clkbuf_3_5__f_clk/A (sky130_fd_sc_hd__clkbuf_16)
                  0.04    0.13    0.41 ^ clkbuf_3_5__f_clk/X (sky130_fd_sc_hd__clkbuf_16)
    10    0.02                           clknet_3_5__leaf_clk (net)
                  0.04    0.00    0.41 ^ _450_/CLK (sky130_fd_sc_hd__dfrtp_1)
                  0.05    0.30    0.71 ^ _450_/Q (sky130_fd_sc_hd__dfrtp_1)
     2    0.00                           net188 (net)
                  0.05    0.00    0.71 ^ _377_/A1 (sky130_fd_sc_hd__mux2_1)
                  0.05    0.12    0.83 ^ _377_/X (sky130_fd_sc_hd__mux2_1)
     1    0.00                           _171_ (net)
                  0.05    0.00    0.83 ^ _378_/A (sky130_fd_sc_hd__clkbuf_1)
                  0.04    0.08    0.91 ^ _378_/X (sky130_fd_sc_hd__clkbuf_1)
     1    0.00                           _061_ (net)
                  0.04    0.00    0.91 ^ _450_/D (sky130_fd_sc_hd__dfrtp_1)
                                  0.91   data arrival time

                          0.00    0.00   clock clk (rise edge)
                          0.00    0.00   clock source latency
                  0.14    0.10    0.10 ^ clk (in)
     1    0.03                           clk (net)
                  0.14    0.00    0.10 ^ clkbuf_0_clk/A (sky130_fd_sc_hd__clkbuf_16)
                  0.08    0.20    0.30 ^ clkbuf_0_clk/X (sky130_fd_sc_hd__clkbuf_16)
     8    0.06                           clknet_0_clk (net)
                  0.08    0.00    0.30 ^ clkbuf_3_5__f_clk/A (sky130_fd_sc_hd__clkbuf_16)
                  0.04    0.15    0.45 ^ clkbuf_3_5__f_clk/X (sky130_fd_sc_hd__clkbuf_16)
    10    0.02                           clknet_3_5__leaf_clk (net)
                  0.04    0.00    0.45 ^ _450_/CLK (sky130_fd_sc_hd__dfrtp_1)
                          0.25    0.70   clock uncertainty
                         -0.04    0.66   clock reconvergence pessimism
                         -0.03    0.62   library hold time
                                  0.62   data required time
-----------------------------------------------------------------------------
                                  0.62   data required time
                                 -0.91   data arrival time
-----------------------------------------------------------------------------
                                  0.29   slack (MET)


Startpoint: _400_ (rising edge-triggered flip-flop clocked by clk)
Endpoint: _400_ (rising edge-triggered flip-flop clocked by clk)
Path Group: clk
Path Type: min

Fanout     Cap    Slew   Delay    Time   Description
-----------------------------------------------------------------------------
                          0.00    0.00   clock clk (rise edge)
                          0.00    0.00   clock source latency
                  0.14    0.09    0.09 ^ clk (in)
     1    0.03                           clk (net)
                  0.14    0.00    0.09 ^ clkbuf_0_clk/A (sky130_fd_sc_hd__clkbuf_16)
                  0.08    0.18    0.27 ^ clkbuf_0_clk/X (sky130_fd_sc_hd__clkbuf_16)
     8    0.06                           clknet_0_clk (net)
                  0.08    0.00    0.27 ^ clkbuf_3_5__f_clk/A (sky130_fd_sc_hd__clkbuf_16)
                  0.04    0.13    0.41 ^ clkbuf_3_5__f_clk/X (sky130_fd_sc_hd__clkbuf_16)
    10    0.02                           clknet_3_5__leaf_clk (net)
                  0.04    0.00    0.41 ^ _400_/CLK (sky130_fd_sc_hd__dfrtp_1)
                  0.06    0.31    0.71 ^ _400_/Q (sky130_fd_sc_hd__dfrtp_1)
     2    0.00                           net164 (net)
                  0.06    0.00    0.71 ^ _273_/A1 (sky130_fd_sc_hd__mux2_1)
                  0.04    0.12    0.83 ^ _273_/X (sky130_fd_sc_hd__mux2_1)
     1    0.00                           _117_ (net)
                  0.04    0.00    0.83 ^ _274_/A (sky130_fd_sc_hd__clkbuf_1)
                  0.05    0.08    0.91 ^ _274_/X (sky130_fd_sc_hd__clkbuf_1)
     1    0.00                           _011_ (net)
                  0.05    0.00    0.91 ^ _400_/D (sky130_fd_sc_hd__dfrtp_1)
                                  0.91   data arrival time

                          0.00    0.00   clock clk (rise edge)
                          0.00    0.00   clock source latency
                  0.14    0.10    0.10 ^ clk (in)
     1    0.03                           clk (net)
                  0.14    0.00    0.10 ^ clkbuf_0_clk/A (sky130_fd_sc_hd__clkbuf_16)
                  0.08    0.20    0.30 ^ clkbuf_0_clk/X (sky130_fd_sc_hd__clkbuf_16)
     8    0.06                           clknet_0_clk (net)
                  0.08    0.00    0.30 ^ clkbuf_3_5__f_clk/A (sky130_fd_sc_hd__clkbuf_16)
                  0.04    0.15    0.45 ^ clkbuf_3_5__f_clk/X (sky130_fd_sc_hd__clkbuf_16)
    10    0.02                           clknet_3_5__leaf_clk (net)
                  0.04    0.00    0.45 ^ _400_/CLK (sky130_fd_sc_hd__dfrtp_1)
                          0.25    0.70   clock uncertainty
                         -0.04    0.66   clock reconvergence pessimism
                         -0.04    0.62   library hold time
                                  0.62   data required time
-----------------------------------------------------------------------------
                                  0.62   data required time
                                 -0.91   data arrival time
-----------------------------------------------------------------------------
                                  0.29   slack (MET)


Startpoint: _401_ (rising edge-triggered flip-flop clocked by clk)
Endpoint: _401_ (rising edge-triggered flip-flop clocked by clk)
Path Group: clk
Path Type: min

Fanout     Cap    Slew   Delay    Time   Description
-----------------------------------------------------------------------------
                          0.00    0.00   clock clk (rise edge)
                          0.00    0.00   clock source latency
                  0.14    0.09    0.09 ^ clk (in)
     1    0.03                           clk (net)
                  0.14    0.00    0.09 ^ clkbuf_0_clk/A (sky130_fd_sc_hd__clkbuf_16)
                  0.08    0.18    0.27 ^ clkbuf_0_clk/X (sky130_fd_sc_hd__clkbuf_16)
     8    0.06                           clknet_0_clk (net)
                  0.08    0.00    0.27 ^ clkbuf_3_5__f_clk/A (sky130_fd_sc_hd__clkbuf_16)
                  0.04    0.13    0.41 ^ clkbuf_3_5__f_clk/X (sky130_fd_sc_hd__clkbuf_16)
    10    0.02                           clknet_3_5__leaf_clk (net)
                  0.04    0.00    0.41 ^ _401_/CLK (sky130_fd_sc_hd__dfrtp_2)
                  0.05    0.32    0.73 ^ _401_/Q (sky130_fd_sc_hd__dfrtp_2)
     2    0.00                           net165 (net)
                  0.05    0.00    0.73 ^ _275_/A1 (sky130_fd_sc_hd__mux2_1)
                  0.04    0.11    0.84 ^ _275_/X (sky130_fd_sc_hd__mux2_1)
     1    0.00                           _118_ (net)
                  0.04    0.00    0.84 ^ _276_/A (sky130_fd_sc_hd__clkbuf_1)
                  0.04    0.07    0.91 ^ _276_/X (sky130_fd_sc_hd__clkbuf_1)
     1    0.00                           _012_ (net)
                  0.04    0.00    0.91 ^ _401_/D (sky130_fd_sc_hd__dfrtp_2)
                                  0.91   data arrival time

                          0.00    0.00   clock clk (rise edge)
                          0.00    0.00   clock source latency
                  0.14    0.10    0.10 ^ clk (in)
     1    0.03                           clk (net)
                  0.14    0.00    0.10 ^ clkbuf_0_clk/A (sky130_fd_sc_hd__clkbuf_16)
                  0.08    0.20    0.30 ^ clkbuf_0_clk/X (sky130_fd_sc_hd__clkbuf_16)
     8    0.06                           clknet_0_clk (net)
                  0.08    0.00    0.30 ^ clkbuf_3_5__f_clk/A (sky130_fd_sc_hd__clkbuf_16)
                  0.04    0.15    0.45 ^ clkbuf_3_5__f_clk/X (sky130_fd_sc_hd__clkbuf_16)
    10    0.02                           clknet_3_5__leaf_clk (net)
                  0.04    0.00    0.45 ^ _401_/CLK (sky130_fd_sc_hd__dfrtp_2)
                          0.25    0.70   clock uncertainty
                         -0.04    0.66   clock reconvergence pessimism
                         -0.03    0.62   library hold time
                                  0.62   data required time
-----------------------------------------------------------------------------
                                  0.62   data required time
                                 -0.91   data arrival time
-----------------------------------------------------------------------------
                                  0.29   slack (MET)


Startpoint: _454_ (rising edge-triggered flip-flop clocked by clk)
Endpoint: _454_ (rising edge-triggered flip-flop clocked by clk)
Path Group: clk
Path Type: min

Fanout     Cap    Slew   Delay    Time   Description
-----------------------------------------------------------------------------
                          0.00    0.00   clock clk (rise edge)
                          0.00    0.00   clock source latency
                  0.14    0.09    0.09 ^ clk (in)
     1    0.03                           clk (net)
                  0.14    0.00    0.09 ^ clkbuf_0_clk/A (sky130_fd_sc_hd__clkbuf_16)
                  0.08    0.18    0.27 ^ clkbuf_0_clk/X (sky130_fd_sc_hd__clkbuf_16)
     8    0.06                           clknet_0_clk (net)
                  0.08    0.00    0.27 ^ clkbuf_3_0__f_clk/A (sky130_fd_sc_hd__clkbuf_16)
                  0.04    0.13    0.40 ^ clkbuf_3_0__f_clk/X (sky130_fd_sc_hd__clkbuf_16)
     7    0.01                           clknet_3_0__leaf_clk (net)
                  0.04    0.00    0.40 ^ _454_/CLK (sky130_fd_sc_hd__dfrtp_1)
                  0.06    0.31    0.71 ^ _454_/Q (sky130_fd_sc_hd__dfrtp_1)
     2    0.00                           net193 (net)
                  0.06    0.00    0.71 ^ _385_/A1 (sky130_fd_sc_hd__mux2_1)
                  0.04    0.12    0.82 ^ _385_/X (sky130_fd_sc_hd__mux2_1)
     1    0.00                           _175_ (net)
                  0.04    0.00    0.82 ^ _386_/A (sky130_fd_sc_hd__clkbuf_1)
                  0.05    0.08    0.90 ^ _386_/X (sky130_fd_sc_hd__clkbuf_1)
     1    0.00                           _065_ (net)
                  0.05    0.00    0.90 ^ _454_/D (sky130_fd_sc_hd__dfrtp_1)
                                  0.90   data arrival time

                          0.00    0.00   clock clk (rise edge)
                          0.00    0.00   clock source latency
                  0.14    0.10    0.10 ^ clk (in)
     1    0.03                           clk (net)
                  0.14    0.00    0.10 ^ clkbuf_0_clk/A (sky130_fd_sc_hd__clkbuf_16)
                  0.08    0.20    0.30 ^ clkbuf_0_clk/X (sky130_fd_sc_hd__clkbuf_16)
     8    0.06                           clknet_0_clk (net)
                  0.08    0.00    0.30 ^ clkbuf_3_0__f_clk/A (sky130_fd_sc_hd__clkbuf_16)
                  0.04    0.14    0.44 ^ clkbuf_3_0__f_clk/X (sky130_fd_sc_hd__clkbuf_16)
     7    0.01                           clknet_3_0__leaf_clk (net)
                  0.04    0.00    0.44 ^ _454_/CLK (sky130_fd_sc_hd__dfrtp_1)
                          0.25    0.69   clock uncertainty
                         -0.04    0.65   clock reconvergence pessimism
                         -0.04    0.61   library hold time
                                  0.61   data required time
-----------------------------------------------------------------------------
                                  0.61   data required time
                                 -0.90   data arrival time
-----------------------------------------------------------------------------
                                  0.29   slack (MET)


Startpoint: _438_ (rising edge-triggered flip-flop clocked by clk)
Endpoint: _438_ (rising edge-triggered flip-flop clocked by clk)
Path Group: clk
Path Type: min

Fanout     Cap    Slew   Delay    Time   Description
-----------------------------------------------------------------------------
                          0.00    0.00   clock clk (rise edge)
                          0.00    0.00   clock source latency
                  0.14    0.09    0.09 ^ clk (in)
     1    0.03                           clk (net)
                  0.14    0.00    0.09 ^ clkbuf_0_clk/A (sky130_fd_sc_hd__clkbuf_16)
                  0.08    0.18    0.27 ^ clkbuf_0_clk/X (sky130_fd_sc_hd__clkbuf_16)
     8    0.06                           clknet_0_clk (net)
                  0.08    0.00    0.27 ^ clkbuf_3_4__f_clk/A (sky130_fd_sc_hd__clkbuf_16)
                  0.05    0.14    0.41 ^ clkbuf_3_4__f_clk/X (sky130_fd_sc_hd__clkbuf_16)
    14    0.03                           clknet_3_4__leaf_clk (net)
                  0.05    0.00    0.41 ^ _438_/CLK (sky130_fd_sc_hd__dfrtp_2)
                  0.05    0.32    0.74 ^ _438_/Q (sky130_fd_sc_hd__dfrtp_2)
     2    0.00                           net175 (net)
                  0.05    0.00    0.74 ^ _352_/A1 (sky130_fd_sc_hd__mux2_1)
                  0.04    0.11    0.84 ^ _352_/X (sky130_fd_sc_hd__mux2_1)
     1    0.00                           _158_ (net)
                  0.04    0.00    0.84 ^ _353_/A (sky130_fd_sc_hd__clkbuf_1)
                  0.05    0.08    0.92 ^ _353_/X (sky130_fd_sc_hd__clkbuf_1)
     1    0.00                           _049_ (net)
                  0.05    0.00    0.92 ^ _438_/D (sky130_fd_sc_hd__dfrtp_2)
                                  0.92   data arrival time

                          0.00    0.00   clock clk (rise edge)
                          0.00    0.00   clock source latency
                  0.14    0.10    0.10 ^ clk (in)
     1    0.03                           clk (net)
                  0.14    0.00    0.10 ^ clkbuf_0_clk/A (sky130_fd_sc_hd__clkbuf_16)
                  0.08    0.20    0.30 ^ clkbuf_0_clk/X (sky130_fd_sc_hd__clkbuf_16)
     8    0.06                           clknet_0_clk (net)
                  0.08    0.00    0.30 ^ clkbuf_3_4__f_clk/A (sky130_fd_sc_hd__clkbuf_16)
                  0.05    0.15    0.46 ^ clkbuf_3_4__f_clk/X (sky130_fd_sc_hd__clkbuf_16)
    14    0.03                           clknet_3_4__leaf_clk (net)
                  0.05    0.00    0.46 ^ _438_/CLK (sky130_fd_sc_hd__dfrtp_2)
                          0.25    0.71   clock uncertainty
                         -0.04    0.66   clock reconvergence pessimism
                         -0.04    0.63   library hold time
                                  0.63   data required time
-----------------------------------------------------------------------------
                                  0.63   data required time
                                 -0.92   data arrival time
-----------------------------------------------------------------------------
                                  0.30   slack (MET)


Startpoint: _394_ (rising edge-triggered flip-flop clocked by clk)
Endpoint: _394_ (rising edge-triggered flip-flop clocked by clk)
Path Group: clk
Path Type: min

Fanout     Cap    Slew   Delay    Time   Description
-----------------------------------------------------------------------------
                          0.00    0.00   clock clk (rise edge)
                          0.00    0.00   clock source latency
                  0.14    0.09    0.09 ^ clk (in)
     1    0.03                           clk (net)
                  0.14    0.00    0.09 ^ clkbuf_0_clk/A (sky130_fd_sc_hd__clkbuf_16)
                  0.08    0.18    0.27 ^ clkbuf_0_clk/X (sky130_fd_sc_hd__clkbuf_16)
     8    0.06                           clknet_0_clk (net)
                  0.08    0.00    0.27 ^ clkbuf_3_3__f_clk/A (sky130_fd_sc_hd__clkbuf_16)
                  0.03    0.12    0.40 ^ clkbuf_3_3__f_clk/X (sky130_fd_sc_hd__clkbuf_16)
     5    0.01                           clknet_3_3__leaf_clk (net)
                  0.03    0.00    0.40 ^ _394_/CLK (sky130_fd_sc_hd__dfrtp_2)
                  0.05    0.32    0.71 ^ _394_/Q (sky130_fd_sc_hd__dfrtp_2)
     2    0.00                           net156 (net)
                  0.05    0.00    0.71 ^ _259_/A1 (sky130_fd_sc_hd__mux2_1)
                  0.04    0.11    0.83 ^ _259_/X (sky130_fd_sc_hd__mux2_1)
     1    0.00                           _109_ (net)
                  0.04    0.00    0.83 ^ _260_/A (sky130_fd_sc_hd__clkbuf_1)
                  0.05    0.08    0.91 ^ _260_/X (sky130_fd_sc_hd__clkbuf_1)
     1    0.00                           _005_ (net)
                  0.05    0.00    0.91 ^ _394_/D (sky130_fd_sc_hd__dfrtp_2)
                                  0.91   data arrival time

                          0.00    0.00   clock clk (rise edge)
                          0.00    0.00   clock source latency
                  0.14    0.10    0.10 ^ clk (in)
     1    0.03                           clk (net)
                  0.14    0.00    0.10 ^ clkbuf_0_clk/A (sky130_fd_sc_hd__clkbuf_16)
                  0.08    0.20    0.30 ^ clkbuf_0_clk/X (sky130_fd_sc_hd__clkbuf_16)
     8    0.06                           clknet_0_clk (net)
                  0.08    0.00    0.30 ^ clkbuf_3_3__f_clk/A (sky130_fd_sc_hd__clkbuf_16)
                  0.03    0.14    0.44 ^ clkbuf_3_3__f_clk/X (sky130_fd_sc_hd__clkbuf_16)
     5    0.01                           clknet_3_3__leaf_clk (net)
                  0.03    0.00    0.44 ^ _394_/CLK (sky130_fd_sc_hd__dfrtp_2)
                          0.25    0.69   clock uncertainty
                         -0.04    0.65   clock reconvergence pessimism
                         -0.04    0.61   library hold time
                                  0.61   data required time
-----------------------------------------------------------------------------
                                  0.61   data required time
                                 -0.91   data arrival time
-----------------------------------------------------------------------------
                                  0.30   slack (MET)


Startpoint: _447_ (rising edge-triggered flip-flop clocked by clk)
Endpoint: _447_ (rising edge-triggered flip-flop clocked by clk)
Path Group: clk
Path Type: min

Fanout     Cap    Slew   Delay    Time   Description
-----------------------------------------------------------------------------
                          0.00    0.00   clock clk (rise edge)
                          0.00    0.00   clock source latency
                  0.14    0.09    0.09 ^ clk (in)
     1    0.03                           clk (net)
                  0.14    0.00    0.09 ^ clkbuf_0_clk/A (sky130_fd_sc_hd__clkbuf_16)
                  0.08    0.18    0.27 ^ clkbuf_0_clk/X (sky130_fd_sc_hd__clkbuf_16)
     8    0.06                           clknet_0_clk (net)
                  0.08    0.00    0.27 ^ clkbuf_3_1__f_clk/A (sky130_fd_sc_hd__clkbuf_16)
                  0.05    0.14    0.41 ^ clkbuf_3_1__f_clk/X (sky130_fd_sc_hd__clkbuf_16)
     9    0.03                           clknet_3_1__leaf_clk (net)
                  0.05    0.00    0.42 ^ _447_/CLK (sky130_fd_sc_hd__dfrtp_2)
                  0.05    0.32    0.74 ^ _447_/Q (sky130_fd_sc_hd__dfrtp_2)
     2    0.00                           net185 (net)
                  0.05    0.00    0.74 ^ _371_/A1 (sky130_fd_sc_hd__mux2_1)
                  0.04    0.12    0.85 ^ _371_/X (sky130_fd_sc_hd__mux2_1)
     1    0.00                           _168_ (net)
                  0.04    0.00    0.85 ^ _372_/A (sky130_fd_sc_hd__clkbuf_1)
                  0.05    0.08    0.93 ^ _372_/X (sky130_fd_sc_hd__clkbuf_1)
     1    0.00                           _058_ (net)
                  0.05    0.00    0.93 ^ _447_/D (sky130_fd_sc_hd__dfrtp_2)
                                  0.93   data arrival time

                          0.00    0.00   clock clk (rise edge)
                          0.00    0.00   clock source latency
                  0.14    0.10    0.10 ^ clk (in)
     1    0.03                           clk (net)
                  0.14    0.00    0.10 ^ clkbuf_0_clk/A (sky130_fd_sc_hd__clkbuf_16)
                  0.08    0.20    0.30 ^ clkbuf_0_clk/X (sky130_fd_sc_hd__clkbuf_16)
     8    0.06                           clknet_0_clk (net)
                  0.08    0.00    0.30 ^ clkbuf_3_1__f_clk/A (sky130_fd_sc_hd__clkbuf_16)
                  0.05    0.15    0.46 ^ clkbuf_3_1__f_clk/X (sky130_fd_sc_hd__clkbuf_16)
     9    0.03                           clknet_3_1__leaf_clk (net)
                  0.05    0.00    0.46 ^ _447_/CLK (sky130_fd_sc_hd__dfrtp_2)
                          0.25    0.71   clock uncertainty
                         -0.04    0.67   clock reconvergence pessimism
                         -0.03    0.63   library hold time
                                  0.63   data required time
-----------------------------------------------------------------------------
                                  0.63   data required time
                                 -0.93   data arrival time
-----------------------------------------------------------------------------
                                  0.30   slack (MET)


Startpoint: _453_ (rising edge-triggered flip-flop clocked by clk)
Endpoint: _453_ (rising edge-triggered flip-flop clocked by clk)
Path Group: clk
Path Type: min

Fanout     Cap    Slew   Delay    Time   Description
-----------------------------------------------------------------------------
                          0.00    0.00   clock clk (rise edge)
                          0.00    0.00   clock source latency
                  0.14    0.09    0.09 ^ clk (in)
     1    0.03                           clk (net)
                  0.14    0.00    0.09 ^ clkbuf_0_clk/A (sky130_fd_sc_hd__clkbuf_16)
                  0.08    0.18    0.27 ^ clkbuf_0_clk/X (sky130_fd_sc_hd__clkbuf_16)
     8    0.06                           clknet_0_clk (net)
                  0.08    0.00    0.27 ^ clkbuf_3_0__f_clk/A (sky130_fd_sc_hd__clkbuf_16)
                  0.04    0.13    0.40 ^ clkbuf_3_0__f_clk/X (sky130_fd_sc_hd__clkbuf_16)
     7    0.01                           clknet_3_0__leaf_clk (net)
                  0.04    0.00    0.40 ^ _453_/CLK (sky130_fd_sc_hd__dfrtp_1)
                  0.08    0.33    0.73 ^ _453_/Q (sky130_fd_sc_hd__dfrtp_1)
     2    0.01                           net191 (net)
                  0.08    0.00    0.73 ^ _383_/A1 (sky130_fd_sc_hd__mux2_1)
                  0.04    0.13    0.86 ^ _383_/X (sky130_fd_sc_hd__mux2_1)
     1    0.00                           _174_ (net)
                  0.04    0.00    0.86 ^ _384_/A (sky130_fd_sc_hd__clkbuf_1)
                  0.04    0.07    0.93 ^ _384_/X (sky130_fd_sc_hd__clkbuf_1)
     1    0.00                           _064_ (net)
                  0.04    0.00    0.93 ^ _453_/D (sky130_fd_sc_hd__dfrtp_1)
                                  0.93   data arrival time

                          0.00    0.00   clock clk (rise edge)
                          0.00    0.00   clock source latency
                  0.14    0.10    0.10 ^ clk (in)
     1    0.03                           clk (net)
                  0.14    0.00    0.10 ^ clkbuf_0_clk/A (sky130_fd_sc_hd__clkbuf_16)
                  0.08    0.20    0.30 ^ clkbuf_0_clk/X (sky130_fd_sc_hd__clkbuf_16)
     8    0.06                           clknet_0_clk (net)
                  0.08    0.00    0.30 ^ clkbuf_3_0__f_clk/A (sky130_fd_sc_hd__clkbuf_16)
                  0.04    0.14    0.44 ^ clkbuf_3_0__f_clk/X (sky130_fd_sc_hd__clkbuf_16)
     7    0.01                           clknet_3_0__leaf_clk (net)
                  0.04    0.00    0.44 ^ _453_/CLK (sky130_fd_sc_hd__dfrtp_1)
                          0.25    0.69   clock uncertainty
                         -0.04    0.65   clock reconvergence pessimism
                         -0.03    0.62   library hold time
                                  0.62   data required time
-----------------------------------------------------------------------------
                                  0.62   data required time
                                 -0.93   data arrival time
-----------------------------------------------------------------------------
                                  0.31   slack (MET)


Startpoint: _451_ (rising edge-triggered flip-flop clocked by clk)
Endpoint: _451_ (rising edge-triggered flip-flop clocked by clk)
Path Group: clk
Path Type: min

Fanout     Cap    Slew   Delay    Time   Description
-----------------------------------------------------------------------------
                          0.00    0.00   clock clk (rise edge)
                          0.00    0.00   clock source latency
                  0.14    0.09    0.09 ^ clk (in)
     1    0.03                           clk (net)
                  0.14    0.00    0.09 ^ clkbuf_0_clk/A (sky130_fd_sc_hd__clkbuf_16)
                  0.08    0.18    0.27 ^ clkbuf_0_clk/X (sky130_fd_sc_hd__clkbuf_16)
     8    0.06                           clknet_0_clk (net)
                  0.08    0.00    0.27 ^ clkbuf_3_2__f_clk/A (sky130_fd_sc_hd__clkbuf_16)
                  0.04    0.13    0.40 ^ clkbuf_3_2__f_clk/X (sky130_fd_sc_hd__clkbuf_16)
     7    0.01                           clknet_3_2__leaf_clk (net)
                  0.04    0.00    0.40 ^ _451_/CLK (sky130_fd_sc_hd__dfrtp_1)
                  0.08    0.33    0.73 ^ _451_/Q (sky130_fd_sc_hd__dfrtp_1)
     2    0.01                           net189 (net)
                  0.08    0.00    0.73 ^ _379_/A1 (sky130_fd_sc_hd__mux2_1)
                  0.04    0.13    0.85 ^ _379_/X (sky130_fd_sc_hd__mux2_1)
     1    0.00                           _172_ (net)
                  0.04    0.00    0.85 ^ _380_/A (sky130_fd_sc_hd__clkbuf_1)
                  0.05    0.08    0.93 ^ _380_/X (sky130_fd_sc_hd__clkbuf_1)
     1    0.00                           _062_ (net)
                  0.05    0.00    0.93 ^ _451_/D (sky130_fd_sc_hd__dfrtp_1)
                                  0.93   data arrival time

                          0.00    0.00   clock clk (rise edge)
                          0.00    0.00   clock source latency
                  0.14    0.10    0.10 ^ clk (in)
     1    0.03                           clk (net)
                  0.14    0.00    0.10 ^ clkbuf_0_clk/A (sky130_fd_sc_hd__clkbuf_16)
                  0.08    0.20    0.30 ^ clkbuf_0_clk/X (sky130_fd_sc_hd__clkbuf_16)
     8    0.06                           clknet_0_clk (net)
                  0.08    0.00    0.30 ^ clkbuf_3_2__f_clk/A (sky130_fd_sc_hd__clkbuf_16)
                  0.04    0.14    0.44 ^ clkbuf_3_2__f_clk/X (sky130_fd_sc_hd__clkbuf_16)
     7    0.01                           clknet_3_2__leaf_clk (net)
                  0.04    0.00    0.44 ^ _451_/CLK (sky130_fd_sc_hd__dfrtp_1)
                          0.25    0.69   clock uncertainty
                         -0.04    0.65   clock reconvergence pessimism
                         -0.04    0.61   library hold time
                                  0.61   data required time
-----------------------------------------------------------------------------
                                  0.61   data required time
                                 -0.93   data arrival time
-----------------------------------------------------------------------------
                                  0.32   slack (MET)


Startpoint: _411_ (rising edge-triggered flip-flop clocked by clk)
Endpoint: _411_ (rising edge-triggered flip-flop clocked by clk)
Path Group: clk
Path Type: min

Fanout     Cap    Slew   Delay    Time   Description
-----------------------------------------------------------------------------
                          0.00    0.00   clock clk (rise edge)
                          0.00    0.00   clock source latency
                  0.14    0.09    0.09 ^ clk (in)
     1    0.03                           clk (net)
                  0.14    0.00    0.09 ^ clkbuf_0_clk/A (sky130_fd_sc_hd__clkbuf_16)
                  0.08    0.18    0.27 ^ clkbuf_0_clk/X (sky130_fd_sc_hd__clkbuf_16)
     8    0.06                           clknet_0_clk (net)
                  0.08    0.00    0.27 ^ clkbuf_3_1__f_clk/A (sky130_fd_sc_hd__clkbuf_16)
                  0.05    0.14    0.41 ^ clkbuf_3_1__f_clk/X (sky130_fd_sc_hd__clkbuf_16)
     9    0.03                           clknet_3_1__leaf_clk (net)
                  0.05    0.00    0.42 ^ _411_/CLK (sky130_fd_sc_hd__dfrtp_2)
                  0.05    0.32    0.74 ^ _411_/Q (sky130_fd_sc_hd__dfrtp_2)
     2    0.00                           net144 (net)
                  0.05    0.00    0.74 ^ _296_/A1 (sky130_fd_sc_hd__mux2_1)
                  0.06    0.12    0.86 ^ _296_/X (sky130_fd_sc_hd__mux2_1)
     1    0.00                           _129_ (net)
                  0.06    0.00    0.86 ^ _297_/A (sky130_fd_sc_hd__clkbuf_1)
                  0.06    0.09    0.95 ^ _297_/X (sky130_fd_sc_hd__clkbuf_1)
     1    0.00                           _022_ (net)
                  0.06    0.00    0.95 ^ _411_/D (sky130_fd_sc_hd__dfrtp_2)
                                  0.95   data arrival time

                          0.00    0.00   clock clk (rise edge)
                          0.00    0.00   clock source latency
                  0.14    0.10    0.10 ^ clk (in)
     1    0.03                           clk (net)
                  0.14    0.00    0.10 ^ clkbuf_0_clk/A (sky130_fd_sc_hd__clkbuf_16)
                  0.08    0.20    0.30 ^ clkbuf_0_clk/X (sky130_fd_sc_hd__clkbuf_16)
     8    0.06                           clknet_0_clk (net)
                  0.08    0.00    0.30 ^ clkbuf_3_1__f_clk/A (sky130_fd_sc_hd__clkbuf_16)
                  0.05    0.15    0.46 ^ clkbuf_3_1__f_clk/X (sky130_fd_sc_hd__clkbuf_16)
     9    0.03                           clknet_3_1__leaf_clk (net)
                  0.05    0.00    0.46 ^ _411_/CLK (sky130_fd_sc_hd__dfrtp_2)
                          0.25    0.71   clock uncertainty
                         -0.04    0.67   clock reconvergence pessimism
                         -0.04    0.63   library hold time
                                  0.63   data required time
-----------------------------------------------------------------------------
                                  0.63   data required time
                                 -0.95   data arrival time
-----------------------------------------------------------------------------
                                  0.32   slack (MET)


Startpoint: _435_ (rising edge-triggered flip-flop clocked by clk)
Endpoint: _435_ (rising edge-triggered flip-flop clocked by clk)
Path Group: clk
Path Type: min

Fanout     Cap    Slew   Delay    Time   Description
-----------------------------------------------------------------------------
                          0.00    0.00   clock clk (rise edge)
                          0.00    0.00   clock source latency
                  0.14    0.09    0.09 ^ clk (in)
     1    0.03                           clk (net)
                  0.14    0.00    0.09 ^ clkbuf_0_clk/A (sky130_fd_sc_hd__clkbuf_16)
                  0.08    0.18    0.27 ^ clkbuf_0_clk/X (sky130_fd_sc_hd__clkbuf_16)
     8    0.06                           clknet_0_clk (net)
                  0.08    0.00    0.27 ^ clkbuf_3_7__f_clk/A (sky130_fd_sc_hd__clkbuf_16)
                  0.04    0.13    0.40 ^ clkbuf_3_7__f_clk/X (sky130_fd_sc_hd__clkbuf_16)
     9    0.02                           clknet_3_7__leaf_clk (net)
                  0.04    0.00    0.40 ^ _435_/CLK (sky130_fd_sc_hd__dfrtp_1)
                  0.09    0.34    0.74 ^ _435_/Q (sky130_fd_sc_hd__dfrtp_1)
     2    0.01                           net172 (net)
                  0.09    0.00    0.74 ^ _346_/A1 (sky130_fd_sc_hd__mux2_1)
                  0.04    0.13    0.87 ^ _346_/X (sky130_fd_sc_hd__mux2_1)
     1    0.00                           _155_ (net)
                  0.04    0.00    0.87 ^ _347_/A (sky130_fd_sc_hd__clkbuf_1)
                  0.04    0.07    0.94 ^ _347_/X (sky130_fd_sc_hd__clkbuf_1)
     1    0.00                           _046_ (net)
                  0.04    0.00    0.94 ^ _435_/D (sky130_fd_sc_hd__dfrtp_1)
                                  0.94   data arrival time

                          0.00    0.00   clock clk (rise edge)
                          0.00    0.00   clock source latency
                  0.14    0.10    0.10 ^ clk (in)
     1    0.03                           clk (net)
                  0.14    0.00    0.10 ^ clkbuf_0_clk/A (sky130_fd_sc_hd__clkbuf_16)
                  0.08    0.20    0.30 ^ clkbuf_0_clk/X (sky130_fd_sc_hd__clkbuf_16)
     8    0.06                           clknet_0_clk (net)
                  0.08    0.00    0.30 ^ clkbuf_3_7__f_clk/A (sky130_fd_sc_hd__clkbuf_16)
                  0.04    0.14    0.45 ^ clkbuf_3_7__f_clk/X (sky130_fd_sc_hd__clkbuf_16)
     9    0.02                           clknet_3_7__leaf_clk (net)
                  0.04    0.00    0.45 ^ _435_/CLK (sky130_fd_sc_hd__dfrtp_1)
                          0.25    0.70   clock uncertainty
                         -0.04    0.65   clock reconvergence pessimism
                         -0.03    0.62   library hold time
                                  0.62   data required time
-----------------------------------------------------------------------------
                                  0.62   data required time
                                 -0.94   data arrival time
-----------------------------------------------------------------------------
                                  0.33   slack (MET)


Startpoint: _436_ (rising edge-triggered flip-flop clocked by clk)
Endpoint: _436_ (rising edge-triggered flip-flop clocked by clk)
Path Group: clk
Path Type: min

Fanout     Cap    Slew   Delay    Time   Description
-----------------------------------------------------------------------------
                          0.00    0.00   clock clk (rise edge)
                          0.00    0.00   clock source latency
                  0.14    0.09    0.09 ^ clk (in)
     1    0.03                           clk (net)
                  0.14    0.00    0.09 ^ clkbuf_0_clk/A (sky130_fd_sc_hd__clkbuf_16)
                  0.08    0.18    0.27 ^ clkbuf_0_clk/X (sky130_fd_sc_hd__clkbuf_16)
     8    0.06                           clknet_0_clk (net)
                  0.08    0.00    0.27 ^ clkbuf_3_2__f_clk/A (sky130_fd_sc_hd__clkbuf_16)
                  0.04    0.13    0.40 ^ clkbuf_3_2__f_clk/X (sky130_fd_sc_hd__clkbuf_16)
     7    0.01                           clknet_3_2__leaf_clk (net)
                  0.04    0.00    0.40 ^ _436_/CLK (sky130_fd_sc_hd__dfrtp_1)
                  0.08    0.33    0.73 ^ _436_/Q (sky130_fd_sc_hd__dfrtp_1)
     2    0.01                           net173 (net)
                  0.08    0.00    0.73 ^ _348_/A1 (sky130_fd_sc_hd__mux2_1)
                  0.05    0.13    0.86 ^ _348_/X (sky130_fd_sc_hd__mux2_1)
     1    0.00                           _156_ (net)
                  0.05    0.00    0.86 ^ _349_/A (sky130_fd_sc_hd__clkbuf_1)
                  0.05    0.08    0.94 ^ _349_/X (sky130_fd_sc_hd__clkbuf_1)
     1    0.00                           _047_ (net)
                  0.05    0.00    0.94 ^ _436_/D (sky130_fd_sc_hd__dfrtp_1)
                                  0.94   data arrival time

                          0.00    0.00   clock clk (rise edge)
                          0.00    0.00   clock source latency
                  0.14    0.10    0.10 ^ clk (in)
     1    0.03                           clk (net)
                  0.14    0.00    0.10 ^ clkbuf_0_clk/A (sky130_fd_sc_hd__clkbuf_16)
                  0.08    0.20    0.30 ^ clkbuf_0_clk/X (sky130_fd_sc_hd__clkbuf_16)
     8    0.06                           clknet_0_clk (net)
                  0.08    0.00    0.30 ^ clkbuf_3_2__f_clk/A (sky130_fd_sc_hd__clkbuf_16)
                  0.04    0.14    0.44 ^ clkbuf_3_2__f_clk/X (sky130_fd_sc_hd__clkbuf_16)
     7    0.01                           clknet_3_2__leaf_clk (net)
                  0.04    0.00    0.44 ^ _436_/CLK (sky130_fd_sc_hd__dfrtp_1)
                          0.25    0.69   clock uncertainty
                         -0.04    0.65   clock reconvergence pessimism
                         -0.04    0.61   library hold time
                                  0.61   data required time
-----------------------------------------------------------------------------
                                  0.61   data required time
                                 -0.94   data arrival time
-----------------------------------------------------------------------------
                                  0.33   slack (MET)


Startpoint: _392_ (rising edge-triggered flip-flop clocked by clk)
Endpoint: _392_ (rising edge-triggered flip-flop clocked by clk)
Path Group: clk
Path Type: min

Fanout     Cap    Slew   Delay    Time   Description
-----------------------------------------------------------------------------
                          0.00    0.00   clock clk (rise edge)
                          0.00    0.00   clock source latency
                  0.14    0.09    0.09 ^ clk (in)
     1    0.03                           clk (net)
                  0.14    0.00    0.09 ^ clkbuf_0_clk/A (sky130_fd_sc_hd__clkbuf_16)
                  0.08    0.18    0.27 ^ clkbuf_0_clk/X (sky130_fd_sc_hd__clkbuf_16)
     8    0.06                           clknet_0_clk (net)
                  0.08    0.00    0.27 ^ clkbuf_3_7__f_clk/A (sky130_fd_sc_hd__clkbuf_16)
                  0.04    0.13    0.40 ^ clkbuf_3_7__f_clk/X (sky130_fd_sc_hd__clkbuf_16)
     9    0.02                           clknet_3_7__leaf_clk (net)
                  0.04    0.00    0.40 ^ _392_/CLK (sky130_fd_sc_hd__dfrtp_1)
                  0.09    0.33    0.74 ^ _392_/Q (sky130_fd_sc_hd__dfrtp_1)
     2    0.01                           net134 (net)
                  0.09    0.00    0.74 ^ _255_/A1 (sky130_fd_sc_hd__mux2_1)
                  0.04    0.13    0.87 ^ _255_/X (sky130_fd_sc_hd__mux2_1)
     1    0.00                           _107_ (net)
                  0.04    0.00    0.87 ^ _256_/A (sky130_fd_sc_hd__clkbuf_1)
                  0.05    0.08    0.94 ^ _256_/X (sky130_fd_sc_hd__clkbuf_1)
     1    0.00                           _003_ (net)
                  0.05    0.00    0.94 ^ _392_/D (sky130_fd_sc_hd__dfrtp_1)
                                  0.94   data arrival time

                          0.00    0.00   clock clk (rise edge)
                          0.00    0.00   clock source latency
                  0.14    0.10    0.10 ^ clk (in)
     1    0.03                           clk (net)
                  0.14    0.00    0.10 ^ clkbuf_0_clk/A (sky130_fd_sc_hd__clkbuf_16)
                  0.08    0.20    0.30 ^ clkbuf_0_clk/X (sky130_fd_sc_hd__clkbuf_16)
     8    0.06                           clknet_0_clk (net)
                  0.08    0.00    0.30 ^ clkbuf_3_7__f_clk/A (sky130_fd_sc_hd__clkbuf_16)
                  0.04    0.14    0.45 ^ clkbuf_3_7__f_clk/X (sky130_fd_sc_hd__clkbuf_16)
     9    0.02                           clknet_3_7__leaf_clk (net)
                  0.04    0.00    0.45 ^ _392_/CLK (sky130_fd_sc_hd__dfrtp_1)
                          0.25    0.70   clock uncertainty
                         -0.04    0.65   clock reconvergence pessimism
                         -0.04    0.62   library hold time
                                  0.62   data required time
-----------------------------------------------------------------------------
                                  0.62   data required time
                                 -0.94   data arrival time
-----------------------------------------------------------------------------
                                  0.33   slack (MET)


Startpoint: _452_ (rising edge-triggered flip-flop clocked by clk)
Endpoint: _452_ (rising edge-triggered flip-flop clocked by clk)
Path Group: clk
Path Type: min

Fanout     Cap    Slew   Delay    Time   Description
-----------------------------------------------------------------------------
                          0.00    0.00   clock clk (rise edge)
                          0.00    0.00   clock source latency
                  0.14    0.09    0.09 ^ clk (in)
     1    0.03                           clk (net)
                  0.14    0.00    0.09 ^ clkbuf_0_clk/A (sky130_fd_sc_hd__clkbuf_16)
                  0.08    0.18    0.27 ^ clkbuf_0_clk/X (sky130_fd_sc_hd__clkbuf_16)
     8    0.06                           clknet_0_clk (net)
                  0.08    0.00    0.27 ^ clkbuf_3_7__f_clk/A (sky130_fd_sc_hd__clkbuf_16)
                  0.04    0.13    0.40 ^ clkbuf_3_7__f_clk/X (sky130_fd_sc_hd__clkbuf_16)
     9    0.02                           clknet_3_7__leaf_clk (net)
                  0.04    0.00    0.40 ^ _452_/CLK (sky130_fd_sc_hd__dfrtp_1)
                  0.11    0.35    0.75 ^ _452_/Q (sky130_fd_sc_hd__dfrtp_1)
     2    0.01                           net190 (net)
                  0.11    0.00    0.75 ^ _381_/A1 (sky130_fd_sc_hd__mux2_1)
                  0.04    0.13    0.88 ^ _381_/X (sky130_fd_sc_hd__mux2_1)
     1    0.00                           _173_ (net)
                  0.04    0.00    0.88 ^ _382_/A (sky130_fd_sc_hd__clkbuf_1)
                  0.04    0.07    0.95 ^ _382_/X (sky130_fd_sc_hd__clkbuf_1)
     1    0.00                           _063_ (net)
                  0.04    0.00    0.95 ^ _452_/D (sky130_fd_sc_hd__dfrtp_1)
                                  0.95   data arrival time

                          0.00    0.00   clock clk (rise edge)
                          0.00    0.00   clock source latency
                  0.14    0.10    0.10 ^ clk (in)
     1    0.03                           clk (net)
                  0.14    0.00    0.10 ^ clkbuf_0_clk/A (sky130_fd_sc_hd__clkbuf_16)
                  0.08    0.20    0.30 ^ clkbuf_0_clk/X (sky130_fd_sc_hd__clkbuf_16)
     8    0.06                           clknet_0_clk (net)
                  0.08    0.00    0.30 ^ clkbuf_3_7__f_clk/A (sky130_fd_sc_hd__clkbuf_16)
                  0.04    0.14    0.45 ^ clkbuf_3_7__f_clk/X (sky130_fd_sc_hd__clkbuf_16)
     9    0.02                           clknet_3_7__leaf_clk (net)
                  0.04    0.00    0.45 ^ _452_/CLK (sky130_fd_sc_hd__dfrtp_1)
                          0.25    0.70   clock uncertainty
                         -0.04    0.65   clock reconvergence pessimism
                         -0.03    0.62   library hold time
                                  0.62   data required time
-----------------------------------------------------------------------------
                                  0.62   data required time
                                 -0.95   data arrival time
-----------------------------------------------------------------------------
                                  0.33   slack (MET)


Startpoint: _430_ (rising edge-triggered flip-flop clocked by clk)
Endpoint: _430_ (rising edge-triggered flip-flop clocked by clk)
Path Group: clk
Path Type: min

Fanout     Cap    Slew   Delay    Time   Description
-----------------------------------------------------------------------------
                          0.00    0.00   clock clk (rise edge)
                          0.00    0.00   clock source latency
                  0.14    0.09    0.09 ^ clk (in)
     1    0.03                           clk (net)
                  0.14    0.00    0.09 ^ clkbuf_0_clk/A (sky130_fd_sc_hd__clkbuf_16)
                  0.08    0.18    0.27 ^ clkbuf_0_clk/X (sky130_fd_sc_hd__clkbuf_16)
     8    0.06                           clknet_0_clk (net)
                  0.08    0.00    0.27 ^ clkbuf_3_2__f_clk/A (sky130_fd_sc_hd__clkbuf_16)
                  0.04    0.13    0.40 ^ clkbuf_3_2__f_clk/X (sky130_fd_sc_hd__clkbuf_16)
     7    0.01                           clknet_3_2__leaf_clk (net)
                  0.04    0.00    0.40 ^ _430_/CLK (sky130_fd_sc_hd__dfrtp_1)
                  0.10    0.34    0.74 ^ _430_/Q (sky130_fd_sc_hd__dfrtp_1)
     2    0.01                           net198 (net)
                  0.10    0.00    0.74 ^ _336_/A1 (sky130_fd_sc_hd__mux2_1)
                  0.04    0.13    0.87 ^ _336_/X (sky130_fd_sc_hd__mux2_1)
     1    0.00                           _150_ (net)
                  0.04    0.00    0.87 ^ _337_/A (sky130_fd_sc_hd__clkbuf_1)
                  0.05    0.08    0.95 ^ _337_/X (sky130_fd_sc_hd__clkbuf_1)
     1    0.00                           _041_ (net)
                  0.05    0.00    0.95 ^ _430_/D (sky130_fd_sc_hd__dfrtp_1)
                                  0.95   data arrival time

                          0.00    0.00   clock clk (rise edge)
                          0.00    0.00   clock source latency
                  0.14    0.10    0.10 ^ clk (in)
     1    0.03                           clk (net)
                  0.14    0.00    0.10 ^ clkbuf_0_clk/A (sky130_fd_sc_hd__clkbuf_16)
                  0.08    0.20    0.30 ^ clkbuf_0_clk/X (sky130_fd_sc_hd__clkbuf_16)
     8    0.06                           clknet_0_clk (net)
                  0.08    0.00    0.30 ^ clkbuf_3_2__f_clk/A (sky130_fd_sc_hd__clkbuf_16)
                  0.04    0.14    0.44 ^ clkbuf_3_2__f_clk/X (sky130_fd_sc_hd__clkbuf_16)
     7    0.01                           clknet_3_2__leaf_clk (net)
                  0.04    0.00    0.44 ^ _430_/CLK (sky130_fd_sc_hd__dfrtp_1)
                          0.25    0.69   clock uncertainty
                         -0.04    0.65   clock reconvergence pessimism
                         -0.04    0.61   library hold time
                                  0.61   data required time
-----------------------------------------------------------------------------
                                  0.61   data required time
                                 -0.95   data arrival time
-----------------------------------------------------------------------------
                                  0.34   slack (MET)


Startpoint: _416_ (rising edge-triggered flip-flop clocked by clk)
Endpoint: _416_ (rising edge-triggered flip-flop clocked by clk)
Path Group: clk
Path Type: min

Fanout     Cap    Slew   Delay    Time   Description
-----------------------------------------------------------------------------
                          0.00    0.00   clock clk (rise edge)
                          0.00    0.00   clock source latency
                  0.14    0.09    0.09 ^ clk (in)
     1    0.03                           clk (net)
                  0.14    0.00    0.09 ^ clkbuf_0_clk/A (sky130_fd_sc_hd__clkbuf_16)
                  0.08    0.18    0.27 ^ clkbuf_0_clk/X (sky130_fd_sc_hd__clkbuf_16)
     8    0.06                           clknet_0_clk (net)
                  0.08    0.00    0.27 ^ clkbuf_3_2__f_clk/A (sky130_fd_sc_hd__clkbuf_16)
                  0.04    0.13    0.40 ^ clkbuf_3_2__f_clk/X (sky130_fd_sc_hd__clkbuf_16)
     7    0.01                           clknet_3_2__leaf_clk (net)
                  0.04    0.00    0.40 ^ _416_/CLK (sky130_fd_sc_hd__dfrtp_1)
                  0.10    0.34    0.74 ^ _416_/Q (sky130_fd_sc_hd__dfrtp_1)
     2    0.01                           net150 (net)
                  0.10    0.00    0.74 ^ _306_/A1 (sky130_fd_sc_hd__mux2_1)
                  0.05    0.13    0.87 ^ _306_/X (sky130_fd_sc_hd__mux2_1)
     1    0.00                           _134_ (net)
                  0.05    0.00    0.87 ^ _307_/A (sky130_fd_sc_hd__clkbuf_1)
                  0.05    0.08    0.95 ^ _307_/X (sky130_fd_sc_hd__clkbuf_1)
     1    0.00                           _027_ (net)
                  0.05    0.00    0.95 ^ _416_/D (sky130_fd_sc_hd__dfrtp_1)
                                  0.95   data arrival time

                          0.00    0.00   clock clk (rise edge)
                          0.00    0.00   clock source latency
                  0.14    0.10    0.10 ^ clk (in)
     1    0.03                           clk (net)
                  0.14    0.00    0.10 ^ clkbuf_0_clk/A (sky130_fd_sc_hd__clkbuf_16)
                  0.08    0.20    0.30 ^ clkbuf_0_clk/X (sky130_fd_sc_hd__clkbuf_16)
     8    0.06                           clknet_0_clk (net)
                  0.08    0.00    0.30 ^ clkbuf_3_2__f_clk/A (sky130_fd_sc_hd__clkbuf_16)
                  0.04    0.14    0.44 ^ clkbuf_3_2__f_clk/X (sky130_fd_sc_hd__clkbuf_16)
     7    0.01                           clknet_3_2__leaf_clk (net)
                  0.04    0.00    0.44 ^ _416_/CLK (sky130_fd_sc_hd__dfrtp_1)
                          0.25    0.69   clock uncertainty
                         -0.04    0.65   clock reconvergence pessimism
                         -0.04    0.61   library hold time
                                  0.61   data required time
-----------------------------------------------------------------------------
                                  0.61   data required time
                                 -0.95   data arrival time
-----------------------------------------------------------------------------
                                  0.34   slack (MET)


Startpoint: _419_ (rising edge-triggered flip-flop clocked by clk)
Endpoint: _419_ (rising edge-triggered flip-flop clocked by clk)
Path Group: clk
Path Type: min

Fanout     Cap    Slew   Delay    Time   Description
-----------------------------------------------------------------------------
                          0.00    0.00   clock clk (rise edge)
                          0.00    0.00   clock source latency
                  0.14    0.09    0.09 ^ clk (in)
     1    0.03                           clk (net)
                  0.14    0.00    0.09 ^ clkbuf_0_clk/A (sky130_fd_sc_hd__clkbuf_16)
                  0.08    0.18    0.27 ^ clkbuf_0_clk/X (sky130_fd_sc_hd__clkbuf_16)
     8    0.06                           clknet_0_clk (net)
                  0.08    0.00    0.27 ^ clkbuf_3_3__f_clk/A (sky130_fd_sc_hd__clkbuf_16)
                  0.03    0.12    0.40 ^ clkbuf_3_3__f_clk/X (sky130_fd_sc_hd__clkbuf_16)
     5    0.01                           clknet_3_3__leaf_clk (net)
                  0.03    0.00    0.40 ^ _419_/CLK (sky130_fd_sc_hd__dfrtp_4)
                  0.05    0.36    0.76 ^ _419_/Q (sky130_fd_sc_hd__dfrtp_4)
     2    0.00                           net153 (net)
                  0.05    0.00    0.76 ^ _312_/A1 (sky130_fd_sc_hd__mux2_1)
                  0.04    0.12    0.88 ^ _312_/X (sky130_fd_sc_hd__mux2_1)
     1    0.00                           _137_ (net)
                  0.04    0.00    0.88 ^ _313_/A (sky130_fd_sc_hd__clkbuf_1)
                  0.04    0.07    0.95 ^ _313_/X (sky130_fd_sc_hd__clkbuf_1)
     1    0.00                           _030_ (net)
                  0.04    0.00    0.95 ^ _419_/D (sky130_fd_sc_hd__dfrtp_4)
                                  0.95   data arrival time

                          0.00    0.00   clock clk (rise edge)
                          0.00    0.00   clock source latency
                  0.14    0.10    0.10 ^ clk (in)
     1    0.03                           clk (net)
                  0.14    0.00    0.10 ^ clkbuf_0_clk/A (sky130_fd_sc_hd__clkbuf_16)
                  0.08    0.20    0.30 ^ clkbuf_0_clk/X (sky130_fd_sc_hd__clkbuf_16)
     8    0.06                           clknet_0_clk (net)
                  0.08    0.00    0.30 ^ clkbuf_3_3__f_clk/A (sky130_fd_sc_hd__clkbuf_16)
                  0.03    0.14    0.44 ^ clkbuf_3_3__f_clk/X (sky130_fd_sc_hd__clkbuf_16)
     5    0.01                           clknet_3_3__leaf_clk (net)
                  0.03    0.00    0.44 ^ _419_/CLK (sky130_fd_sc_hd__dfrtp_4)
                          0.25    0.69   clock uncertainty
                         -0.04    0.65   clock reconvergence pessimism
                         -0.04    0.61   library hold time
                                  0.61   data required time
-----------------------------------------------------------------------------
                                  0.61   data required time
                                 -0.95   data arrival time
-----------------------------------------------------------------------------
                                  0.34   slack (MET)


Startpoint: _390_ (rising edge-triggered flip-flop clocked by clk)
Endpoint: _391_ (rising edge-triggered flip-flop clocked by clk)
Path Group: clk
Path Type: min

Fanout     Cap    Slew   Delay    Time   Description
-----------------------------------------------------------------------------
                          0.00    0.00   clock clk (rise edge)
                          0.00    0.00   clock source latency
                  0.14    0.09    0.09 ^ clk (in)
     1    0.03                           clk (net)
                  0.14    0.00    0.09 ^ clkbuf_0_clk/A (sky130_fd_sc_hd__clkbuf_16)
                  0.08    0.18    0.27 ^ clkbuf_0_clk/X (sky130_fd_sc_hd__clkbuf_16)
     8    0.06                           clknet_0_clk (net)
                  0.08    0.00    0.27 ^ clkbuf_3_7__f_clk/A (sky130_fd_sc_hd__clkbuf_16)
                  0.04    0.13    0.40 ^ clkbuf_3_7__f_clk/X (sky130_fd_sc_hd__clkbuf_16)
     9    0.02                           clknet_3_7__leaf_clk (net)
                  0.04    0.00    0.40 ^ _390_/CLK (sky130_fd_sc_hd__dfrtp_1)
                  0.10    0.34    0.75 ^ _390_/Q (sky130_fd_sc_hd__dfrtp_1)
     4    0.01                           state[0] (net)
                  0.10    0.00    0.75 ^ _177_/A (sky130_fd_sc_hd__or2b_1)
                  0.11    0.15    0.90 ^ _177_/X (sky130_fd_sc_hd__or2b_1)
     3    0.01                           _067_ (net)
                  0.11    0.00    0.90 ^ _254_/A2 (sky130_fd_sc_hd__o21ai_1)
                  0.05    0.07    0.97 v _254_/Y (sky130_fd_sc_hd__o21ai_1)
     1    0.00                           _002_ (net)
                  0.05    0.00    0.97 v _391_/D (sky130_fd_sc_hd__dfrtp_1)
                                  0.97   data arrival time

                          0.00    0.00   clock clk (rise edge)
                          0.00    0.00   clock source latency
                  0.14    0.10    0.10 ^ clk (in)
     1    0.03                           clk (net)
                  0.14    0.00    0.10 ^ clkbuf_0_clk/A (sky130_fd_sc_hd__clkbuf_16)
                  0.08    0.20    0.30 ^ clkbuf_0_clk/X (sky130_fd_sc_hd__clkbuf_16)
     8    0.06                           clknet_0_clk (net)
                  0.08    0.00    0.30 ^ clkbuf_3_5__f_clk/A (sky130_fd_sc_hd__clkbuf_16)
                  0.04    0.15    0.45 ^ clkbuf_3_5__f_clk/X (sky130_fd_sc_hd__clkbuf_16)
    10    0.02                           clknet_3_5__leaf_clk (net)
                  0.04    0.00    0.45 ^ _391_/CLK (sky130_fd_sc_hd__dfrtp_1)
                          0.25    0.70   clock uncertainty
                         -0.03    0.67   clock reconvergence pessimism
                         -0.05    0.62   library hold time
                                  0.62   data required time
-----------------------------------------------------------------------------
                                  0.62   data required time
                                 -0.97   data arrival time
-----------------------------------------------------------------------------
                                  0.35   slack (MET)


Startpoint: _389_ (rising edge-triggered flip-flop clocked by clk)
Endpoint: _389_ (rising edge-triggered flip-flop clocked by clk)
Path Group: clk
Path Type: min

Fanout     Cap    Slew   Delay    Time   Description
-----------------------------------------------------------------------------
                          0.00    0.00   clock clk (rise edge)
                          0.00    0.00   clock source latency
                  0.14    0.09    0.09 ^ clk (in)
     1    0.03                           clk (net)
                  0.14    0.00    0.09 ^ clkbuf_0_clk/A (sky130_fd_sc_hd__clkbuf_16)
                  0.08    0.18    0.27 ^ clkbuf_0_clk/X (sky130_fd_sc_hd__clkbuf_16)
     8    0.06                           clknet_0_clk (net)
                  0.08    0.00    0.27 ^ clkbuf_3_1__f_clk/A (sky130_fd_sc_hd__clkbuf_16)
                  0.05    0.14    0.41 ^ clkbuf_3_1__f_clk/X (sky130_fd_sc_hd__clkbuf_16)
     9    0.03                           clknet_3_1__leaf_clk (net)
                  0.05    0.00    0.42 ^ _389_/CLK (sky130_fd_sc_hd__dfrtp_4)
                  0.05    0.37    0.78 ^ _389_/Q (sky130_fd_sc_hd__dfrtp_4)
     2    0.00                           net202 (net)
                  0.05    0.00    0.78 ^ _251_/A1 (sky130_fd_sc_hd__mux2_1)
                  0.04    0.11    0.89 ^ _251_/X (sky130_fd_sc_hd__mux2_1)
     1    0.00                           _106_ (net)
                  0.04    0.00    0.89 ^ _252_/A (sky130_fd_sc_hd__clkbuf_1)
                  0.06    0.08    0.98 ^ _252_/X (sky130_fd_sc_hd__clkbuf_1)
     1    0.00                           _000_ (net)
                  0.06    0.00    0.98 ^ _389_/D (sky130_fd_sc_hd__dfrtp_4)
                                  0.98   data arrival time

                          0.00    0.00   clock clk (rise edge)
                          0.00    0.00   clock source latency
                  0.14    0.10    0.10 ^ clk (in)
     1    0.03                           clk (net)
                  0.14    0.00    0.10 ^ clkbuf_0_clk/A (sky130_fd_sc_hd__clkbuf_16)
                  0.08    0.20    0.30 ^ clkbuf_0_clk/X (sky130_fd_sc_hd__clkbuf_16)
     8    0.06                           clknet_0_clk (net)
                  0.08    0.00    0.30 ^ clkbuf_3_1__f_clk/A (sky130_fd_sc_hd__clkbuf_16)
                  0.05    0.15    0.46 ^ clkbuf_3_1__f_clk/X (sky130_fd_sc_hd__clkbuf_16)
     9    0.03                           clknet_3_1__leaf_clk (net)
                  0.05    0.00    0.46 ^ _389_/CLK (sky130_fd_sc_hd__dfrtp_4)
                          0.25    0.71   clock uncertainty
                         -0.04    0.67   clock reconvergence pessimism
                         -0.04    0.63   library hold time
                                  0.63   data required time
-----------------------------------------------------------------------------
                                  0.63   data required time
                                 -0.98   data arrival time
-----------------------------------------------------------------------------
                                  0.35   slack (MET)


Startpoint: _420_ (rising edge-triggered flip-flop clocked by clk)
Endpoint: _420_ (rising edge-triggered flip-flop clocked by clk)
Path Group: clk
Path Type: min

Fanout     Cap    Slew   Delay    Time   Description
-----------------------------------------------------------------------------
                          0.00    0.00   clock clk (rise edge)
                          0.00    0.00   clock source latency
                  0.14    0.09    0.09 ^ clk (in)
     1    0.03                           clk (net)
                  0.14    0.00    0.09 ^ clkbuf_0_clk/A (sky130_fd_sc_hd__clkbuf_16)
                  0.08    0.18    0.27 ^ clkbuf_0_clk/X (sky130_fd_sc_hd__clkbuf_16)
     8    0.06                           clknet_0_clk (net)
                  0.08    0.00    0.27 ^ clkbuf_3_4__f_clk/A (sky130_fd_sc_hd__clkbuf_16)
                  0.05    0.14    0.41 ^ clkbuf_3_4__f_clk/X (sky130_fd_sc_hd__clkbuf_16)
    14    0.03                           clknet_3_4__leaf_clk (net)
                  0.05    0.00    0.41 ^ _420_/CLK (sky130_fd_sc_hd__dfrtp_4)
                  0.05    0.37    0.78 ^ _420_/Q (sky130_fd_sc_hd__dfrtp_4)
     2    0.00                           net154 (net)
                  0.05    0.00    0.78 ^ _315_/A1 (sky130_fd_sc_hd__mux2_1)
                  0.04    0.11    0.90 ^ _315_/X (sky130_fd_sc_hd__mux2_1)
     1    0.00                           _139_ (net)
                  0.04    0.00    0.90 ^ _316_/A (sky130_fd_sc_hd__clkbuf_1)
                  0.05    0.08    0.98 ^ _316_/X (sky130_fd_sc_hd__clkbuf_1)
     1    0.00                           _031_ (net)
                  0.05    0.00    0.98 ^ _420_/D (sky130_fd_sc_hd__dfrtp_4)
                                  0.98   data arrival time

                          0.00    0.00   clock clk (rise edge)
                          0.00    0.00   clock source latency
                  0.14    0.10    0.10 ^ clk (in)
     1    0.03                           clk (net)
                  0.14    0.00    0.10 ^ clkbuf_0_clk/A (sky130_fd_sc_hd__clkbuf_16)
                  0.08    0.20    0.30 ^ clkbuf_0_clk/X (sky130_fd_sc_hd__clkbuf_16)
     8    0.06                           clknet_0_clk (net)
                  0.08    0.00    0.30 ^ clkbuf_3_4__f_clk/A (sky130_fd_sc_hd__clkbuf_16)
                  0.05    0.15    0.46 ^ clkbuf_3_4__f_clk/X (sky130_fd_sc_hd__clkbuf_16)
    14    0.03                           clknet_3_4__leaf_clk (net)
                  0.05    0.00    0.46 ^ _420_/CLK (sky130_fd_sc_hd__dfrtp_4)
                          0.25    0.71   clock uncertainty
                         -0.04    0.66   clock reconvergence pessimism
                         -0.04    0.63   library hold time
                                  0.63   data required time
-----------------------------------------------------------------------------
                                  0.63   data required time
                                 -0.98   data arrival time
-----------------------------------------------------------------------------
                                  0.35   slack (MET)


Startpoint: _410_ (rising edge-triggered flip-flop clocked by clk)
Endpoint: _410_ (rising edge-triggered flip-flop clocked by clk)
Path Group: clk
Path Type: min

Fanout     Cap    Slew   Delay    Time   Description
-----------------------------------------------------------------------------
                          0.00    0.00   clock clk (rise edge)
                          0.00    0.00   clock source latency
                  0.14    0.09    0.09 ^ clk (in)
     1    0.03                           clk (net)
                  0.14    0.00    0.09 ^ clkbuf_0_clk/A (sky130_fd_sc_hd__clkbuf_16)
                  0.08    0.18    0.27 ^ clkbuf_0_clk/X (sky130_fd_sc_hd__clkbuf_16)
     8    0.06                           clknet_0_clk (net)
                  0.08    0.00    0.27 ^ clkbuf_3_1__f_clk/A (sky130_fd_sc_hd__clkbuf_16)
                  0.05    0.14    0.41 ^ clkbuf_3_1__f_clk/X (sky130_fd_sc_hd__clkbuf_16)
     9    0.03                           clknet_3_1__leaf_clk (net)
                  0.05    0.00    0.42 ^ _410_/CLK (sky130_fd_sc_hd__dfrtp_4)
                  0.05    0.37    0.78 ^ _410_/Q (sky130_fd_sc_hd__dfrtp_4)
     2    0.00                           net143 (net)
                  0.05    0.00    0.78 ^ _294_/A1 (sky130_fd_sc_hd__mux2_1)
                  0.04    0.12    0.90 ^ _294_/X (sky130_fd_sc_hd__mux2_1)
     1    0.00                           _128_ (net)
                  0.04    0.00    0.90 ^ _295_/A (sky130_fd_sc_hd__clkbuf_1)
                  0.05    0.08    0.98 ^ _295_/X (sky130_fd_sc_hd__clkbuf_1)
     1    0.00                           _021_ (net)
                  0.05    0.00    0.98 ^ _410_/D (sky130_fd_sc_hd__dfrtp_4)
                                  0.98   data arrival time

                          0.00    0.00   clock clk (rise edge)
                          0.00    0.00   clock source latency
                  0.14    0.10    0.10 ^ clk (in)
     1    0.03                           clk (net)
                  0.14    0.00    0.10 ^ clkbuf_0_clk/A (sky130_fd_sc_hd__clkbuf_16)
                  0.08    0.20    0.30 ^ clkbuf_0_clk/X (sky130_fd_sc_hd__clkbuf_16)
     8    0.06                           clknet_0_clk (net)
                  0.08    0.00    0.30 ^ clkbuf_3_1__f_clk/A (sky130_fd_sc_hd__clkbuf_16)
                  0.05    0.15    0.46 ^ clkbuf_3_1__f_clk/X (sky130_fd_sc_hd__clkbuf_16)
     9    0.03                           clknet_3_1__leaf_clk (net)
                  0.05    0.00    0.46 ^ _410_/CLK (sky130_fd_sc_hd__dfrtp_4)
                          0.25    0.71   clock uncertainty
                         -0.04    0.67   clock reconvergence pessimism
                         -0.03    0.63   library hold time
                                  0.63   data required time
-----------------------------------------------------------------------------
                                  0.63   data required time
                                 -0.98   data arrival time
-----------------------------------------------------------------------------
                                  0.35   slack (MET)


Startpoint: _415_ (rising edge-triggered flip-flop clocked by clk)
Endpoint: _415_ (rising edge-triggered flip-flop clocked by clk)
Path Group: clk
Path Type: min

Fanout     Cap    Slew   Delay    Time   Description
-----------------------------------------------------------------------------
                          0.00    0.00   clock clk (rise edge)
                          0.00    0.00   clock source latency
                  0.14    0.09    0.09 ^ clk (in)
     1    0.03                           clk (net)
                  0.14    0.00    0.09 ^ clkbuf_0_clk/A (sky130_fd_sc_hd__clkbuf_16)
                  0.08    0.18    0.27 ^ clkbuf_0_clk/X (sky130_fd_sc_hd__clkbuf_16)
     8    0.06                           clknet_0_clk (net)
                  0.08    0.00    0.27 ^ clkbuf_3_1__f_clk/A (sky130_fd_sc_hd__clkbuf_16)
                  0.05    0.14    0.41 ^ clkbuf_3_1__f_clk/X (sky130_fd_sc_hd__clkbuf_16)
     9    0.03                           clknet_3_1__leaf_clk (net)
                  0.05    0.00    0.41 ^ _415_/CLK (sky130_fd_sc_hd__dfrtp_4)
                  0.05    0.37    0.78 ^ _415_/Q (sky130_fd_sc_hd__dfrtp_4)
     2    0.00                           net149 (net)
                  0.05    0.00    0.78 ^ _304_/A1 (sky130_fd_sc_hd__mux2_1)
                  0.05    0.12    0.90 ^ _304_/X (sky130_fd_sc_hd__mux2_1)
     1    0.00                           _133_ (net)
                  0.05    0.00    0.90 ^ _305_/A (sky130_fd_sc_hd__clkbuf_1)
                  0.04    0.08    0.98 ^ _305_/X (sky130_fd_sc_hd__clkbuf_1)
     1    0.00                           _026_ (net)
                  0.04    0.00    0.98 ^ _415_/D (sky130_fd_sc_hd__dfrtp_4)
                                  0.98   data arrival time

                          0.00    0.00   clock clk (rise edge)
                          0.00    0.00   clock source latency
                  0.14    0.10    0.10 ^ clk (in)
     1    0.03                           clk (net)
                  0.14    0.00    0.10 ^ clkbuf_0_clk/A (sky130_fd_sc_hd__clkbuf_16)
                  0.08    0.20    0.30 ^ clkbuf_0_clk/X (sky130_fd_sc_hd__clkbuf_16)
     8    0.06                           clknet_0_clk (net)
                  0.08    0.00    0.30 ^ clkbuf_3_1__f_clk/A (sky130_fd_sc_hd__clkbuf_16)
                  0.05    0.15    0.46 ^ clkbuf_3_1__f_clk/X (sky130_fd_sc_hd__clkbuf_16)
     9    0.03                           clknet_3_1__leaf_clk (net)
                  0.05    0.00    0.46 ^ _415_/CLK (sky130_fd_sc_hd__dfrtp_4)
                          0.25    0.71   clock uncertainty
                         -0.04    0.66   clock reconvergence pessimism
                         -0.03    0.63   library hold time
                                  0.63   data required time
-----------------------------------------------------------------------------
                                  0.63   data required time
                                 -0.98   data arrival time
-----------------------------------------------------------------------------
                                  0.35   slack (MET)


Startpoint: _404_ (rising edge-triggered flip-flop clocked by clk)
Endpoint: _404_ (rising edge-triggered flip-flop clocked by clk)
Path Group: clk
Path Type: min

Fanout     Cap    Slew   Delay    Time   Description
-----------------------------------------------------------------------------
                          0.00    0.00   clock clk (rise edge)
                          0.00    0.00   clock source latency
                  0.14    0.09    0.09 ^ clk (in)
     1    0.03                           clk (net)
                  0.14    0.00    0.09 ^ clkbuf_0_clk/A (sky130_fd_sc_hd__clkbuf_16)
                  0.08    0.18    0.27 ^ clkbuf_0_clk/X (sky130_fd_sc_hd__clkbuf_16)
     8    0.06                           clknet_0_clk (net)
                  0.08    0.00    0.27 ^ clkbuf_3_4__f_clk/A (sky130_fd_sc_hd__clkbuf_16)
                  0.05    0.14    0.41 ^ clkbuf_3_4__f_clk/X (sky130_fd_sc_hd__clkbuf_16)
    14    0.03                           clknet_3_4__leaf_clk (net)
                  0.05    0.00    0.41 ^ _404_/CLK (sky130_fd_sc_hd__dfrtp_4)
                  0.05    0.37    0.78 ^ _404_/Q (sky130_fd_sc_hd__dfrtp_4)
     2    0.00                           net137 (net)
                  0.05    0.00    0.78 ^ _281_/A1 (sky130_fd_sc_hd__mux2_1)
                  0.04    0.12    0.90 ^ _281_/X (sky130_fd_sc_hd__mux2_1)
     1    0.00                           _121_ (net)
                  0.04    0.00    0.90 ^ _282_/A (sky130_fd_sc_hd__clkbuf_1)
                  0.05    0.08    0.98 ^ _282_/X (sky130_fd_sc_hd__clkbuf_1)
     1    0.00                           _015_ (net)
                  0.05    0.00    0.98 ^ _404_/D (sky130_fd_sc_hd__dfrtp_4)
                                  0.98   data arrival time

                          0.00    0.00   clock clk (rise edge)
                          0.00    0.00   clock source latency
                  0.14    0.10    0.10 ^ clk (in)
     1    0.03                           clk (net)
                  0.14    0.00    0.10 ^ clkbuf_0_clk/A (sky130_fd_sc_hd__clkbuf_16)
                  0.08    0.20    0.30 ^ clkbuf_0_clk/X (sky130_fd_sc_hd__clkbuf_16)
     8    0.06                           clknet_0_clk (net)
                  0.08    0.00    0.30 ^ clkbuf_3_4__f_clk/A (sky130_fd_sc_hd__clkbuf_16)
                  0.05    0.15    0.46 ^ clkbuf_3_4__f_clk/X (sky130_fd_sc_hd__clkbuf_16)
    14    0.03                           clknet_3_4__leaf_clk (net)
                  0.05    0.00    0.46 ^ _404_/CLK (sky130_fd_sc_hd__dfrtp_4)
                          0.25    0.71   clock uncertainty
                         -0.04    0.66   clock reconvergence pessimism
                         -0.03    0.63   library hold time
                                  0.63   data required time
-----------------------------------------------------------------------------
                                  0.63   data required time
                                 -0.98   data arrival time
-----------------------------------------------------------------------------
                                  0.35   slack (MET)


Startpoint: _395_ (rising edge-triggered flip-flop clocked by clk)
Endpoint: _395_ (rising edge-triggered flip-flop clocked by clk)
Path Group: clk
Path Type: min

Fanout     Cap    Slew   Delay    Time   Description
-----------------------------------------------------------------------------
                          0.00    0.00   clock clk (rise edge)
                          0.00    0.00   clock source latency
                  0.14    0.09    0.09 ^ clk (in)
     1    0.03                           clk (net)
                  0.14    0.00    0.09 ^ clkbuf_0_clk/A (sky130_fd_sc_hd__clkbuf_16)
                  0.08    0.18    0.27 ^ clkbuf_0_clk/X (sky130_fd_sc_hd__clkbuf_16)
     8    0.06                           clknet_0_clk (net)
                  0.08    0.00    0.27 ^ clkbuf_3_1__f_clk/A (sky130_fd_sc_hd__clkbuf_16)
                  0.05    0.14    0.41 ^ clkbuf_3_1__f_clk/X (sky130_fd_sc_hd__clkbuf_16)
     9    0.03                           clknet_3_1__leaf_clk (net)
                  0.05    0.00    0.42 ^ _395_/CLK (sky130_fd_sc_hd__dfrtp_4)
                  0.05    0.37    0.78 ^ _395_/Q (sky130_fd_sc_hd__dfrtp_4)
     2    0.00                           net159 (net)
                  0.05    0.00    0.78 ^ _261_/A1 (sky130_fd_sc_hd__mux2_1)
                  0.04    0.12    0.90 ^ _261_/X (sky130_fd_sc_hd__mux2_1)
     1    0.00                           _110_ (net)
                  0.04    0.00    0.90 ^ _262_/A (sky130_fd_sc_hd__clkbuf_1)
                  0.05    0.08    0.98 ^ _262_/X (sky130_fd_sc_hd__clkbuf_1)
     1    0.00                           _006_ (net)
                  0.05    0.00    0.98 ^ _395_/D (sky130_fd_sc_hd__dfrtp_4)
                                  0.98   data arrival time

                          0.00    0.00   clock clk (rise edge)
                          0.00    0.00   clock source latency
                  0.14    0.10    0.10 ^ clk (in)
     1    0.03                           clk (net)
                  0.14    0.00    0.10 ^ clkbuf_0_clk/A (sky130_fd_sc_hd__clkbuf_16)
                  0.08    0.20    0.30 ^ clkbuf_0_clk/X (sky130_fd_sc_hd__clkbuf_16)
     8    0.06                           clknet_0_clk (net)
                  0.08    0.00    0.30 ^ clkbuf_3_1__f_clk/A (sky130_fd_sc_hd__clkbuf_16)
                  0.05    0.15    0.46 ^ clkbuf_3_1__f_clk/X (sky130_fd_sc_hd__clkbuf_16)
     9    0.03                           clknet_3_1__leaf_clk (net)
                  0.05    0.00    0.46 ^ _395_/CLK (sky130_fd_sc_hd__dfrtp_4)
                          0.25    0.71   clock uncertainty
                         -0.04    0.67   clock reconvergence pessimism
                         -0.03    0.63   library hold time
                                  0.63   data required time
-----------------------------------------------------------------------------
                                  0.63   data required time
                                 -0.98   data arrival time
-----------------------------------------------------------------------------
                                  0.35   slack (MET)


Startpoint: _434_ (rising edge-triggered flip-flop clocked by clk)
Endpoint: _434_ (rising edge-triggered flip-flop clocked by clk)
Path Group: clk
Path Type: min

Fanout     Cap    Slew   Delay    Time   Description
-----------------------------------------------------------------------------
                          0.00    0.00   clock clk (rise edge)
                          0.00    0.00   clock source latency
                  0.14    0.09    0.09 ^ clk (in)
     1    0.03                           clk (net)
                  0.14    0.00    0.09 ^ clkbuf_0_clk/A (sky130_fd_sc_hd__clkbuf_16)
                  0.08    0.18    0.27 ^ clkbuf_0_clk/X (sky130_fd_sc_hd__clkbuf_16)
     8    0.06                           clknet_0_clk (net)
                  0.08    0.00    0.27 ^ clkbuf_3_4__f_clk/A (sky130_fd_sc_hd__clkbuf_16)
                  0.05    0.14    0.41 ^ clkbuf_3_4__f_clk/X (sky130_fd_sc_hd__clkbuf_16)
    14    0.03                           clknet_3_4__leaf_clk (net)
                  0.05    0.00    0.41 ^ _434_/CLK (sky130_fd_sc_hd__dfrtp_4)
                  0.05    0.37    0.78 ^ _434_/Q (sky130_fd_sc_hd__dfrtp_4)
     2    0.00                           net171 (net)
                  0.05    0.00    0.78 ^ _344_/A1 (sky130_fd_sc_hd__mux2_1)
                  0.05    0.12    0.90 ^ _344_/X (sky130_fd_sc_hd__mux2_1)
     1    0.00                           _154_ (net)
                  0.05    0.00    0.90 ^ _345_/A (sky130_fd_sc_hd__clkbuf_1)
                  0.05    0.08    0.98 ^ _345_/X (sky130_fd_sc_hd__clkbuf_1)
     1    0.00                           _045_ (net)
                  0.05    0.00    0.98 ^ _434_/D (sky130_fd_sc_hd__dfrtp_4)
                                  0.98   data arrival time

                          0.00    0.00   clock clk (rise edge)
                          0.00    0.00   clock source latency
                  0.14    0.10    0.10 ^ clk (in)
     1    0.03                           clk (net)
                  0.14    0.00    0.10 ^ clkbuf_0_clk/A (sky130_fd_sc_hd__clkbuf_16)
                  0.08    0.20    0.30 ^ clkbuf_0_clk/X (sky130_fd_sc_hd__clkbuf_16)
     8    0.06                           clknet_0_clk (net)
                  0.08    0.00    0.30 ^ clkbuf_3_4__f_clk/A (sky130_fd_sc_hd__clkbuf_16)
                  0.05    0.15    0.46 ^ clkbuf_3_4__f_clk/X (sky130_fd_sc_hd__clkbuf_16)
    14    0.03                           clknet_3_4__leaf_clk (net)
                  0.05    0.00    0.46 ^ _434_/CLK (sky130_fd_sc_hd__dfrtp_4)
                          0.25    0.71   clock uncertainty
                         -0.04    0.66   clock reconvergence pessimism
                         -0.03    0.63   library hold time
                                  0.63   data required time
-----------------------------------------------------------------------------
                                  0.63   data required time
                                 -0.98   data arrival time
-----------------------------------------------------------------------------
                                  0.35   slack (MET)


Startpoint: _441_ (rising edge-triggered flip-flop clocked by clk)
Endpoint: _441_ (rising edge-triggered flip-flop clocked by clk)
Path Group: clk
Path Type: min

Fanout     Cap    Slew   Delay    Time   Description
-----------------------------------------------------------------------------
                          0.00    0.00   clock clk (rise edge)
                          0.00    0.00   clock source latency
                  0.14    0.09    0.09 ^ clk (in)
     1    0.03                           clk (net)
                  0.14    0.00    0.09 ^ clkbuf_0_clk/A (sky130_fd_sc_hd__clkbuf_16)
                  0.08    0.18    0.27 ^ clkbuf_0_clk/X (sky130_fd_sc_hd__clkbuf_16)
     8    0.06                           clknet_0_clk (net)
                  0.08    0.00    0.27 ^ clkbuf_3_4__f_clk/A (sky130_fd_sc_hd__clkbuf_16)
                  0.05    0.14    0.41 ^ clkbuf_3_4__f_clk/X (sky130_fd_sc_hd__clkbuf_16)
    14    0.03                           clknet_3_4__leaf_clk (net)
                  0.05    0.00    0.41 ^ _441_/CLK (sky130_fd_sc_hd__dfrtp_4)
                  0.05    0.37    0.78 ^ _441_/Q (sky130_fd_sc_hd__dfrtp_4)
     2    0.00                           net178 (net)
                  0.05    0.00    0.78 ^ _359_/A1 (sky130_fd_sc_hd__mux2_1)
                  0.05    0.12    0.90 ^ _359_/X (sky130_fd_sc_hd__mux2_1)
     1    0.00                           _162_ (net)
                  0.05    0.00    0.90 ^ _360_/A (sky130_fd_sc_hd__clkbuf_1)
                  0.05    0.08    0.98 ^ _360_/X (sky130_fd_sc_hd__clkbuf_1)
     1    0.00                           _052_ (net)
                  0.05    0.00    0.98 ^ _441_/D (sky130_fd_sc_hd__dfrtp_4)
                                  0.98   data arrival time

                          0.00    0.00   clock clk (rise edge)
                          0.00    0.00   clock source latency
                  0.14    0.10    0.10 ^ clk (in)
     1    0.03                           clk (net)
                  0.14    0.00    0.10 ^ clkbuf_0_clk/A (sky130_fd_sc_hd__clkbuf_16)
                  0.08    0.20    0.30 ^ clkbuf_0_clk/X (sky130_fd_sc_hd__clkbuf_16)
     8    0.06                           clknet_0_clk (net)
                  0.08    0.00    0.30 ^ clkbuf_3_4__f_clk/A (sky130_fd_sc_hd__clkbuf_16)
                  0.05    0.15    0.46 ^ clkbuf_3_4__f_clk/X (sky130_fd_sc_hd__clkbuf_16)
    14    0.03                           clknet_3_4__leaf_clk (net)
                  0.05    0.00    0.46 ^ _441_/CLK (sky130_fd_sc_hd__dfrtp_4)
                          0.25    0.71   clock uncertainty
                         -0.04    0.66   clock reconvergence pessimism
                         -0.03    0.63   library hold time
                                  0.63   data required time
-----------------------------------------------------------------------------
                                  0.63   data required time
                                 -0.98   data arrival time
-----------------------------------------------------------------------------
                                  0.35   slack (MET)


Startpoint: _425_ (rising edge-triggered flip-flop clocked by clk)
Endpoint: _425_ (rising edge-triggered flip-flop clocked by clk)
Path Group: clk
Path Type: min

Fanout     Cap    Slew   Delay    Time   Description
-----------------------------------------------------------------------------
                          0.00    0.00   clock clk (rise edge)
                          0.00    0.00   clock source latency
                  0.14    0.09    0.09 ^ clk (in)
     1    0.03                           clk (net)
                  0.14    0.00    0.09 ^ clkbuf_0_clk/A (sky130_fd_sc_hd__clkbuf_16)
                  0.08    0.18    0.27 ^ clkbuf_0_clk/X (sky130_fd_sc_hd__clkbuf_16)
     8    0.06                           clknet_0_clk (net)
                  0.08    0.00    0.27 ^ clkbuf_3_4__f_clk/A (sky130_fd_sc_hd__clkbuf_16)
                  0.05    0.14    0.41 ^ clkbuf_3_4__f_clk/X (sky130_fd_sc_hd__clkbuf_16)
    14    0.03                           clknet_3_4__leaf_clk (net)
                  0.05    0.00    0.41 ^ _425_/CLK (sky130_fd_sc_hd__dfrtp_4)
                  0.05    0.37    0.78 ^ _425_/Q (sky130_fd_sc_hd__dfrtp_4)
     2    0.00                           net181 (net)
                  0.05    0.00    0.78 ^ _325_/A1 (sky130_fd_sc_hd__mux2_1)
                  0.05    0.12    0.90 ^ _325_/X (sky130_fd_sc_hd__mux2_1)
     1    0.00                           _144_ (net)
                  0.05    0.00    0.90 ^ _326_/A (sky130_fd_sc_hd__clkbuf_1)
                  0.05    0.08    0.98 ^ _326_/X (sky130_fd_sc_hd__clkbuf_1)
     1    0.00                           _036_ (net)
                  0.05    0.00    0.98 ^ _425_/D (sky130_fd_sc_hd__dfrtp_4)
                                  0.98   data arrival time

                          0.00    0.00   clock clk (rise edge)
                          0.00    0.00   clock source latency
                  0.14    0.10    0.10 ^ clk (in)
     1    0.03                           clk (net)
                  0.14    0.00    0.10 ^ clkbuf_0_clk/A (sky130_fd_sc_hd__clkbuf_16)
                  0.08    0.20    0.30 ^ clkbuf_0_clk/X (sky130_fd_sc_hd__clkbuf_16)
     8    0.06                           clknet_0_clk (net)
                  0.08    0.00    0.30 ^ clkbuf_3_4__f_clk/A (sky130_fd_sc_hd__clkbuf_16)
                  0.05    0.15    0.46 ^ clkbuf_3_4__f_clk/X (sky130_fd_sc_hd__clkbuf_16)
    14    0.03                           clknet_3_4__leaf_clk (net)
                  0.05    0.00    0.46 ^ _425_/CLK (sky130_fd_sc_hd__dfrtp_4)
                          0.25    0.71   clock uncertainty
                         -0.04    0.66   clock reconvergence pessimism
                         -0.03    0.63   library hold time
                                  0.63   data required time
-----------------------------------------------------------------------------
                                  0.63   data required time
                                 -0.98   data arrival time
-----------------------------------------------------------------------------
                                  0.35   slack (MET)


Startpoint: _426_ (rising edge-triggered flip-flop clocked by clk)
Endpoint: _426_ (rising edge-triggered flip-flop clocked by clk)
Path Group: clk
Path Type: min

Fanout     Cap    Slew   Delay    Time   Description
-----------------------------------------------------------------------------
                          0.00    0.00   clock clk (rise edge)
                          0.00    0.00   clock source latency
                  0.14    0.09    0.09 ^ clk (in)
     1    0.03                           clk (net)
                  0.14    0.00    0.09 ^ clkbuf_0_clk/A (sky130_fd_sc_hd__clkbuf_16)
                  0.08    0.18    0.27 ^ clkbuf_0_clk/X (sky130_fd_sc_hd__clkbuf_16)
     8    0.06                           clknet_0_clk (net)
                  0.08    0.00    0.27 ^ clkbuf_3_4__f_clk/A (sky130_fd_sc_hd__clkbuf_16)
                  0.05    0.14    0.41 ^ clkbuf_3_4__f_clk/X (sky130_fd_sc_hd__clkbuf_16)
    14    0.03                           clknet_3_4__leaf_clk (net)
                  0.05    0.00    0.41 ^ _426_/CLK (sky130_fd_sc_hd__dfrtp_1)
                  0.12    0.36    0.77 ^ _426_/Q (sky130_fd_sc_hd__dfrtp_1)
     2    0.01                           net192 (net)
                  0.12    0.00    0.77 ^ _327_/A1 (sky130_fd_sc_hd__mux2_1)
                  0.05    0.14    0.91 ^ _327_/X (sky130_fd_sc_hd__mux2_1)
     1    0.00                           _145_ (net)
                  0.05    0.00    0.91 ^ _328_/A (sky130_fd_sc_hd__clkbuf_1)
                  0.04    0.07    0.99 ^ _328_/X (sky130_fd_sc_hd__clkbuf_1)
     1    0.00                           _037_ (net)
                  0.04    0.00    0.99 ^ _426_/D (sky130_fd_sc_hd__dfrtp_1)
                                  0.99   data arrival time

                          0.00    0.00   clock clk (rise edge)
                          0.00    0.00   clock source latency
                  0.14    0.10    0.10 ^ clk (in)
     1    0.03                           clk (net)
                  0.14    0.00    0.10 ^ clkbuf_0_clk/A (sky130_fd_sc_hd__clkbuf_16)
                  0.08    0.20    0.30 ^ clkbuf_0_clk/X (sky130_fd_sc_hd__clkbuf_16)
     8    0.06                           clknet_0_clk (net)
                  0.08    0.00    0.30 ^ clkbuf_3_4__f_clk/A (sky130_fd_sc_hd__clkbuf_16)
                  0.05    0.15    0.46 ^ clkbuf_3_4__f_clk/X (sky130_fd_sc_hd__clkbuf_16)
    14    0.03                           clknet_3_4__leaf_clk (net)
                  0.05    0.00    0.46 ^ _426_/CLK (sky130_fd_sc_hd__dfrtp_1)
                          0.25    0.71   clock uncertainty
                         -0.04    0.66   clock reconvergence pessimism
                         -0.03    0.63   library hold time
                                  0.63   data required time
-----------------------------------------------------------------------------
                                  0.63   data required time
                                 -0.99   data arrival time
-----------------------------------------------------------------------------
                                  0.36   slack (MET)


Startpoint: _407_ (rising edge-triggered flip-flop clocked by clk)
Endpoint: _407_ (rising edge-triggered flip-flop clocked by clk)
Path Group: clk
Path Type: min

Fanout     Cap    Slew   Delay    Time   Description
-----------------------------------------------------------------------------
                          0.00    0.00   clock clk (rise edge)
                          0.00    0.00   clock source latency
                  0.14    0.09    0.09 ^ clk (in)
     1    0.03                           clk (net)
                  0.14    0.00    0.09 ^ clkbuf_0_clk/A (sky130_fd_sc_hd__clkbuf_16)
                  0.08    0.18    0.27 ^ clkbuf_0_clk/X (sky130_fd_sc_hd__clkbuf_16)
     8    0.06                           clknet_0_clk (net)
                  0.08    0.00    0.27 ^ clkbuf_3_5__f_clk/A (sky130_fd_sc_hd__clkbuf_16)
                  0.04    0.13    0.41 ^ clkbuf_3_5__f_clk/X (sky130_fd_sc_hd__clkbuf_16)
    10    0.02                           clknet_3_5__leaf_clk (net)
                  0.04    0.00    0.41 ^ _407_/CLK (sky130_fd_sc_hd__dfrtp_1)
                  0.13    0.36    0.77 ^ _407_/Q (sky130_fd_sc_hd__dfrtp_1)
     2    0.01                           net140 (net)
                  0.13    0.00    0.77 ^ _287_/A1 (sky130_fd_sc_hd__mux2_1)
                  0.04    0.14    0.91 ^ _287_/X (sky130_fd_sc_hd__mux2_1)
     1    0.00                           _124_ (net)
                  0.04    0.00    0.91 ^ _288_/A (sky130_fd_sc_hd__clkbuf_1)
                  0.04    0.07    0.98 ^ _288_/X (sky130_fd_sc_hd__clkbuf_1)
     1    0.00                           _018_ (net)
                  0.04    0.00    0.98 ^ _407_/D (sky130_fd_sc_hd__dfrtp_1)
                                  0.98   data arrival time

                          0.00    0.00   clock clk (rise edge)
                          0.00    0.00   clock source latency
                  0.14    0.10    0.10 ^ clk (in)
     1    0.03                           clk (net)
                  0.14    0.00    0.10 ^ clkbuf_0_clk/A (sky130_fd_sc_hd__clkbuf_16)
                  0.08    0.20    0.30 ^ clkbuf_0_clk/X (sky130_fd_sc_hd__clkbuf_16)
     8    0.06                           clknet_0_clk (net)
                  0.08    0.00    0.30 ^ clkbuf_3_5__f_clk/A (sky130_fd_sc_hd__clkbuf_16)
                  0.04    0.15    0.45 ^ clkbuf_3_5__f_clk/X (sky130_fd_sc_hd__clkbuf_16)
    10    0.02                           clknet_3_5__leaf_clk (net)
                  0.04    0.00    0.45 ^ _407_/CLK (sky130_fd_sc_hd__dfrtp_1)
                          0.25    0.70   clock uncertainty
                         -0.04    0.66   clock reconvergence pessimism
                         -0.03    0.62   library hold time
                                  0.62   data required time
-----------------------------------------------------------------------------
                                  0.62   data required time
                                 -0.98   data arrival time
-----------------------------------------------------------------------------
                                  0.36   slack (MET)


Startpoint: _399_ (rising edge-triggered flip-flop clocked by clk)
Endpoint: _399_ (rising edge-triggered flip-flop clocked by clk)
Path Group: clk
Path Type: min

Fanout     Cap    Slew   Delay    Time   Description
-----------------------------------------------------------------------------
                          0.00    0.00   clock clk (rise edge)
                          0.00    0.00   clock source latency
                  0.14    0.09    0.09 ^ clk (in)
     1    0.03                           clk (net)
                  0.14    0.00    0.09 ^ clkbuf_0_clk/A (sky130_fd_sc_hd__clkbuf_16)
                  0.08    0.18    0.27 ^ clkbuf_0_clk/X (sky130_fd_sc_hd__clkbuf_16)
     8    0.06                           clknet_0_clk (net)
                  0.08    0.00    0.27 ^ clkbuf_3_0__f_clk/A (sky130_fd_sc_hd__clkbuf_16)
                  0.04    0.13    0.40 ^ clkbuf_3_0__f_clk/X (sky130_fd_sc_hd__clkbuf_16)
     7    0.01                           clknet_3_0__leaf_clk (net)
                  0.04    0.00    0.40 ^ _399_/CLK (sky130_fd_sc_hd__dfrtp_2)
                  0.10    0.37    0.77 ^ _399_/Q (sky130_fd_sc_hd__dfrtp_2)
     2    0.02                           net163 (net)
                  0.10    0.00    0.77 ^ _269_/A1 (sky130_fd_sc_hd__mux2_1)
                  0.04    0.13    0.90 ^ _269_/X (sky130_fd_sc_hd__mux2_1)
     1    0.00                           _114_ (net)
                  0.04    0.00    0.90 ^ _270_/A (sky130_fd_sc_hd__clkbuf_1)
                  0.04    0.08    0.97 ^ _270_/X (sky130_fd_sc_hd__clkbuf_1)
     1    0.00                           _010_ (net)
                  0.04    0.00    0.97 ^ _399_/D (sky130_fd_sc_hd__dfrtp_2)
                                  0.97   data arrival time

                          0.00    0.00   clock clk (rise edge)
                          0.00    0.00   clock source latency
                  0.14    0.10    0.10 ^ clk (in)
     1    0.03                           clk (net)
                  0.14    0.00    0.10 ^ clkbuf_0_clk/A (sky130_fd_sc_hd__clkbuf_16)
                  0.08    0.20    0.30 ^ clkbuf_0_clk/X (sky130_fd_sc_hd__clkbuf_16)
     8    0.06                           clknet_0_clk (net)
                  0.08    0.00    0.30 ^ clkbuf_3_0__f_clk/A (sky130_fd_sc_hd__clkbuf_16)
                  0.04    0.14    0.44 ^ clkbuf_3_0__f_clk/X (sky130_fd_sc_hd__clkbuf_16)
     7    0.01                           clknet_3_0__leaf_clk (net)
                  0.04    0.00    0.44 ^ _399_/CLK (sky130_fd_sc_hd__dfrtp_2)
                          0.25    0.69   clock uncertainty
                         -0.04    0.65   clock reconvergence pessimism
                         -0.04    0.61   library hold time
                                  0.61   data required time
-----------------------------------------------------------------------------
                                  0.61   data required time
                                 -0.97   data arrival time
-----------------------------------------------------------------------------
                                  0.36   slack (MET)


Startpoint: _431_ (rising edge-triggered flip-flop clocked by clk)
Endpoint: _431_ (rising edge-triggered flip-flop clocked by clk)
Path Group: clk
Path Type: min

Fanout     Cap    Slew   Delay    Time   Description
-----------------------------------------------------------------------------
                          0.00    0.00   clock clk (rise edge)
                          0.00    0.00   clock source latency
                  0.14    0.09    0.09 ^ clk (in)
     1    0.03                           clk (net)
                  0.14    0.00    0.09 ^ clkbuf_0_clk/A (sky130_fd_sc_hd__clkbuf_16)
                  0.08    0.18    0.27 ^ clkbuf_0_clk/X (sky130_fd_sc_hd__clkbuf_16)
     8    0.06                           clknet_0_clk (net)
                  0.08    0.00    0.27 ^ clkbuf_3_6__f_clk/A (sky130_fd_sc_hd__clkbuf_16)
                  0.05    0.14    0.41 ^ clkbuf_3_6__f_clk/X (sky130_fd_sc_hd__clkbuf_16)
     7    0.03                           clknet_3_6__leaf_clk (net)
                  0.05    0.00    0.42 ^ _431_/CLK (sky130_fd_sc_hd__dfrtp_1)
                  0.13    0.37    0.79 ^ _431_/Q (sky130_fd_sc_hd__dfrtp_1)
     2    0.01                           net199 (net)
                  0.13    0.00    0.79 ^ _338_/A1 (sky130_fd_sc_hd__mux2_1)
                  0.04    0.14    0.92 ^ _338_/X (sky130_fd_sc_hd__mux2_1)
     1    0.00                           _151_ (net)
                  0.04    0.00    0.92 ^ _339_/A (sky130_fd_sc_hd__clkbuf_1)
                  0.04    0.07    0.99 ^ _339_/X (sky130_fd_sc_hd__clkbuf_1)
     1    0.00                           _042_ (net)
                  0.04    0.00    0.99 ^ _431_/D (sky130_fd_sc_hd__dfrtp_1)
                                  0.99   data arrival time

                          0.00    0.00   clock clk (rise edge)
                          0.00    0.00   clock source latency
                  0.14    0.10    0.10 ^ clk (in)
     1    0.03                           clk (net)
                  0.14    0.00    0.10 ^ clkbuf_0_clk/A (sky130_fd_sc_hd__clkbuf_16)
                  0.08    0.20    0.30 ^ clkbuf_0_clk/X (sky130_fd_sc_hd__clkbuf_16)
     8    0.06                           clknet_0_clk (net)
                  0.08    0.00    0.30 ^ clkbuf_3_6__f_clk/A (sky130_fd_sc_hd__clkbuf_16)
                  0.05    0.16    0.46 ^ clkbuf_3_6__f_clk/X (sky130_fd_sc_hd__clkbuf_16)
     7    0.03                           clknet_3_6__leaf_clk (net)
                  0.05    0.00    0.46 ^ _431_/CLK (sky130_fd_sc_hd__dfrtp_1)
                          0.25    0.71   clock uncertainty
                         -0.04    0.67   clock reconvergence pessimism
                         -0.03    0.63   library hold time
                                  0.63   data required time
-----------------------------------------------------------------------------
                                  0.63   data required time
                                 -0.99   data arrival time
-----------------------------------------------------------------------------
                                  0.36   slack (MET)


Startpoint: _444_ (rising edge-triggered flip-flop clocked by clk)
Endpoint: _444_ (rising edge-triggered flip-flop clocked by clk)
Path Group: clk
Path Type: min

Fanout     Cap    Slew   Delay    Time   Description
-----------------------------------------------------------------------------
                          0.00    0.00   clock clk (rise edge)
                          0.00    0.00   clock source latency
                  0.14    0.09    0.09 ^ clk (in)
     1    0.03                           clk (net)
                  0.14    0.00    0.09 ^ clkbuf_0_clk/A (sky130_fd_sc_hd__clkbuf_16)
                  0.08    0.18    0.27 ^ clkbuf_0_clk/X (sky130_fd_sc_hd__clkbuf_16)
     8    0.06                           clknet_0_clk (net)
                  0.08    0.00    0.27 ^ clkbuf_3_0__f_clk/A (sky130_fd_sc_hd__clkbuf_16)
                  0.04    0.13    0.40 ^ clkbuf_3_0__f_clk/X (sky130_fd_sc_hd__clkbuf_16)
     7    0.01                           clknet_3_0__leaf_clk (net)
                  0.04    0.00    0.40 ^ _444_/CLK (sky130_fd_sc_hd__dfrtp_1)
                  0.13    0.36    0.76 ^ _444_/Q (sky130_fd_sc_hd__dfrtp_1)
     2    0.01                           net182 (net)
                  0.13    0.00    0.76 ^ _365_/A1 (sky130_fd_sc_hd__mux2_1)
                  0.04    0.14    0.90 ^ _365_/X (sky130_fd_sc_hd__mux2_1)
     1    0.00                           _165_ (net)
                  0.04    0.00    0.90 ^ _366_/A (sky130_fd_sc_hd__clkbuf_1)
                  0.05    0.08    0.98 ^ _366_/X (sky130_fd_sc_hd__clkbuf_1)
     1    0.00                           _055_ (net)
                  0.05    0.00    0.98 ^ _444_/D (sky130_fd_sc_hd__dfrtp_1)
                                  0.98   data arrival time

                          0.00    0.00   clock clk (rise edge)
                          0.00    0.00   clock source latency
                  0.14    0.10    0.10 ^ clk (in)
     1    0.03                           clk (net)
                  0.14    0.00    0.10 ^ clkbuf_0_clk/A (sky130_fd_sc_hd__clkbuf_16)
                  0.08    0.20    0.30 ^ clkbuf_0_clk/X (sky130_fd_sc_hd__clkbuf_16)
     8    0.06                           clknet_0_clk (net)
                  0.08    0.00    0.30 ^ clkbuf_3_0__f_clk/A (sky130_fd_sc_hd__clkbuf_16)
                  0.04    0.14    0.44 ^ clkbuf_3_0__f_clk/X (sky130_fd_sc_hd__clkbuf_16)
     7    0.01                           clknet_3_0__leaf_clk (net)
                  0.04    0.00    0.44 ^ _444_/CLK (sky130_fd_sc_hd__dfrtp_1)
                          0.25    0.69   clock uncertainty
                         -0.04    0.65   clock reconvergence pessimism
                         -0.04    0.61   library hold time
                                  0.61   data required time
-----------------------------------------------------------------------------
                                  0.61   data required time
                                 -0.98   data arrival time
-----------------------------------------------------------------------------
                                  0.37   slack (MET)


Startpoint: _427_ (rising edge-triggered flip-flop clocked by clk)
Endpoint: _427_ (rising edge-triggered flip-flop clocked by clk)
Path Group: clk
Path Type: min

Fanout     Cap    Slew   Delay    Time   Description
-----------------------------------------------------------------------------
                          0.00    0.00   clock clk (rise edge)
                          0.00    0.00   clock source latency
                  0.14    0.09    0.09 ^ clk (in)
     1    0.03                           clk (net)
                  0.14    0.00    0.09 ^ clkbuf_0_clk/A (sky130_fd_sc_hd__clkbuf_16)
                  0.08    0.18    0.27 ^ clkbuf_0_clk/X (sky130_fd_sc_hd__clkbuf_16)
     8    0.06                           clknet_0_clk (net)
                  0.08    0.00    0.27 ^ clkbuf_3_4__f_clk/A (sky130_fd_sc_hd__clkbuf_16)
                  0.05    0.14    0.41 ^ clkbuf_3_4__f_clk/X (sky130_fd_sc_hd__clkbuf_16)
    14    0.03                           clknet_3_4__leaf_clk (net)
                  0.05    0.00    0.41 ^ _427_/CLK (sky130_fd_sc_hd__dfrtp_2)
                  0.10    0.37    0.78 ^ _427_/Q (sky130_fd_sc_hd__dfrtp_2)
     2    0.02                           net195 (net)
                  0.10    0.00    0.78 ^ _329_/A1 (sky130_fd_sc_hd__mux2_1)
                  0.04    0.13    0.92 ^ _329_/X (sky130_fd_sc_hd__mux2_1)
     1    0.00                           _146_ (net)
                  0.04    0.00    0.92 ^ _330_/A (sky130_fd_sc_hd__clkbuf_1)
                  0.05    0.08    1.00 ^ _330_/X (sky130_fd_sc_hd__clkbuf_1)
     1    0.00                           _038_ (net)
                  0.05    0.00    1.00 ^ _427_/D (sky130_fd_sc_hd__dfrtp_2)
                                  1.00   data arrival time

                          0.00    0.00   clock clk (rise edge)
                          0.00    0.00   clock source latency
                  0.14    0.10    0.10 ^ clk (in)
     1    0.03                           clk (net)
                  0.14    0.00    0.10 ^ clkbuf_0_clk/A (sky130_fd_sc_hd__clkbuf_16)
                  0.08    0.20    0.30 ^ clkbuf_0_clk/X (sky130_fd_sc_hd__clkbuf_16)
     8    0.06                           clknet_0_clk (net)
                  0.08    0.00    0.30 ^ clkbuf_3_4__f_clk/A (sky130_fd_sc_hd__clkbuf_16)
                  0.05    0.15    0.46 ^ clkbuf_3_4__f_clk/X (sky130_fd_sc_hd__clkbuf_16)
    14    0.03                           clknet_3_4__leaf_clk (net)
                  0.05    0.00    0.46 ^ _427_/CLK (sky130_fd_sc_hd__dfrtp_2)
                          0.25    0.71   clock uncertainty
                         -0.04    0.66   clock reconvergence pessimism
                         -0.03    0.63   library hold time
                                  0.63   data required time
-----------------------------------------------------------------------------
                                  0.63   data required time
                                 -1.00   data arrival time
-----------------------------------------------------------------------------
                                  0.37   slack (MET)


Startpoint: _445_ (rising edge-triggered flip-flop clocked by clk)
Endpoint: _445_ (rising edge-triggered flip-flop clocked by clk)
Path Group: clk
Path Type: min

Fanout     Cap    Slew   Delay    Time   Description
-----------------------------------------------------------------------------
                          0.00    0.00   clock clk (rise edge)
                          0.00    0.00   clock source latency
                  0.14    0.09    0.09 ^ clk (in)
     1    0.03                           clk (net)
                  0.14    0.00    0.09 ^ clkbuf_0_clk/A (sky130_fd_sc_hd__clkbuf_16)
                  0.08    0.18    0.27 ^ clkbuf_0_clk/X (sky130_fd_sc_hd__clkbuf_16)
     8    0.06                           clknet_0_clk (net)
                  0.08    0.00    0.27 ^ clkbuf_3_0__f_clk/A (sky130_fd_sc_hd__clkbuf_16)
                  0.04    0.13    0.40 ^ clkbuf_3_0__f_clk/X (sky130_fd_sc_hd__clkbuf_16)
     7    0.01                           clknet_3_0__leaf_clk (net)
                  0.04    0.00    0.40 ^ _445_/CLK (sky130_fd_sc_hd__dfrtp_1)
                  0.13    0.36    0.77 ^ _445_/Q (sky130_fd_sc_hd__dfrtp_1)
     2    0.01                           net183 (net)
                  0.13    0.00    0.77 ^ _367_/A1 (sky130_fd_sc_hd__mux2_1)
                  0.05    0.14    0.91 ^ _367_/X (sky130_fd_sc_hd__mux2_1)
     1    0.00                           _166_ (net)
                  0.05    0.00    0.91 ^ _368_/A (sky130_fd_sc_hd__clkbuf_1)
                  0.04    0.07    0.98 ^ _368_/X (sky130_fd_sc_hd__clkbuf_1)
     1    0.00                           _056_ (net)
                  0.04    0.00    0.98 ^ _445_/D (sky130_fd_sc_hd__dfrtp_1)
                                  0.98   data arrival time

                          0.00    0.00   clock clk (rise edge)
                          0.00    0.00   clock source latency
                  0.14    0.10    0.10 ^ clk (in)
     1    0.03                           clk (net)
                  0.14    0.00    0.10 ^ clkbuf_0_clk/A (sky130_fd_sc_hd__clkbuf_16)
                  0.08    0.20    0.30 ^ clkbuf_0_clk/X (sky130_fd_sc_hd__clkbuf_16)
     8    0.06                           clknet_0_clk (net)
                  0.08    0.00    0.30 ^ clkbuf_3_0__f_clk/A (sky130_fd_sc_hd__clkbuf_16)
                  0.04    0.14    0.44 ^ clkbuf_3_0__f_clk/X (sky130_fd_sc_hd__clkbuf_16)
     7    0.01                           clknet_3_0__leaf_clk (net)
                  0.04    0.00    0.44 ^ _445_/CLK (sky130_fd_sc_hd__dfrtp_1)
                          0.25    0.69   clock uncertainty
                         -0.04    0.65   clock reconvergence pessimism
                         -0.03    0.62   library hold time
                                  0.62   data required time
-----------------------------------------------------------------------------
                                  0.62   data required time
                                 -0.98   data arrival time
-----------------------------------------------------------------------------
                                  0.37   slack (MET)


Startpoint: _423_ (rising edge-triggered flip-flop clocked by clk)
Endpoint: _423_ (rising edge-triggered flip-flop clocked by clk)
Path Group: clk
Path Type: min

Fanout     Cap    Slew   Delay    Time   Description
-----------------------------------------------------------------------------
                          0.00    0.00   clock clk (rise edge)
                          0.00    0.00   clock source latency
                  0.14    0.09    0.09 ^ clk (in)
     1    0.03                           clk (net)
                  0.14    0.00    0.09 ^ clkbuf_0_clk/A (sky130_fd_sc_hd__clkbuf_16)
                  0.08    0.18    0.27 ^ clkbuf_0_clk/X (sky130_fd_sc_hd__clkbuf_16)
     8    0.06                           clknet_0_clk (net)
                  0.08    0.00    0.27 ^ clkbuf_3_4__f_clk/A (sky130_fd_sc_hd__clkbuf_16)
                  0.05    0.14    0.41 ^ clkbuf_3_4__f_clk/X (sky130_fd_sc_hd__clkbuf_16)
    14    0.03                           clknet_3_4__leaf_clk (net)
                  0.05    0.00    0.41 ^ _423_/CLK (sky130_fd_sc_hd__dfrtp_1)
                  0.13    0.36    0.78 ^ _423_/Q (sky130_fd_sc_hd__dfrtp_1)
     2    0.01                           net158 (net)
                  0.13    0.00    0.78 ^ _321_/A1 (sky130_fd_sc_hd__mux2_1)
                  0.05    0.14    0.92 ^ _321_/X (sky130_fd_sc_hd__mux2_1)
     1    0.00                           _142_ (net)
                  0.05    0.00    0.92 ^ _322_/A (sky130_fd_sc_hd__clkbuf_1)
                  0.05    0.08    1.00 ^ _322_/X (sky130_fd_sc_hd__clkbuf_1)
     1    0.00                           _034_ (net)
                  0.05    0.00    1.00 ^ _423_/D (sky130_fd_sc_hd__dfrtp_1)
                                  1.00   data arrival time

                          0.00    0.00   clock clk (rise edge)
                          0.00    0.00   clock source latency
                  0.14    0.10    0.10 ^ clk (in)
     1    0.03                           clk (net)
                  0.14    0.00    0.10 ^ clkbuf_0_clk/A (sky130_fd_sc_hd__clkbuf_16)
                  0.08    0.20    0.30 ^ clkbuf_0_clk/X (sky130_fd_sc_hd__clkbuf_16)
     8    0.06                           clknet_0_clk (net)
                  0.08    0.00    0.30 ^ clkbuf_3_4__f_clk/A (sky130_fd_sc_hd__clkbuf_16)
                  0.05    0.15    0.46 ^ clkbuf_3_4__f_clk/X (sky130_fd_sc_hd__clkbuf_16)
    14    0.03                           clknet_3_4__leaf_clk (net)
                  0.05    0.00    0.46 ^ _423_/CLK (sky130_fd_sc_hd__dfrtp_1)
                          0.25    0.71   clock uncertainty
                         -0.04    0.66   clock reconvergence pessimism
                         -0.03    0.63   library hold time
                                  0.63   data required time
-----------------------------------------------------------------------------
                                  0.63   data required time
                                 -1.00   data arrival time
-----------------------------------------------------------------------------
                                  0.37   slack (MET)


Startpoint: _442_ (rising edge-triggered flip-flop clocked by clk)
Endpoint: _442_ (rising edge-triggered flip-flop clocked by clk)
Path Group: clk
Path Type: min

Fanout     Cap    Slew   Delay    Time   Description
-----------------------------------------------------------------------------
                          0.00    0.00   clock clk (rise edge)
                          0.00    0.00   clock source latency
                  0.14    0.09    0.09 ^ clk (in)
     1    0.03                           clk (net)
                  0.14    0.00    0.09 ^ clkbuf_0_clk/A (sky130_fd_sc_hd__clkbuf_16)
                  0.08    0.18    0.27 ^ clkbuf_0_clk/X (sky130_fd_sc_hd__clkbuf_16)
     8    0.06                           clknet_0_clk (net)
                  0.08    0.00    0.27 ^ clkbuf_3_6__f_clk/A (sky130_fd_sc_hd__clkbuf_16)
                  0.05    0.14    0.41 ^ clkbuf_3_6__f_clk/X (sky130_fd_sc_hd__clkbuf_16)
     7    0.03                           clknet_3_6__leaf_clk (net)
                  0.05    0.00    0.42 ^ _442_/CLK (sky130_fd_sc_hd__dfrtp_2)
                  0.09    0.37    0.79 ^ _442_/Q (sky130_fd_sc_hd__dfrtp_2)
     2    0.02                           net179 (net)
                  0.09    0.00    0.79 ^ _361_/A1 (sky130_fd_sc_hd__mux2_1)
                  0.05    0.13    0.92 ^ _361_/X (sky130_fd_sc_hd__mux2_1)
     1    0.00                           _163_ (net)
                  0.05    0.00    0.92 ^ _362_/A (sky130_fd_sc_hd__clkbuf_1)
                  0.06    0.09    1.00 ^ _362_/X (sky130_fd_sc_hd__clkbuf_1)
     1    0.00                           _053_ (net)
                  0.06    0.00    1.00 ^ _442_/D (sky130_fd_sc_hd__dfrtp_2)
                                  1.00   data arrival time

                          0.00    0.00   clock clk (rise edge)
                          0.00    0.00   clock source latency
                  0.14    0.10    0.10 ^ clk (in)
     1    0.03                           clk (net)
                  0.14    0.00    0.10 ^ clkbuf_0_clk/A (sky130_fd_sc_hd__clkbuf_16)
                  0.08    0.20    0.30 ^ clkbuf_0_clk/X (sky130_fd_sc_hd__clkbuf_16)
     8    0.06                           clknet_0_clk (net)
                  0.08    0.00    0.30 ^ clkbuf_3_6__f_clk/A (sky130_fd_sc_hd__clkbuf_16)
                  0.05    0.16    0.46 ^ clkbuf_3_6__f_clk/X (sky130_fd_sc_hd__clkbuf_16)
     7    0.03                           clknet_3_6__leaf_clk (net)
                  0.05    0.00    0.46 ^ _442_/CLK (sky130_fd_sc_hd__dfrtp_2)
                          0.25    0.71   clock uncertainty
                         -0.04    0.67   clock reconvergence pessimism
                         -0.04    0.63   library hold time
                                  0.63   data required time
-----------------------------------------------------------------------------
                                  0.63   data required time
                                 -1.00   data arrival time
-----------------------------------------------------------------------------
                                  0.37   slack (MET)


Startpoint: _398_ (rising edge-triggered flip-flop clocked by clk)
Endpoint: _398_ (rising edge-triggered flip-flop clocked by clk)
Path Group: clk
Path Type: min

Fanout     Cap    Slew   Delay    Time   Description
-----------------------------------------------------------------------------
                          0.00    0.00   clock clk (rise edge)
                          0.00    0.00   clock source latency
                  0.14    0.09    0.09 ^ clk (in)
     1    0.03                           clk (net)
                  0.14    0.00    0.09 ^ clkbuf_0_clk/A (sky130_fd_sc_hd__clkbuf_16)
                  0.08    0.18    0.27 ^ clkbuf_0_clk/X (sky130_fd_sc_hd__clkbuf_16)
     8    0.06                           clknet_0_clk (net)
                  0.08    0.00    0.27 ^ clkbuf_3_3__f_clk/A (sky130_fd_sc_hd__clkbuf_16)
                  0.03    0.12    0.40 ^ clkbuf_3_3__f_clk/X (sky130_fd_sc_hd__clkbuf_16)
     5    0.01                           clknet_3_3__leaf_clk (net)
                  0.03    0.00    0.40 ^ _398_/CLK (sky130_fd_sc_hd__dfrtp_2)
                  0.12    0.38    0.78 ^ _398_/Q (sky130_fd_sc_hd__dfrtp_2)
     2    0.02                           net162 (net)
                  0.12    0.00    0.78 ^ _267_/A1 (sky130_fd_sc_hd__mux2_1)
                  0.04    0.13    0.91 ^ _267_/X (sky130_fd_sc_hd__mux2_1)
     1    0.00                           _113_ (net)
                  0.04    0.00    0.91 ^ _268_/A (sky130_fd_sc_hd__clkbuf_1)
                  0.05    0.08    0.99 ^ _268_/X (sky130_fd_sc_hd__clkbuf_1)
     1    0.00                           _009_ (net)
                  0.05    0.00    0.99 ^ _398_/D (sky130_fd_sc_hd__dfrtp_2)
                                  0.99   data arrival time

                          0.00    0.00   clock clk (rise edge)
                          0.00    0.00   clock source latency
                  0.14    0.10    0.10 ^ clk (in)
     1    0.03                           clk (net)
                  0.14    0.00    0.10 ^ clkbuf_0_clk/A (sky130_fd_sc_hd__clkbuf_16)
                  0.08    0.20    0.30 ^ clkbuf_0_clk/X (sky130_fd_sc_hd__clkbuf_16)
     8    0.06                           clknet_0_clk (net)
                  0.08    0.00    0.30 ^ clkbuf_3_3__f_clk/A (sky130_fd_sc_hd__clkbuf_16)
                  0.03    0.14    0.44 ^ clkbuf_3_3__f_clk/X (sky130_fd_sc_hd__clkbuf_16)
     5    0.01                           clknet_3_3__leaf_clk (net)
                  0.03    0.00    0.44 ^ _398_/CLK (sky130_fd_sc_hd__dfrtp_2)
                          0.25    0.69   clock uncertainty
                         -0.04    0.65   clock reconvergence pessimism
                         -0.04    0.61   library hold time
                                  0.61   data required time
-----------------------------------------------------------------------------
                                  0.61   data required time
                                 -0.99   data arrival time
-----------------------------------------------------------------------------
                                  0.38   slack (MET)


Startpoint: _437_ (rising edge-triggered flip-flop clocked by clk)
Endpoint: _437_ (rising edge-triggered flip-flop clocked by clk)
Path Group: clk
Path Type: min

Fanout     Cap    Slew   Delay    Time   Description
-----------------------------------------------------------------------------
                          0.00    0.00   clock clk (rise edge)
                          0.00    0.00   clock source latency
                  0.14    0.09    0.09 ^ clk (in)
     1    0.03                           clk (net)
                  0.14    0.00    0.09 ^ clkbuf_0_clk/A (sky130_fd_sc_hd__clkbuf_16)
                  0.08    0.18    0.27 ^ clkbuf_0_clk/X (sky130_fd_sc_hd__clkbuf_16)
     8    0.06                           clknet_0_clk (net)
                  0.08    0.00    0.27 ^ clkbuf_3_6__f_clk/A (sky130_fd_sc_hd__clkbuf_16)
                  0.05    0.14    0.41 ^ clkbuf_3_6__f_clk/X (sky130_fd_sc_hd__clkbuf_16)
     7    0.03                           clknet_3_6__leaf_clk (net)
                  0.05    0.00    0.42 ^ _437_/CLK (sky130_fd_sc_hd__dfrtp_2)
                  0.10    0.37    0.79 ^ _437_/Q (sky130_fd_sc_hd__dfrtp_2)
     2    0.02                           net174 (net)
                  0.10    0.00    0.79 ^ _350_/A1 (sky130_fd_sc_hd__mux2_1)
                  0.05    0.14    0.92 ^ _350_/X (sky130_fd_sc_hd__mux2_1)
     1    0.00                           _157_ (net)
                  0.05    0.00    0.93 ^ _351_/A (sky130_fd_sc_hd__clkbuf_1)
                  0.05    0.08    1.01 ^ _351_/X (sky130_fd_sc_hd__clkbuf_1)
     1    0.00                           _048_ (net)
                  0.05    0.00    1.01 ^ _437_/D (sky130_fd_sc_hd__dfrtp_2)
                                  1.01   data arrival time

                          0.00    0.00   clock clk (rise edge)
                          0.00    0.00   clock source latency
                  0.14    0.10    0.10 ^ clk (in)
     1    0.03                           clk (net)
                  0.14    0.00    0.10 ^ clkbuf_0_clk/A (sky130_fd_sc_hd__clkbuf_16)
                  0.08    0.20    0.30 ^ clkbuf_0_clk/X (sky130_fd_sc_hd__clkbuf_16)
     8    0.06                           clknet_0_clk (net)
                  0.08    0.00    0.30 ^ clkbuf_3_6__f_clk/A (sky130_fd_sc_hd__clkbuf_16)
                  0.05    0.16    0.46 ^ clkbuf_3_6__f_clk/X (sky130_fd_sc_hd__clkbuf_16)
     7    0.03                           clknet_3_6__leaf_clk (net)
                  0.05    0.00    0.46 ^ _437_/CLK (sky130_fd_sc_hd__dfrtp_2)
                          0.25    0.71   clock uncertainty
                         -0.04    0.67   clock reconvergence pessimism
                         -0.04    0.63   library hold time
                                  0.63   data required time
-----------------------------------------------------------------------------
                                  0.63   data required time
                                 -1.01   data arrival time
-----------------------------------------------------------------------------
                                  0.38   slack (MET)


Startpoint: _446_ (rising edge-triggered flip-flop clocked by clk)
Endpoint: _446_ (rising edge-triggered flip-flop clocked by clk)
Path Group: clk
Path Type: min

Fanout     Cap    Slew   Delay    Time   Description
-----------------------------------------------------------------------------
                          0.00    0.00   clock clk (rise edge)
                          0.00    0.00   clock source latency
                  0.14    0.09    0.09 ^ clk (in)
     1    0.03                           clk (net)
                  0.14    0.00    0.09 ^ clkbuf_0_clk/A (sky130_fd_sc_hd__clkbuf_16)
                  0.08    0.18    0.27 ^ clkbuf_0_clk/X (sky130_fd_sc_hd__clkbuf_16)
     8    0.06                           clknet_0_clk (net)
                  0.08    0.00    0.27 ^ clkbuf_3_4__f_clk/A (sky130_fd_sc_hd__clkbuf_16)
                  0.05    0.14    0.41 ^ clkbuf_3_4__f_clk/X (sky130_fd_sc_hd__clkbuf_16)
    14    0.03                           clknet_3_4__leaf_clk (net)
                  0.05    0.00    0.41 ^ _446_/CLK (sky130_fd_sc_hd__dfrtp_1)
                  0.15    0.38    0.79 ^ _446_/Q (sky130_fd_sc_hd__dfrtp_1)
     2    0.02                           net184 (net)
                  0.15    0.00    0.79 ^ _369_/A1 (sky130_fd_sc_hd__mux2_1)
                  0.04    0.14    0.94 ^ _369_/X (sky130_fd_sc_hd__mux2_1)
     1    0.00                           _167_ (net)
                  0.04    0.00    0.94 ^ _370_/A (sky130_fd_sc_hd__clkbuf_1)
                  0.04    0.07    1.01 ^ _370_/X (sky130_fd_sc_hd__clkbuf_1)
     1    0.00                           _057_ (net)
                  0.04    0.00    1.01 ^ _446_/D (sky130_fd_sc_hd__dfrtp_1)
                                  1.01   data arrival time

                          0.00    0.00   clock clk (rise edge)
                          0.00    0.00   clock source latency
                  0.14    0.10    0.10 ^ clk (in)
     1    0.03                           clk (net)
                  0.14    0.00    0.10 ^ clkbuf_0_clk/A (sky130_fd_sc_hd__clkbuf_16)
                  0.08    0.20    0.30 ^ clkbuf_0_clk/X (sky130_fd_sc_hd__clkbuf_16)
     8    0.06                           clknet_0_clk (net)
                  0.08    0.00    0.30 ^ clkbuf_3_4__f_clk/A (sky130_fd_sc_hd__clkbuf_16)
                  0.05    0.15    0.46 ^ clkbuf_3_4__f_clk/X (sky130_fd_sc_hd__clkbuf_16)
    14    0.03                           clknet_3_4__leaf_clk (net)
                  0.05    0.00    0.46 ^ _446_/CLK (sky130_fd_sc_hd__dfrtp_1)
                          0.25    0.71   clock uncertainty
                         -0.04    0.66   clock reconvergence pessimism
                         -0.03    0.63   library hold time
                                  0.63   data required time
-----------------------------------------------------------------------------
                                  0.63   data required time
                                 -1.01   data arrival time
-----------------------------------------------------------------------------
                                  0.38   slack (MET)


Startpoint: _455_ (rising edge-triggered flip-flop clocked by clk)
Endpoint: _455_ (rising edge-triggered flip-flop clocked by clk)
Path Group: clk
Path Type: min

Fanout     Cap    Slew   Delay    Time   Description
-----------------------------------------------------------------------------
                          0.00    0.00   clock clk (rise edge)
                          0.00    0.00   clock source latency
                  0.14    0.09    0.09 ^ clk (in)
     1    0.03                           clk (net)
                  0.14    0.00    0.09 ^ clkbuf_0_clk/A (sky130_fd_sc_hd__clkbuf_16)
                  0.08    0.18    0.27 ^ clkbuf_0_clk/X (sky130_fd_sc_hd__clkbuf_16)
     8    0.06                           clknet_0_clk (net)
                  0.08    0.00    0.27 ^ clkbuf_3_6__f_clk/A (sky130_fd_sc_hd__clkbuf_16)
                  0.05    0.14    0.41 ^ clkbuf_3_6__f_clk/X (sky130_fd_sc_hd__clkbuf_16)
     7    0.03                           clknet_3_6__leaf_clk (net)
                  0.05    0.00    0.42 ^ _455_/CLK (sky130_fd_sc_hd__dfrtp_1)
                  0.15    0.38    0.79 ^ _455_/Q (sky130_fd_sc_hd__dfrtp_1)
     2    0.02                           net194 (net)
                  0.15    0.00    0.79 ^ _387_/A1 (sky130_fd_sc_hd__mux2_1)
                  0.04    0.14    0.94 ^ _387_/X (sky130_fd_sc_hd__mux2_1)
     1    0.00                           _176_ (net)
                  0.04    0.00    0.94 ^ _388_/A (sky130_fd_sc_hd__clkbuf_1)
                  0.05    0.08    1.01 ^ _388_/X (sky130_fd_sc_hd__clkbuf_1)
     1    0.00                           _066_ (net)
                  0.05    0.00    1.01 ^ _455_/D (sky130_fd_sc_hd__dfrtp_1)
                                  1.01   data arrival time

                          0.00    0.00   clock clk (rise edge)
                          0.00    0.00   clock source latency
                  0.14    0.10    0.10 ^ clk (in)
     1    0.03                           clk (net)
                  0.14    0.00    0.10 ^ clkbuf_0_clk/A (sky130_fd_sc_hd__clkbuf_16)
                  0.08    0.20    0.30 ^ clkbuf_0_clk/X (sky130_fd_sc_hd__clkbuf_16)
     8    0.06                           clknet_0_clk (net)
                  0.08    0.00    0.30 ^ clkbuf_3_6__f_clk/A (sky130_fd_sc_hd__clkbuf_16)
                  0.05    0.16    0.46 ^ clkbuf_3_6__f_clk/X (sky130_fd_sc_hd__clkbuf_16)
     7    0.03                           clknet_3_6__leaf_clk (net)
                  0.05    0.00    0.46 ^ _455_/CLK (sky130_fd_sc_hd__dfrtp_1)
                          0.25    0.71   clock uncertainty
                         -0.04    0.67   clock reconvergence pessimism
                         -0.03    0.63   library hold time
                                  0.63   data required time
-----------------------------------------------------------------------------
                                  0.63   data required time
                                 -1.01   data arrival time
-----------------------------------------------------------------------------
                                  0.38   slack (MET)


Startpoint: _417_ (rising edge-triggered flip-flop clocked by clk)
Endpoint: _417_ (rising edge-triggered flip-flop clocked by clk)
Path Group: clk
Path Type: min

Fanout     Cap    Slew   Delay    Time   Description
-----------------------------------------------------------------------------
                          0.00    0.00   clock clk (rise edge)
                          0.00    0.00   clock source latency
                  0.14    0.09    0.09 ^ clk (in)
     1    0.03                           clk (net)
                  0.14    0.00    0.09 ^ clkbuf_0_clk/A (sky130_fd_sc_hd__clkbuf_16)
                  0.08    0.18    0.27 ^ clkbuf_0_clk/X (sky130_fd_sc_hd__clkbuf_16)
     8    0.06                           clknet_0_clk (net)
                  0.08    0.00    0.27 ^ clkbuf_3_1__f_clk/A (sky130_fd_sc_hd__clkbuf_16)
                  0.05    0.14    0.41 ^ clkbuf_3_1__f_clk/X (sky130_fd_sc_hd__clkbuf_16)
     9    0.03                           clknet_3_1__leaf_clk (net)
                  0.05    0.00    0.41 ^ _417_/CLK (sky130_fd_sc_hd__dfrtp_1)
                  0.14    0.38    0.79 ^ _417_/Q (sky130_fd_sc_hd__dfrtp_1)
     2    0.02                           net151 (net)
                  0.14    0.00    0.79 ^ _308_/A1 (sky130_fd_sc_hd__mux2_1)
                  0.04    0.14    0.93 ^ _308_/X (sky130_fd_sc_hd__mux2_1)
     1    0.00                           _135_ (net)
                  0.04    0.00    0.93 ^ _309_/A (sky130_fd_sc_hd__clkbuf_1)
                  0.05    0.08    1.01 ^ _309_/X (sky130_fd_sc_hd__clkbuf_1)
     1    0.00                           _028_ (net)
                  0.05    0.00    1.01 ^ _417_/D (sky130_fd_sc_hd__dfrtp_1)
                                  1.01   data arrival time

                          0.00    0.00   clock clk (rise edge)
                          0.00    0.00   clock source latency
                  0.14    0.10    0.10 ^ clk (in)
     1    0.03                           clk (net)
                  0.14    0.00    0.10 ^ clkbuf_0_clk/A (sky130_fd_sc_hd__clkbuf_16)
                  0.08    0.20    0.30 ^ clkbuf_0_clk/X (sky130_fd_sc_hd__clkbuf_16)
     8    0.06                           clknet_0_clk (net)
                  0.08    0.00    0.30 ^ clkbuf_3_1__f_clk/A (sky130_fd_sc_hd__clkbuf_16)
                  0.05    0.15    0.46 ^ clkbuf_3_1__f_clk/X (sky130_fd_sc_hd__clkbuf_16)
     9    0.03                           clknet_3_1__leaf_clk (net)
                  0.05    0.00    0.46 ^ _417_/CLK (sky130_fd_sc_hd__dfrtp_1)
                          0.25    0.71   clock uncertainty
                         -0.04    0.66   clock reconvergence pessimism
                         -0.04    0.63   library hold time
                                  0.63   data required time
-----------------------------------------------------------------------------
                                  0.63   data required time
                                 -1.01   data arrival time
-----------------------------------------------------------------------------
                                  0.38   slack (MET)


Startpoint: _405_ (rising edge-triggered flip-flop clocked by clk)
Endpoint: _405_ (rising edge-triggered flip-flop clocked by clk)
Path Group: clk
Path Type: min

Fanout     Cap    Slew   Delay    Time   Description
-----------------------------------------------------------------------------
                          0.00    0.00   clock clk (rise edge)
                          0.00    0.00   clock source latency
                  0.14    0.09    0.09 ^ clk (in)
     1    0.03                           clk (net)
                  0.14    0.00    0.09 ^ clkbuf_0_clk/A (sky130_fd_sc_hd__clkbuf_16)
                  0.08    0.18    0.27 ^ clkbuf_0_clk/X (sky130_fd_sc_hd__clkbuf_16)
     8    0.06                           clknet_0_clk (net)
                  0.08    0.00    0.27 ^ clkbuf_3_5__f_clk/A (sky130_fd_sc_hd__clkbuf_16)
                  0.04    0.13    0.41 ^ clkbuf_3_5__f_clk/X (sky130_fd_sc_hd__clkbuf_16)
    10    0.02                           clknet_3_5__leaf_clk (net)
                  0.04    0.00    0.41 ^ _405_/CLK (sky130_fd_sc_hd__dfrtp_2)
                  0.12    0.38    0.79 ^ _405_/Q (sky130_fd_sc_hd__dfrtp_2)
     2    0.02                           net138 (net)
                  0.12    0.00    0.79 ^ _283_/A1 (sky130_fd_sc_hd__mux2_1)
                  0.04    0.14    0.93 ^ _283_/X (sky130_fd_sc_hd__mux2_1)
     1    0.00                           _122_ (net)
                  0.04    0.00    0.93 ^ _284_/A (sky130_fd_sc_hd__clkbuf_1)
                  0.05    0.08    1.01 ^ _284_/X (sky130_fd_sc_hd__clkbuf_1)
     1    0.00                           _016_ (net)
                  0.05    0.00    1.01 ^ _405_/D (sky130_fd_sc_hd__dfrtp_2)
                                  1.01   data arrival time

                          0.00    0.00   clock clk (rise edge)
                          0.00    0.00   clock source latency
                  0.14    0.10    0.10 ^ clk (in)
     1    0.03                           clk (net)
                  0.14    0.00    0.10 ^ clkbuf_0_clk/A (sky130_fd_sc_hd__clkbuf_16)
                  0.08    0.20    0.30 ^ clkbuf_0_clk/X (sky130_fd_sc_hd__clkbuf_16)
     8    0.06                           clknet_0_clk (net)
                  0.08    0.00    0.30 ^ clkbuf_3_5__f_clk/A (sky130_fd_sc_hd__clkbuf_16)
                  0.04    0.15    0.45 ^ clkbuf_3_5__f_clk/X (sky130_fd_sc_hd__clkbuf_16)
    10    0.02                           clknet_3_5__leaf_clk (net)
                  0.04    0.00    0.45 ^ _405_/CLK (sky130_fd_sc_hd__dfrtp_2)
                          0.25    0.70   clock uncertainty
                         -0.04    0.66   clock reconvergence pessimism
                         -0.04    0.62   library hold time
                                  0.62   data required time
-----------------------------------------------------------------------------
                                  0.62   data required time
                                 -1.01   data arrival time
-----------------------------------------------------------------------------
                                  0.39   slack (MET)


Startpoint: _414_ (rising edge-triggered flip-flop clocked by clk)
Endpoint: _414_ (rising edge-triggered flip-flop clocked by clk)
Path Group: clk
Path Type: min

Fanout     Cap    Slew   Delay    Time   Description
-----------------------------------------------------------------------------
                          0.00    0.00   clock clk (rise edge)
                          0.00    0.00   clock source latency
                  0.14    0.09    0.09 ^ clk (in)
     1    0.03                           clk (net)
                  0.14    0.00    0.09 ^ clkbuf_0_clk/A (sky130_fd_sc_hd__clkbuf_16)
                  0.08    0.18    0.27 ^ clkbuf_0_clk/X (sky130_fd_sc_hd__clkbuf_16)
     8    0.06                           clknet_0_clk (net)
                  0.08    0.00    0.27 ^ clkbuf_3_4__f_clk/A (sky130_fd_sc_hd__clkbuf_16)
                  0.05    0.14    0.41 ^ clkbuf_3_4__f_clk/X (sky130_fd_sc_hd__clkbuf_16)
    14    0.03                           clknet_3_4__leaf_clk (net)
                  0.05    0.00    0.41 ^ _414_/CLK (sky130_fd_sc_hd__dfrtp_1)
                  0.15    0.38    0.79 ^ _414_/Q (sky130_fd_sc_hd__dfrtp_1)
     2    0.02                           net148 (net)
                  0.15    0.00    0.79 ^ _302_/A1 (sky130_fd_sc_hd__mux2_1)
                  0.05    0.15    0.94 ^ _302_/X (sky130_fd_sc_hd__mux2_1)
     1    0.00                           _132_ (net)
                  0.05    0.00    0.94 ^ _303_/A (sky130_fd_sc_hd__clkbuf_1)
                  0.04    0.07    1.02 ^ _303_/X (sky130_fd_sc_hd__clkbuf_1)
     1    0.00                           _025_ (net)
                  0.04    0.00    1.02 ^ _414_/D (sky130_fd_sc_hd__dfrtp_1)
                                  1.02   data arrival time

                          0.00    0.00   clock clk (rise edge)
                          0.00    0.00   clock source latency
                  0.14    0.10    0.10 ^ clk (in)
     1    0.03                           clk (net)
                  0.14    0.00    0.10 ^ clkbuf_0_clk/A (sky130_fd_sc_hd__clkbuf_16)
                  0.08    0.20    0.30 ^ clkbuf_0_clk/X (sky130_fd_sc_hd__clkbuf_16)
     8    0.06                           clknet_0_clk (net)
                  0.08    0.00    0.30 ^ clkbuf_3_4__f_clk/A (sky130_fd_sc_hd__clkbuf_16)
                  0.05    0.15    0.46 ^ clkbuf_3_4__f_clk/X (sky130_fd_sc_hd__clkbuf_16)
    14    0.03                           clknet_3_4__leaf_clk (net)
                  0.05    0.00    0.46 ^ _414_/CLK (sky130_fd_sc_hd__dfrtp_1)
                          0.25    0.71   clock uncertainty
                         -0.04    0.66   clock reconvergence pessimism
                         -0.03    0.63   library hold time
                                  0.63   data required time
-----------------------------------------------------------------------------
                                  0.63   data required time
                                 -1.02   data arrival time
-----------------------------------------------------------------------------
                                  0.39   slack (MET)


Startpoint: _403_ (rising edge-triggered flip-flop clocked by clk)
Endpoint: _403_ (rising edge-triggered flip-flop clocked by clk)
Path Group: clk
Path Type: min

Fanout     Cap    Slew   Delay    Time   Description
-----------------------------------------------------------------------------
                          0.00    0.00   clock clk (rise edge)
                          0.00    0.00   clock source latency
                  0.14    0.09    0.09 ^ clk (in)
     1    0.03                           clk (net)
                  0.14    0.00    0.09 ^ clkbuf_0_clk/A (sky130_fd_sc_hd__clkbuf_16)
                  0.08    0.18    0.27 ^ clkbuf_0_clk/X (sky130_fd_sc_hd__clkbuf_16)
     8    0.06                           clknet_0_clk (net)
                  0.08    0.00    0.27 ^ clkbuf_3_5__f_clk/A (sky130_fd_sc_hd__clkbuf_16)
                  0.04    0.13    0.41 ^ clkbuf_3_5__f_clk/X (sky130_fd_sc_hd__clkbuf_16)
    10    0.02                           clknet_3_5__leaf_clk (net)
                  0.04    0.00    0.41 ^ _403_/CLK (sky130_fd_sc_hd__dfrtp_4)
                  0.09    0.42    0.82 ^ _403_/Q (sky130_fd_sc_hd__dfrtp_4)
     2    0.02                           net136 (net)
                  0.09    0.00    0.82 ^ _279_/A1 (sky130_fd_sc_hd__mux2_1)
                  0.04    0.13    0.95 ^ _279_/X (sky130_fd_sc_hd__mux2_1)
     1    0.00                           _120_ (net)
                  0.04    0.00    0.95 ^ _280_/A (sky130_fd_sc_hd__clkbuf_1)
                  0.05    0.08    1.02 ^ _280_/X (sky130_fd_sc_hd__clkbuf_1)
     1    0.00                           _014_ (net)
                  0.05    0.00    1.02 ^ _403_/D (sky130_fd_sc_hd__dfrtp_4)
                                  1.02   data arrival time

                          0.00    0.00   clock clk (rise edge)
                          0.00    0.00   clock source latency
                  0.14    0.10    0.10 ^ clk (in)
     1    0.03                           clk (net)
                  0.14    0.00    0.10 ^ clkbuf_0_clk/A (sky130_fd_sc_hd__clkbuf_16)
                  0.08    0.20    0.30 ^ clkbuf_0_clk/X (sky130_fd_sc_hd__clkbuf_16)
     8    0.06                           clknet_0_clk (net)
                  0.08    0.00    0.30 ^ clkbuf_3_5__f_clk/A (sky130_fd_sc_hd__clkbuf_16)
                  0.04    0.15    0.45 ^ clkbuf_3_5__f_clk/X (sky130_fd_sc_hd__clkbuf_16)
    10    0.02                           clknet_3_5__leaf_clk (net)
                  0.04    0.00    0.45 ^ _403_/CLK (sky130_fd_sc_hd__dfrtp_4)
                          0.25    0.70   clock uncertainty
                         -0.04    0.66   clock reconvergence pessimism
                         -0.04    0.62   library hold time
                                  0.62   data required time
-----------------------------------------------------------------------------
                                  0.62   data required time
                                 -1.02   data arrival time
-----------------------------------------------------------------------------
                                  0.40   slack (MET)


Startpoint: _449_ (rising edge-triggered flip-flop clocked by clk)
Endpoint: _449_ (rising edge-triggered flip-flop clocked by clk)
Path Group: clk
Path Type: min

Fanout     Cap    Slew   Delay    Time   Description
-----------------------------------------------------------------------------
                          0.00    0.00   clock clk (rise edge)
                          0.00    0.00   clock source latency
                  0.14    0.09    0.09 ^ clk (in)
     1    0.03                           clk (net)
                  0.14    0.00    0.09 ^ clkbuf_0_clk/A (sky130_fd_sc_hd__clkbuf_16)
                  0.08    0.18    0.27 ^ clkbuf_0_clk/X (sky130_fd_sc_hd__clkbuf_16)
     8    0.06                           clknet_0_clk (net)
                  0.08    0.00    0.27 ^ clkbuf_3_1__f_clk/A (sky130_fd_sc_hd__clkbuf_16)
                  0.05    0.14    0.41 ^ clkbuf_3_1__f_clk/X (sky130_fd_sc_hd__clkbuf_16)
     9    0.03                           clknet_3_1__leaf_clk (net)
                  0.05    0.00    0.42 ^ _449_/CLK (sky130_fd_sc_hd__dfrtp_4)
                  0.10    0.42    0.84 ^ _449_/Q (sky130_fd_sc_hd__dfrtp_4)
     2    0.02                           net187 (net)
                  0.10    0.00    0.84 ^ _375_/A1 (sky130_fd_sc_hd__mux2_1)
                  0.05    0.13    0.97 ^ _375_/X (sky130_fd_sc_hd__mux2_1)
     1    0.00                           _170_ (net)
                  0.05    0.00    0.97 ^ _376_/A (sky130_fd_sc_hd__clkbuf_1)
                  0.04    0.07    1.05 ^ _376_/X (sky130_fd_sc_hd__clkbuf_1)
     1    0.00                           _060_ (net)
                  0.04    0.00    1.05 ^ _449_/D (sky130_fd_sc_hd__dfrtp_4)
                                  1.05   data arrival time

                          0.00    0.00   clock clk (rise edge)
                          0.00    0.00   clock source latency
                  0.14    0.10    0.10 ^ clk (in)
     1    0.03                           clk (net)
                  0.14    0.00    0.10 ^ clkbuf_0_clk/A (sky130_fd_sc_hd__clkbuf_16)
                  0.08    0.20    0.30 ^ clkbuf_0_clk/X (sky130_fd_sc_hd__clkbuf_16)
     8    0.06                           clknet_0_clk (net)
                  0.08    0.00    0.30 ^ clkbuf_3_1__f_clk/A (sky130_fd_sc_hd__clkbuf_16)
                  0.05    0.15    0.46 ^ clkbuf_3_1__f_clk/X (sky130_fd_sc_hd__clkbuf_16)
     9    0.03                           clknet_3_1__leaf_clk (net)
                  0.05    0.00    0.46 ^ _449_/CLK (sky130_fd_sc_hd__dfrtp_4)
                          0.25    0.71   clock uncertainty
                         -0.04    0.67   clock reconvergence pessimism
                         -0.03    0.63   library hold time
                                  0.63   data required time
-----------------------------------------------------------------------------
                                  0.63   data required time
                                 -1.05   data arrival time
-----------------------------------------------------------------------------
                                  0.41   slack (MET)


Startpoint: _439_ (rising edge-triggered flip-flop clocked by clk)
Endpoint: _439_ (rising edge-triggered flip-flop clocked by clk)
Path Group: clk
Path Type: min

Fanout     Cap    Slew   Delay    Time   Description
-----------------------------------------------------------------------------
                          0.00    0.00   clock clk (rise edge)
                          0.00    0.00   clock source latency
                  0.14    0.09    0.09 ^ clk (in)
     1    0.03                           clk (net)
                  0.14    0.00    0.09 ^ clkbuf_0_clk/A (sky130_fd_sc_hd__clkbuf_16)
                  0.08    0.18    0.27 ^ clkbuf_0_clk/X (sky130_fd_sc_hd__clkbuf_16)
     8    0.06                           clknet_0_clk (net)
                  0.08    0.00    0.27 ^ clkbuf_3_3__f_clk/A (sky130_fd_sc_hd__clkbuf_16)
                  0.03    0.12    0.40 ^ clkbuf_3_3__f_clk/X (sky130_fd_sc_hd__clkbuf_16)
     5    0.01                           clknet_3_3__leaf_clk (net)
                  0.03    0.00    0.40 ^ _439_/CLK (sky130_fd_sc_hd__dfrtp_4)
                  0.11    0.43    0.82 ^ _439_/Q (sky130_fd_sc_hd__dfrtp_4)
     2    0.03                           net176 (net)
                  0.11    0.00    0.82 ^ _354_/A1 (sky130_fd_sc_hd__mux2_1)
                  0.04    0.13    0.95 ^ _354_/X (sky130_fd_sc_hd__mux2_1)
     1    0.00                           _159_ (net)
                  0.04    0.00    0.95 ^ _355_/A (sky130_fd_sc_hd__clkbuf_1)
                  0.04    0.07    1.03 ^ _355_/X (sky130_fd_sc_hd__clkbuf_1)
     1    0.00                           _050_ (net)
                  0.04    0.00    1.03 ^ _439_/D (sky130_fd_sc_hd__dfrtp_4)
                                  1.03   data arrival time

                          0.00    0.00   clock clk (rise edge)
                          0.00    0.00   clock source latency
                  0.14    0.10    0.10 ^ clk (in)
     1    0.03                           clk (net)
                  0.14    0.00    0.10 ^ clkbuf_0_clk/A (sky130_fd_sc_hd__clkbuf_16)
                  0.08    0.20    0.30 ^ clkbuf_0_clk/X (sky130_fd_sc_hd__clkbuf_16)
     8    0.06                           clknet_0_clk (net)
                  0.08    0.00    0.30 ^ clkbuf_3_3__f_clk/A (sky130_fd_sc_hd__clkbuf_16)
                  0.03    0.14    0.44 ^ clkbuf_3_3__f_clk/X (sky130_fd_sc_hd__clkbuf_16)
     5    0.01                           clknet_3_3__leaf_clk (net)
                  0.03    0.00    0.44 ^ _439_/CLK (sky130_fd_sc_hd__dfrtp_4)
                          0.25    0.69   clock uncertainty
                         -0.04    0.65   clock reconvergence pessimism
                         -0.04    0.61   library hold time
                                  0.61   data required time
-----------------------------------------------------------------------------
                                  0.61   data required time
                                 -1.03   data arrival time
-----------------------------------------------------------------------------
                                  0.42   slack (MET)


Startpoint: _408_ (rising edge-triggered flip-flop clocked by clk)
Endpoint: _408_ (rising edge-triggered flip-flop clocked by clk)
Path Group: clk
Path Type: min

Fanout     Cap    Slew   Delay    Time   Description
-----------------------------------------------------------------------------
                          0.00    0.00   clock clk (rise edge)
                          0.00    0.00   clock source latency
                  0.14    0.09    0.09 ^ clk (in)
     1    0.03                           clk (net)
                  0.14    0.00    0.09 ^ clkbuf_0_clk/A (sky130_fd_sc_hd__clkbuf_16)
                  0.08    0.18    0.27 ^ clkbuf_0_clk/X (sky130_fd_sc_hd__clkbuf_16)
     8    0.06                           clknet_0_clk (net)
                  0.08    0.00    0.27 ^ clkbuf_3_4__f_clk/A (sky130_fd_sc_hd__clkbuf_16)
                  0.05    0.14    0.41 ^ clkbuf_3_4__f_clk/X (sky130_fd_sc_hd__clkbuf_16)
    14    0.03                           clknet_3_4__leaf_clk (net)
                  0.05    0.00    0.41 ^ _408_/CLK (sky130_fd_sc_hd__dfrtp_4)
                  0.12    0.44    0.85 ^ _408_/Q (sky130_fd_sc_hd__dfrtp_4)
     2    0.03                           net141 (net)
                  0.12    0.00    0.85 ^ _289_/A1 (sky130_fd_sc_hd__mux2_1)
                  0.04    0.14    0.98 ^ _289_/X (sky130_fd_sc_hd__mux2_1)
     1    0.00                           _125_ (net)
                  0.04    0.00    0.98 ^ _290_/A (sky130_fd_sc_hd__clkbuf_1)
                  0.04    0.07    1.06 ^ _290_/X (sky130_fd_sc_hd__clkbuf_1)
     1    0.00                           _019_ (net)
                  0.04    0.00    1.06 ^ _408_/D (sky130_fd_sc_hd__dfrtp_4)
                                  1.06   data arrival time

                          0.00    0.00   clock clk (rise edge)
                          0.00    0.00   clock source latency
                  0.14    0.10    0.10 ^ clk (in)
     1    0.03                           clk (net)
                  0.14    0.00    0.10 ^ clkbuf_0_clk/A (sky130_fd_sc_hd__clkbuf_16)
                  0.08    0.20    0.30 ^ clkbuf_0_clk/X (sky130_fd_sc_hd__clkbuf_16)
     8    0.06                           clknet_0_clk (net)
                  0.08    0.00    0.30 ^ clkbuf_3_4__f_clk/A (sky130_fd_sc_hd__clkbuf_16)
                  0.05    0.15    0.46 ^ clkbuf_3_4__f_clk/X (sky130_fd_sc_hd__clkbuf_16)
    14    0.03                           clknet_3_4__leaf_clk (net)
                  0.05    0.00    0.46 ^ _408_/CLK (sky130_fd_sc_hd__dfrtp_4)
                          0.25    0.71   clock uncertainty
                         -0.04    0.66   clock reconvergence pessimism
                         -0.03    0.63   library hold time
                                  0.63   data required time
-----------------------------------------------------------------------------
                                  0.63   data required time
                                 -1.06   data arrival time
-----------------------------------------------------------------------------
                                  0.43   slack (MET)


Startpoint: _424_ (rising edge-triggered flip-flop clocked by clk)
Endpoint: _424_ (rising edge-triggered flip-flop clocked by clk)
Path Group: clk
Path Type: min

Fanout     Cap    Slew   Delay    Time   Description
-----------------------------------------------------------------------------
                          0.00    0.00   clock clk (rise edge)
                          0.00    0.00   clock source latency
                  0.14    0.09    0.09 ^ clk (in)
     1    0.03                           clk (net)
                  0.14    0.00    0.09 ^ clkbuf_0_clk/A (sky130_fd_sc_hd__clkbuf_16)
                  0.08    0.18    0.27 ^ clkbuf_0_clk/X (sky130_fd_sc_hd__clkbuf_16)
     8    0.06                           clknet_0_clk (net)
                  0.08    0.00    0.27 ^ clkbuf_3_4__f_clk/A (sky130_fd_sc_hd__clkbuf_16)
                  0.05    0.14    0.41 ^ clkbuf_3_4__f_clk/X (sky130_fd_sc_hd__clkbuf_16)
    14    0.03                           clknet_3_4__leaf_clk (net)
                  0.05    0.00    0.41 ^ _424_/CLK (sky130_fd_sc_hd__dfrtp_4)
                  0.10    0.42    0.84 ^ _424_/Q (sky130_fd_sc_hd__dfrtp_4)
     2    0.03                           net170 (net)
                  0.10    0.00    0.84 ^ _323_/A1 (sky130_fd_sc_hd__mux2_1)
                  0.05    0.13    0.97 ^ _323_/X (sky130_fd_sc_hd__mux2_1)
     1    0.00                           _143_ (net)
                  0.05    0.00    0.97 ^ _324_/A (sky130_fd_sc_hd__clkbuf_1)
                  0.06    0.09    1.06 ^ _324_/X (sky130_fd_sc_hd__clkbuf_1)
     1    0.00                           _035_ (net)
                  0.06    0.00    1.06 ^ _424_/D (sky130_fd_sc_hd__dfrtp_4)
                                  1.06   data arrival time

                          0.00    0.00   clock clk (rise edge)
                          0.00    0.00   clock source latency
                  0.14    0.10    0.10 ^ clk (in)
     1    0.03                           clk (net)
                  0.14    0.00    0.10 ^ clkbuf_0_clk/A (sky130_fd_sc_hd__clkbuf_16)
                  0.08    0.20    0.30 ^ clkbuf_0_clk/X (sky130_fd_sc_hd__clkbuf_16)
     8    0.06                           clknet_0_clk (net)
                  0.08    0.00    0.30 ^ clkbuf_3_4__f_clk/A (sky130_fd_sc_hd__clkbuf_16)
                  0.05    0.15    0.46 ^ clkbuf_3_4__f_clk/X (sky130_fd_sc_hd__clkbuf_16)
    14    0.03                           clknet_3_4__leaf_clk (net)
                  0.05    0.00    0.46 ^ _424_/CLK (sky130_fd_sc_hd__dfrtp_4)
                          0.25    0.71   clock uncertainty
                         -0.04    0.66   clock reconvergence pessimism
                         -0.04    0.63   library hold time
                                  0.63   data required time
-----------------------------------------------------------------------------
                                  0.63   data required time
                                 -1.06   data arrival time
-----------------------------------------------------------------------------
                                  0.43   slack (MET)


Startpoint: _418_ (rising edge-triggered flip-flop clocked by clk)
Endpoint: _418_ (rising edge-triggered flip-flop clocked by clk)
Path Group: clk
Path Type: min

Fanout     Cap    Slew   Delay    Time   Description
-----------------------------------------------------------------------------
                          0.00    0.00   clock clk (rise edge)
                          0.00    0.00   clock source latency
                  0.14    0.09    0.09 ^ clk (in)
     1    0.03                           clk (net)
                  0.14    0.00    0.09 ^ clkbuf_0_clk/A (sky130_fd_sc_hd__clkbuf_16)
                  0.08    0.18    0.27 ^ clkbuf_0_clk/X (sky130_fd_sc_hd__clkbuf_16)
     8    0.06                           clknet_0_clk (net)
                  0.08    0.00    0.27 ^ clkbuf_3_1__f_clk/A (sky130_fd_sc_hd__clkbuf_16)
                  0.05    0.14    0.41 ^ clkbuf_3_1__f_clk/X (sky130_fd_sc_hd__clkbuf_16)
     9    0.03                           clknet_3_1__leaf_clk (net)
                  0.05    0.00    0.42 ^ _418_/CLK (sky130_fd_sc_hd__dfrtp_4)
                  0.10    0.43    0.84 ^ _418_/Q (sky130_fd_sc_hd__dfrtp_4)
     2    0.03                           net152 (net)
                  0.10    0.00    0.84 ^ _310_/A1 (sky130_fd_sc_hd__mux2_1)
                  0.05    0.13    0.98 ^ _310_/X (sky130_fd_sc_hd__mux2_1)
     1    0.00                           _136_ (net)
                  0.05    0.00    0.98 ^ _311_/A (sky130_fd_sc_hd__clkbuf_1)
                  0.06    0.09    1.06 ^ _311_/X (sky130_fd_sc_hd__clkbuf_1)
     1    0.00                           _029_ (net)
                  0.06    0.00    1.06 ^ _418_/D (sky130_fd_sc_hd__dfrtp_4)
                                  1.06   data arrival time

                          0.00    0.00   clock clk (rise edge)
                          0.00    0.00   clock source latency
                  0.14    0.10    0.10 ^ clk (in)
     1    0.03                           clk (net)
                  0.14    0.00    0.10 ^ clkbuf_0_clk/A (sky130_fd_sc_hd__clkbuf_16)
                  0.08    0.20    0.30 ^ clkbuf_0_clk/X (sky130_fd_sc_hd__clkbuf_16)
     8    0.06                           clknet_0_clk (net)
                  0.08    0.00    0.30 ^ clkbuf_3_1__f_clk/A (sky130_fd_sc_hd__clkbuf_16)
                  0.05    0.15    0.46 ^ clkbuf_3_1__f_clk/X (sky130_fd_sc_hd__clkbuf_16)
     9    0.03                           clknet_3_1__leaf_clk (net)
                  0.05    0.00    0.46 ^ _418_/CLK (sky130_fd_sc_hd__dfrtp_4)
                          0.25    0.71   clock uncertainty
                         -0.04    0.67   clock reconvergence pessimism
                         -0.04    0.63   library hold time
                                  0.63   data required time
-----------------------------------------------------------------------------
                                  0.63   data required time
                                 -1.06   data arrival time
-----------------------------------------------------------------------------
                                  0.43   slack (MET)


Startpoint: _413_ (rising edge-triggered flip-flop clocked by clk)
Endpoint: _413_ (rising edge-triggered flip-flop clocked by clk)
Path Group: clk
Path Type: min

Fanout     Cap    Slew   Delay    Time   Description
-----------------------------------------------------------------------------
                          0.00    0.00   clock clk (rise edge)
                          0.00    0.00   clock source latency
                  0.14    0.09    0.09 ^ clk (in)
     1    0.03                           clk (net)
                  0.14    0.00    0.09 ^ clkbuf_0_clk/A (sky130_fd_sc_hd__clkbuf_16)
                  0.08    0.18    0.27 ^ clkbuf_0_clk/X (sky130_fd_sc_hd__clkbuf_16)
     8    0.06                           clknet_0_clk (net)
                  0.08    0.00    0.27 ^ clkbuf_3_4__f_clk/A (sky130_fd_sc_hd__clkbuf_16)
                  0.05    0.14    0.41 ^ clkbuf_3_4__f_clk/X (sky130_fd_sc_hd__clkbuf_16)
    14    0.03                           clknet_3_4__leaf_clk (net)
                  0.05    0.00    0.41 ^ _413_/CLK (sky130_fd_sc_hd__dfrtp_4)
                  0.10    0.42    0.84 ^ _413_/Q (sky130_fd_sc_hd__dfrtp_4)
     2    0.03                           net147 (net)
                  0.10    0.00    0.84 ^ _300_/A1 (sky130_fd_sc_hd__mux2_1)
                  0.05    0.14    0.98 ^ _300_/X (sky130_fd_sc_hd__mux2_1)
     1    0.00                           _131_ (net)
                  0.05    0.00    0.98 ^ _301_/A (sky130_fd_sc_hd__clkbuf_1)
                  0.06    0.09    1.07 ^ _301_/X (sky130_fd_sc_hd__clkbuf_1)
     1    0.00                           _024_ (net)
                  0.06    0.00    1.07 ^ _413_/D (sky130_fd_sc_hd__dfrtp_4)
                                  1.07   data arrival time

                          0.00    0.00   clock clk (rise edge)
                          0.00    0.00   clock source latency
                  0.14    0.10    0.10 ^ clk (in)
     1    0.03                           clk (net)
                  0.14    0.00    0.10 ^ clkbuf_0_clk/A (sky130_fd_sc_hd__clkbuf_16)
                  0.08    0.20    0.30 ^ clkbuf_0_clk/X (sky130_fd_sc_hd__clkbuf_16)
     8    0.06                           clknet_0_clk (net)
                  0.08    0.00    0.30 ^ clkbuf_3_4__f_clk/A (sky130_fd_sc_hd__clkbuf_16)
                  0.05    0.15    0.46 ^ clkbuf_3_4__f_clk/X (sky130_fd_sc_hd__clkbuf_16)
    14    0.03                           clknet_3_4__leaf_clk (net)
                  0.05    0.00    0.46 ^ _413_/CLK (sky130_fd_sc_hd__dfrtp_4)
                          0.25    0.71   clock uncertainty
                         -0.04    0.66   clock reconvergence pessimism
                         -0.04    0.62   library hold time
                                  0.62   data required time
-----------------------------------------------------------------------------
                                  0.62   data required time
                                 -1.07   data arrival time
-----------------------------------------------------------------------------
                                  0.44   slack (MET)


Startpoint: _391_ (rising edge-triggered flip-flop clocked by clk)
Endpoint: _390_ (rising edge-triggered flip-flop clocked by clk)
Path Group: clk
Path Type: min

Fanout     Cap    Slew   Delay    Time   Description
-----------------------------------------------------------------------------
                          0.00    0.00   clock clk (rise edge)
                          0.00    0.00   clock source latency
                  0.14    0.09    0.09 ^ clk (in)
     1    0.03                           clk (net)
                  0.14    0.00    0.09 ^ clkbuf_0_clk/A (sky130_fd_sc_hd__clkbuf_16)
                  0.08    0.18    0.27 ^ clkbuf_0_clk/X (sky130_fd_sc_hd__clkbuf_16)
     8    0.06                           clknet_0_clk (net)
                  0.08    0.00    0.27 ^ clkbuf_3_5__f_clk/A (sky130_fd_sc_hd__clkbuf_16)
                  0.04    0.13    0.41 ^ clkbuf_3_5__f_clk/X (sky130_fd_sc_hd__clkbuf_16)
    10    0.02                           clknet_3_5__leaf_clk (net)
                  0.04    0.00    0.41 ^ _391_/CLK (sky130_fd_sc_hd__dfrtp_1)
                  0.10    0.34    0.75 ^ _391_/Q (sky130_fd_sc_hd__dfrtp_1)
     4    0.01                           state[1] (net)
                  0.10    0.00    0.75 ^ _249_/B (sky130_fd_sc_hd__or3b_2)
                  0.11    0.17    0.92 ^ _249_/X (sky130_fd_sc_hd__or3b_2)
     3    0.02                           _104_ (net)
                  0.11    0.00    0.92 ^ _250_/A (sky130_fd_sc_hd__buf_6)
                  0.08    0.14    1.07 ^ _250_/X (sky130_fd_sc_hd__buf_6)
    10    0.04                           _105_ (net)
                  0.08    0.00    1.07 ^ _253_/A (sky130_fd_sc_hd__inv_2)
                  0.02    0.03    1.10 v _253_/Y (sky130_fd_sc_hd__inv_2)
     1    0.00                           _001_ (net)
                  0.02    0.00    1.10 v _390_/D (sky130_fd_sc_hd__dfrtp_1)
                                  1.10   data arrival time

                          0.00    0.00   clock clk (rise edge)
                          0.00    0.00   clock source latency
                  0.14    0.10    0.10 ^ clk (in)
     1    0.03                           clk (net)
                  0.14    0.00    0.10 ^ clkbuf_0_clk/A (sky130_fd_sc_hd__clkbuf_16)
                  0.08    0.20    0.30 ^ clkbuf_0_clk/X (sky130_fd_sc_hd__clkbuf_16)
     8    0.06                           clknet_0_clk (net)
                  0.08    0.00    0.30 ^ clkbuf_3_7__f_clk/A (sky130_fd_sc_hd__clkbuf_16)
                  0.04    0.14    0.45 ^ clkbuf_3_7__f_clk/X (sky130_fd_sc_hd__clkbuf_16)
     9    0.02                           clknet_3_7__leaf_clk (net)
                  0.04    0.00    0.45 ^ _390_/CLK (sky130_fd_sc_hd__dfrtp_1)
                          0.25    0.70   clock uncertainty
                         -0.03    0.67   clock reconvergence pessimism
                         -0.04    0.63   library hold time
                                  0.63   data required time
-----------------------------------------------------------------------------
                                  0.63   data required time
                                 -1.10   data arrival time
-----------------------------------------------------------------------------
                                  0.47   slack (MET)


Startpoint: _390_ (rising edge-triggered flip-flop clocked by clk)
Endpoint: _393_ (rising edge-triggered flip-flop clocked by clk)
Path Group: clk
Path Type: min

Fanout     Cap    Slew   Delay    Time   Description
-----------------------------------------------------------------------------
                          0.00    0.00   clock clk (rise edge)
                          0.00    0.00   clock source latency
                  0.14    0.09    0.09 ^ clk (in)
     1    0.03                           clk (net)
                  0.14    0.00    0.09 ^ clkbuf_0_clk/A (sky130_fd_sc_hd__clkbuf_16)
                  0.08    0.18    0.27 ^ clkbuf_0_clk/X (sky130_fd_sc_hd__clkbuf_16)
     8    0.06                           clknet_0_clk (net)
                  0.08    0.00    0.27 ^ clkbuf_3_7__f_clk/A (sky130_fd_sc_hd__clkbuf_16)
                  0.04    0.13    0.40 ^ clkbuf_3_7__f_clk/X (sky130_fd_sc_hd__clkbuf_16)
     9    0.02                           clknet_3_7__leaf_clk (net)
                  0.04    0.00    0.40 ^ _390_/CLK (sky130_fd_sc_hd__dfrtp_1)
                  0.10    0.34    0.75 ^ _390_/Q (sky130_fd_sc_hd__dfrtp_1)
     4    0.01                           state[0] (net)
                  0.10    0.00    0.75 ^ _249_/A (sky130_fd_sc_hd__or3b_2)
                  0.11    0.18    0.92 ^ _249_/X (sky130_fd_sc_hd__or3b_2)
     3    0.02                           _104_ (net)
                  0.11    0.00    0.92 ^ _250_/A (sky130_fd_sc_hd__buf_6)
                  0.08    0.14    1.07 ^ _250_/X (sky130_fd_sc_hd__buf_6)
    10    0.04                           _105_ (net)
                  0.08    0.00    1.07 ^ _257_/S (sky130_fd_sc_hd__mux2_1)
                  0.04    0.13    1.19 ^ _257_/X (sky130_fd_sc_hd__mux2_1)
     1    0.00                           _108_ (net)
                  0.04    0.00    1.19 ^ _258_/A (sky130_fd_sc_hd__clkbuf_1)
                  0.04    0.07    1.27 ^ _258_/X (sky130_fd_sc_hd__clkbuf_1)
     1    0.00                           _004_ (net)
                  0.04    0.00    1.27 ^ _393_/D (sky130_fd_sc_hd__dfrtp_1)
                                  1.27   data arrival time

                          0.00    0.00   clock clk (rise edge)
                          0.00    0.00   clock source latency
                  0.14    0.10    0.10 ^ clk (in)
     1    0.03                           clk (net)
                  0.14    0.00    0.10 ^ clkbuf_0_clk/A (sky130_fd_sc_hd__clkbuf_16)
                  0.08    0.20    0.30 ^ clkbuf_0_clk/X (sky130_fd_sc_hd__clkbuf_16)
     8    0.06                           clknet_0_clk (net)
                  0.08    0.00    0.30 ^ clkbuf_3_2__f_clk/A (sky130_fd_sc_hd__clkbuf_16)
                  0.04    0.14    0.44 ^ clkbuf_3_2__f_clk/X (sky130_fd_sc_hd__clkbuf_16)
     7    0.01                           clknet_3_2__leaf_clk (net)
                  0.04    0.00    0.44 ^ _393_/CLK (sky130_fd_sc_hd__dfrtp_1)
                          0.25    0.69   clock uncertainty
                         -0.03    0.66   clock reconvergence pessimism
                         -0.04    0.63   library hold time
                                  0.63   data required time
-----------------------------------------------------------------------------
                                  0.63   data required time
                                 -1.27   data arrival time
-----------------------------------------------------------------------------
                                  0.64   slack (MET)


Startpoint: _390_ (rising edge-triggered flip-flop clocked by clk)
Endpoint: _396_ (rising edge-triggered flip-flop clocked by clk)
Path Group: clk
Path Type: min

Fanout     Cap    Slew   Delay    Time   Description
-----------------------------------------------------------------------------
                          0.00    0.00   clock clk (rise edge)
                          0.00    0.00   clock source latency
                  0.14    0.09    0.09 ^ clk (in)
     1    0.03                           clk (net)
                  0.14    0.00    0.09 ^ clkbuf_0_clk/A (sky130_fd_sc_hd__clkbuf_16)
                  0.08    0.18    0.27 ^ clkbuf_0_clk/X (sky130_fd_sc_hd__clkbuf_16)
     8    0.06                           clknet_0_clk (net)
                  0.08    0.00    0.27 ^ clkbuf_3_7__f_clk/A (sky130_fd_sc_hd__clkbuf_16)
                  0.04    0.13    0.40 ^ clkbuf_3_7__f_clk/X (sky130_fd_sc_hd__clkbuf_16)
     9    0.02                           clknet_3_7__leaf_clk (net)
                  0.04    0.00    0.40 ^ _390_/CLK (sky130_fd_sc_hd__dfrtp_1)
                  0.10    0.34    0.75 ^ _390_/Q (sky130_fd_sc_hd__dfrtp_1)
     4    0.01                           state[0] (net)
                  0.10    0.00    0.75 ^ _249_/A (sky130_fd_sc_hd__or3b_2)
                  0.11    0.18    0.92 ^ _249_/X (sky130_fd_sc_hd__or3b_2)
     3    0.02                           _104_ (net)
                  0.11    0.00    0.92 ^ _250_/A (sky130_fd_sc_hd__buf_6)
                  0.08    0.14    1.07 ^ _250_/X (sky130_fd_sc_hd__buf_6)
    10    0.04                           _105_ (net)
                  0.08    0.00    1.07 ^ _263_/S (sky130_fd_sc_hd__mux2_1)
                  0.05    0.13    1.20 ^ _263_/X (sky130_fd_sc_hd__mux2_1)
     1    0.00                           _111_ (net)
                  0.05    0.00    1.20 ^ _264_/A (sky130_fd_sc_hd__clkbuf_1)
                  0.05    0.08    1.28 ^ _264_/X (sky130_fd_sc_hd__clkbuf_1)
     1    0.00                           _007_ (net)
                  0.05    0.00    1.28 ^ _396_/D (sky130_fd_sc_hd__dfrtp_1)
                                  1.28   data arrival time

                          0.00    0.00   clock clk (rise edge)
                          0.00    0.00   clock source latency
                  0.14    0.10    0.10 ^ clk (in)
     1    0.03                           clk (net)
                  0.14    0.00    0.10 ^ clkbuf_0_clk/A (sky130_fd_sc_hd__clkbuf_16)
                  0.08    0.20    0.30 ^ clkbuf_0_clk/X (sky130_fd_sc_hd__clkbuf_16)
     8    0.06                           clknet_0_clk (net)
                  0.08    0.00    0.30 ^ clkbuf_3_2__f_clk/A (sky130_fd_sc_hd__clkbuf_16)
                  0.04    0.14    0.44 ^ clkbuf_3_2__f_clk/X (sky130_fd_sc_hd__clkbuf_16)
     7    0.01                           clknet_3_2__leaf_clk (net)
                  0.04    0.00    0.44 ^ _396_/CLK (sky130_fd_sc_hd__dfrtp_1)
                          0.25    0.69   clock uncertainty
                         -0.03    0.66   clock reconvergence pessimism
                         -0.04    0.63   library hold time
                                  0.63   data required time
-----------------------------------------------------------------------------
                                  0.63   data required time
                                 -1.28   data arrival time
-----------------------------------------------------------------------------
                                  0.65   slack (MET)


Startpoint: _390_ (rising edge-triggered flip-flop clocked by clk)
Endpoint: _397_ (rising edge-triggered flip-flop clocked by clk)
Path Group: clk
Path Type: min

Fanout     Cap    Slew   Delay    Time   Description
-----------------------------------------------------------------------------
                          0.00    0.00   clock clk (rise edge)
                          0.00    0.00   clock source latency
                  0.14    0.09    0.09 ^ clk (in)
     1    0.03                           clk (net)
                  0.14    0.00    0.09 ^ clkbuf_0_clk/A (sky130_fd_sc_hd__clkbuf_16)
                  0.08    0.18    0.27 ^ clkbuf_0_clk/X (sky130_fd_sc_hd__clkbuf_16)
     8    0.06                           clknet_0_clk (net)
                  0.08    0.00    0.27 ^ clkbuf_3_7__f_clk/A (sky130_fd_sc_hd__clkbuf_16)
                  0.04    0.13    0.40 ^ clkbuf_3_7__f_clk/X (sky130_fd_sc_hd__clkbuf_16)
     9    0.02                           clknet_3_7__leaf_clk (net)
                  0.04    0.00    0.40 ^ _390_/CLK (sky130_fd_sc_hd__dfrtp_1)
                  0.10    0.34    0.75 ^ _390_/Q (sky130_fd_sc_hd__dfrtp_1)
     4    0.01                           state[0] (net)
                  0.10    0.00    0.75 ^ _249_/A (sky130_fd_sc_hd__or3b_2)
                  0.11    0.18    0.92 ^ _249_/X (sky130_fd_sc_hd__or3b_2)
     3    0.02                           _104_ (net)
                  0.11    0.00    0.92 ^ _250_/A (sky130_fd_sc_hd__buf_6)
                  0.08    0.14    1.07 ^ _250_/X (sky130_fd_sc_hd__buf_6)
    10    0.04                           _105_ (net)
                  0.08    0.00    1.07 ^ _265_/S (sky130_fd_sc_hd__mux2_1)
                  0.05    0.13    1.20 ^ _265_/X (sky130_fd_sc_hd__mux2_1)
     1    0.00                           _112_ (net)
                  0.05    0.00    1.20 ^ _266_/A (sky130_fd_sc_hd__clkbuf_1)
                  0.05    0.08    1.28 ^ _266_/X (sky130_fd_sc_hd__clkbuf_1)
     1    0.00                           _008_ (net)
                  0.05    0.00    1.28 ^ _397_/D (sky130_fd_sc_hd__dfrtp_1)
                                  1.28   data arrival time

                          0.00    0.00   clock clk (rise edge)
                          0.00    0.00   clock source latency
                  0.14    0.10    0.10 ^ clk (in)
     1    0.03                           clk (net)
                  0.14    0.00    0.10 ^ clkbuf_0_clk/A (sky130_fd_sc_hd__clkbuf_16)
                  0.08    0.20    0.30 ^ clkbuf_0_clk/X (sky130_fd_sc_hd__clkbuf_16)
     8    0.06                           clknet_0_clk (net)
                  0.08    0.00    0.30 ^ clkbuf_3_0__f_clk/A (sky130_fd_sc_hd__clkbuf_16)
                  0.04    0.14    0.44 ^ clkbuf_3_0__f_clk/X (sky130_fd_sc_hd__clkbuf_16)
     7    0.01                           clknet_3_0__leaf_clk (net)
                  0.04    0.00    0.44 ^ _397_/CLK (sky130_fd_sc_hd__dfrtp_1)
                          0.25    0.69   clock uncertainty
                         -0.03    0.66   clock reconvergence pessimism
                         -0.04    0.63   library hold time
                                  0.63   data required time
-----------------------------------------------------------------------------
                                  0.63   data required time
                                 -1.28   data arrival time
-----------------------------------------------------------------------------
                                  0.65   slack (MET)


Startpoint: _390_ (rising edge-triggered flip-flop clocked by clk)
Endpoint: _443_ (rising edge-triggered flip-flop clocked by clk)
Path Group: clk
Path Type: min

Fanout     Cap    Slew   Delay    Time   Description
-----------------------------------------------------------------------------
                          0.00    0.00   clock clk (rise edge)
                          0.00    0.00   clock source latency
                  0.14    0.09    0.09 ^ clk (in)
     1    0.03                           clk (net)
                  0.14    0.00    0.09 ^ clkbuf_0_clk/A (sky130_fd_sc_hd__clkbuf_16)
                  0.08    0.18    0.27 ^ clkbuf_0_clk/X (sky130_fd_sc_hd__clkbuf_16)
     8    0.06                           clknet_0_clk (net)
                  0.08    0.00    0.27 ^ clkbuf_3_7__f_clk/A (sky130_fd_sc_hd__clkbuf_16)
                  0.04    0.13    0.40 ^ clkbuf_3_7__f_clk/X (sky130_fd_sc_hd__clkbuf_16)
     9    0.02                           clknet_3_7__leaf_clk (net)
                  0.04    0.00    0.40 ^ _390_/CLK (sky130_fd_sc_hd__dfrtp_1)
                  0.10    0.34    0.75 ^ _390_/Q (sky130_fd_sc_hd__dfrtp_1)
     4    0.01                           state[0] (net)
                  0.10    0.00    0.75 ^ _249_/A (sky130_fd_sc_hd__or3b_2)
                  0.11    0.18    0.92 ^ _249_/X (sky130_fd_sc_hd__or3b_2)
     3    0.02                           _104_ (net)
                  0.11    0.00    0.92 ^ _356_/A (sky130_fd_sc_hd__clkbuf_8)
                  0.08    0.17    1.09 ^ _356_/X (sky130_fd_sc_hd__clkbuf_8)
    10    0.04                           _160_ (net)
                  0.08    0.00    1.09 ^ _363_/S (sky130_fd_sc_hd__mux2_1)
                  0.04    0.13    1.22 ^ _363_/X (sky130_fd_sc_hd__mux2_1)
     1    0.00                           _164_ (net)
                  0.04    0.00    1.22 ^ _364_/A (sky130_fd_sc_hd__clkbuf_1)
                  0.04    0.07    1.29 ^ _364_/X (sky130_fd_sc_hd__clkbuf_1)
     1    0.00                           _054_ (net)
                  0.04    0.00    1.29 ^ _443_/D (sky130_fd_sc_hd__dfrtp_1)
                                  1.29   data arrival time

                          0.00    0.00   clock clk (rise edge)
                          0.00    0.00   clock source latency
                  0.14    0.10    0.10 ^ clk (in)
     1    0.03                           clk (net)
                  0.14    0.00    0.10 ^ clkbuf_0_clk/A (sky130_fd_sc_hd__clkbuf_16)
                  0.08    0.20    0.30 ^ clkbuf_0_clk/X (sky130_fd_sc_hd__clkbuf_16)
     8    0.06                           clknet_0_clk (net)
                  0.08    0.00    0.30 ^ clkbuf_3_3__f_clk/A (sky130_fd_sc_hd__clkbuf_16)
                  0.03    0.14    0.44 ^ clkbuf_3_3__f_clk/X (sky130_fd_sc_hd__clkbuf_16)
     5    0.01                           clknet_3_3__leaf_clk (net)
                  0.03    0.00    0.44 ^ _443_/CLK (sky130_fd_sc_hd__dfrtp_1)
                          0.25    0.69   clock uncertainty
                         -0.03    0.66   clock reconvergence pessimism
                         -0.04    0.62   library hold time
                                  0.62   data required time
-----------------------------------------------------------------------------
                                  0.62   data required time
                                 -1.29   data arrival time
-----------------------------------------------------------------------------
                                  0.67   slack (MET)


Startpoint: _390_ (rising edge-triggered flip-flop clocked by clk)
Endpoint: _448_ (rising edge-triggered flip-flop clocked by clk)
Path Group: clk
Path Type: min

Fanout     Cap    Slew   Delay    Time   Description
-----------------------------------------------------------------------------
                          0.00    0.00   clock clk (rise edge)
                          0.00    0.00   clock source latency
                  0.14    0.09    0.09 ^ clk (in)
     1    0.03                           clk (net)
                  0.14    0.00    0.09 ^ clkbuf_0_clk/A (sky130_fd_sc_hd__clkbuf_16)
                  0.08    0.18    0.27 ^ clkbuf_0_clk/X (sky130_fd_sc_hd__clkbuf_16)
     8    0.06                           clknet_0_clk (net)
                  0.08    0.00    0.27 ^ clkbuf_3_7__f_clk/A (sky130_fd_sc_hd__clkbuf_16)
                  0.04    0.13    0.40 ^ clkbuf_3_7__f_clk/X (sky130_fd_sc_hd__clkbuf_16)
     9    0.02                           clknet_3_7__leaf_clk (net)
                  0.04    0.00    0.40 ^ _390_/CLK (sky130_fd_sc_hd__dfrtp_1)
                  0.10    0.34    0.75 ^ _390_/Q (sky130_fd_sc_hd__dfrtp_1)
     4    0.01                           state[0] (net)
                  0.10    0.00    0.75 ^ _249_/A (sky130_fd_sc_hd__or3b_2)
                  0.11    0.18    0.92 ^ _249_/X (sky130_fd_sc_hd__or3b_2)
     3    0.02                           _104_ (net)
                  0.11    0.00    0.92 ^ _356_/A (sky130_fd_sc_hd__clkbuf_8)
                  0.08    0.17    1.09 ^ _356_/X (sky130_fd_sc_hd__clkbuf_8)
    10    0.04                           _160_ (net)
                  0.08    0.00    1.09 ^ _373_/S (sky130_fd_sc_hd__mux2_1)
                  0.05    0.13    1.22 ^ _373_/X (sky130_fd_sc_hd__mux2_1)
     1    0.00                           _169_ (net)
                  0.05    0.00    1.22 ^ _374_/A (sky130_fd_sc_hd__clkbuf_1)
                  0.05    0.08    1.31 ^ _374_/X (sky130_fd_sc_hd__clkbuf_1)
     1    0.00                           _059_ (net)
                  0.05    0.00    1.31 ^ _448_/D (sky130_fd_sc_hd__dfrtp_1)
                                  1.31   data arrival time

                          0.00    0.00   clock clk (rise edge)
                          0.00    0.00   clock source latency
                  0.14    0.10    0.10 ^ clk (in)
     1    0.03                           clk (net)
                  0.14    0.00    0.10 ^ clkbuf_0_clk/A (sky130_fd_sc_hd__clkbuf_16)
                  0.08    0.20    0.30 ^ clkbuf_0_clk/X (sky130_fd_sc_hd__clkbuf_16)
     8    0.06                           clknet_0_clk (net)
                  0.08    0.00    0.30 ^ clkbuf_3_0__f_clk/A (sky130_fd_sc_hd__clkbuf_16)
                  0.04    0.14    0.44 ^ clkbuf_3_0__f_clk/X (sky130_fd_sc_hd__clkbuf_16)
     7    0.01                           clknet_3_0__leaf_clk (net)
                  0.04    0.00    0.44 ^ _448_/CLK (sky130_fd_sc_hd__dfrtp_1)
                          0.25    0.69   clock uncertainty
                         -0.03    0.66   clock reconvergence pessimism
                         -0.04    0.63   library hold time
                                  0.63   data required time
-----------------------------------------------------------------------------
                                  0.63   data required time
                                 -1.31   data arrival time
-----------------------------------------------------------------------------
                                  0.68   slack (MET)


Startpoint: _390_ (rising edge-triggered flip-flop clocked by clk)
Endpoint: _412_ (rising edge-triggered flip-flop clocked by clk)
Path Group: clk
Path Type: min

Fanout     Cap    Slew   Delay    Time   Description
-----------------------------------------------------------------------------
                          0.00    0.00   clock clk (rise edge)
                          0.00    0.00   clock source latency
                  0.14    0.09    0.09 ^ clk (in)
     1    0.03                           clk (net)
                  0.14    0.00    0.09 ^ clkbuf_0_clk/A (sky130_fd_sc_hd__clkbuf_16)
                  0.08    0.18    0.27 ^ clkbuf_0_clk/X (sky130_fd_sc_hd__clkbuf_16)
     8    0.06                           clknet_0_clk (net)
                  0.08    0.00    0.27 ^ clkbuf_3_7__f_clk/A (sky130_fd_sc_hd__clkbuf_16)
                  0.04    0.13    0.40 ^ clkbuf_3_7__f_clk/X (sky130_fd_sc_hd__clkbuf_16)
     9    0.02                           clknet_3_7__leaf_clk (net)
                  0.04    0.00    0.40 ^ _390_/CLK (sky130_fd_sc_hd__dfrtp_1)
                  0.10    0.34    0.75 ^ _390_/Q (sky130_fd_sc_hd__dfrtp_1)
     4    0.01                           state[0] (net)
                  0.10    0.00    0.75 ^ _249_/A (sky130_fd_sc_hd__or3b_2)
                  0.11    0.18    0.92 ^ _249_/X (sky130_fd_sc_hd__or3b_2)
     3    0.02                           _104_ (net)
                  0.11    0.00    0.92 ^ _271_/A (sky130_fd_sc_hd__buf_8)
                  0.07    0.13    1.05 ^ _271_/X (sky130_fd_sc_hd__buf_8)
    10    0.04                           _115_ (net)
                  0.07    0.00    1.05 ^ _293_/A (sky130_fd_sc_hd__clkbuf_8)
                  0.08    0.15    1.21 ^ _293_/X (sky130_fd_sc_hd__clkbuf_8)
    10    0.04                           _127_ (net)
                  0.08    0.00    1.21 ^ _298_/S (sky130_fd_sc_hd__mux2_1)
                  0.04    0.12    1.33 ^ _298_/X (sky130_fd_sc_hd__mux2_1)
     1    0.00                           _130_ (net)
                  0.04    0.00    1.33 ^ _299_/A (sky130_fd_sc_hd__clkbuf_1)
                  0.04    0.07    1.40 ^ _299_/X (sky130_fd_sc_hd__clkbuf_1)
     1    0.00                           _023_ (net)
                  0.04    0.00    1.40 ^ _412_/D (sky130_fd_sc_hd__dfrtp_1)
                                  1.40   data arrival time

                          0.00    0.00   clock clk (rise edge)
                          0.00    0.00   clock source latency
                  0.14    0.10    0.10 ^ clk (in)
     1    0.03                           clk (net)
                  0.14    0.00    0.10 ^ clkbuf_0_clk/A (sky130_fd_sc_hd__clkbuf_16)
                  0.08    0.20    0.30 ^ clkbuf_0_clk/X (sky130_fd_sc_hd__clkbuf_16)
     8    0.06                           clknet_0_clk (net)
                  0.08    0.00    0.30 ^ clkbuf_3_6__f_clk/A (sky130_fd_sc_hd__clkbuf_16)
                  0.05    0.16    0.46 ^ clkbuf_3_6__f_clk/X (sky130_fd_sc_hd__clkbuf_16)
     7    0.03                           clknet_3_6__leaf_clk (net)
                  0.05    0.00    0.46 ^ _412_/CLK (sky130_fd_sc_hd__dfrtp_1)
                          0.25    0.71   clock uncertainty
                         -0.03    0.68   clock reconvergence pessimism
                         -0.03    0.65   library hold time
                                  0.65   data required time
-----------------------------------------------------------------------------
                                  0.65   data required time
                                 -1.40   data arrival time
-----------------------------------------------------------------------------
                                  0.75   slack (MET)


Startpoint: _422_ (rising edge-triggered flip-flop clocked by clk)
Endpoint: _422_ (rising edge-triggered flip-flop clocked by clk)
Path Group: clk
Path Type: min

Fanout     Cap    Slew   Delay    Time   Description
-----------------------------------------------------------------------------
                          0.00    0.00   clock clk (rise edge)
                          0.00    0.00   clock source latency
                  0.14    0.09    0.09 ^ clk (in)
     1    0.03                           clk (net)
                  0.14    0.00    0.09 ^ clkbuf_0_clk/A (sky130_fd_sc_hd__clkbuf_16)
                  0.08    0.18    0.27 ^ clkbuf_0_clk/X (sky130_fd_sc_hd__clkbuf_16)
     8    0.06                           clknet_0_clk (net)
                  0.08    0.00    0.27 ^ clkbuf_3_7__f_clk/A (sky130_fd_sc_hd__clkbuf_16)
                  0.04    0.13    0.40 ^ clkbuf_3_7__f_clk/X (sky130_fd_sc_hd__clkbuf_16)
     9    0.02                           clknet_3_7__leaf_clk (net)
                  0.04    0.00    0.40 ^ _422_/CLK (sky130_fd_sc_hd__dfrtp_1)
                  0.06    0.31    0.72 ^ _422_/Q (sky130_fd_sc_hd__dfrtp_1)
     2    0.00                           net157 (net)
                  0.06    0.00    0.72 ^ hold2/A (sky130_fd_sc_hd__dlygate4sd3_1)
                  0.05    0.51    1.22 ^ hold2/X (sky130_fd_sc_hd__dlygate4sd3_1)
     1    0.00                           net212 (net)
                  0.05    0.00    1.22 ^ _319_/A1 (sky130_fd_sc_hd__mux2_1)
                  0.04    0.11    1.33 ^ _319_/X (sky130_fd_sc_hd__mux2_1)
     1    0.00                           _141_ (net)
                  0.04    0.00    1.33 ^ _320_/A (sky130_fd_sc_hd__clkbuf_1)
                  0.04    0.07    1.41 ^ _320_/X (sky130_fd_sc_hd__clkbuf_1)
     1    0.00                           _033_ (net)
                  0.04    0.00    1.41 ^ _422_/D (sky130_fd_sc_hd__dfrtp_1)
                                  1.41   data arrival time

                          0.00    0.00   clock clk (rise edge)
                          0.00    0.00   clock source latency
                  0.14    0.10    0.10 ^ clk (in)
     1    0.03                           clk (net)
                  0.14    0.00    0.10 ^ clkbuf_0_clk/A (sky130_fd_sc_hd__clkbuf_16)
                  0.08    0.20    0.30 ^ clkbuf_0_clk/X (sky130_fd_sc_hd__clkbuf_16)
     8    0.06                           clknet_0_clk (net)
                  0.08    0.00    0.30 ^ clkbuf_3_7__f_clk/A (sky130_fd_sc_hd__clkbuf_16)
                  0.04    0.14    0.45 ^ clkbuf_3_7__f_clk/X (sky130_fd_sc_hd__clkbuf_16)
     9    0.02                           clknet_3_7__leaf_clk (net)
                  0.04    0.00    0.45 ^ _422_/CLK (sky130_fd_sc_hd__dfrtp_1)
                          0.25    0.70   clock uncertainty
                         -0.04    0.65   clock reconvergence pessimism
                         -0.03    0.62   library hold time
                                  0.62   data required time
-----------------------------------------------------------------------------
                                  0.62   data required time
                                 -1.41   data arrival time
-----------------------------------------------------------------------------
                                  0.79   slack (MET)


Startpoint: _391_ (rising edge-triggered flip-flop clocked by clk)
Endpoint: _402_ (rising edge-triggered flip-flop clocked by clk)
Path Group: clk
Path Type: min

Fanout     Cap    Slew   Delay    Time   Description
-----------------------------------------------------------------------------
                          0.00    0.00   clock clk (rise edge)
                          0.00    0.00   clock source latency
                  0.14    0.09    0.09 ^ clk (in)
     1    0.03                           clk (net)
                  0.14    0.00    0.09 ^ clkbuf_0_clk/A (sky130_fd_sc_hd__clkbuf_16)
                  0.08    0.18    0.27 ^ clkbuf_0_clk/X (sky130_fd_sc_hd__clkbuf_16)
     8    0.06                           clknet_0_clk (net)
                  0.08    0.00    0.27 ^ clkbuf_3_5__f_clk/A (sky130_fd_sc_hd__clkbuf_16)
                  0.04    0.13    0.41 ^ clkbuf_3_5__f_clk/X (sky130_fd_sc_hd__clkbuf_16)
    10    0.02                           clknet_3_5__leaf_clk (net)
                  0.04    0.00    0.41 ^ _391_/CLK (sky130_fd_sc_hd__dfrtp_1)
                  0.10    0.34    0.75 ^ _391_/Q (sky130_fd_sc_hd__dfrtp_1)
     4    0.01                           state[1] (net)
                  0.10    0.00    0.75 ^ _249_/B (sky130_fd_sc_hd__or3b_2)
                  0.11    0.17    0.92 ^ _249_/X (sky130_fd_sc_hd__or3b_2)
     3    0.02                           _104_ (net)
                  0.11    0.00    0.92 ^ _271_/A (sky130_fd_sc_hd__buf_8)
                  0.07    0.13    1.06 ^ _271_/X (sky130_fd_sc_hd__buf_8)
    10    0.04                           _115_ (net)
                  0.07    0.00    1.06 ^ _272_/A (sky130_fd_sc_hd__buf_4)
                  0.11    0.16    1.21 ^ _272_/X (sky130_fd_sc_hd__buf_4)
    10    0.04                           _116_ (net)
                  0.11    0.00    1.21 ^ _277_/S (sky130_fd_sc_hd__mux2_1)
                  0.04    0.14    1.35 ^ _277_/X (sky130_fd_sc_hd__mux2_1)
     1    0.00                           _119_ (net)
                  0.04    0.00    1.35 ^ _278_/A (sky130_fd_sc_hd__clkbuf_1)
                  0.04    0.07    1.43 ^ _278_/X (sky130_fd_sc_hd__clkbuf_1)
     1    0.00                           _013_ (net)
                  0.04    0.00    1.43 ^ _402_/D (sky130_fd_sc_hd__dfrtp_1)
                                  1.43   data arrival time

                          0.00    0.00   clock clk (rise edge)
                          0.00    0.00   clock source latency
                  0.14    0.10    0.10 ^ clk (in)
     1    0.03                           clk (net)
                  0.14    0.00    0.10 ^ clkbuf_0_clk/A (sky130_fd_sc_hd__clkbuf_16)
                  0.08    0.20    0.30 ^ clkbuf_0_clk/X (sky130_fd_sc_hd__clkbuf_16)
     8    0.06                           clknet_0_clk (net)
                  0.08    0.00    0.30 ^ clkbuf_3_7__f_clk/A (sky130_fd_sc_hd__clkbuf_16)
                  0.04    0.14    0.45 ^ clkbuf_3_7__f_clk/X (sky130_fd_sc_hd__clkbuf_16)
     9    0.02                           clknet_3_7__leaf_clk (net)
                  0.04    0.00    0.45 ^ _402_/CLK (sky130_fd_sc_hd__dfrtp_1)
                          0.25    0.70   clock uncertainty
                         -0.03    0.67   clock reconvergence pessimism
                         -0.03    0.63   library hold time
                                  0.63   data required time
-----------------------------------------------------------------------------
                                  0.63   data required time
                                 -1.43   data arrival time
-----------------------------------------------------------------------------
                                  0.80   slack (MET)


Startpoint: _429_ (rising edge-triggered flip-flop clocked by clk)
Endpoint: _429_ (rising edge-triggered flip-flop clocked by clk)
Path Group: clk
Path Type: min

Fanout     Cap    Slew   Delay    Time   Description
-----------------------------------------------------------------------------
                          0.00    0.00   clock clk (rise edge)
                          0.00    0.00   clock source latency
                  0.14    0.09    0.09 ^ clk (in)
     1    0.03                           clk (net)
                  0.14    0.00    0.09 ^ clkbuf_0_clk/A (sky130_fd_sc_hd__clkbuf_16)
                  0.08    0.18    0.27 ^ clkbuf_0_clk/X (sky130_fd_sc_hd__clkbuf_16)
     8    0.06                           clknet_0_clk (net)
                  0.08    0.00    0.27 ^ clkbuf_3_6__f_clk/A (sky130_fd_sc_hd__clkbuf_16)
                  0.05    0.14    0.41 ^ clkbuf_3_6__f_clk/X (sky130_fd_sc_hd__clkbuf_16)
     7    0.03                           clknet_3_6__leaf_clk (net)
                  0.05    0.00    0.42 ^ _429_/CLK (sky130_fd_sc_hd__dfrtp_1)
                  0.06    0.32    0.73 ^ _429_/Q (sky130_fd_sc_hd__dfrtp_1)
     2    0.01                           net197 (net)
                  0.06    0.00    0.73 ^ hold1/A (sky130_fd_sc_hd__dlygate4sd3_1)
                  0.05    0.51    1.25 ^ hold1/X (sky130_fd_sc_hd__dlygate4sd3_1)
     1    0.00                           net211 (net)
                  0.05    0.00    1.25 ^ _333_/A1 (sky130_fd_sc_hd__mux2_1)
                  0.04    0.11    1.36 ^ _333_/X (sky130_fd_sc_hd__mux2_1)
     1    0.00                           _148_ (net)
                  0.04    0.00    1.36 ^ _334_/A (sky130_fd_sc_hd__clkbuf_1)
                  0.04    0.07    1.43 ^ _334_/X (sky130_fd_sc_hd__clkbuf_1)
     1    0.00                           _040_ (net)
                  0.04    0.00    1.43 ^ _429_/D (sky130_fd_sc_hd__dfrtp_1)
                                  1.43   data arrival time

                          0.00    0.00   clock clk (rise edge)
                          0.00    0.00   clock source latency
                  0.14    0.10    0.10 ^ clk (in)
     1    0.03                           clk (net)
                  0.14    0.00    0.10 ^ clkbuf_0_clk/A (sky130_fd_sc_hd__clkbuf_16)
                  0.08    0.20    0.30 ^ clkbuf_0_clk/X (sky130_fd_sc_hd__clkbuf_16)
     8    0.06                           clknet_0_clk (net)
                  0.08    0.00    0.30 ^ clkbuf_3_6__f_clk/A (sky130_fd_sc_hd__clkbuf_16)
                  0.05    0.16    0.46 ^ clkbuf_3_6__f_clk/X (sky130_fd_sc_hd__clkbuf_16)
     7    0.03                           clknet_3_6__leaf_clk (net)
                  0.05    0.00    0.46 ^ _429_/CLK (sky130_fd_sc_hd__dfrtp_1)
                          0.25    0.71   clock uncertainty
                         -0.04    0.67   clock reconvergence pessimism
                         -0.03    0.63   library hold time
                                  0.63   data required time
-----------------------------------------------------------------------------
                                  0.63   data required time
                                 -1.43   data arrival time
-----------------------------------------------------------------------------
                                  0.80   slack (MET)


Startpoint: _428_ (rising edge-triggered flip-flop clocked by clk)
Endpoint: _428_ (rising edge-triggered flip-flop clocked by clk)
Path Group: clk
Path Type: min

Fanout     Cap    Slew   Delay    Time   Description
-----------------------------------------------------------------------------
                          0.00    0.00   clock clk (rise edge)
                          0.00    0.00   clock source latency
                  0.14    0.09    0.09 ^ clk (in)
     1    0.03                           clk (net)
                  0.14    0.00    0.09 ^ clkbuf_0_clk/A (sky130_fd_sc_hd__clkbuf_16)
                  0.08    0.18    0.27 ^ clkbuf_0_clk/X (sky130_fd_sc_hd__clkbuf_16)
     8    0.06                           clknet_0_clk (net)
                  0.08    0.00    0.27 ^ clkbuf_3_6__f_clk/A (sky130_fd_sc_hd__clkbuf_16)
                  0.05    0.14    0.41 ^ clkbuf_3_6__f_clk/X (sky130_fd_sc_hd__clkbuf_16)
     7    0.03                           clknet_3_6__leaf_clk (net)
                  0.05    0.00    0.42 ^ _428_/CLK (sky130_fd_sc_hd__dfrtp_1)
                  0.08    0.33    0.75 ^ _428_/Q (sky130_fd_sc_hd__dfrtp_1)
     2    0.01                           net196 (net)
                  0.08    0.00    0.75 ^ hold11/A (sky130_fd_sc_hd__dlygate4sd3_1)
                  0.05    0.52    1.26 ^ hold11/X (sky130_fd_sc_hd__dlygate4sd3_1)
     1    0.00                           net221 (net)
                  0.05    0.00    1.26 ^ _331_/A1 (sky130_fd_sc_hd__mux2_1)
                  0.05    0.12    1.38 ^ _331_/X (sky130_fd_sc_hd__mux2_1)
     1    0.00                           _147_ (net)
                  0.05    0.00    1.38 ^ _332_/A (sky130_fd_sc_hd__clkbuf_1)
                  0.04    0.07    1.46 ^ _332_/X (sky130_fd_sc_hd__clkbuf_1)
     1    0.00                           _039_ (net)
                  0.04    0.00    1.46 ^ _428_/D (sky130_fd_sc_hd__dfrtp_1)
                                  1.46   data arrival time

                          0.00    0.00   clock clk (rise edge)
                          0.00    0.00   clock source latency
                  0.14    0.10    0.10 ^ clk (in)
     1    0.03                           clk (net)
                  0.14    0.00    0.10 ^ clkbuf_0_clk/A (sky130_fd_sc_hd__clkbuf_16)
                  0.08    0.20    0.30 ^ clkbuf_0_clk/X (sky130_fd_sc_hd__clkbuf_16)
     8    0.06                           clknet_0_clk (net)
                  0.08    0.00    0.30 ^ clkbuf_3_6__f_clk/A (sky130_fd_sc_hd__clkbuf_16)
                  0.05    0.16    0.46 ^ clkbuf_3_6__f_clk/X (sky130_fd_sc_hd__clkbuf_16)
     7    0.03                           clknet_3_6__leaf_clk (net)
                  0.05    0.00    0.46 ^ _428_/CLK (sky130_fd_sc_hd__dfrtp_1)
                          0.25    0.71   clock uncertainty
                         -0.04    0.67   clock reconvergence pessimism
                         -0.03    0.63   library hold time
                                  0.63   data required time
-----------------------------------------------------------------------------
                                  0.63   data required time
                                 -1.46   data arrival time
-----------------------------------------------------------------------------
                                  0.82   slack (MET)


Startpoint: rstn (input port clocked by clk)
Endpoint: _417_ (removal check against rising-edge clock clk)
Path Group: asynchronous
Path Type: min

Fanout     Cap    Slew   Delay    Time   Description
-----------------------------------------------------------------------------
                          0.00    0.00   clock clk (rise edge)
                          0.00    0.00   clock network delay (propagated)
                          2.00    2.00 ^ input external delay
                  0.04    0.02    2.02 ^ rstn (in)
     1    0.01                           rstn (net)
                  0.04    0.00    2.02 ^ input100/A (sky130_fd_sc_hd__clkbuf_2)
                  0.04    0.09    2.11 ^ input100/X (sky130_fd_sc_hd__clkbuf_2)
     2    0.00                           net100 (net)
                  0.04    0.00    2.11 ^ fanout205/A (sky130_fd_sc_hd__buf_4)
                  0.11    0.15    2.26 ^ fanout205/X (sky130_fd_sc_hd__buf_4)
    10    0.04                           net205 (net)
                  0.11    0.00    2.26 ^ _417_/RESET_B (sky130_fd_sc_hd__dfrtp_1)
                                  2.26   data arrival time

                          0.00    0.00   clock clk (rise edge)
                          0.00    0.00   clock source latency
                  0.14    0.10    0.10 ^ clk (in)
     1    0.03                           clk (net)
                  0.14    0.00    0.10 ^ clkbuf_0_clk/A (sky130_fd_sc_hd__clkbuf_16)
                  0.08    0.20    0.30 ^ clkbuf_0_clk/X (sky130_fd_sc_hd__clkbuf_16)
     8    0.06                           clknet_0_clk (net)
                  0.08    0.00    0.30 ^ clkbuf_3_1__f_clk/A (sky130_fd_sc_hd__clkbuf_16)
                  0.05    0.15    0.46 ^ clkbuf_3_1__f_clk/X (sky130_fd_sc_hd__clkbuf_16)
     9    0.03                           clknet_3_1__leaf_clk (net)
                  0.05    0.00    0.46 ^ _417_/CLK (sky130_fd_sc_hd__dfrtp_1)
                          0.25    0.71   clock uncertainty
                          0.00    0.71   clock reconvergence pessimism
                          0.34    1.05   library removal time
                                  1.05   data required time
-----------------------------------------------------------------------------
                                  1.05   data required time
                                 -2.26   data arrival time
-----------------------------------------------------------------------------
                                  1.22   slack (MET)


Startpoint: rstn (input port clocked by clk)
Endpoint: _415_ (removal check against rising-edge clock clk)
Path Group: asynchronous
Path Type: min

Fanout     Cap    Slew   Delay    Time   Description
-----------------------------------------------------------------------------
                          0.00    0.00   clock clk (rise edge)
                          0.00    0.00   clock network delay (propagated)
                          2.00    2.00 ^ input external delay
                  0.04    0.02    2.02 ^ rstn (in)
     1    0.01                           rstn (net)
                  0.04    0.00    2.02 ^ input100/A (sky130_fd_sc_hd__clkbuf_2)
                  0.04    0.09    2.11 ^ input100/X (sky130_fd_sc_hd__clkbuf_2)
     2    0.00                           net100 (net)
                  0.04    0.00    2.11 ^ fanout205/A (sky130_fd_sc_hd__buf_4)
                  0.11    0.15    2.26 ^ fanout205/X (sky130_fd_sc_hd__buf_4)
    10    0.04                           net205 (net)
                  0.11    0.00    2.26 ^ _415_/RESET_B (sky130_fd_sc_hd__dfrtp_4)
                                  2.26   data arrival time

                          0.00    0.00   clock clk (rise edge)
                          0.00    0.00   clock source latency
                  0.14    0.10    0.10 ^ clk (in)
     1    0.03                           clk (net)
                  0.14    0.00    0.10 ^ clkbuf_0_clk/A (sky130_fd_sc_hd__clkbuf_16)
                  0.08    0.20    0.30 ^ clkbuf_0_clk/X (sky130_fd_sc_hd__clkbuf_16)
     8    0.06                           clknet_0_clk (net)
                  0.08    0.00    0.30 ^ clkbuf_3_1__f_clk/A (sky130_fd_sc_hd__clkbuf_16)
                  0.05    0.15    0.46 ^ clkbuf_3_1__f_clk/X (sky130_fd_sc_hd__clkbuf_16)
     9    0.03                           clknet_3_1__leaf_clk (net)
                  0.05    0.00    0.46 ^ _415_/CLK (sky130_fd_sc_hd__dfrtp_4)
                          0.25    0.71   clock uncertainty
                          0.00    0.71   clock reconvergence pessimism
                          0.34    1.05   library removal time
                                  1.05   data required time
-----------------------------------------------------------------------------
                                  1.05   data required time
                                 -2.26   data arrival time
-----------------------------------------------------------------------------
                                  1.22   slack (MET)


Startpoint: rstn (input port clocked by clk)
Endpoint: _397_ (removal check against rising-edge clock clk)
Path Group: asynchronous
Path Type: min

Fanout     Cap    Slew   Delay    Time   Description
-----------------------------------------------------------------------------
                          0.00    0.00   clock clk (rise edge)
                          0.00    0.00   clock network delay (propagated)
                          2.00    2.00 ^ input external delay
                  0.04    0.02    2.02 ^ rstn (in)
     1    0.01                           rstn (net)
                  0.04    0.00    2.02 ^ input100/A (sky130_fd_sc_hd__clkbuf_2)
                  0.04    0.09    2.11 ^ input100/X (sky130_fd_sc_hd__clkbuf_2)
     2    0.00                           net100 (net)
                  0.04    0.00    2.11 ^ fanout205/A (sky130_fd_sc_hd__buf_4)
                  0.11    0.15    2.26 ^ fanout205/X (sky130_fd_sc_hd__buf_4)
    10    0.04                           net205 (net)
                  0.11    0.00    2.26 ^ _397_/RESET_B (sky130_fd_sc_hd__dfrtp_1)
                                  2.26   data arrival time

                          0.00    0.00   clock clk (rise edge)
                          0.00    0.00   clock source latency
                  0.14    0.10    0.10 ^ clk (in)
     1    0.03                           clk (net)
                  0.14    0.00    0.10 ^ clkbuf_0_clk/A (sky130_fd_sc_hd__clkbuf_16)
                  0.08    0.20    0.30 ^ clkbuf_0_clk/X (sky130_fd_sc_hd__clkbuf_16)
     8    0.06                           clknet_0_clk (net)
                  0.08    0.00    0.30 ^ clkbuf_3_0__f_clk/A (sky130_fd_sc_hd__clkbuf_16)
                  0.04    0.14    0.44 ^ clkbuf_3_0__f_clk/X (sky130_fd_sc_hd__clkbuf_16)
     7    0.01                           clknet_3_0__leaf_clk (net)
                  0.04    0.00    0.44 ^ _397_/CLK (sky130_fd_sc_hd__dfrtp_1)
                          0.25    0.69   clock uncertainty
                          0.00    0.69   clock reconvergence pessimism
                          0.34    1.03   library removal time
                                  1.03   data required time
-----------------------------------------------------------------------------
                                  1.03   data required time
                                 -2.26   data arrival time
-----------------------------------------------------------------------------
                                  1.23   slack (MET)


Startpoint: rstn (input port clocked by clk)
Endpoint: _445_ (removal check against rising-edge clock clk)
Path Group: asynchronous
Path Type: min

Fanout     Cap    Slew   Delay    Time   Description
-----------------------------------------------------------------------------
                          0.00    0.00   clock clk (rise edge)
                          0.00    0.00   clock network delay (propagated)
                          2.00    2.00 ^ input external delay
                  0.04    0.02    2.02 ^ rstn (in)
     1    0.01                           rstn (net)
                  0.04    0.00    2.02 ^ input100/A (sky130_fd_sc_hd__clkbuf_2)
                  0.04    0.09    2.11 ^ input100/X (sky130_fd_sc_hd__clkbuf_2)
     2    0.00                           net100 (net)
                  0.04    0.00    2.11 ^ fanout205/A (sky130_fd_sc_hd__buf_4)
                  0.11    0.15    2.26 ^ fanout205/X (sky130_fd_sc_hd__buf_4)
    10    0.04                           net205 (net)
                  0.11    0.00    2.26 ^ _445_/RESET_B (sky130_fd_sc_hd__dfrtp_1)
                                  2.26   data arrival time

                          0.00    0.00   clock clk (rise edge)
                          0.00    0.00   clock source latency
                  0.14    0.10    0.10 ^ clk (in)
     1    0.03                           clk (net)
                  0.14    0.00    0.10 ^ clkbuf_0_clk/A (sky130_fd_sc_hd__clkbuf_16)
                  0.08    0.20    0.30 ^ clkbuf_0_clk/X (sky130_fd_sc_hd__clkbuf_16)
     8    0.06                           clknet_0_clk (net)
                  0.08    0.00    0.30 ^ clkbuf_3_0__f_clk/A (sky130_fd_sc_hd__clkbuf_16)
                  0.04    0.14    0.44 ^ clkbuf_3_0__f_clk/X (sky130_fd_sc_hd__clkbuf_16)
     7    0.01                           clknet_3_0__leaf_clk (net)
                  0.04    0.00    0.44 ^ _445_/CLK (sky130_fd_sc_hd__dfrtp_1)
                          0.25    0.69   clock uncertainty
                          0.00    0.69   clock reconvergence pessimism
                          0.34    1.03   library removal time
                                  1.03   data required time
-----------------------------------------------------------------------------
                                  1.03   data required time
                                 -2.26   data arrival time
-----------------------------------------------------------------------------
                                  1.23   slack (MET)


Startpoint: rstn (input port clocked by clk)
Endpoint: _448_ (removal check against rising-edge clock clk)
Path Group: asynchronous
Path Type: min

Fanout     Cap    Slew   Delay    Time   Description
-----------------------------------------------------------------------------
                          0.00    0.00   clock clk (rise edge)
                          0.00    0.00   clock network delay (propagated)
                          2.00    2.00 ^ input external delay
                  0.04    0.02    2.02 ^ rstn (in)
     1    0.01                           rstn (net)
                  0.04    0.00    2.02 ^ input100/A (sky130_fd_sc_hd__clkbuf_2)
                  0.04    0.09    2.11 ^ input100/X (sky130_fd_sc_hd__clkbuf_2)
     2    0.00                           net100 (net)
                  0.04    0.00    2.11 ^ fanout205/A (sky130_fd_sc_hd__buf_4)
                  0.11    0.15    2.26 ^ fanout205/X (sky130_fd_sc_hd__buf_4)
    10    0.04                           net205 (net)
                  0.11    0.00    2.26 ^ _448_/RESET_B (sky130_fd_sc_hd__dfrtp_1)
                                  2.26   data arrival time

                          0.00    0.00   clock clk (rise edge)
                          0.00    0.00   clock source latency
                  0.14    0.10    0.10 ^ clk (in)
     1    0.03                           clk (net)
                  0.14    0.00    0.10 ^ clkbuf_0_clk/A (sky130_fd_sc_hd__clkbuf_16)
                  0.08    0.20    0.30 ^ clkbuf_0_clk/X (sky130_fd_sc_hd__clkbuf_16)
     8    0.06                           clknet_0_clk (net)
                  0.08    0.00    0.30 ^ clkbuf_3_0__f_clk/A (sky130_fd_sc_hd__clkbuf_16)
                  0.04    0.14    0.44 ^ clkbuf_3_0__f_clk/X (sky130_fd_sc_hd__clkbuf_16)
     7    0.01                           clknet_3_0__leaf_clk (net)
                  0.04    0.00    0.44 ^ _448_/CLK (sky130_fd_sc_hd__dfrtp_1)
                          0.25    0.69   clock uncertainty
                          0.00    0.69   clock reconvergence pessimism
                          0.34    1.03   library removal time
                                  1.03   data required time
-----------------------------------------------------------------------------
                                  1.03   data required time
                                 -2.26   data arrival time
-----------------------------------------------------------------------------
                                  1.23   slack (MET)


Startpoint: rstn (input port clocked by clk)
Endpoint: _453_ (removal check against rising-edge clock clk)
Path Group: asynchronous
Path Type: min

Fanout     Cap    Slew   Delay    Time   Description
-----------------------------------------------------------------------------
                          0.00    0.00   clock clk (rise edge)
                          0.00    0.00   clock network delay (propagated)
                          2.00    2.00 ^ input external delay
                  0.04    0.02    2.02 ^ rstn (in)
     1    0.01                           rstn (net)
                  0.04    0.00    2.02 ^ input100/A (sky130_fd_sc_hd__clkbuf_2)
                  0.04    0.09    2.11 ^ input100/X (sky130_fd_sc_hd__clkbuf_2)
     2    0.00                           net100 (net)
                  0.04    0.00    2.11 ^ fanout205/A (sky130_fd_sc_hd__buf_4)
                  0.11    0.15    2.26 ^ fanout205/X (sky130_fd_sc_hd__buf_4)
    10    0.04                           net205 (net)
                  0.11    0.00    2.26 ^ _453_/RESET_B (sky130_fd_sc_hd__dfrtp_1)
                                  2.26   data arrival time

                          0.00    0.00   clock clk (rise edge)
                          0.00    0.00   clock source latency
                  0.14    0.10    0.10 ^ clk (in)
     1    0.03                           clk (net)
                  0.14    0.00    0.10 ^ clkbuf_0_clk/A (sky130_fd_sc_hd__clkbuf_16)
                  0.08    0.20    0.30 ^ clkbuf_0_clk/X (sky130_fd_sc_hd__clkbuf_16)
     8    0.06                           clknet_0_clk (net)
                  0.08    0.00    0.30 ^ clkbuf_3_0__f_clk/A (sky130_fd_sc_hd__clkbuf_16)
                  0.04    0.14    0.44 ^ clkbuf_3_0__f_clk/X (sky130_fd_sc_hd__clkbuf_16)
     7    0.01                           clknet_3_0__leaf_clk (net)
                  0.04    0.00    0.44 ^ _453_/CLK (sky130_fd_sc_hd__dfrtp_1)
                          0.25    0.69   clock uncertainty
                          0.00    0.69   clock reconvergence pessimism
                          0.34    1.03   library removal time
                                  1.03   data required time
-----------------------------------------------------------------------------
                                  1.03   data required time
                                 -2.26   data arrival time
-----------------------------------------------------------------------------
                                  1.23   slack (MET)


Startpoint: rstn (input port clocked by clk)
Endpoint: _454_ (removal check against rising-edge clock clk)
Path Group: asynchronous
Path Type: min

Fanout     Cap    Slew   Delay    Time   Description
-----------------------------------------------------------------------------
                          0.00    0.00   clock clk (rise edge)
                          0.00    0.00   clock network delay (propagated)
                          2.00    2.00 ^ input external delay
                  0.04    0.02    2.02 ^ rstn (in)
     1    0.01                           rstn (net)
                  0.04    0.00    2.02 ^ input100/A (sky130_fd_sc_hd__clkbuf_2)
                  0.04    0.09    2.11 ^ input100/X (sky130_fd_sc_hd__clkbuf_2)
     2    0.00                           net100 (net)
                  0.04    0.00    2.11 ^ fanout205/A (sky130_fd_sc_hd__buf_4)
                  0.11    0.15    2.26 ^ fanout205/X (sky130_fd_sc_hd__buf_4)
    10    0.04                           net205 (net)
                  0.11    0.00    2.26 ^ _454_/RESET_B (sky130_fd_sc_hd__dfrtp_1)
                                  2.26   data arrival time

                          0.00    0.00   clock clk (rise edge)
                          0.00    0.00   clock source latency
                  0.14    0.10    0.10 ^ clk (in)
     1    0.03                           clk (net)
                  0.14    0.00    0.10 ^ clkbuf_0_clk/A (sky130_fd_sc_hd__clkbuf_16)
                  0.08    0.20    0.30 ^ clkbuf_0_clk/X (sky130_fd_sc_hd__clkbuf_16)
     8    0.06                           clknet_0_clk (net)
                  0.08    0.00    0.30 ^ clkbuf_3_0__f_clk/A (sky130_fd_sc_hd__clkbuf_16)
                  0.04    0.14    0.44 ^ clkbuf_3_0__f_clk/X (sky130_fd_sc_hd__clkbuf_16)
     7    0.01                           clknet_3_0__leaf_clk (net)
                  0.04    0.00    0.44 ^ _454_/CLK (sky130_fd_sc_hd__dfrtp_1)
                          0.25    0.69   clock uncertainty
                          0.00    0.69   clock reconvergence pessimism
                          0.34    1.03   library removal time
                                  1.03   data required time
-----------------------------------------------------------------------------
                                  1.03   data required time
                                 -2.26   data arrival time
-----------------------------------------------------------------------------
                                  1.23   slack (MET)


Startpoint: rstn (input port clocked by clk)
Endpoint: _391_ (removal check against rising-edge clock clk)
Path Group: asynchronous
Path Type: min

Fanout     Cap    Slew   Delay    Time   Description
-----------------------------------------------------------------------------
                          0.00    0.00   clock clk (rise edge)
                          0.00    0.00   clock network delay (propagated)
                          2.00    2.00 ^ input external delay
                  0.04    0.02    2.02 ^ rstn (in)
     1    0.01                           rstn (net)
                  0.04    0.00    2.02 ^ input100/A (sky130_fd_sc_hd__clkbuf_2)
                  0.04    0.09    2.11 ^ input100/X (sky130_fd_sc_hd__clkbuf_2)
     2    0.00                           net100 (net)
                  0.04    0.00    2.11 ^ fanout210/A (sky130_fd_sc_hd__clkbuf_4)
                  0.08    0.15    2.26 ^ fanout210/X (sky130_fd_sc_hd__clkbuf_4)
     6    0.02                           net210 (net)
                  0.08    0.00    2.26 ^ _391_/RESET_B (sky130_fd_sc_hd__dfrtp_1)
                                  2.26   data arrival time

                          0.00    0.00   clock clk (rise edge)
                          0.00    0.00   clock source latency
                  0.14    0.10    0.10 ^ clk (in)
     1    0.03                           clk (net)
                  0.14    0.00    0.10 ^ clkbuf_0_clk/A (sky130_fd_sc_hd__clkbuf_16)
                  0.08    0.20    0.30 ^ clkbuf_0_clk/X (sky130_fd_sc_hd__clkbuf_16)
     8    0.06                           clknet_0_clk (net)
                  0.08    0.00    0.30 ^ clkbuf_3_5__f_clk/A (sky130_fd_sc_hd__clkbuf_16)
                  0.04    0.15    0.45 ^ clkbuf_3_5__f_clk/X (sky130_fd_sc_hd__clkbuf_16)
    10    0.02                           clknet_3_5__leaf_clk (net)
                  0.04    0.00    0.45 ^ _391_/CLK (sky130_fd_sc_hd__dfrtp_1)
                          0.25    0.70   clock uncertainty
                          0.00    0.70   clock reconvergence pessimism
                          0.33    1.03   library removal time
                                  1.03   data required time
-----------------------------------------------------------------------------
                                  1.03   data required time
                                 -2.26   data arrival time
-----------------------------------------------------------------------------
                                  1.23   slack (MET)


Startpoint: rstn (input port clocked by clk)
Endpoint: _406_ (removal check against rising-edge clock clk)
Path Group: asynchronous
Path Type: min

Fanout     Cap    Slew   Delay    Time   Description
-----------------------------------------------------------------------------
                          0.00    0.00   clock clk (rise edge)
                          0.00    0.00   clock network delay (propagated)
                          2.00    2.00 ^ input external delay
                  0.04    0.02    2.02 ^ rstn (in)
     1    0.01                           rstn (net)
                  0.04    0.00    2.02 ^ input100/A (sky130_fd_sc_hd__clkbuf_2)
                  0.04    0.09    2.11 ^ input100/X (sky130_fd_sc_hd__clkbuf_2)
     2    0.00                           net100 (net)
                  0.04    0.00    2.11 ^ fanout210/A (sky130_fd_sc_hd__clkbuf_4)
                  0.08    0.15    2.26 ^ fanout210/X (sky130_fd_sc_hd__clkbuf_4)
     6    0.02                           net210 (net)
                  0.08    0.00    2.26 ^ _406_/RESET_B (sky130_fd_sc_hd__dfrtp_1)
                                  2.26   data arrival time

                          0.00    0.00   clock clk (rise edge)
                          0.00    0.00   clock source latency
                  0.14    0.10    0.10 ^ clk (in)
     1    0.03                           clk (net)
                  0.14    0.00    0.10 ^ clkbuf_0_clk/A (sky130_fd_sc_hd__clkbuf_16)
                  0.08    0.20    0.30 ^ clkbuf_0_clk/X (sky130_fd_sc_hd__clkbuf_16)
     8    0.06                           clknet_0_clk (net)
                  0.08    0.00    0.30 ^ clkbuf_3_5__f_clk/A (sky130_fd_sc_hd__clkbuf_16)
                  0.04    0.15    0.45 ^ clkbuf_3_5__f_clk/X (sky130_fd_sc_hd__clkbuf_16)
    10    0.02                           clknet_3_5__leaf_clk (net)
                  0.04    0.00    0.45 ^ _406_/CLK (sky130_fd_sc_hd__dfrtp_1)
                          0.25    0.70   clock uncertainty
                          0.00    0.70   clock reconvergence pessimism
                          0.33    1.03   library removal time
                                  1.03   data required time
-----------------------------------------------------------------------------
                                  1.03   data required time
                                 -2.26   data arrival time
-----------------------------------------------------------------------------
                                  1.23   slack (MET)


Startpoint: rstn (input port clocked by clk)
Endpoint: _401_ (removal check against rising-edge clock clk)
Path Group: asynchronous
Path Type: min

Fanout     Cap    Slew   Delay    Time   Description
-----------------------------------------------------------------------------
                          0.00    0.00   clock clk (rise edge)
                          0.00    0.00   clock network delay (propagated)
                          2.00    2.00 ^ input external delay
                  0.04    0.02    2.02 ^ rstn (in)
     1    0.01                           rstn (net)
                  0.04    0.00    2.02 ^ input100/A (sky130_fd_sc_hd__clkbuf_2)
                  0.04    0.09    2.11 ^ input100/X (sky130_fd_sc_hd__clkbuf_2)
     2    0.00                           net100 (net)
                  0.04    0.00    2.11 ^ fanout210/A (sky130_fd_sc_hd__clkbuf_4)
                  0.08    0.15    2.26 ^ fanout210/X (sky130_fd_sc_hd__clkbuf_4)
     6    0.02                           net210 (net)
                  0.08    0.00    2.26 ^ _401_/RESET_B (sky130_fd_sc_hd__dfrtp_2)
                                  2.26   data arrival time

                          0.00    0.00   clock clk (rise edge)
                          0.00    0.00   clock source latency
                  0.14    0.10    0.10 ^ clk (in)
     1    0.03                           clk (net)
                  0.14    0.00    0.10 ^ clkbuf_0_clk/A (sky130_fd_sc_hd__clkbuf_16)
                  0.08    0.20    0.30 ^ clkbuf_0_clk/X (sky130_fd_sc_hd__clkbuf_16)
     8    0.06                           clknet_0_clk (net)
                  0.08    0.00    0.30 ^ clkbuf_3_5__f_clk/A (sky130_fd_sc_hd__clkbuf_16)
                  0.04    0.15    0.45 ^ clkbuf_3_5__f_clk/X (sky130_fd_sc_hd__clkbuf_16)
    10    0.02                           clknet_3_5__leaf_clk (net)
                  0.04    0.00    0.45 ^ _401_/CLK (sky130_fd_sc_hd__dfrtp_2)
                          0.25    0.70   clock uncertainty
                          0.00    0.70   clock reconvergence pessimism
                          0.33    1.03   library removal time
                                  1.03   data required time
-----------------------------------------------------------------------------
                                  1.03   data required time
                                 -2.26   data arrival time
-----------------------------------------------------------------------------
                                  1.23   slack (MET)


Startpoint: rstn (input port clocked by clk)
Endpoint: _399_ (removal check against rising-edge clock clk)
Path Group: asynchronous
Path Type: min

Fanout     Cap    Slew   Delay    Time   Description
-----------------------------------------------------------------------------
                          0.00    0.00   clock clk (rise edge)
                          0.00    0.00   clock network delay (propagated)
                          2.00    2.00 ^ input external delay
                  0.04    0.02    2.02 ^ rstn (in)
     1    0.01                           rstn (net)
                  0.04    0.00    2.02 ^ input100/A (sky130_fd_sc_hd__clkbuf_2)
                  0.04    0.09    2.11 ^ input100/X (sky130_fd_sc_hd__clkbuf_2)
     2    0.00                           net100 (net)
                  0.04    0.00    2.11 ^ fanout205/A (sky130_fd_sc_hd__buf_4)
                  0.11    0.15    2.26 ^ fanout205/X (sky130_fd_sc_hd__buf_4)
    10    0.04                           net205 (net)
                  0.11    0.00    2.26 ^ _399_/RESET_B (sky130_fd_sc_hd__dfrtp_2)
                                  2.26   data arrival time

                          0.00    0.00   clock clk (rise edge)
                          0.00    0.00   clock source latency
                  0.14    0.10    0.10 ^ clk (in)
     1    0.03                           clk (net)
                  0.14    0.00    0.10 ^ clkbuf_0_clk/A (sky130_fd_sc_hd__clkbuf_16)
                  0.08    0.20    0.30 ^ clkbuf_0_clk/X (sky130_fd_sc_hd__clkbuf_16)
     8    0.06                           clknet_0_clk (net)
                  0.08    0.00    0.30 ^ clkbuf_3_0__f_clk/A (sky130_fd_sc_hd__clkbuf_16)
                  0.04    0.14    0.44 ^ clkbuf_3_0__f_clk/X (sky130_fd_sc_hd__clkbuf_16)
     7    0.01                           clknet_3_0__leaf_clk (net)
                  0.04    0.00    0.44 ^ _399_/CLK (sky130_fd_sc_hd__dfrtp_2)
                          0.25    0.69   clock uncertainty
                          0.00    0.69   clock reconvergence pessimism
                          0.34    1.03   library removal time
                                  1.03   data required time
-----------------------------------------------------------------------------
                                  1.03   data required time
                                 -2.26   data arrival time
-----------------------------------------------------------------------------
                                  1.23   slack (MET)


Startpoint: rstn (input port clocked by clk)
Endpoint: _452_ (removal check against rising-edge clock clk)
Path Group: asynchronous
Path Type: min

Fanout     Cap    Slew   Delay    Time   Description
-----------------------------------------------------------------------------
                          0.00    0.00   clock clk (rise edge)
                          0.00    0.00   clock network delay (propagated)
                          2.00    2.00 ^ input external delay
                  0.04    0.02    2.02 ^ rstn (in)
     1    0.01                           rstn (net)
                  0.04    0.00    2.02 ^ input100/A (sky130_fd_sc_hd__clkbuf_2)
                  0.04    0.09    2.11 ^ input100/X (sky130_fd_sc_hd__clkbuf_2)
     2    0.00                           net100 (net)
                  0.04    0.00    2.11 ^ fanout210/A (sky130_fd_sc_hd__clkbuf_4)
                  0.08    0.15    2.26 ^ fanout210/X (sky130_fd_sc_hd__clkbuf_4)
     6    0.02                           net210 (net)
                  0.08    0.00    2.26 ^ _452_/RESET_B (sky130_fd_sc_hd__dfrtp_1)
                                  2.26   data arrival time

                          0.00    0.00   clock clk (rise edge)
                          0.00    0.00   clock source latency
                  0.14    0.10    0.10 ^ clk (in)
     1    0.03                           clk (net)
                  0.14    0.00    0.10 ^ clkbuf_0_clk/A (sky130_fd_sc_hd__clkbuf_16)
                  0.08    0.20    0.30 ^ clkbuf_0_clk/X (sky130_fd_sc_hd__clkbuf_16)
     8    0.06                           clknet_0_clk (net)
                  0.08    0.00    0.30 ^ clkbuf_3_7__f_clk/A (sky130_fd_sc_hd__clkbuf_16)
                  0.04    0.14    0.45 ^ clkbuf_3_7__f_clk/X (sky130_fd_sc_hd__clkbuf_16)
     9    0.02                           clknet_3_7__leaf_clk (net)
                  0.04    0.00    0.45 ^ _452_/CLK (sky130_fd_sc_hd__dfrtp_1)
                          0.25    0.70   clock uncertainty
                          0.00    0.70   clock reconvergence pessimism
                          0.33    1.02   library removal time
                                  1.02   data required time
-----------------------------------------------------------------------------
                                  1.02   data required time
                                 -2.26   data arrival time
-----------------------------------------------------------------------------
                                  1.24   slack (MET)


Startpoint: rstn (input port clocked by clk)
Endpoint: _442_ (removal check against rising-edge clock clk)
Path Group: asynchronous
Path Type: min

Fanout     Cap    Slew   Delay    Time   Description
-----------------------------------------------------------------------------
                          0.00    0.00   clock clk (rise edge)
                          0.00    0.00   clock network delay (propagated)
                          2.00    2.00 ^ input external delay
                  0.04    0.02    2.02 ^ rstn (in)
     1    0.01                           rstn (net)
                  0.04    0.00    2.02 ^ input100/A (sky130_fd_sc_hd__clkbuf_2)
                  0.04    0.09    2.11 ^ input100/X (sky130_fd_sc_hd__clkbuf_2)
     2    0.00                           net100 (net)
                  0.04    0.00    2.11 ^ fanout210/A (sky130_fd_sc_hd__clkbuf_4)
                  0.08    0.15    2.26 ^ fanout210/X (sky130_fd_sc_hd__clkbuf_4)
     6    0.02                           net210 (net)
                  0.08    0.00    2.26 ^ fanout209/A (sky130_fd_sc_hd__clkbuf_8)
                  0.08    0.16    2.42 ^ fanout209/X (sky130_fd_sc_hd__clkbuf_8)
    10    0.04                           net209 (net)
                  0.08    0.00    2.42 ^ _442_/RESET_B (sky130_fd_sc_hd__dfrtp_2)
                                  2.42   data arrival time

                          0.00    0.00   clock clk (rise edge)
                          0.00    0.00   clock source latency
                  0.14    0.10    0.10 ^ clk (in)
     1    0.03                           clk (net)
                  0.14    0.00    0.10 ^ clkbuf_0_clk/A (sky130_fd_sc_hd__clkbuf_16)
                  0.08    0.20    0.30 ^ clkbuf_0_clk/X (sky130_fd_sc_hd__clkbuf_16)
     8    0.06                           clknet_0_clk (net)
                  0.08    0.00    0.30 ^ clkbuf_3_6__f_clk/A (sky130_fd_sc_hd__clkbuf_16)
                  0.05    0.16    0.46 ^ clkbuf_3_6__f_clk/X (sky130_fd_sc_hd__clkbuf_16)
     7    0.03                           clknet_3_6__leaf_clk (net)
                  0.05    0.00    0.46 ^ _442_/CLK (sky130_fd_sc_hd__dfrtp_2)
                          0.25    0.71   clock uncertainty
                          0.00    0.71   clock reconvergence pessimism
                          0.33    1.04   library removal time
                                  1.04   data required time
-----------------------------------------------------------------------------
                                  1.04   data required time
                                 -2.42   data arrival time
-----------------------------------------------------------------------------
                                  1.38   slack (MET)


Startpoint: rstn (input port clocked by clk)
Endpoint: _429_ (removal check against rising-edge clock clk)
Path Group: asynchronous
Path Type: min

Fanout     Cap    Slew   Delay    Time   Description
-----------------------------------------------------------------------------
                          0.00    0.00   clock clk (rise edge)
                          0.00    0.00   clock network delay (propagated)
                          2.00    2.00 ^ input external delay
                  0.04    0.02    2.02 ^ rstn (in)
     1    0.01                           rstn (net)
                  0.04    0.00    2.02 ^ input100/A (sky130_fd_sc_hd__clkbuf_2)
                  0.04    0.09    2.11 ^ input100/X (sky130_fd_sc_hd__clkbuf_2)
     2    0.00                           net100 (net)
                  0.04    0.00    2.11 ^ fanout210/A (sky130_fd_sc_hd__clkbuf_4)
                  0.08    0.15    2.26 ^ fanout210/X (sky130_fd_sc_hd__clkbuf_4)
     6    0.02                           net210 (net)
                  0.08    0.00    2.26 ^ fanout209/A (sky130_fd_sc_hd__clkbuf_8)
                  0.08    0.16    2.42 ^ fanout209/X (sky130_fd_sc_hd__clkbuf_8)
    10    0.04                           net209 (net)
                  0.08    0.00    2.42 ^ _429_/RESET_B (sky130_fd_sc_hd__dfrtp_1)
                                  2.42   data arrival time

                          0.00    0.00   clock clk (rise edge)
                          0.00    0.00   clock source latency
                  0.14    0.10    0.10 ^ clk (in)
     1    0.03                           clk (net)
                  0.14    0.00    0.10 ^ clkbuf_0_clk/A (sky130_fd_sc_hd__clkbuf_16)
                  0.08    0.20    0.30 ^ clkbuf_0_clk/X (sky130_fd_sc_hd__clkbuf_16)
     8    0.06                           clknet_0_clk (net)
                  0.08    0.00    0.30 ^ clkbuf_3_6__f_clk/A (sky130_fd_sc_hd__clkbuf_16)
                  0.05    0.16    0.46 ^ clkbuf_3_6__f_clk/X (sky130_fd_sc_hd__clkbuf_16)
     7    0.03                           clknet_3_6__leaf_clk (net)
                  0.05    0.00    0.46 ^ _429_/CLK (sky130_fd_sc_hd__dfrtp_1)
                          0.25    0.71   clock uncertainty
                          0.00    0.71   clock reconvergence pessimism
                          0.33    1.04   library removal time
                                  1.04   data required time
-----------------------------------------------------------------------------
                                  1.04   data required time
                                 -2.42   data arrival time
-----------------------------------------------------------------------------
                                  1.38   slack (MET)


Startpoint: rstn (input port clocked by clk)
Endpoint: _412_ (removal check against rising-edge clock clk)
Path Group: asynchronous
Path Type: min

Fanout     Cap    Slew   Delay    Time   Description
-----------------------------------------------------------------------------
                          0.00    0.00   clock clk (rise edge)
                          0.00    0.00   clock network delay (propagated)
                          2.00    2.00 ^ input external delay
                  0.04    0.02    2.02 ^ rstn (in)
     1    0.01                           rstn (net)
                  0.04    0.00    2.02 ^ input100/A (sky130_fd_sc_hd__clkbuf_2)
                  0.04    0.09    2.11 ^ input100/X (sky130_fd_sc_hd__clkbuf_2)
     2    0.00                           net100 (net)
                  0.04    0.00    2.11 ^ fanout210/A (sky130_fd_sc_hd__clkbuf_4)
                  0.08    0.15    2.26 ^ fanout210/X (sky130_fd_sc_hd__clkbuf_4)
     6    0.02                           net210 (net)
                  0.08    0.00    2.26 ^ fanout209/A (sky130_fd_sc_hd__clkbuf_8)
                  0.08    0.16    2.42 ^ fanout209/X (sky130_fd_sc_hd__clkbuf_8)
    10    0.04                           net209 (net)
                  0.08    0.00    2.42 ^ _412_/RESET_B (sky130_fd_sc_hd__dfrtp_1)
                                  2.42   data arrival time

                          0.00    0.00   clock clk (rise edge)
                          0.00    0.00   clock source latency
                  0.14    0.10    0.10 ^ clk (in)
     1    0.03                           clk (net)
                  0.14    0.00    0.10 ^ clkbuf_0_clk/A (sky130_fd_sc_hd__clkbuf_16)
                  0.08    0.20    0.30 ^ clkbuf_0_clk/X (sky130_fd_sc_hd__clkbuf_16)
     8    0.06                           clknet_0_clk (net)
                  0.08    0.00    0.30 ^ clkbuf_3_6__f_clk/A (sky130_fd_sc_hd__clkbuf_16)
                  0.05    0.16    0.46 ^ clkbuf_3_6__f_clk/X (sky130_fd_sc_hd__clkbuf_16)
     7    0.03                           clknet_3_6__leaf_clk (net)
                  0.05    0.00    0.46 ^ _412_/CLK (sky130_fd_sc_hd__dfrtp_1)
                          0.25    0.71   clock uncertainty
                          0.00    0.71   clock reconvergence pessimism
                          0.33    1.04   library removal time
                                  1.04   data required time
-----------------------------------------------------------------------------
                                  1.04   data required time
                                 -2.42   data arrival time
-----------------------------------------------------------------------------
                                  1.38   slack (MET)


Startpoint: rstn (input port clocked by clk)
Endpoint: _428_ (removal check against rising-edge clock clk)
Path Group: asynchronous
Path Type: min

Fanout     Cap    Slew   Delay    Time   Description
-----------------------------------------------------------------------------
                          0.00    0.00   clock clk (rise edge)
                          0.00    0.00   clock network delay (propagated)
                          2.00    2.00 ^ input external delay
                  0.04    0.02    2.02 ^ rstn (in)
     1    0.01                           rstn (net)
                  0.04    0.00    2.02 ^ input100/A (sky130_fd_sc_hd__clkbuf_2)
                  0.04    0.09    2.11 ^ input100/X (sky130_fd_sc_hd__clkbuf_2)
     2    0.00                           net100 (net)
                  0.04    0.00    2.11 ^ fanout210/A (sky130_fd_sc_hd__clkbuf_4)
                  0.08    0.15    2.26 ^ fanout210/X (sky130_fd_sc_hd__clkbuf_4)
     6    0.02                           net210 (net)
                  0.08    0.00    2.26 ^ fanout209/A (sky130_fd_sc_hd__clkbuf_8)
                  0.08    0.16    2.42 ^ fanout209/X (sky130_fd_sc_hd__clkbuf_8)
    10    0.04                           net209 (net)
                  0.08    0.00    2.42 ^ _428_/RESET_B (sky130_fd_sc_hd__dfrtp_1)
                                  2.42   data arrival time

                          0.00    0.00   clock clk (rise edge)
                          0.00    0.00   clock source latency
                  0.14    0.10    0.10 ^ clk (in)
     1    0.03                           clk (net)
                  0.14    0.00    0.10 ^ clkbuf_0_clk/A (sky130_fd_sc_hd__clkbuf_16)
                  0.08    0.20    0.30 ^ clkbuf_0_clk/X (sky130_fd_sc_hd__clkbuf_16)
     8    0.06                           clknet_0_clk (net)
                  0.08    0.00    0.30 ^ clkbuf_3_6__f_clk/A (sky130_fd_sc_hd__clkbuf_16)
                  0.05    0.16    0.46 ^ clkbuf_3_6__f_clk/X (sky130_fd_sc_hd__clkbuf_16)
     7    0.03                           clknet_3_6__leaf_clk (net)
                  0.05    0.00    0.46 ^ _428_/CLK (sky130_fd_sc_hd__dfrtp_1)
                          0.25    0.71   clock uncertainty
                          0.00    0.71   clock reconvergence pessimism
                          0.33    1.04   library removal time
                                  1.04   data required time
-----------------------------------------------------------------------------
                                  1.04   data required time
                                 -2.42   data arrival time
-----------------------------------------------------------------------------
                                  1.38   slack (MET)


Startpoint: rstn (input port clocked by clk)
Endpoint: _431_ (removal check against rising-edge clock clk)
Path Group: asynchronous
Path Type: min

Fanout     Cap    Slew   Delay    Time   Description
-----------------------------------------------------------------------------
                          0.00    0.00   clock clk (rise edge)
                          0.00    0.00   clock network delay (propagated)
                          2.00    2.00 ^ input external delay
                  0.04    0.02    2.02 ^ rstn (in)
     1    0.01                           rstn (net)
                  0.04    0.00    2.02 ^ input100/A (sky130_fd_sc_hd__clkbuf_2)
                  0.04    0.09    2.11 ^ input100/X (sky130_fd_sc_hd__clkbuf_2)
     2    0.00                           net100 (net)
                  0.04    0.00    2.11 ^ fanout205/A (sky130_fd_sc_hd__buf_4)
                  0.11    0.15    2.26 ^ fanout205/X (sky130_fd_sc_hd__buf_4)
    10    0.04                           net205 (net)
                  0.11    0.00    2.26 ^ fanout204/A (sky130_fd_sc_hd__clkbuf_8)
                  0.08    0.17    2.43 ^ fanout204/X (sky130_fd_sc_hd__clkbuf_8)
    10    0.04                           net204 (net)
                  0.08    0.00    2.43 ^ _431_/RESET_B (sky130_fd_sc_hd__dfrtp_1)
                                  2.43   data arrival time

                          0.00    0.00   clock clk (rise edge)
                          0.00    0.00   clock source latency
                  0.14    0.10    0.10 ^ clk (in)
     1    0.03                           clk (net)
                  0.14    0.00    0.10 ^ clkbuf_0_clk/A (sky130_fd_sc_hd__clkbuf_16)
                  0.08    0.20    0.30 ^ clkbuf_0_clk/X (sky130_fd_sc_hd__clkbuf_16)
     8    0.06                           clknet_0_clk (net)
                  0.08    0.00    0.30 ^ clkbuf_3_6__f_clk/A (sky130_fd_sc_hd__clkbuf_16)
                  0.05    0.16    0.46 ^ clkbuf_3_6__f_clk/X (sky130_fd_sc_hd__clkbuf_16)
     7    0.03                           clknet_3_6__leaf_clk (net)
                  0.05    0.00    0.46 ^ _431_/CLK (sky130_fd_sc_hd__dfrtp_1)
                          0.25    0.71   clock uncertainty
                          0.00    0.71   clock reconvergence pessimism
                          0.33    1.04   library removal time
                                  1.04   data required time
-----------------------------------------------------------------------------
                                  1.04   data required time
                                 -2.43   data arrival time
-----------------------------------------------------------------------------
                                  1.39   slack (MET)


Startpoint: rstn (input port clocked by clk)
Endpoint: _450_ (removal check against rising-edge clock clk)
Path Group: asynchronous
Path Type: min

Fanout     Cap    Slew   Delay    Time   Description
-----------------------------------------------------------------------------
                          0.00    0.00   clock clk (rise edge)
                          0.00    0.00   clock network delay (propagated)
                          2.00    2.00 ^ input external delay
                  0.04    0.02    2.02 ^ rstn (in)
     1    0.01                           rstn (net)
                  0.04    0.00    2.02 ^ input100/A (sky130_fd_sc_hd__clkbuf_2)
                  0.04    0.09    2.11 ^ input100/X (sky130_fd_sc_hd__clkbuf_2)
     2    0.00                           net100 (net)
                  0.04    0.00    2.11 ^ fanout210/A (sky130_fd_sc_hd__clkbuf_4)
                  0.08    0.15    2.26 ^ fanout210/X (sky130_fd_sc_hd__clkbuf_4)
     6    0.02                           net210 (net)
                  0.08    0.00    2.26 ^ fanout209/A (sky130_fd_sc_hd__clkbuf_8)
                  0.08    0.16    2.42 ^ fanout209/X (sky130_fd_sc_hd__clkbuf_8)
    10    0.04                           net209 (net)
                  0.08    0.00    2.42 ^ _450_/RESET_B (sky130_fd_sc_hd__dfrtp_1)
                                  2.42   data arrival time

                          0.00    0.00   clock clk (rise edge)
                          0.00    0.00   clock source latency
                  0.14    0.10    0.10 ^ clk (in)
     1    0.03                           clk (net)
                  0.14    0.00    0.10 ^ clkbuf_0_clk/A (sky130_fd_sc_hd__clkbuf_16)
                  0.08    0.20    0.30 ^ clkbuf_0_clk/X (sky130_fd_sc_hd__clkbuf_16)
     8    0.06                           clknet_0_clk (net)
                  0.08    0.00    0.30 ^ clkbuf_3_5__f_clk/A (sky130_fd_sc_hd__clkbuf_16)
                  0.04    0.15    0.45 ^ clkbuf_3_5__f_clk/X (sky130_fd_sc_hd__clkbuf_16)
    10    0.02                           clknet_3_5__leaf_clk (net)
                  0.04    0.00    0.45 ^ _450_/CLK (sky130_fd_sc_hd__dfrtp_1)
                          0.25    0.70   clock uncertainty
                          0.00    0.70   clock reconvergence pessimism
                          0.33    1.03   library removal time
                                  1.03   data required time
-----------------------------------------------------------------------------
                                  1.03   data required time
                                 -2.42   data arrival time
-----------------------------------------------------------------------------
                                  1.39   slack (MET)


Startpoint: rstn (input port clocked by clk)
Endpoint: _392_ (removal check against rising-edge clock clk)
Path Group: asynchronous
Path Type: min

Fanout     Cap    Slew   Delay    Time   Description
-----------------------------------------------------------------------------
                          0.00    0.00   clock clk (rise edge)
                          0.00    0.00   clock network delay (propagated)
                          2.00    2.00 ^ input external delay
                  0.04    0.02    2.02 ^ rstn (in)
     1    0.01                           rstn (net)
                  0.04    0.00    2.02 ^ input100/A (sky130_fd_sc_hd__clkbuf_2)
                  0.04    0.09    2.11 ^ input100/X (sky130_fd_sc_hd__clkbuf_2)
     2    0.00                           net100 (net)
                  0.04    0.00    2.11 ^ fanout210/A (sky130_fd_sc_hd__clkbuf_4)
                  0.08    0.15    2.26 ^ fanout210/X (sky130_fd_sc_hd__clkbuf_4)
     6    0.02                           net210 (net)
                  0.08    0.00    2.26 ^ fanout209/A (sky130_fd_sc_hd__clkbuf_8)
                  0.08    0.16    2.42 ^ fanout209/X (sky130_fd_sc_hd__clkbuf_8)
    10    0.04                           net209 (net)
                  0.08    0.00    2.42 ^ _392_/RESET_B (sky130_fd_sc_hd__dfrtp_1)
                                  2.42   data arrival time

                          0.00    0.00   clock clk (rise edge)
                          0.00    0.00   clock source latency
                  0.14    0.10    0.10 ^ clk (in)
     1    0.03                           clk (net)
                  0.14    0.00    0.10 ^ clkbuf_0_clk/A (sky130_fd_sc_hd__clkbuf_16)
                  0.08    0.20    0.30 ^ clkbuf_0_clk/X (sky130_fd_sc_hd__clkbuf_16)
     8    0.06                           clknet_0_clk (net)
                  0.08    0.00    0.30 ^ clkbuf_3_7__f_clk/A (sky130_fd_sc_hd__clkbuf_16)
                  0.04    0.14    0.45 ^ clkbuf_3_7__f_clk/X (sky130_fd_sc_hd__clkbuf_16)
     9    0.02                           clknet_3_7__leaf_clk (net)
                  0.04    0.00    0.45 ^ _392_/CLK (sky130_fd_sc_hd__dfrtp_1)
                          0.25    0.70   clock uncertainty
                          0.00    0.70   clock reconvergence pessimism
                          0.33    1.02   library removal time
                                  1.02   data required time
-----------------------------------------------------------------------------
                                  1.02   data required time
                                 -2.42   data arrival time
-----------------------------------------------------------------------------
                                  1.39   slack (MET)


Startpoint: rstn (input port clocked by clk)
Endpoint: _402_ (removal check against rising-edge clock clk)
Path Group: asynchronous
Path Type: min

Fanout     Cap    Slew   Delay    Time   Description
-----------------------------------------------------------------------------
                          0.00    0.00   clock clk (rise edge)
                          0.00    0.00   clock network delay (propagated)
                          2.00    2.00 ^ input external delay
                  0.04    0.02    2.02 ^ rstn (in)
     1    0.01                           rstn (net)
                  0.04    0.00    2.02 ^ input100/A (sky130_fd_sc_hd__clkbuf_2)
                  0.04    0.09    2.11 ^ input100/X (sky130_fd_sc_hd__clkbuf_2)
     2    0.00                           net100 (net)
                  0.04    0.00    2.11 ^ fanout210/A (sky130_fd_sc_hd__clkbuf_4)
                  0.08    0.15    2.26 ^ fanout210/X (sky130_fd_sc_hd__clkbuf_4)
     6    0.02                           net210 (net)
                  0.08    0.00    2.26 ^ fanout209/A (sky130_fd_sc_hd__clkbuf_8)
                  0.08    0.16    2.42 ^ fanout209/X (sky130_fd_sc_hd__clkbuf_8)
    10    0.04                           net209 (net)
                  0.08    0.00    2.42 ^ _402_/RESET_B (sky130_fd_sc_hd__dfrtp_1)
                                  2.42   data arrival time

                          0.00    0.00   clock clk (rise edge)
                          0.00    0.00   clock source latency
                  0.14    0.10    0.10 ^ clk (in)
     1    0.03                           clk (net)
                  0.14    0.00    0.10 ^ clkbuf_0_clk/A (sky130_fd_sc_hd__clkbuf_16)
                  0.08    0.20    0.30 ^ clkbuf_0_clk/X (sky130_fd_sc_hd__clkbuf_16)
     8    0.06                           clknet_0_clk (net)
                  0.08    0.00    0.30 ^ clkbuf_3_7__f_clk/A (sky130_fd_sc_hd__clkbuf_16)
                  0.04    0.14    0.45 ^ clkbuf_3_7__f_clk/X (sky130_fd_sc_hd__clkbuf_16)
     9    0.02                           clknet_3_7__leaf_clk (net)
                  0.04    0.00    0.45 ^ _402_/CLK (sky130_fd_sc_hd__dfrtp_1)
                          0.25    0.70   clock uncertainty
                          0.00    0.70   clock reconvergence pessimism
                          0.33    1.02   library removal time
                                  1.02   data required time
-----------------------------------------------------------------------------
                                  1.02   data required time
                                 -2.42   data arrival time
-----------------------------------------------------------------------------
                                  1.39   slack (MET)


Startpoint: rstn (input port clocked by clk)
Endpoint: _422_ (removal check against rising-edge clock clk)
Path Group: asynchronous
Path Type: min

Fanout     Cap    Slew   Delay    Time   Description
-----------------------------------------------------------------------------
                          0.00    0.00   clock clk (rise edge)
                          0.00    0.00   clock network delay (propagated)
                          2.00    2.00 ^ input external delay
                  0.04    0.02    2.02 ^ rstn (in)
     1    0.01                           rstn (net)
                  0.04    0.00    2.02 ^ input100/A (sky130_fd_sc_hd__clkbuf_2)
                  0.04    0.09    2.11 ^ input100/X (sky130_fd_sc_hd__clkbuf_2)
     2    0.00                           net100 (net)
                  0.04    0.00    2.11 ^ fanout210/A (sky130_fd_sc_hd__clkbuf_4)
                  0.08    0.15    2.26 ^ fanout210/X (sky130_fd_sc_hd__clkbuf_4)
     6    0.02                           net210 (net)
                  0.08    0.00    2.26 ^ fanout209/A (sky130_fd_sc_hd__clkbuf_8)
                  0.08    0.16    2.42 ^ fanout209/X (sky130_fd_sc_hd__clkbuf_8)
    10    0.04                           net209 (net)
                  0.08    0.00    2.42 ^ _422_/RESET_B (sky130_fd_sc_hd__dfrtp_1)
                                  2.42   data arrival time

                          0.00    0.00   clock clk (rise edge)
                          0.00    0.00   clock source latency
                  0.14    0.10    0.10 ^ clk (in)
     1    0.03                           clk (net)
                  0.14    0.00    0.10 ^ clkbuf_0_clk/A (sky130_fd_sc_hd__clkbuf_16)
                  0.08    0.20    0.30 ^ clkbuf_0_clk/X (sky130_fd_sc_hd__clkbuf_16)
     8    0.06                           clknet_0_clk (net)
                  0.08    0.00    0.30 ^ clkbuf_3_7__f_clk/A (sky130_fd_sc_hd__clkbuf_16)
                  0.04    0.14    0.45 ^ clkbuf_3_7__f_clk/X (sky130_fd_sc_hd__clkbuf_16)
     9    0.02                           clknet_3_7__leaf_clk (net)
                  0.04    0.00    0.45 ^ _422_/CLK (sky130_fd_sc_hd__dfrtp_1)
                          0.25    0.70   clock uncertainty
                          0.00    0.70   clock reconvergence pessimism
                          0.33    1.02   library removal time
                                  1.02   data required time
-----------------------------------------------------------------------------
                                  1.02   data required time
                                 -2.42   data arrival time
-----------------------------------------------------------------------------
                                  1.39   slack (MET)


Startpoint: rstn (input port clocked by clk)
Endpoint: _435_ (removal check against rising-edge clock clk)
Path Group: asynchronous
Path Type: min

Fanout     Cap    Slew   Delay    Time   Description
-----------------------------------------------------------------------------
                          0.00    0.00   clock clk (rise edge)
                          0.00    0.00   clock network delay (propagated)
                          2.00    2.00 ^ input external delay
                  0.04    0.02    2.02 ^ rstn (in)
     1    0.01                           rstn (net)
                  0.04    0.00    2.02 ^ input100/A (sky130_fd_sc_hd__clkbuf_2)
                  0.04    0.09    2.11 ^ input100/X (sky130_fd_sc_hd__clkbuf_2)
     2    0.00                           net100 (net)
                  0.04    0.00    2.11 ^ fanout210/A (sky130_fd_sc_hd__clkbuf_4)
                  0.08    0.15    2.26 ^ fanout210/X (sky130_fd_sc_hd__clkbuf_4)
     6    0.02                           net210 (net)
                  0.08    0.00    2.26 ^ fanout209/A (sky130_fd_sc_hd__clkbuf_8)
                  0.08    0.16    2.42 ^ fanout209/X (sky130_fd_sc_hd__clkbuf_8)
    10    0.04                           net209 (net)
                  0.08    0.00    2.42 ^ _435_/RESET_B (sky130_fd_sc_hd__dfrtp_1)
                                  2.42   data arrival time

                          0.00    0.00   clock clk (rise edge)
                          0.00    0.00   clock source latency
                  0.14    0.10    0.10 ^ clk (in)
     1    0.03                           clk (net)
                  0.14    0.00    0.10 ^ clkbuf_0_clk/A (sky130_fd_sc_hd__clkbuf_16)
                  0.08    0.20    0.30 ^ clkbuf_0_clk/X (sky130_fd_sc_hd__clkbuf_16)
     8    0.06                           clknet_0_clk (net)
                  0.08    0.00    0.30 ^ clkbuf_3_7__f_clk/A (sky130_fd_sc_hd__clkbuf_16)
                  0.04    0.14    0.45 ^ clkbuf_3_7__f_clk/X (sky130_fd_sc_hd__clkbuf_16)
     9    0.02                           clknet_3_7__leaf_clk (net)
                  0.04    0.00    0.45 ^ _435_/CLK (sky130_fd_sc_hd__dfrtp_1)
                          0.25    0.70   clock uncertainty
                          0.00    0.70   clock reconvergence pessimism
                          0.33    1.02   library removal time
                                  1.02   data required time
-----------------------------------------------------------------------------
                                  1.02   data required time
                                 -2.42   data arrival time
-----------------------------------------------------------------------------
                                  1.39   slack (MET)


Startpoint: rstn (input port clocked by clk)
Endpoint: _393_ (removal check against rising-edge clock clk)
Path Group: asynchronous
Path Type: min

Fanout     Cap    Slew   Delay    Time   Description
-----------------------------------------------------------------------------
                          0.00    0.00   clock clk (rise edge)
                          0.00    0.00   clock network delay (propagated)
                          2.00    2.00 ^ input external delay
                  0.04    0.02    2.02 ^ rstn (in)
     1    0.01                           rstn (net)
                  0.04    0.00    2.02 ^ input100/A (sky130_fd_sc_hd__clkbuf_2)
                  0.04    0.09    2.11 ^ input100/X (sky130_fd_sc_hd__clkbuf_2)
     2    0.00                           net100 (net)
                  0.04    0.00    2.11 ^ fanout205/A (sky130_fd_sc_hd__buf_4)
                  0.11    0.15    2.26 ^ fanout205/X (sky130_fd_sc_hd__buf_4)
    10    0.04                           net205 (net)
                  0.11    0.00    2.26 ^ fanout204/A (sky130_fd_sc_hd__clkbuf_8)
                  0.08    0.17    2.43 ^ fanout204/X (sky130_fd_sc_hd__clkbuf_8)
    10    0.04                           net204 (net)
                  0.08    0.00    2.43 ^ _393_/RESET_B (sky130_fd_sc_hd__dfrtp_1)
                                  2.43   data arrival time

                          0.00    0.00   clock clk (rise edge)
                          0.00    0.00   clock source latency
                  0.14    0.10    0.10 ^ clk (in)
     1    0.03                           clk (net)
                  0.14    0.00    0.10 ^ clkbuf_0_clk/A (sky130_fd_sc_hd__clkbuf_16)
                  0.08    0.20    0.30 ^ clkbuf_0_clk/X (sky130_fd_sc_hd__clkbuf_16)
     8    0.06                           clknet_0_clk (net)
                  0.08    0.00    0.30 ^ clkbuf_3_2__f_clk/A (sky130_fd_sc_hd__clkbuf_16)
                  0.04    0.14    0.44 ^ clkbuf_3_2__f_clk/X (sky130_fd_sc_hd__clkbuf_16)
     7    0.01                           clknet_3_2__leaf_clk (net)
                  0.04    0.00    0.44 ^ _393_/CLK (sky130_fd_sc_hd__dfrtp_1)
                          0.25    0.69   clock uncertainty
                          0.00    0.69   clock reconvergence pessimism
                          0.33    1.02   library removal time
                                  1.02   data required time
-----------------------------------------------------------------------------
                                  1.02   data required time
                                 -2.43   data arrival time
-----------------------------------------------------------------------------
                                  1.41   slack (MET)


Startpoint: rstn (input port clocked by clk)
Endpoint: _396_ (removal check against rising-edge clock clk)
Path Group: asynchronous
Path Type: min

Fanout     Cap    Slew   Delay    Time   Description
-----------------------------------------------------------------------------
                          0.00    0.00   clock clk (rise edge)
                          0.00    0.00   clock network delay (propagated)
                          2.00    2.00 ^ input external delay
                  0.04    0.02    2.02 ^ rstn (in)
     1    0.01                           rstn (net)
                  0.04    0.00    2.02 ^ input100/A (sky130_fd_sc_hd__clkbuf_2)
                  0.04    0.09    2.11 ^ input100/X (sky130_fd_sc_hd__clkbuf_2)
     2    0.00                           net100 (net)
                  0.04    0.00    2.11 ^ fanout205/A (sky130_fd_sc_hd__buf_4)
                  0.11    0.15    2.26 ^ fanout205/X (sky130_fd_sc_hd__buf_4)
    10    0.04                           net205 (net)
                  0.11    0.00    2.26 ^ fanout204/A (sky130_fd_sc_hd__clkbuf_8)
                  0.08    0.17    2.43 ^ fanout204/X (sky130_fd_sc_hd__clkbuf_8)
    10    0.04                           net204 (net)
                  0.08    0.00    2.43 ^ _396_/RESET_B (sky130_fd_sc_hd__dfrtp_1)
                                  2.43   data arrival time

                          0.00    0.00   clock clk (rise edge)
                          0.00    0.00   clock source latency
                  0.14    0.10    0.10 ^ clk (in)
     1    0.03                           clk (net)
                  0.14    0.00    0.10 ^ clkbuf_0_clk/A (sky130_fd_sc_hd__clkbuf_16)
                  0.08    0.20    0.30 ^ clkbuf_0_clk/X (sky130_fd_sc_hd__clkbuf_16)
     8    0.06                           clknet_0_clk (net)
                  0.08    0.00    0.30 ^ clkbuf_3_2__f_clk/A (sky130_fd_sc_hd__clkbuf_16)
                  0.04    0.14    0.44 ^ clkbuf_3_2__f_clk/X (sky130_fd_sc_hd__clkbuf_16)
     7    0.01                           clknet_3_2__leaf_clk (net)
                  0.04    0.00    0.44 ^ _396_/CLK (sky130_fd_sc_hd__dfrtp_1)
                          0.25    0.69   clock uncertainty
                          0.00    0.69   clock reconvergence pessimism
                          0.33    1.02   library removal time
                                  1.02   data required time
-----------------------------------------------------------------------------
                                  1.02   data required time
                                 -2.43   data arrival time
-----------------------------------------------------------------------------
                                  1.41   slack (MET)


Startpoint: rstn (input port clocked by clk)
Endpoint: _416_ (removal check against rising-edge clock clk)
Path Group: asynchronous
Path Type: min

Fanout     Cap    Slew   Delay    Time   Description
-----------------------------------------------------------------------------
                          0.00    0.00   clock clk (rise edge)
                          0.00    0.00   clock network delay (propagated)
                          2.00    2.00 ^ input external delay
                  0.04    0.02    2.02 ^ rstn (in)
     1    0.01                           rstn (net)
                  0.04    0.00    2.02 ^ input100/A (sky130_fd_sc_hd__clkbuf_2)
                  0.04    0.09    2.11 ^ input100/X (sky130_fd_sc_hd__clkbuf_2)
     2    0.00                           net100 (net)
                  0.04    0.00    2.11 ^ fanout205/A (sky130_fd_sc_hd__buf_4)
                  0.11    0.15    2.26 ^ fanout205/X (sky130_fd_sc_hd__buf_4)
    10    0.04                           net205 (net)
                  0.11    0.00    2.26 ^ fanout204/A (sky130_fd_sc_hd__clkbuf_8)
                  0.08    0.17    2.43 ^ fanout204/X (sky130_fd_sc_hd__clkbuf_8)
    10    0.04                           net204 (net)
                  0.08    0.00    2.43 ^ _416_/RESET_B (sky130_fd_sc_hd__dfrtp_1)
                                  2.43   data arrival time

                          0.00    0.00   clock clk (rise edge)
                          0.00    0.00   clock source latency
                  0.14    0.10    0.10 ^ clk (in)
     1    0.03                           clk (net)
                  0.14    0.00    0.10 ^ clkbuf_0_clk/A (sky130_fd_sc_hd__clkbuf_16)
                  0.08    0.20    0.30 ^ clkbuf_0_clk/X (sky130_fd_sc_hd__clkbuf_16)
     8    0.06                           clknet_0_clk (net)
                  0.08    0.00    0.30 ^ clkbuf_3_2__f_clk/A (sky130_fd_sc_hd__clkbuf_16)
                  0.04    0.14    0.44 ^ clkbuf_3_2__f_clk/X (sky130_fd_sc_hd__clkbuf_16)
     7    0.01                           clknet_3_2__leaf_clk (net)
                  0.04    0.00    0.44 ^ _416_/CLK (sky130_fd_sc_hd__dfrtp_1)
                          0.25    0.69   clock uncertainty
                          0.00    0.69   clock reconvergence pessimism
                          0.33    1.02   library removal time
                                  1.02   data required time
-----------------------------------------------------------------------------
                                  1.02   data required time
                                 -2.43   data arrival time
-----------------------------------------------------------------------------
                                  1.41   slack (MET)


Startpoint: rstn (input port clocked by clk)
Endpoint: _430_ (removal check against rising-edge clock clk)
Path Group: asynchronous
Path Type: min

Fanout     Cap    Slew   Delay    Time   Description
-----------------------------------------------------------------------------
                          0.00    0.00   clock clk (rise edge)
                          0.00    0.00   clock network delay (propagated)
                          2.00    2.00 ^ input external delay
                  0.04    0.02    2.02 ^ rstn (in)
     1    0.01                           rstn (net)
                  0.04    0.00    2.02 ^ input100/A (sky130_fd_sc_hd__clkbuf_2)
                  0.04    0.09    2.11 ^ input100/X (sky130_fd_sc_hd__clkbuf_2)
     2    0.00                           net100 (net)
                  0.04    0.00    2.11 ^ fanout205/A (sky130_fd_sc_hd__buf_4)
                  0.11    0.15    2.26 ^ fanout205/X (sky130_fd_sc_hd__buf_4)
    10    0.04                           net205 (net)
                  0.11    0.00    2.26 ^ fanout204/A (sky130_fd_sc_hd__clkbuf_8)
                  0.08    0.17    2.43 ^ fanout204/X (sky130_fd_sc_hd__clkbuf_8)
    10    0.04                           net204 (net)
                  0.08    0.00    2.43 ^ _430_/RESET_B (sky130_fd_sc_hd__dfrtp_1)
                                  2.43   data arrival time

                          0.00    0.00   clock clk (rise edge)
                          0.00    0.00   clock source latency
                  0.14    0.10    0.10 ^ clk (in)
     1    0.03                           clk (net)
                  0.14    0.00    0.10 ^ clkbuf_0_clk/A (sky130_fd_sc_hd__clkbuf_16)
                  0.08    0.20    0.30 ^ clkbuf_0_clk/X (sky130_fd_sc_hd__clkbuf_16)
     8    0.06                           clknet_0_clk (net)
                  0.08    0.00    0.30 ^ clkbuf_3_2__f_clk/A (sky130_fd_sc_hd__clkbuf_16)
                  0.04    0.14    0.44 ^ clkbuf_3_2__f_clk/X (sky130_fd_sc_hd__clkbuf_16)
     7    0.01                           clknet_3_2__leaf_clk (net)
                  0.04    0.00    0.44 ^ _430_/CLK (sky130_fd_sc_hd__dfrtp_1)
                          0.25    0.69   clock uncertainty
                          0.00    0.69   clock reconvergence pessimism
                          0.33    1.02   library removal time
                                  1.02   data required time
-----------------------------------------------------------------------------
                                  1.02   data required time
                                 -2.43   data arrival time
-----------------------------------------------------------------------------
                                  1.41   slack (MET)


Startpoint: rstn (input port clocked by clk)
Endpoint: _433_ (removal check against rising-edge clock clk)
Path Group: asynchronous
Path Type: min

Fanout     Cap    Slew   Delay    Time   Description
-----------------------------------------------------------------------------
                          0.00    0.00   clock clk (rise edge)
                          0.00    0.00   clock network delay (propagated)
                          2.00    2.00 ^ input external delay
                  0.04    0.02    2.02 ^ rstn (in)
     1    0.01                           rstn (net)
                  0.04    0.00    2.02 ^ input100/A (sky130_fd_sc_hd__clkbuf_2)
                  0.04    0.09    2.11 ^ input100/X (sky130_fd_sc_hd__clkbuf_2)
     2    0.00                           net100 (net)
                  0.04    0.00    2.11 ^ fanout205/A (sky130_fd_sc_hd__buf_4)
                  0.11    0.15    2.26 ^ fanout205/X (sky130_fd_sc_hd__buf_4)
    10    0.04                           net205 (net)
                  0.11    0.00    2.26 ^ fanout204/A (sky130_fd_sc_hd__clkbuf_8)
                  0.08    0.17    2.43 ^ fanout204/X (sky130_fd_sc_hd__clkbuf_8)
    10    0.04                           net204 (net)
                  0.08    0.00    2.43 ^ _433_/RESET_B (sky130_fd_sc_hd__dfrtp_1)
                                  2.43   data arrival time

                          0.00    0.00   clock clk (rise edge)
                          0.00    0.00   clock source latency
                  0.14    0.10    0.10 ^ clk (in)
     1    0.03                           clk (net)
                  0.14    0.00    0.10 ^ clkbuf_0_clk/A (sky130_fd_sc_hd__clkbuf_16)
                  0.08    0.20    0.30 ^ clkbuf_0_clk/X (sky130_fd_sc_hd__clkbuf_16)
     8    0.06                           clknet_0_clk (net)
                  0.08    0.00    0.30 ^ clkbuf_3_2__f_clk/A (sky130_fd_sc_hd__clkbuf_16)
                  0.04    0.14    0.44 ^ clkbuf_3_2__f_clk/X (sky130_fd_sc_hd__clkbuf_16)
     7    0.01                           clknet_3_2__leaf_clk (net)
                  0.04    0.00    0.44 ^ _433_/CLK (sky130_fd_sc_hd__dfrtp_1)
                          0.25    0.69   clock uncertainty
                          0.00    0.69   clock reconvergence pessimism
                          0.33    1.02   library removal time
                                  1.02   data required time
-----------------------------------------------------------------------------
                                  1.02   data required time
                                 -2.43   data arrival time
-----------------------------------------------------------------------------
                                  1.41   slack (MET)


Startpoint: rstn (input port clocked by clk)
Endpoint: _436_ (removal check against rising-edge clock clk)
Path Group: asynchronous
Path Type: min

Fanout     Cap    Slew   Delay    Time   Description
-----------------------------------------------------------------------------
                          0.00    0.00   clock clk (rise edge)
                          0.00    0.00   clock network delay (propagated)
                          2.00    2.00 ^ input external delay
                  0.04    0.02    2.02 ^ rstn (in)
     1    0.01                           rstn (net)
                  0.04    0.00    2.02 ^ input100/A (sky130_fd_sc_hd__clkbuf_2)
                  0.04    0.09    2.11 ^ input100/X (sky130_fd_sc_hd__clkbuf_2)
     2    0.00                           net100 (net)
                  0.04    0.00    2.11 ^ fanout205/A (sky130_fd_sc_hd__buf_4)
                  0.11    0.15    2.26 ^ fanout205/X (sky130_fd_sc_hd__buf_4)
    10    0.04                           net205 (net)
                  0.11    0.00    2.26 ^ fanout204/A (sky130_fd_sc_hd__clkbuf_8)
                  0.08    0.17    2.43 ^ fanout204/X (sky130_fd_sc_hd__clkbuf_8)
    10    0.04                           net204 (net)
                  0.08    0.00    2.43 ^ _436_/RESET_B (sky130_fd_sc_hd__dfrtp_1)
                                  2.43   data arrival time

                          0.00    0.00   clock clk (rise edge)
                          0.00    0.00   clock source latency
                  0.14    0.10    0.10 ^ clk (in)
     1    0.03                           clk (net)
                  0.14    0.00    0.10 ^ clkbuf_0_clk/A (sky130_fd_sc_hd__clkbuf_16)
                  0.08    0.20    0.30 ^ clkbuf_0_clk/X (sky130_fd_sc_hd__clkbuf_16)
     8    0.06                           clknet_0_clk (net)
                  0.08    0.00    0.30 ^ clkbuf_3_2__f_clk/A (sky130_fd_sc_hd__clkbuf_16)
                  0.04    0.14    0.44 ^ clkbuf_3_2__f_clk/X (sky130_fd_sc_hd__clkbuf_16)
     7    0.01                           clknet_3_2__leaf_clk (net)
                  0.04    0.00    0.44 ^ _436_/CLK (sky130_fd_sc_hd__dfrtp_1)
                          0.25    0.69   clock uncertainty
                          0.00    0.69   clock reconvergence pessimism
                          0.33    1.02   library removal time
                                  1.02   data required time
-----------------------------------------------------------------------------
                                  1.02   data required time
                                 -2.43   data arrival time
-----------------------------------------------------------------------------
                                  1.41   slack (MET)


Startpoint: rstn (input port clocked by clk)
Endpoint: _451_ (removal check against rising-edge clock clk)
Path Group: asynchronous
Path Type: min

Fanout     Cap    Slew   Delay    Time   Description
-----------------------------------------------------------------------------
                          0.00    0.00   clock clk (rise edge)
                          0.00    0.00   clock network delay (propagated)
                          2.00    2.00 ^ input external delay
                  0.04    0.02    2.02 ^ rstn (in)
     1    0.01                           rstn (net)
                  0.04    0.00    2.02 ^ input100/A (sky130_fd_sc_hd__clkbuf_2)
                  0.04    0.09    2.11 ^ input100/X (sky130_fd_sc_hd__clkbuf_2)
     2    0.00                           net100 (net)
                  0.04    0.00    2.11 ^ fanout205/A (sky130_fd_sc_hd__buf_4)
                  0.11    0.15    2.26 ^ fanout205/X (sky130_fd_sc_hd__buf_4)
    10    0.04                           net205 (net)
                  0.11    0.00    2.26 ^ fanout204/A (sky130_fd_sc_hd__clkbuf_8)
                  0.08    0.17    2.43 ^ fanout204/X (sky130_fd_sc_hd__clkbuf_8)
    10    0.04                           net204 (net)
                  0.08    0.00    2.43 ^ _451_/RESET_B (sky130_fd_sc_hd__dfrtp_1)
                                  2.43   data arrival time

                          0.00    0.00   clock clk (rise edge)
                          0.00    0.00   clock source latency
                  0.14    0.10    0.10 ^ clk (in)
     1    0.03                           clk (net)
                  0.14    0.00    0.10 ^ clkbuf_0_clk/A (sky130_fd_sc_hd__clkbuf_16)
                  0.08    0.20    0.30 ^ clkbuf_0_clk/X (sky130_fd_sc_hd__clkbuf_16)
     8    0.06                           clknet_0_clk (net)
                  0.08    0.00    0.30 ^ clkbuf_3_2__f_clk/A (sky130_fd_sc_hd__clkbuf_16)
                  0.04    0.14    0.44 ^ clkbuf_3_2__f_clk/X (sky130_fd_sc_hd__clkbuf_16)
     7    0.01                           clknet_3_2__leaf_clk (net)
                  0.04    0.00    0.44 ^ _451_/CLK (sky130_fd_sc_hd__dfrtp_1)
                          0.25    0.69   clock uncertainty
                          0.00    0.69   clock reconvergence pessimism
                          0.33    1.02   library removal time
                                  1.02   data required time
-----------------------------------------------------------------------------
                                  1.02   data required time
                                 -2.43   data arrival time
-----------------------------------------------------------------------------
                                  1.41   slack (MET)


Startpoint: rstn (input port clocked by clk)
Endpoint: _443_ (removal check against rising-edge clock clk)
Path Group: asynchronous
Path Type: min

Fanout     Cap    Slew   Delay    Time   Description
-----------------------------------------------------------------------------
                          0.00    0.00   clock clk (rise edge)
                          0.00    0.00   clock network delay (propagated)
                          2.00    2.00 ^ input external delay
                  0.04    0.02    2.02 ^ rstn (in)
     1    0.01                           rstn (net)
                  0.04    0.00    2.02 ^ input100/A (sky130_fd_sc_hd__clkbuf_2)
                  0.04    0.09    2.11 ^ input100/X (sky130_fd_sc_hd__clkbuf_2)
     2    0.00                           net100 (net)
                  0.04    0.00    2.11 ^ fanout205/A (sky130_fd_sc_hd__buf_4)
                  0.11    0.15    2.26 ^ fanout205/X (sky130_fd_sc_hd__buf_4)
    10    0.04                           net205 (net)
                  0.11    0.00    2.26 ^ fanout204/A (sky130_fd_sc_hd__clkbuf_8)
                  0.08    0.17    2.43 ^ fanout204/X (sky130_fd_sc_hd__clkbuf_8)
    10    0.04                           net204 (net)
                  0.08    0.00    2.43 ^ _443_/RESET_B (sky130_fd_sc_hd__dfrtp_1)
                                  2.43   data arrival time

                          0.00    0.00   clock clk (rise edge)
                          0.00    0.00   clock source latency
                  0.14    0.10    0.10 ^ clk (in)
     1    0.03                           clk (net)
                  0.14    0.00    0.10 ^ clkbuf_0_clk/A (sky130_fd_sc_hd__clkbuf_16)
                  0.08    0.20    0.30 ^ clkbuf_0_clk/X (sky130_fd_sc_hd__clkbuf_16)
     8    0.06                           clknet_0_clk (net)
                  0.08    0.00    0.30 ^ clkbuf_3_3__f_clk/A (sky130_fd_sc_hd__clkbuf_16)
                  0.03    0.14    0.44 ^ clkbuf_3_3__f_clk/X (sky130_fd_sc_hd__clkbuf_16)
     5    0.01                           clknet_3_3__leaf_clk (net)
                  0.03    0.00    0.44 ^ _443_/CLK (sky130_fd_sc_hd__dfrtp_1)
                          0.25    0.69   clock uncertainty
                          0.00    0.69   clock reconvergence pessimism
                          0.33    1.01   library removal time
                                  1.01   data required time
-----------------------------------------------------------------------------
                                  1.01   data required time
                                 -2.43   data arrival time
-----------------------------------------------------------------------------
                                  1.41   slack (MET)


Startpoint: rstn (input port clocked by clk)
Endpoint: _446_ (removal check against rising-edge clock clk)
Path Group: asynchronous
Path Type: min

Fanout     Cap    Slew   Delay    Time   Description
-----------------------------------------------------------------------------
                          0.00    0.00   clock clk (rise edge)
                          0.00    0.00   clock network delay (propagated)
                          2.00    2.00 ^ input external delay
                  0.04    0.02    2.02 ^ rstn (in)
     1    0.01                           rstn (net)
                  0.04    0.00    2.02 ^ input100/A (sky130_fd_sc_hd__clkbuf_2)
                  0.04    0.09    2.11 ^ input100/X (sky130_fd_sc_hd__clkbuf_2)
     2    0.00                           net100 (net)
                  0.04    0.00    2.11 ^ fanout210/A (sky130_fd_sc_hd__clkbuf_4)
                  0.08    0.15    2.26 ^ fanout210/X (sky130_fd_sc_hd__clkbuf_4)
     6    0.02                           net210 (net)
                  0.08    0.00    2.26 ^ fanout207/A (sky130_fd_sc_hd__clkbuf_4)
                  0.15    0.21    2.47 ^ fanout207/X (sky130_fd_sc_hd__clkbuf_4)
     8    0.05                           net207 (net)
                  0.15    0.00    2.48 ^ _446_/RESET_B (sky130_fd_sc_hd__dfrtp_1)
                                  2.48   data arrival time

                          0.00    0.00   clock clk (rise edge)
                          0.00    0.00   clock source latency
                  0.14    0.10    0.10 ^ clk (in)
     1    0.03                           clk (net)
                  0.14    0.00    0.10 ^ clkbuf_0_clk/A (sky130_fd_sc_hd__clkbuf_16)
                  0.08    0.20    0.30 ^ clkbuf_0_clk/X (sky130_fd_sc_hd__clkbuf_16)
     8    0.06                           clknet_0_clk (net)
                  0.08    0.00    0.30 ^ clkbuf_3_4__f_clk/A (sky130_fd_sc_hd__clkbuf_16)
                  0.05    0.15    0.46 ^ clkbuf_3_4__f_clk/X (sky130_fd_sc_hd__clkbuf_16)
    14    0.03                           clknet_3_4__leaf_clk (net)
                  0.05    0.00    0.46 ^ _446_/CLK (sky130_fd_sc_hd__dfrtp_1)
                          0.25    0.71   clock uncertainty
                          0.00    0.71   clock reconvergence pessimism
                          0.35    1.06   library removal time
                                  1.06   data required time
-----------------------------------------------------------------------------
                                  1.06   data required time
                                 -2.48   data arrival time
-----------------------------------------------------------------------------
                                  1.42   slack (MET)


Startpoint: rstn (input port clocked by clk)
Endpoint: _423_ (removal check against rising-edge clock clk)
Path Group: asynchronous
Path Type: min

Fanout     Cap    Slew   Delay    Time   Description
-----------------------------------------------------------------------------
                          0.00    0.00   clock clk (rise edge)
                          0.00    0.00   clock network delay (propagated)
                          2.00    2.00 ^ input external delay
                  0.04    0.02    2.02 ^ rstn (in)
     1    0.01                           rstn (net)
                  0.04    0.00    2.02 ^ input100/A (sky130_fd_sc_hd__clkbuf_2)
                  0.04    0.09    2.11 ^ input100/X (sky130_fd_sc_hd__clkbuf_2)
     2    0.00                           net100 (net)
                  0.04    0.00    2.11 ^ fanout210/A (sky130_fd_sc_hd__clkbuf_4)
                  0.08    0.15    2.26 ^ fanout210/X (sky130_fd_sc_hd__clkbuf_4)
     6    0.02                           net210 (net)
                  0.08    0.00    2.26 ^ fanout207/A (sky130_fd_sc_hd__clkbuf_4)
                  0.15    0.21    2.47 ^ fanout207/X (sky130_fd_sc_hd__clkbuf_4)
     8    0.05                           net207 (net)
                  0.15    0.01    2.48 ^ _423_/RESET_B (sky130_fd_sc_hd__dfrtp_1)
                                  2.48   data arrival time

                          0.00    0.00   clock clk (rise edge)
                          0.00    0.00   clock source latency
                  0.14    0.10    0.10 ^ clk (in)
     1    0.03                           clk (net)
                  0.14    0.00    0.10 ^ clkbuf_0_clk/A (sky130_fd_sc_hd__clkbuf_16)
                  0.08    0.20    0.30 ^ clkbuf_0_clk/X (sky130_fd_sc_hd__clkbuf_16)
     8    0.06                           clknet_0_clk (net)
                  0.08    0.00    0.30 ^ clkbuf_3_4__f_clk/A (sky130_fd_sc_hd__clkbuf_16)
                  0.05    0.15    0.46 ^ clkbuf_3_4__f_clk/X (sky130_fd_sc_hd__clkbuf_16)
    14    0.03                           clknet_3_4__leaf_clk (net)
                  0.05    0.00    0.46 ^ _423_/CLK (sky130_fd_sc_hd__dfrtp_1)
                          0.25    0.71   clock uncertainty
                          0.00    0.71   clock reconvergence pessimism
                          0.35    1.06   library removal time
                                  1.06   data required time
-----------------------------------------------------------------------------
                                  1.06   data required time
                                 -2.48   data arrival time
-----------------------------------------------------------------------------
                                  1.42   slack (MET)


Startpoint: rstn (input port clocked by clk)
Endpoint: _426_ (removal check against rising-edge clock clk)
Path Group: asynchronous
Path Type: min

Fanout     Cap    Slew   Delay    Time   Description
-----------------------------------------------------------------------------
                          0.00    0.00   clock clk (rise edge)
                          0.00    0.00   clock network delay (propagated)
                          2.00    2.00 ^ input external delay
                  0.04    0.02    2.02 ^ rstn (in)
     1    0.01                           rstn (net)
                  0.04    0.00    2.02 ^ input100/A (sky130_fd_sc_hd__clkbuf_2)
                  0.04    0.09    2.11 ^ input100/X (sky130_fd_sc_hd__clkbuf_2)
     2    0.00                           net100 (net)
                  0.04    0.00    2.11 ^ fanout210/A (sky130_fd_sc_hd__clkbuf_4)
                  0.08    0.15    2.26 ^ fanout210/X (sky130_fd_sc_hd__clkbuf_4)
     6    0.02                           net210 (net)
                  0.08    0.00    2.26 ^ fanout207/A (sky130_fd_sc_hd__clkbuf_4)
                  0.15    0.21    2.47 ^ fanout207/X (sky130_fd_sc_hd__clkbuf_4)
     8    0.05                           net207 (net)
                  0.15    0.01    2.48 ^ _426_/RESET_B (sky130_fd_sc_hd__dfrtp_1)
                                  2.48   data arrival time

                          0.00    0.00   clock clk (rise edge)
                          0.00    0.00   clock source latency
                  0.14    0.10    0.10 ^ clk (in)
     1    0.03                           clk (net)
                  0.14    0.00    0.10 ^ clkbuf_0_clk/A (sky130_fd_sc_hd__clkbuf_16)
                  0.08    0.20    0.30 ^ clkbuf_0_clk/X (sky130_fd_sc_hd__clkbuf_16)
     8    0.06                           clknet_0_clk (net)
                  0.08    0.00    0.30 ^ clkbuf_3_4__f_clk/A (sky130_fd_sc_hd__clkbuf_16)
                  0.05    0.15    0.46 ^ clkbuf_3_4__f_clk/X (sky130_fd_sc_hd__clkbuf_16)
    14    0.03                           clknet_3_4__leaf_clk (net)
                  0.05    0.00    0.46 ^ _426_/CLK (sky130_fd_sc_hd__dfrtp_1)
                          0.25    0.71   clock uncertainty
                          0.00    0.71   clock reconvergence pessimism
                          0.35    1.06   library removal time
                                  1.06   data required time
-----------------------------------------------------------------------------
                                  1.06   data required time
                                 -2.48   data arrival time
-----------------------------------------------------------------------------
                                  1.42   slack (MET)


Startpoint: rstn (input port clocked by clk)
Endpoint: _432_ (removal check against rising-edge clock clk)
Path Group: asynchronous
Path Type: min

Fanout     Cap    Slew   Delay    Time   Description
-----------------------------------------------------------------------------
                          0.00    0.00   clock clk (rise edge)
                          0.00    0.00   clock network delay (propagated)
                          2.00    2.00 ^ input external delay
                  0.04    0.02    2.02 ^ rstn (in)
     1    0.01                           rstn (net)
                  0.04    0.00    2.02 ^ input100/A (sky130_fd_sc_hd__clkbuf_2)
                  0.04    0.09    2.11 ^ input100/X (sky130_fd_sc_hd__clkbuf_2)
     2    0.00                           net100 (net)
                  0.04    0.00    2.11 ^ fanout210/A (sky130_fd_sc_hd__clkbuf_4)
                  0.08    0.15    2.26 ^ fanout210/X (sky130_fd_sc_hd__clkbuf_4)
     6    0.02                           net210 (net)
                  0.08    0.00    2.26 ^ fanout207/A (sky130_fd_sc_hd__clkbuf_4)
                  0.15    0.21    2.47 ^ fanout207/X (sky130_fd_sc_hd__clkbuf_4)
     8    0.05                           net207 (net)
                  0.15    0.00    2.48 ^ _432_/RESET_B (sky130_fd_sc_hd__dfrtp_1)
                                  2.48   data arrival time

                          0.00    0.00   clock clk (rise edge)
                          0.00    0.00   clock source latency
                  0.14    0.10    0.10 ^ clk (in)
     1    0.03                           clk (net)
                  0.14    0.00    0.10 ^ clkbuf_0_clk/A (sky130_fd_sc_hd__clkbuf_16)
                  0.08    0.20    0.30 ^ clkbuf_0_clk/X (sky130_fd_sc_hd__clkbuf_16)
     8    0.06                           clknet_0_clk (net)
                  0.08    0.00    0.30 ^ clkbuf_3_5__f_clk/A (sky130_fd_sc_hd__clkbuf_16)
                  0.04    0.15    0.45 ^ clkbuf_3_5__f_clk/X (sky130_fd_sc_hd__clkbuf_16)
    10    0.02                           clknet_3_5__leaf_clk (net)
                  0.04    0.00    0.45 ^ _432_/CLK (sky130_fd_sc_hd__dfrtp_1)
                          0.25    0.70   clock uncertainty
                          0.00    0.70   clock reconvergence pessimism
                          0.35    1.05   library removal time
                                  1.05   data required time
-----------------------------------------------------------------------------
                                  1.05   data required time
                                 -2.48   data arrival time
-----------------------------------------------------------------------------
                                  1.43   slack (MET)


Startpoint: rstn (input port clocked by clk)
Endpoint: _407_ (removal check against rising-edge clock clk)
Path Group: asynchronous
Path Type: min

Fanout     Cap    Slew   Delay    Time   Description
-----------------------------------------------------------------------------
                          0.00    0.00   clock clk (rise edge)
                          0.00    0.00   clock network delay (propagated)
                          2.00    2.00 ^ input external delay
                  0.04    0.02    2.02 ^ rstn (in)
     1    0.01                           rstn (net)
                  0.04    0.00    2.02 ^ input100/A (sky130_fd_sc_hd__clkbuf_2)
                  0.04    0.09    2.11 ^ input100/X (sky130_fd_sc_hd__clkbuf_2)
     2    0.00                           net100 (net)
                  0.04    0.00    2.11 ^ fanout210/A (sky130_fd_sc_hd__clkbuf_4)
                  0.08    0.15    2.26 ^ fanout210/X (sky130_fd_sc_hd__clkbuf_4)
     6    0.02                           net210 (net)
                  0.08    0.00    2.26 ^ fanout207/A (sky130_fd_sc_hd__clkbuf_4)
                  0.15    0.21    2.47 ^ fanout207/X (sky130_fd_sc_hd__clkbuf_4)
     8    0.05                           net207 (net)
                  0.15    0.01    2.48 ^ _407_/RESET_B (sky130_fd_sc_hd__dfrtp_1)
                                  2.48   data arrival time

                          0.00    0.00   clock clk (rise edge)
                          0.00    0.00   clock source latency
                  0.14    0.10    0.10 ^ clk (in)
     1    0.03                           clk (net)
                  0.14    0.00    0.10 ^ clkbuf_0_clk/A (sky130_fd_sc_hd__clkbuf_16)
                  0.08    0.20    0.30 ^ clkbuf_0_clk/X (sky130_fd_sc_hd__clkbuf_16)
     8    0.06                           clknet_0_clk (net)
                  0.08    0.00    0.30 ^ clkbuf_3_5__f_clk/A (sky130_fd_sc_hd__clkbuf_16)
                  0.04    0.15    0.45 ^ clkbuf_3_5__f_clk/X (sky130_fd_sc_hd__clkbuf_16)
    10    0.02                           clknet_3_5__leaf_clk (net)
                  0.04    0.00    0.45 ^ _407_/CLK (sky130_fd_sc_hd__dfrtp_1)
                          0.25    0.70   clock uncertainty
                          0.00    0.70   clock reconvergence pessimism
                          0.35    1.05   library removal time
                                  1.05   data required time
-----------------------------------------------------------------------------
                                  1.05   data required time
                                 -2.48   data arrival time
-----------------------------------------------------------------------------
                                  1.43   slack (MET)


Startpoint: rstn (input port clocked by clk)
Endpoint: _405_ (removal check against rising-edge clock clk)
Path Group: asynchronous
Path Type: min

Fanout     Cap    Slew   Delay    Time   Description
-----------------------------------------------------------------------------
                          0.00    0.00   clock clk (rise edge)
                          0.00    0.00   clock network delay (propagated)
                          2.00    2.00 ^ input external delay
                  0.04    0.02    2.02 ^ rstn (in)
     1    0.01                           rstn (net)
                  0.04    0.00    2.02 ^ input100/A (sky130_fd_sc_hd__clkbuf_2)
                  0.04    0.09    2.11 ^ input100/X (sky130_fd_sc_hd__clkbuf_2)
     2    0.00                           net100 (net)
                  0.04    0.00    2.11 ^ fanout210/A (sky130_fd_sc_hd__clkbuf_4)
                  0.08    0.15    2.26 ^ fanout210/X (sky130_fd_sc_hd__clkbuf_4)
     6    0.02                           net210 (net)
                  0.08    0.00    2.26 ^ fanout207/A (sky130_fd_sc_hd__clkbuf_4)
                  0.15    0.21    2.47 ^ fanout207/X (sky130_fd_sc_hd__clkbuf_4)
     8    0.05                           net207 (net)
                  0.15    0.01    2.48 ^ _405_/RESET_B (sky130_fd_sc_hd__dfrtp_2)
                                  2.48   data arrival time

                          0.00    0.00   clock clk (rise edge)
                          0.00    0.00   clock source latency
                  0.14    0.10    0.10 ^ clk (in)
     1    0.03                           clk (net)
                  0.14    0.00    0.10 ^ clkbuf_0_clk/A (sky130_fd_sc_hd__clkbuf_16)
                  0.08    0.20    0.30 ^ clkbuf_0_clk/X (sky130_fd_sc_hd__clkbuf_16)
     8    0.06                           clknet_0_clk (net)
                  0.08    0.00    0.30 ^ clkbuf_3_5__f_clk/A (sky130_fd_sc_hd__clkbuf_16)
                  0.04    0.15    0.45 ^ clkbuf_3_5__f_clk/X (sky130_fd_sc_hd__clkbuf_16)
    10    0.02                           clknet_3_5__leaf_clk (net)
                  0.04    0.00    0.45 ^ _405_/CLK (sky130_fd_sc_hd__dfrtp_2)
                          0.25    0.70   clock uncertainty
                          0.00    0.70   clock reconvergence pessimism
                          0.35    1.05   library removal time
                                  1.05   data required time
-----------------------------------------------------------------------------
                                  1.05   data required time
                                 -2.48   data arrival time
-----------------------------------------------------------------------------
                                  1.43   slack (MET)


Startpoint: rstn (input port clocked by clk)
Endpoint: _444_ (removal check against rising-edge clock clk)
Path Group: asynchronous
Path Type: min

Fanout     Cap    Slew   Delay    Time   Description
-----------------------------------------------------------------------------
                          0.00    0.00   clock clk (rise edge)
                          0.00    0.00   clock network delay (propagated)
                          2.00    2.00 ^ input external delay
                  0.04    0.02    2.02 ^ rstn (in)
     1    0.01                           rstn (net)
                  0.04    0.00    2.02 ^ input100/A (sky130_fd_sc_hd__clkbuf_2)
                  0.04    0.09    2.11 ^ input100/X (sky130_fd_sc_hd__clkbuf_2)
     2    0.00                           net100 (net)
                  0.04    0.00    2.11 ^ fanout210/A (sky130_fd_sc_hd__clkbuf_4)
                  0.08    0.15    2.26 ^ fanout210/X (sky130_fd_sc_hd__clkbuf_4)
     6    0.02                           net210 (net)
                  0.08    0.00    2.26 ^ fanout207/A (sky130_fd_sc_hd__clkbuf_4)
                  0.15    0.21    2.47 ^ fanout207/X (sky130_fd_sc_hd__clkbuf_4)
     8    0.05                           net207 (net)
                  0.15    0.01    2.48 ^ _444_/RESET_B (sky130_fd_sc_hd__dfrtp_1)
                                  2.48   data arrival time

                          0.00    0.00   clock clk (rise edge)
                          0.00    0.00   clock source latency
                  0.14    0.10    0.10 ^ clk (in)
     1    0.03                           clk (net)
                  0.14    0.00    0.10 ^ clkbuf_0_clk/A (sky130_fd_sc_hd__clkbuf_16)
                  0.08    0.20    0.30 ^ clkbuf_0_clk/X (sky130_fd_sc_hd__clkbuf_16)
     8    0.06                           clknet_0_clk (net)
                  0.08    0.00    0.30 ^ clkbuf_3_0__f_clk/A (sky130_fd_sc_hd__clkbuf_16)
                  0.04    0.14    0.44 ^ clkbuf_3_0__f_clk/X (sky130_fd_sc_hd__clkbuf_16)
     7    0.01                           clknet_3_0__leaf_clk (net)
                  0.04    0.00    0.44 ^ _444_/CLK (sky130_fd_sc_hd__dfrtp_1)
                          0.25    0.69   clock uncertainty
                          0.00    0.69   clock reconvergence pessimism
                          0.35    1.04   library removal time
                                  1.04   data required time
-----------------------------------------------------------------------------
                                  1.04   data required time
                                 -2.48   data arrival time
-----------------------------------------------------------------------------
                                  1.44   slack (MET)


Startpoint: rstn (input port clocked by clk)
Endpoint: _437_ (removal check against rising-edge clock clk)
Path Group: asynchronous
Path Type: min

Fanout     Cap    Slew   Delay    Time   Description
-----------------------------------------------------------------------------
                          0.00    0.00   clock clk (rise edge)
                          0.00    0.00   clock network delay (propagated)
                          2.00    2.00 ^ input external delay
                  0.04    0.02    2.02 ^ rstn (in)
     1    0.01                           rstn (net)
                  0.04    0.00    2.02 ^ input100/A (sky130_fd_sc_hd__clkbuf_2)
                  0.04    0.09    2.11 ^ input100/X (sky130_fd_sc_hd__clkbuf_2)
     2    0.00                           net100 (net)
                  0.04    0.00    2.11 ^ fanout205/A (sky130_fd_sc_hd__buf_4)
                  0.11    0.15    2.26 ^ fanout205/X (sky130_fd_sc_hd__buf_4)
    10    0.04                           net205 (net)
                  0.11    0.00    2.26 ^ fanout204/A (sky130_fd_sc_hd__clkbuf_8)
                  0.08    0.17    2.43 ^ fanout204/X (sky130_fd_sc_hd__clkbuf_8)
    10    0.04                           net204 (net)
                  0.08    0.00    2.43 ^ fanout203/A (sky130_fd_sc_hd__buf_4)
                  0.11    0.16    2.59 ^ fanout203/X (sky130_fd_sc_hd__buf_4)
    10    0.04                           net203 (net)
                  0.11    0.00    2.59 ^ _437_/RESET_B (sky130_fd_sc_hd__dfrtp_2)
                                  2.59   data arrival time

                          0.00    0.00   clock clk (rise edge)
                          0.00    0.00   clock source latency
                  0.14    0.10    0.10 ^ clk (in)
     1    0.03                           clk (net)
                  0.14    0.00    0.10 ^ clkbuf_0_clk/A (sky130_fd_sc_hd__clkbuf_16)
                  0.08    0.20    0.30 ^ clkbuf_0_clk/X (sky130_fd_sc_hd__clkbuf_16)
     8    0.06                           clknet_0_clk (net)
                  0.08    0.00    0.30 ^ clkbuf_3_6__f_clk/A (sky130_fd_sc_hd__clkbuf_16)
                  0.05    0.16    0.46 ^ clkbuf_3_6__f_clk/X (sky130_fd_sc_hd__clkbuf_16)
     7    0.03                           clknet_3_6__leaf_clk (net)
                  0.05    0.00    0.46 ^ _437_/CLK (sky130_fd_sc_hd__dfrtp_2)
                          0.25    0.71   clock uncertainty
                          0.00    0.71   clock reconvergence pessimism
                          0.34    1.05   library removal time
                                  1.05   data required time
-----------------------------------------------------------------------------
                                  1.05   data required time
                                 -2.59   data arrival time
-----------------------------------------------------------------------------
                                  1.54   slack (MET)


Startpoint: rstn (input port clocked by clk)
Endpoint: _418_ (removal check against rising-edge clock clk)
Path Group: asynchronous
Path Type: min

Fanout     Cap    Slew   Delay    Time   Description
-----------------------------------------------------------------------------
                          0.00    0.00   clock clk (rise edge)
                          0.00    0.00   clock network delay (propagated)
                          2.00    2.00 ^ input external delay
                  0.04    0.02    2.02 ^ rstn (in)
     1    0.01                           rstn (net)
                  0.04    0.00    2.02 ^ input100/A (sky130_fd_sc_hd__clkbuf_2)
                  0.04    0.09    2.11 ^ input100/X (sky130_fd_sc_hd__clkbuf_2)
     2    0.00                           net100 (net)
                  0.04    0.00    2.11 ^ fanout205/A (sky130_fd_sc_hd__buf_4)
                  0.11    0.15    2.26 ^ fanout205/X (sky130_fd_sc_hd__buf_4)
    10    0.04                           net205 (net)
                  0.11    0.00    2.26 ^ fanout204/A (sky130_fd_sc_hd__clkbuf_8)
                  0.08    0.17    2.43 ^ fanout204/X (sky130_fd_sc_hd__clkbuf_8)
    10    0.04                           net204 (net)
                  0.08    0.00    2.43 ^ fanout203/A (sky130_fd_sc_hd__buf_4)
                  0.11    0.16    2.59 ^ fanout203/X (sky130_fd_sc_hd__buf_4)
    10    0.04                           net203 (net)
                  0.11    0.00    2.59 ^ _418_/RESET_B (sky130_fd_sc_hd__dfrtp_4)
                                  2.59   data arrival time

                          0.00    0.00   clock clk (rise edge)
                          0.00    0.00   clock source latency
                  0.14    0.10    0.10 ^ clk (in)
     1    0.03                           clk (net)
                  0.14    0.00    0.10 ^ clkbuf_0_clk/A (sky130_fd_sc_hd__clkbuf_16)
                  0.08    0.20    0.30 ^ clkbuf_0_clk/X (sky130_fd_sc_hd__clkbuf_16)
     8    0.06                           clknet_0_clk (net)
                  0.08    0.00    0.30 ^ clkbuf_3_1__f_clk/A (sky130_fd_sc_hd__clkbuf_16)
                  0.05    0.15    0.46 ^ clkbuf_3_1__f_clk/X (sky130_fd_sc_hd__clkbuf_16)
     9    0.03                           clknet_3_1__leaf_clk (net)
                  0.05    0.00    0.46 ^ _418_/CLK (sky130_fd_sc_hd__dfrtp_4)
                          0.25    0.71   clock uncertainty
                          0.00    0.71   clock reconvergence pessimism
                          0.34    1.05   library removal time
                                  1.05   data required time
-----------------------------------------------------------------------------
                                  1.05   data required time
                                 -2.59   data arrival time
-----------------------------------------------------------------------------
                                  1.54   slack (MET)


Startpoint: rstn (input port clocked by clk)
Endpoint: _410_ (removal check against rising-edge clock clk)
Path Group: asynchronous
Path Type: min

Fanout     Cap    Slew   Delay    Time   Description
-----------------------------------------------------------------------------
                          0.00    0.00   clock clk (rise edge)
                          0.00    0.00   clock network delay (propagated)
                          2.00    2.00 ^ input external delay
                  0.04    0.02    2.02 ^ rstn (in)
     1    0.01                           rstn (net)
                  0.04    0.00    2.02 ^ input100/A (sky130_fd_sc_hd__clkbuf_2)
                  0.04    0.09    2.11 ^ input100/X (sky130_fd_sc_hd__clkbuf_2)
     2    0.00                           net100 (net)
                  0.04    0.00    2.11 ^ fanout205/A (sky130_fd_sc_hd__buf_4)
                  0.11    0.15    2.26 ^ fanout205/X (sky130_fd_sc_hd__buf_4)
    10    0.04                           net205 (net)
                  0.11    0.00    2.26 ^ fanout204/A (sky130_fd_sc_hd__clkbuf_8)
                  0.08    0.17    2.43 ^ fanout204/X (sky130_fd_sc_hd__clkbuf_8)
    10    0.04                           net204 (net)
                  0.08    0.00    2.43 ^ fanout203/A (sky130_fd_sc_hd__buf_4)
                  0.11    0.16    2.59 ^ fanout203/X (sky130_fd_sc_hd__buf_4)
    10    0.04                           net203 (net)
                  0.11    0.00    2.59 ^ _410_/RESET_B (sky130_fd_sc_hd__dfrtp_4)
                                  2.59   data arrival time

                          0.00    0.00   clock clk (rise edge)
                          0.00    0.00   clock source latency
                  0.14    0.10    0.10 ^ clk (in)
     1    0.03                           clk (net)
                  0.14    0.00    0.10 ^ clkbuf_0_clk/A (sky130_fd_sc_hd__clkbuf_16)
                  0.08    0.20    0.30 ^ clkbuf_0_clk/X (sky130_fd_sc_hd__clkbuf_16)
     8    0.06                           clknet_0_clk (net)
                  0.08    0.00    0.30 ^ clkbuf_3_1__f_clk/A (sky130_fd_sc_hd__clkbuf_16)
                  0.05    0.15    0.46 ^ clkbuf_3_1__f_clk/X (sky130_fd_sc_hd__clkbuf_16)
     9    0.03                           clknet_3_1__leaf_clk (net)
                  0.05    0.00    0.46 ^ _410_/CLK (sky130_fd_sc_hd__dfrtp_4)
                          0.25    0.71   clock uncertainty
                          0.00    0.71   clock reconvergence pessimism
                          0.34    1.05   library removal time
                                  1.05   data required time
-----------------------------------------------------------------------------
                                  1.05   data required time
                                 -2.59   data arrival time
-----------------------------------------------------------------------------
                                  1.54   slack (MET)


Startpoint: rstn (input port clocked by clk)
Endpoint: _395_ (removal check against rising-edge clock clk)
Path Group: asynchronous
Path Type: min

Fanout     Cap    Slew   Delay    Time   Description
-----------------------------------------------------------------------------
                          0.00    0.00   clock clk (rise edge)
                          0.00    0.00   clock network delay (propagated)
                          2.00    2.00 ^ input external delay
                  0.04    0.02    2.02 ^ rstn (in)
     1    0.01                           rstn (net)
                  0.04    0.00    2.02 ^ input100/A (sky130_fd_sc_hd__clkbuf_2)
                  0.04    0.09    2.11 ^ input100/X (sky130_fd_sc_hd__clkbuf_2)
     2    0.00                           net100 (net)
                  0.04    0.00    2.11 ^ fanout205/A (sky130_fd_sc_hd__buf_4)
                  0.11    0.15    2.26 ^ fanout205/X (sky130_fd_sc_hd__buf_4)
    10    0.04                           net205 (net)
                  0.11    0.00    2.26 ^ fanout204/A (sky130_fd_sc_hd__clkbuf_8)
                  0.08    0.17    2.43 ^ fanout204/X (sky130_fd_sc_hd__clkbuf_8)
    10    0.04                           net204 (net)
                  0.08    0.00    2.43 ^ fanout203/A (sky130_fd_sc_hd__buf_4)
                  0.11    0.16    2.59 ^ fanout203/X (sky130_fd_sc_hd__buf_4)
    10    0.04                           net203 (net)
                  0.11    0.00    2.59 ^ _395_/RESET_B (sky130_fd_sc_hd__dfrtp_4)
                                  2.59   data arrival time

                          0.00    0.00   clock clk (rise edge)
                          0.00    0.00   clock source latency
                  0.14    0.10    0.10 ^ clk (in)
     1    0.03                           clk (net)
                  0.14    0.00    0.10 ^ clkbuf_0_clk/A (sky130_fd_sc_hd__clkbuf_16)
                  0.08    0.20    0.30 ^ clkbuf_0_clk/X (sky130_fd_sc_hd__clkbuf_16)
     8    0.06                           clknet_0_clk (net)
                  0.08    0.00    0.30 ^ clkbuf_3_1__f_clk/A (sky130_fd_sc_hd__clkbuf_16)
                  0.05    0.15    0.46 ^ clkbuf_3_1__f_clk/X (sky130_fd_sc_hd__clkbuf_16)
     9    0.03                           clknet_3_1__leaf_clk (net)
                  0.05    0.00    0.46 ^ _395_/CLK (sky130_fd_sc_hd__dfrtp_4)
                          0.25    0.71   clock uncertainty
                          0.00    0.71   clock reconvergence pessimism
                          0.34    1.05   library removal time
                                  1.05   data required time
-----------------------------------------------------------------------------
                                  1.05   data required time
                                 -2.59   data arrival time
-----------------------------------------------------------------------------
                                  1.54   slack (MET)


Startpoint: rstn (input port clocked by clk)
Endpoint: _389_ (removal check against rising-edge clock clk)
Path Group: asynchronous
Path Type: min

Fanout     Cap    Slew   Delay    Time   Description
-----------------------------------------------------------------------------
                          0.00    0.00   clock clk (rise edge)
                          0.00    0.00   clock network delay (propagated)
                          2.00    2.00 ^ input external delay
                  0.04    0.02    2.02 ^ rstn (in)
     1    0.01                           rstn (net)
                  0.04    0.00    2.02 ^ input100/A (sky130_fd_sc_hd__clkbuf_2)
                  0.04    0.09    2.11 ^ input100/X (sky130_fd_sc_hd__clkbuf_2)
     2    0.00                           net100 (net)
                  0.04    0.00    2.11 ^ fanout205/A (sky130_fd_sc_hd__buf_4)
                  0.11    0.15    2.26 ^ fanout205/X (sky130_fd_sc_hd__buf_4)
    10    0.04                           net205 (net)
                  0.11    0.00    2.26 ^ fanout204/A (sky130_fd_sc_hd__clkbuf_8)
                  0.08    0.17    2.43 ^ fanout204/X (sky130_fd_sc_hd__clkbuf_8)
    10    0.04                           net204 (net)
                  0.08    0.00    2.43 ^ fanout203/A (sky130_fd_sc_hd__buf_4)
                  0.11    0.16    2.59 ^ fanout203/X (sky130_fd_sc_hd__buf_4)
    10    0.04                           net203 (net)
                  0.11    0.00    2.59 ^ _389_/RESET_B (sky130_fd_sc_hd__dfrtp_4)
                                  2.59   data arrival time

                          0.00    0.00   clock clk (rise edge)
                          0.00    0.00   clock source latency
                  0.14    0.10    0.10 ^ clk (in)
     1    0.03                           clk (net)
                  0.14    0.00    0.10 ^ clkbuf_0_clk/A (sky130_fd_sc_hd__clkbuf_16)
                  0.08    0.20    0.30 ^ clkbuf_0_clk/X (sky130_fd_sc_hd__clkbuf_16)
     8    0.06                           clknet_0_clk (net)
                  0.08    0.00    0.30 ^ clkbuf_3_1__f_clk/A (sky130_fd_sc_hd__clkbuf_16)
                  0.05    0.15    0.46 ^ clkbuf_3_1__f_clk/X (sky130_fd_sc_hd__clkbuf_16)
     9    0.03                           clknet_3_1__leaf_clk (net)
                  0.05    0.00    0.46 ^ _389_/CLK (sky130_fd_sc_hd__dfrtp_4)
                          0.25    0.71   clock uncertainty
                          0.00    0.71   clock reconvergence pessimism
                          0.34    1.05   library removal time
                                  1.05   data required time
-----------------------------------------------------------------------------
                                  1.05   data required time
                                 -2.59   data arrival time
-----------------------------------------------------------------------------
                                  1.54   slack (MET)


Startpoint: rstn (input port clocked by clk)
Endpoint: _413_ (removal check against rising-edge clock clk)
Path Group: asynchronous
Path Type: min

Fanout     Cap    Slew   Delay    Time   Description
-----------------------------------------------------------------------------
                          0.00    0.00   clock clk (rise edge)
                          0.00    0.00   clock network delay (propagated)
                          2.00    2.00 ^ input external delay
                  0.04    0.02    2.02 ^ rstn (in)
     1    0.01                           rstn (net)
                  0.04    0.00    2.02 ^ input100/A (sky130_fd_sc_hd__clkbuf_2)
                  0.04    0.09    2.11 ^ input100/X (sky130_fd_sc_hd__clkbuf_2)
     2    0.00                           net100 (net)
                  0.04    0.00    2.11 ^ fanout205/A (sky130_fd_sc_hd__buf_4)
                  0.11    0.15    2.26 ^ fanout205/X (sky130_fd_sc_hd__buf_4)
    10    0.04                           net205 (net)
                  0.11    0.00    2.26 ^ fanout204/A (sky130_fd_sc_hd__clkbuf_8)
                  0.08    0.17    2.43 ^ fanout204/X (sky130_fd_sc_hd__clkbuf_8)
    10    0.04                           net204 (net)
                  0.08    0.00    2.43 ^ fanout203/A (sky130_fd_sc_hd__buf_4)
                  0.11    0.16    2.59 ^ fanout203/X (sky130_fd_sc_hd__buf_4)
    10    0.04                           net203 (net)
                  0.11    0.00    2.59 ^ _413_/RESET_B (sky130_fd_sc_hd__dfrtp_4)
                                  2.59   data arrival time

                          0.00    0.00   clock clk (rise edge)
                          0.00    0.00   clock source latency
                  0.14    0.10    0.10 ^ clk (in)
     1    0.03                           clk (net)
                  0.14    0.00    0.10 ^ clkbuf_0_clk/A (sky130_fd_sc_hd__clkbuf_16)
                  0.08    0.20    0.30 ^ clkbuf_0_clk/X (sky130_fd_sc_hd__clkbuf_16)
     8    0.06                           clknet_0_clk (net)
                  0.08    0.00    0.30 ^ clkbuf_3_4__f_clk/A (sky130_fd_sc_hd__clkbuf_16)
                  0.05    0.15    0.46 ^ clkbuf_3_4__f_clk/X (sky130_fd_sc_hd__clkbuf_16)
    14    0.03                           clknet_3_4__leaf_clk (net)
                  0.05    0.00    0.46 ^ _413_/CLK (sky130_fd_sc_hd__dfrtp_4)
                          0.25    0.71   clock uncertainty
                          0.00    0.71   clock reconvergence pessimism
                          0.34    1.05   library removal time
                                  1.05   data required time
-----------------------------------------------------------------------------
                                  1.05   data required time
                                 -2.59   data arrival time
-----------------------------------------------------------------------------
                                  1.55   slack (MET)


Startpoint: rstn (input port clocked by clk)
Endpoint: _455_ (removal check against rising-edge clock clk)
Path Group: asynchronous
Path Type: min

Fanout     Cap    Slew   Delay    Time   Description
-----------------------------------------------------------------------------
                          0.00    0.00   clock clk (rise edge)
                          0.00    0.00   clock network delay (propagated)
                          2.00    2.00 ^ input external delay
                  0.04    0.02    2.02 ^ rstn (in)
     1    0.01                           rstn (net)
                  0.04    0.00    2.02 ^ input100/A (sky130_fd_sc_hd__clkbuf_2)
                  0.04    0.09    2.11 ^ input100/X (sky130_fd_sc_hd__clkbuf_2)
     2    0.00                           net100 (net)
                  0.04    0.00    2.11 ^ fanout210/A (sky130_fd_sc_hd__clkbuf_4)
                  0.08    0.15    2.26 ^ fanout210/X (sky130_fd_sc_hd__clkbuf_4)
     6    0.02                           net210 (net)
                  0.08    0.00    2.26 ^ fanout209/A (sky130_fd_sc_hd__clkbuf_8)
                  0.08    0.16    2.42 ^ fanout209/X (sky130_fd_sc_hd__clkbuf_8)
    10    0.04                           net209 (net)
                  0.08    0.00    2.42 ^ fanout208/A (sky130_fd_sc_hd__buf_4)
                  0.14    0.19    2.60 ^ fanout208/X (sky130_fd_sc_hd__buf_4)
    10    0.05                           net208 (net)
                  0.14    0.00    2.61 ^ _455_/RESET_B (sky130_fd_sc_hd__dfrtp_1)
                                  2.61   data arrival time

                          0.00    0.00   clock clk (rise edge)
                          0.00    0.00   clock source latency
                  0.14    0.10    0.10 ^ clk (in)
     1    0.03                           clk (net)
                  0.14    0.00    0.10 ^ clkbuf_0_clk/A (sky130_fd_sc_hd__clkbuf_16)
                  0.08    0.20    0.30 ^ clkbuf_0_clk/X (sky130_fd_sc_hd__clkbuf_16)
     8    0.06                           clknet_0_clk (net)
                  0.08    0.00    0.30 ^ clkbuf_3_6__f_clk/A (sky130_fd_sc_hd__clkbuf_16)
                  0.05    0.16    0.46 ^ clkbuf_3_6__f_clk/X (sky130_fd_sc_hd__clkbuf_16)
     7    0.03                           clknet_3_6__leaf_clk (net)
                  0.05    0.00    0.46 ^ _455_/CLK (sky130_fd_sc_hd__dfrtp_1)
                          0.25    0.71   clock uncertainty
                          0.00    0.71   clock reconvergence pessimism
                          0.35    1.06   library removal time
                                  1.06   data required time
-----------------------------------------------------------------------------
                                  1.06   data required time
                                 -2.61   data arrival time
-----------------------------------------------------------------------------
                                  1.55   slack (MET)


Startpoint: rstn (input port clocked by clk)
Endpoint: _404_ (removal check against rising-edge clock clk)
Path Group: asynchronous
Path Type: min

Fanout     Cap    Slew   Delay    Time   Description
-----------------------------------------------------------------------------
                          0.00    0.00   clock clk (rise edge)
                          0.00    0.00   clock network delay (propagated)
                          2.00    2.00 ^ input external delay
                  0.04    0.02    2.02 ^ rstn (in)
     1    0.01                           rstn (net)
                  0.04    0.00    2.02 ^ input100/A (sky130_fd_sc_hd__clkbuf_2)
                  0.04    0.09    2.11 ^ input100/X (sky130_fd_sc_hd__clkbuf_2)
     2    0.00                           net100 (net)
                  0.04    0.00    2.11 ^ fanout210/A (sky130_fd_sc_hd__clkbuf_4)
                  0.08    0.15    2.26 ^ fanout210/X (sky130_fd_sc_hd__clkbuf_4)
     6    0.02                           net210 (net)
                  0.08    0.00    2.26 ^ fanout209/A (sky130_fd_sc_hd__clkbuf_8)
                  0.08    0.16    2.42 ^ fanout209/X (sky130_fd_sc_hd__clkbuf_8)
    10    0.04                           net209 (net)
                  0.08    0.00    2.42 ^ fanout208/A (sky130_fd_sc_hd__buf_4)
                  0.14    0.19    2.60 ^ fanout208/X (sky130_fd_sc_hd__buf_4)
    10    0.05                           net208 (net)
                  0.14    0.00    2.60 ^ _404_/RESET_B (sky130_fd_sc_hd__dfrtp_4)
                                  2.60   data arrival time

                          0.00    0.00   clock clk (rise edge)
                          0.00    0.00   clock source latency
                  0.14    0.10    0.10 ^ clk (in)
     1    0.03                           clk (net)
                  0.14    0.00    0.10 ^ clkbuf_0_clk/A (sky130_fd_sc_hd__clkbuf_16)
                  0.08    0.20    0.30 ^ clkbuf_0_clk/X (sky130_fd_sc_hd__clkbuf_16)
     8    0.06                           clknet_0_clk (net)
                  0.08    0.00    0.30 ^ clkbuf_3_4__f_clk/A (sky130_fd_sc_hd__clkbuf_16)
                  0.05    0.15    0.46 ^ clkbuf_3_4__f_clk/X (sky130_fd_sc_hd__clkbuf_16)
    14    0.03                           clknet_3_4__leaf_clk (net)
                  0.05    0.00    0.46 ^ _404_/CLK (sky130_fd_sc_hd__dfrtp_4)
                          0.25    0.71   clock uncertainty
                          0.00    0.71   clock reconvergence pessimism
                          0.35    1.05   library removal time
                                  1.05   data required time
-----------------------------------------------------------------------------
                                  1.05   data required time
                                 -2.60   data arrival time
-----------------------------------------------------------------------------
                                  1.55   slack (MET)


Startpoint: rstn (input port clocked by clk)
Endpoint: _420_ (removal check against rising-edge clock clk)
Path Group: asynchronous
Path Type: min

Fanout     Cap    Slew   Delay    Time   Description
-----------------------------------------------------------------------------
                          0.00    0.00   clock clk (rise edge)
                          0.00    0.00   clock network delay (propagated)
                          2.00    2.00 ^ input external delay
                  0.04    0.02    2.02 ^ rstn (in)
     1    0.01                           rstn (net)
                  0.04    0.00    2.02 ^ input100/A (sky130_fd_sc_hd__clkbuf_2)
                  0.04    0.09    2.11 ^ input100/X (sky130_fd_sc_hd__clkbuf_2)
     2    0.00                           net100 (net)
                  0.04    0.00    2.11 ^ fanout210/A (sky130_fd_sc_hd__clkbuf_4)
                  0.08    0.15    2.26 ^ fanout210/X (sky130_fd_sc_hd__clkbuf_4)
     6    0.02                           net210 (net)
                  0.08    0.00    2.26 ^ fanout209/A (sky130_fd_sc_hd__clkbuf_8)
                  0.08    0.16    2.42 ^ fanout209/X (sky130_fd_sc_hd__clkbuf_8)
    10    0.04                           net209 (net)
                  0.08    0.00    2.42 ^ fanout208/A (sky130_fd_sc_hd__buf_4)
                  0.14    0.19    2.60 ^ fanout208/X (sky130_fd_sc_hd__buf_4)
    10    0.05                           net208 (net)
                  0.14    0.00    2.60 ^ _420_/RESET_B (sky130_fd_sc_hd__dfrtp_4)
                                  2.60   data arrival time

                          0.00    0.00   clock clk (rise edge)
                          0.00    0.00   clock source latency
                  0.14    0.10    0.10 ^ clk (in)
     1    0.03                           clk (net)
                  0.14    0.00    0.10 ^ clkbuf_0_clk/A (sky130_fd_sc_hd__clkbuf_16)
                  0.08    0.20    0.30 ^ clkbuf_0_clk/X (sky130_fd_sc_hd__clkbuf_16)
     8    0.06                           clknet_0_clk (net)
                  0.08    0.00    0.30 ^ clkbuf_3_4__f_clk/A (sky130_fd_sc_hd__clkbuf_16)
                  0.05    0.15    0.46 ^ clkbuf_3_4__f_clk/X (sky130_fd_sc_hd__clkbuf_16)
    14    0.03                           clknet_3_4__leaf_clk (net)
                  0.05    0.00    0.46 ^ _420_/CLK (sky130_fd_sc_hd__dfrtp_4)
                          0.25    0.71   clock uncertainty
                          0.00    0.71   clock reconvergence pessimism
                          0.35    1.05   library removal time
                                  1.05   data required time
-----------------------------------------------------------------------------
                                  1.05   data required time
                                 -2.60   data arrival time
-----------------------------------------------------------------------------
                                  1.55   slack (MET)


Startpoint: rstn (input port clocked by clk)
Endpoint: _425_ (removal check against rising-edge clock clk)
Path Group: asynchronous
Path Type: min

Fanout     Cap    Slew   Delay    Time   Description
-----------------------------------------------------------------------------
                          0.00    0.00   clock clk (rise edge)
                          0.00    0.00   clock network delay (propagated)
                          2.00    2.00 ^ input external delay
                  0.04    0.02    2.02 ^ rstn (in)
     1    0.01                           rstn (net)
                  0.04    0.00    2.02 ^ input100/A (sky130_fd_sc_hd__clkbuf_2)
                  0.04    0.09    2.11 ^ input100/X (sky130_fd_sc_hd__clkbuf_2)
     2    0.00                           net100 (net)
                  0.04    0.00    2.11 ^ fanout210/A (sky130_fd_sc_hd__clkbuf_4)
                  0.08    0.15    2.26 ^ fanout210/X (sky130_fd_sc_hd__clkbuf_4)
     6    0.02                           net210 (net)
                  0.08    0.00    2.26 ^ fanout209/A (sky130_fd_sc_hd__clkbuf_8)
                  0.08    0.16    2.42 ^ fanout209/X (sky130_fd_sc_hd__clkbuf_8)
    10    0.04                           net209 (net)
                  0.08    0.00    2.42 ^ fanout208/A (sky130_fd_sc_hd__buf_4)
                  0.14    0.19    2.60 ^ fanout208/X (sky130_fd_sc_hd__buf_4)
    10    0.05                           net208 (net)
                  0.14    0.00    2.61 ^ _425_/RESET_B (sky130_fd_sc_hd__dfrtp_4)
                                  2.61   data arrival time

                          0.00    0.00   clock clk (rise edge)
                          0.00    0.00   clock source latency
                  0.14    0.10    0.10 ^ clk (in)
     1    0.03                           clk (net)
                  0.14    0.00    0.10 ^ clkbuf_0_clk/A (sky130_fd_sc_hd__clkbuf_16)
                  0.08    0.20    0.30 ^ clkbuf_0_clk/X (sky130_fd_sc_hd__clkbuf_16)
     8    0.06                           clknet_0_clk (net)
                  0.08    0.00    0.30 ^ clkbuf_3_4__f_clk/A (sky130_fd_sc_hd__clkbuf_16)
                  0.05    0.15    0.46 ^ clkbuf_3_4__f_clk/X (sky130_fd_sc_hd__clkbuf_16)
    14    0.03                           clknet_3_4__leaf_clk (net)
                  0.05    0.00    0.46 ^ _425_/CLK (sky130_fd_sc_hd__dfrtp_4)
                          0.25    0.71   clock uncertainty
                          0.00    0.71   clock reconvergence pessimism
                          0.35    1.05   library removal time
                                  1.05   data required time
-----------------------------------------------------------------------------
                                  1.05   data required time
                                 -2.61   data arrival time
-----------------------------------------------------------------------------
                                  1.55   slack (MET)


Startpoint: rstn (input port clocked by clk)
Endpoint: _427_ (removal check against rising-edge clock clk)
Path Group: asynchronous
Path Type: min

Fanout     Cap    Slew   Delay    Time   Description
-----------------------------------------------------------------------------
                          0.00    0.00   clock clk (rise edge)
                          0.00    0.00   clock network delay (propagated)
                          2.00    2.00 ^ input external delay
                  0.04    0.02    2.02 ^ rstn (in)
     1    0.01                           rstn (net)
                  0.04    0.00    2.02 ^ input100/A (sky130_fd_sc_hd__clkbuf_2)
                  0.04    0.09    2.11 ^ input100/X (sky130_fd_sc_hd__clkbuf_2)
     2    0.00                           net100 (net)
                  0.04    0.00    2.11 ^ fanout210/A (sky130_fd_sc_hd__clkbuf_4)
                  0.08    0.15    2.26 ^ fanout210/X (sky130_fd_sc_hd__clkbuf_4)
     6    0.02                           net210 (net)
                  0.08    0.00    2.26 ^ fanout209/A (sky130_fd_sc_hd__clkbuf_8)
                  0.08    0.16    2.42 ^ fanout209/X (sky130_fd_sc_hd__clkbuf_8)
    10    0.04                           net209 (net)
                  0.08    0.00    2.42 ^ fanout208/A (sky130_fd_sc_hd__buf_4)
                  0.14    0.19    2.60 ^ fanout208/X (sky130_fd_sc_hd__buf_4)
    10    0.05                           net208 (net)
                  0.14    0.00    2.61 ^ _427_/RESET_B (sky130_fd_sc_hd__dfrtp_2)
                                  2.61   data arrival time

                          0.00    0.00   clock clk (rise edge)
                          0.00    0.00   clock source latency
                  0.14    0.10    0.10 ^ clk (in)
     1    0.03                           clk (net)
                  0.14    0.00    0.10 ^ clkbuf_0_clk/A (sky130_fd_sc_hd__clkbuf_16)
                  0.08    0.20    0.30 ^ clkbuf_0_clk/X (sky130_fd_sc_hd__clkbuf_16)
     8    0.06                           clknet_0_clk (net)
                  0.08    0.00    0.30 ^ clkbuf_3_4__f_clk/A (sky130_fd_sc_hd__clkbuf_16)
                  0.05    0.15    0.46 ^ clkbuf_3_4__f_clk/X (sky130_fd_sc_hd__clkbuf_16)
    14    0.03                           clknet_3_4__leaf_clk (net)
                  0.05    0.00    0.46 ^ _427_/CLK (sky130_fd_sc_hd__dfrtp_2)
                          0.25    0.71   clock uncertainty
                          0.00    0.71   clock reconvergence pessimism
                          0.35    1.05   library removal time
                                  1.05   data required time
-----------------------------------------------------------------------------
                                  1.05   data required time
                                 -2.61   data arrival time
-----------------------------------------------------------------------------
                                  1.55   slack (MET)


Startpoint: rstn (input port clocked by clk)
Endpoint: _424_ (removal check against rising-edge clock clk)
Path Group: asynchronous
Path Type: min

Fanout     Cap    Slew   Delay    Time   Description
-----------------------------------------------------------------------------
                          0.00    0.00   clock clk (rise edge)
                          0.00    0.00   clock network delay (propagated)
                          2.00    2.00 ^ input external delay
                  0.04    0.02    2.02 ^ rstn (in)
     1    0.01                           rstn (net)
                  0.04    0.00    2.02 ^ input100/A (sky130_fd_sc_hd__clkbuf_2)
                  0.04    0.09    2.11 ^ input100/X (sky130_fd_sc_hd__clkbuf_2)
     2    0.00                           net100 (net)
                  0.04    0.00    2.11 ^ fanout210/A (sky130_fd_sc_hd__clkbuf_4)
                  0.08    0.15    2.26 ^ fanout210/X (sky130_fd_sc_hd__clkbuf_4)
     6    0.02                           net210 (net)
                  0.08    0.00    2.26 ^ fanout209/A (sky130_fd_sc_hd__clkbuf_8)
                  0.08    0.16    2.42 ^ fanout209/X (sky130_fd_sc_hd__clkbuf_8)
    10    0.04                           net209 (net)
                  0.08    0.00    2.42 ^ fanout208/A (sky130_fd_sc_hd__buf_4)
                  0.14    0.19    2.60 ^ fanout208/X (sky130_fd_sc_hd__buf_4)
    10    0.05                           net208 (net)
                  0.14    0.00    2.61 ^ _424_/RESET_B (sky130_fd_sc_hd__dfrtp_4)
                                  2.61   data arrival time

                          0.00    0.00   clock clk (rise edge)
                          0.00    0.00   clock source latency
                  0.14    0.10    0.10 ^ clk (in)
     1    0.03                           clk (net)
                  0.14    0.00    0.10 ^ clkbuf_0_clk/A (sky130_fd_sc_hd__clkbuf_16)
                  0.08    0.20    0.30 ^ clkbuf_0_clk/X (sky130_fd_sc_hd__clkbuf_16)
     8    0.06                           clknet_0_clk (net)
                  0.08    0.00    0.30 ^ clkbuf_3_4__f_clk/A (sky130_fd_sc_hd__clkbuf_16)
                  0.05    0.15    0.46 ^ clkbuf_3_4__f_clk/X (sky130_fd_sc_hd__clkbuf_16)
    14    0.03                           clknet_3_4__leaf_clk (net)
                  0.05    0.00    0.46 ^ _424_/CLK (sky130_fd_sc_hd__dfrtp_4)
                          0.25    0.71   clock uncertainty
                          0.00    0.71   clock reconvergence pessimism
                          0.35    1.05   library removal time
                                  1.05   data required time
-----------------------------------------------------------------------------
                                  1.05   data required time
                                 -2.61   data arrival time
-----------------------------------------------------------------------------
                                  1.55   slack (MET)


Startpoint: rstn (input port clocked by clk)
Endpoint: _434_ (removal check against rising-edge clock clk)
Path Group: asynchronous
Path Type: min

Fanout     Cap    Slew   Delay    Time   Description
-----------------------------------------------------------------------------
                          0.00    0.00   clock clk (rise edge)
                          0.00    0.00   clock network delay (propagated)
                          2.00    2.00 ^ input external delay
                  0.04    0.02    2.02 ^ rstn (in)
     1    0.01                           rstn (net)
                  0.04    0.00    2.02 ^ input100/A (sky130_fd_sc_hd__clkbuf_2)
                  0.04    0.09    2.11 ^ input100/X (sky130_fd_sc_hd__clkbuf_2)
     2    0.00                           net100 (net)
                  0.04    0.00    2.11 ^ fanout210/A (sky130_fd_sc_hd__clkbuf_4)
                  0.08    0.15    2.26 ^ fanout210/X (sky130_fd_sc_hd__clkbuf_4)
     6    0.02                           net210 (net)
                  0.08    0.00    2.26 ^ fanout209/A (sky130_fd_sc_hd__clkbuf_8)
                  0.08    0.16    2.42 ^ fanout209/X (sky130_fd_sc_hd__clkbuf_8)
    10    0.04                           net209 (net)
                  0.08    0.00    2.42 ^ fanout208/A (sky130_fd_sc_hd__buf_4)
                  0.14    0.19    2.60 ^ fanout208/X (sky130_fd_sc_hd__buf_4)
    10    0.05                           net208 (net)
                  0.14    0.00    2.61 ^ _434_/RESET_B (sky130_fd_sc_hd__dfrtp_4)
                                  2.61   data arrival time

                          0.00    0.00   clock clk (rise edge)
                          0.00    0.00   clock source latency
                  0.14    0.10    0.10 ^ clk (in)
     1    0.03                           clk (net)
                  0.14    0.00    0.10 ^ clkbuf_0_clk/A (sky130_fd_sc_hd__clkbuf_16)
                  0.08    0.20    0.30 ^ clkbuf_0_clk/X (sky130_fd_sc_hd__clkbuf_16)
     8    0.06                           clknet_0_clk (net)
                  0.08    0.00    0.30 ^ clkbuf_3_4__f_clk/A (sky130_fd_sc_hd__clkbuf_16)
                  0.05    0.15    0.46 ^ clkbuf_3_4__f_clk/X (sky130_fd_sc_hd__clkbuf_16)
    14    0.03                           clknet_3_4__leaf_clk (net)
                  0.05    0.00    0.46 ^ _434_/CLK (sky130_fd_sc_hd__dfrtp_4)
                          0.25    0.71   clock uncertainty
                          0.00    0.71   clock reconvergence pessimism
                          0.35    1.05   library removal time
                                  1.05   data required time
-----------------------------------------------------------------------------
                                  1.05   data required time
                                 -2.61   data arrival time
-----------------------------------------------------------------------------
                                  1.55   slack (MET)


Startpoint: rstn (input port clocked by clk)
Endpoint: _414_ (removal check against rising-edge clock clk)
Path Group: asynchronous
Path Type: min

Fanout     Cap    Slew   Delay    Time   Description
-----------------------------------------------------------------------------
                          0.00    0.00   clock clk (rise edge)
                          0.00    0.00   clock network delay (propagated)
                          2.00    2.00 ^ input external delay
                  0.04    0.02    2.02 ^ rstn (in)
     1    0.01                           rstn (net)
                  0.04    0.00    2.02 ^ input100/A (sky130_fd_sc_hd__clkbuf_2)
                  0.04    0.09    2.11 ^ input100/X (sky130_fd_sc_hd__clkbuf_2)
     2    0.00                           net100 (net)
                  0.04    0.00    2.11 ^ fanout210/A (sky130_fd_sc_hd__clkbuf_4)
                  0.08    0.15    2.26 ^ fanout210/X (sky130_fd_sc_hd__clkbuf_4)
     6    0.02                           net210 (net)
                  0.08    0.00    2.26 ^ fanout209/A (sky130_fd_sc_hd__clkbuf_8)
                  0.08    0.16    2.42 ^ fanout209/X (sky130_fd_sc_hd__clkbuf_8)
    10    0.04                           net209 (net)
                  0.08    0.00    2.42 ^ fanout208/A (sky130_fd_sc_hd__buf_4)
                  0.14    0.19    2.60 ^ fanout208/X (sky130_fd_sc_hd__buf_4)
    10    0.05                           net208 (net)
                  0.14    0.00    2.61 ^ _414_/RESET_B (sky130_fd_sc_hd__dfrtp_1)
                                  2.61   data arrival time

                          0.00    0.00   clock clk (rise edge)
                          0.00    0.00   clock source latency
                  0.14    0.10    0.10 ^ clk (in)
     1    0.03                           clk (net)
                  0.14    0.00    0.10 ^ clkbuf_0_clk/A (sky130_fd_sc_hd__clkbuf_16)
                  0.08    0.20    0.30 ^ clkbuf_0_clk/X (sky130_fd_sc_hd__clkbuf_16)
     8    0.06                           clknet_0_clk (net)
                  0.08    0.00    0.30 ^ clkbuf_3_4__f_clk/A (sky130_fd_sc_hd__clkbuf_16)
                  0.05    0.15    0.46 ^ clkbuf_3_4__f_clk/X (sky130_fd_sc_hd__clkbuf_16)
    14    0.03                           clknet_3_4__leaf_clk (net)
                  0.05    0.00    0.46 ^ _414_/CLK (sky130_fd_sc_hd__dfrtp_1)
                          0.25    0.71   clock uncertainty
                          0.00    0.71   clock reconvergence pessimism
                          0.35    1.05   library removal time
                                  1.05   data required time
-----------------------------------------------------------------------------
                                  1.05   data required time
                                 -2.61   data arrival time
-----------------------------------------------------------------------------
                                  1.55   slack (MET)


Startpoint: rstn (input port clocked by clk)
Endpoint: _438_ (removal check against rising-edge clock clk)
Path Group: asynchronous
Path Type: min

Fanout     Cap    Slew   Delay    Time   Description
-----------------------------------------------------------------------------
                          0.00    0.00   clock clk (rise edge)
                          0.00    0.00   clock network delay (propagated)
                          2.00    2.00 ^ input external delay
                  0.04    0.02    2.02 ^ rstn (in)
     1    0.01                           rstn (net)
                  0.04    0.00    2.02 ^ input100/A (sky130_fd_sc_hd__clkbuf_2)
                  0.04    0.09    2.11 ^ input100/X (sky130_fd_sc_hd__clkbuf_2)
     2    0.00                           net100 (net)
                  0.04    0.00    2.11 ^ fanout210/A (sky130_fd_sc_hd__clkbuf_4)
                  0.08    0.15    2.26 ^ fanout210/X (sky130_fd_sc_hd__clkbuf_4)
     6    0.02                           net210 (net)
                  0.08    0.00    2.26 ^ fanout209/A (sky130_fd_sc_hd__clkbuf_8)
                  0.08    0.16    2.42 ^ fanout209/X (sky130_fd_sc_hd__clkbuf_8)
    10    0.04                           net209 (net)
                  0.08    0.00    2.42 ^ fanout208/A (sky130_fd_sc_hd__buf_4)
                  0.14    0.19    2.60 ^ fanout208/X (sky130_fd_sc_hd__buf_4)
    10    0.05                           net208 (net)
                  0.14    0.00    2.61 ^ _438_/RESET_B (sky130_fd_sc_hd__dfrtp_2)
                                  2.61   data arrival time

                          0.00    0.00   clock clk (rise edge)
                          0.00    0.00   clock source latency
                  0.14    0.10    0.10 ^ clk (in)
     1    0.03                           clk (net)
                  0.14    0.00    0.10 ^ clkbuf_0_clk/A (sky130_fd_sc_hd__clkbuf_16)
                  0.08    0.20    0.30 ^ clkbuf_0_clk/X (sky130_fd_sc_hd__clkbuf_16)
     8    0.06                           clknet_0_clk (net)
                  0.08    0.00    0.30 ^ clkbuf_3_4__f_clk/A (sky130_fd_sc_hd__clkbuf_16)
                  0.05    0.15    0.46 ^ clkbuf_3_4__f_clk/X (sky130_fd_sc_hd__clkbuf_16)
    14    0.03                           clknet_3_4__leaf_clk (net)
                  0.05    0.00    0.46 ^ _438_/CLK (sky130_fd_sc_hd__dfrtp_2)
                          0.25    0.71   clock uncertainty
                          0.00    0.71   clock reconvergence pessimism
                          0.35    1.05   library removal time
                                  1.05   data required time
-----------------------------------------------------------------------------
                                  1.05   data required time
                                 -2.61   data arrival time
-----------------------------------------------------------------------------
                                  1.55   slack (MET)


Startpoint: rstn (input port clocked by clk)
Endpoint: _421_ (removal check against rising-edge clock clk)
Path Group: asynchronous
Path Type: min

Fanout     Cap    Slew   Delay    Time   Description
-----------------------------------------------------------------------------
                          0.00    0.00   clock clk (rise edge)
                          0.00    0.00   clock network delay (propagated)
                          2.00    2.00 ^ input external delay
                  0.04    0.02    2.02 ^ rstn (in)
     1    0.01                           rstn (net)
                  0.04    0.00    2.02 ^ input100/A (sky130_fd_sc_hd__clkbuf_2)
                  0.04    0.09    2.11 ^ input100/X (sky130_fd_sc_hd__clkbuf_2)
     2    0.00                           net100 (net)
                  0.04    0.00    2.11 ^ fanout210/A (sky130_fd_sc_hd__clkbuf_4)
                  0.08    0.15    2.26 ^ fanout210/X (sky130_fd_sc_hd__clkbuf_4)
     6    0.02                           net210 (net)
                  0.08    0.00    2.26 ^ fanout209/A (sky130_fd_sc_hd__clkbuf_8)
                  0.08    0.16    2.42 ^ fanout209/X (sky130_fd_sc_hd__clkbuf_8)
    10    0.04                           net209 (net)
                  0.08    0.00    2.42 ^ fanout208/A (sky130_fd_sc_hd__buf_4)
                  0.14    0.19    2.60 ^ fanout208/X (sky130_fd_sc_hd__buf_4)
    10    0.05                           net208 (net)
                  0.14    0.00    2.61 ^ _421_/RESET_B (sky130_fd_sc_hd__dfrtp_1)
                                  2.61   data arrival time

                          0.00    0.00   clock clk (rise edge)
                          0.00    0.00   clock source latency
                  0.14    0.10    0.10 ^ clk (in)
     1    0.03                           clk (net)
                  0.14    0.00    0.10 ^ clkbuf_0_clk/A (sky130_fd_sc_hd__clkbuf_16)
                  0.08    0.20    0.30 ^ clkbuf_0_clk/X (sky130_fd_sc_hd__clkbuf_16)
     8    0.06                           clknet_0_clk (net)
                  0.08    0.00    0.30 ^ clkbuf_3_7__f_clk/A (sky130_fd_sc_hd__clkbuf_16)
                  0.04    0.14    0.45 ^ clkbuf_3_7__f_clk/X (sky130_fd_sc_hd__clkbuf_16)
     9    0.02                           clknet_3_7__leaf_clk (net)
                  0.04    0.00    0.45 ^ _421_/CLK (sky130_fd_sc_hd__dfrtp_1)
                          0.25    0.70   clock uncertainty
                          0.00    0.70   clock reconvergence pessimism
                          0.35    1.04   library removal time
                                  1.04   data required time
-----------------------------------------------------------------------------
                                  1.04   data required time
                                 -2.61   data arrival time
-----------------------------------------------------------------------------
                                  1.56   slack (MET)


Startpoint: rstn (input port clocked by clk)
Endpoint: _419_ (removal check against rising-edge clock clk)
Path Group: asynchronous
Path Type: min

Fanout     Cap    Slew   Delay    Time   Description
-----------------------------------------------------------------------------
                          0.00    0.00   clock clk (rise edge)
                          0.00    0.00   clock network delay (propagated)
                          2.00    2.00 ^ input external delay
                  0.04    0.02    2.02 ^ rstn (in)
     1    0.01                           rstn (net)
                  0.04    0.00    2.02 ^ input100/A (sky130_fd_sc_hd__clkbuf_2)
                  0.04    0.09    2.11 ^ input100/X (sky130_fd_sc_hd__clkbuf_2)
     2    0.00                           net100 (net)
                  0.04    0.00    2.11 ^ fanout205/A (sky130_fd_sc_hd__buf_4)
                  0.11    0.15    2.26 ^ fanout205/X (sky130_fd_sc_hd__buf_4)
    10    0.04                           net205 (net)
                  0.11    0.00    2.26 ^ fanout204/A (sky130_fd_sc_hd__clkbuf_8)
                  0.08    0.17    2.43 ^ fanout204/X (sky130_fd_sc_hd__clkbuf_8)
    10    0.04                           net204 (net)
                  0.08    0.00    2.43 ^ fanout203/A (sky130_fd_sc_hd__buf_4)
                  0.11    0.16    2.59 ^ fanout203/X (sky130_fd_sc_hd__buf_4)
    10    0.04                           net203 (net)
                  0.11    0.00    2.59 ^ _419_/RESET_B (sky130_fd_sc_hd__dfrtp_4)
                                  2.59   data arrival time

                          0.00    0.00   clock clk (rise edge)
                          0.00    0.00   clock source latency
                  0.14    0.10    0.10 ^ clk (in)
     1    0.03                           clk (net)
                  0.14    0.00    0.10 ^ clkbuf_0_clk/A (sky130_fd_sc_hd__clkbuf_16)
                  0.08    0.20    0.30 ^ clkbuf_0_clk/X (sky130_fd_sc_hd__clkbuf_16)
     8    0.06                           clknet_0_clk (net)
                  0.08    0.00    0.30 ^ clkbuf_3_3__f_clk/A (sky130_fd_sc_hd__clkbuf_16)
                  0.03    0.14    0.44 ^ clkbuf_3_3__f_clk/X (sky130_fd_sc_hd__clkbuf_16)
     5    0.01                           clknet_3_3__leaf_clk (net)
                  0.03    0.00    0.44 ^ _419_/CLK (sky130_fd_sc_hd__dfrtp_4)
                          0.25    0.69   clock uncertainty
                          0.00    0.69   clock reconvergence pessimism
                          0.33    1.02   library removal time
                                  1.02   data required time
-----------------------------------------------------------------------------
                                  1.02   data required time
                                 -2.59   data arrival time
-----------------------------------------------------------------------------
                                  1.57   slack (MET)


Startpoint: rstn (input port clocked by clk)
Endpoint: _439_ (removal check against rising-edge clock clk)
Path Group: asynchronous
Path Type: min

Fanout     Cap    Slew   Delay    Time   Description
-----------------------------------------------------------------------------
                          0.00    0.00   clock clk (rise edge)
                          0.00    0.00   clock network delay (propagated)
                          2.00    2.00 ^ input external delay
                  0.04    0.02    2.02 ^ rstn (in)
     1    0.01                           rstn (net)
                  0.04    0.00    2.02 ^ input100/A (sky130_fd_sc_hd__clkbuf_2)
                  0.04    0.09    2.11 ^ input100/X (sky130_fd_sc_hd__clkbuf_2)
     2    0.00                           net100 (net)
                  0.04    0.00    2.11 ^ fanout205/A (sky130_fd_sc_hd__buf_4)
                  0.11    0.15    2.26 ^ fanout205/X (sky130_fd_sc_hd__buf_4)
    10    0.04                           net205 (net)
                  0.11    0.00    2.26 ^ fanout204/A (sky130_fd_sc_hd__clkbuf_8)
                  0.08    0.17    2.43 ^ fanout204/X (sky130_fd_sc_hd__clkbuf_8)
    10    0.04                           net204 (net)
                  0.08    0.00    2.43 ^ fanout203/A (sky130_fd_sc_hd__buf_4)
                  0.11    0.16    2.59 ^ fanout203/X (sky130_fd_sc_hd__buf_4)
    10    0.04                           net203 (net)
                  0.11    0.00    2.59 ^ _439_/RESET_B (sky130_fd_sc_hd__dfrtp_4)
                                  2.59   data arrival time

                          0.00    0.00   clock clk (rise edge)
                          0.00    0.00   clock source latency
                  0.14    0.10    0.10 ^ clk (in)
     1    0.03                           clk (net)
                  0.14    0.00    0.10 ^ clkbuf_0_clk/A (sky130_fd_sc_hd__clkbuf_16)
                  0.08    0.20    0.30 ^ clkbuf_0_clk/X (sky130_fd_sc_hd__clkbuf_16)
     8    0.06                           clknet_0_clk (net)
                  0.08    0.00    0.30 ^ clkbuf_3_3__f_clk/A (sky130_fd_sc_hd__clkbuf_16)
                  0.03    0.14    0.44 ^ clkbuf_3_3__f_clk/X (sky130_fd_sc_hd__clkbuf_16)
     5    0.01                           clknet_3_3__leaf_clk (net)
                  0.03    0.00    0.44 ^ _439_/CLK (sky130_fd_sc_hd__dfrtp_4)
                          0.25    0.69   clock uncertainty
                          0.00    0.69   clock reconvergence pessimism
                          0.33    1.02   library removal time
                                  1.02   data required time
-----------------------------------------------------------------------------
                                  1.02   data required time
                                 -2.59   data arrival time
-----------------------------------------------------------------------------
                                  1.57   slack (MET)


Startpoint: rstn (input port clocked by clk)
Endpoint: _394_ (removal check against rising-edge clock clk)
Path Group: asynchronous
Path Type: min

Fanout     Cap    Slew   Delay    Time   Description
-----------------------------------------------------------------------------
                          0.00    0.00   clock clk (rise edge)
                          0.00    0.00   clock network delay (propagated)
                          2.00    2.00 ^ input external delay
                  0.04    0.02    2.02 ^ rstn (in)
     1    0.01                           rstn (net)
                  0.04    0.00    2.02 ^ input100/A (sky130_fd_sc_hd__clkbuf_2)
                  0.04    0.09    2.11 ^ input100/X (sky130_fd_sc_hd__clkbuf_2)
     2    0.00                           net100 (net)
                  0.04    0.00    2.11 ^ fanout205/A (sky130_fd_sc_hd__buf_4)
                  0.11    0.15    2.26 ^ fanout205/X (sky130_fd_sc_hd__buf_4)
    10    0.04                           net205 (net)
                  0.11    0.00    2.26 ^ fanout204/A (sky130_fd_sc_hd__clkbuf_8)
                  0.08    0.17    2.43 ^ fanout204/X (sky130_fd_sc_hd__clkbuf_8)
    10    0.04                           net204 (net)
                  0.08    0.00    2.43 ^ fanout203/A (sky130_fd_sc_hd__buf_4)
                  0.11    0.16    2.59 ^ fanout203/X (sky130_fd_sc_hd__buf_4)
    10    0.04                           net203 (net)
                  0.11    0.00    2.59 ^ _394_/RESET_B (sky130_fd_sc_hd__dfrtp_2)
                                  2.59   data arrival time

                          0.00    0.00   clock clk (rise edge)
                          0.00    0.00   clock source latency
                  0.14    0.10    0.10 ^ clk (in)
     1    0.03                           clk (net)
                  0.14    0.00    0.10 ^ clkbuf_0_clk/A (sky130_fd_sc_hd__clkbuf_16)
                  0.08    0.20    0.30 ^ clkbuf_0_clk/X (sky130_fd_sc_hd__clkbuf_16)
     8    0.06                           clknet_0_clk (net)
                  0.08    0.00    0.30 ^ clkbuf_3_3__f_clk/A (sky130_fd_sc_hd__clkbuf_16)
                  0.03    0.14    0.44 ^ clkbuf_3_3__f_clk/X (sky130_fd_sc_hd__clkbuf_16)
     5    0.01                           clknet_3_3__leaf_clk (net)
                  0.03    0.00    0.44 ^ _394_/CLK (sky130_fd_sc_hd__dfrtp_2)
                          0.25    0.69   clock uncertainty
                          0.00    0.69   clock reconvergence pessimism
                          0.33    1.02   library removal time
                                  1.02   data required time
-----------------------------------------------------------------------------
                                  1.02   data required time
                                 -2.59   data arrival time
-----------------------------------------------------------------------------
                                  1.57   slack (MET)


Startpoint: rstn (input port clocked by clk)
Endpoint: _398_ (removal check against rising-edge clock clk)
Path Group: asynchronous
Path Type: min

Fanout     Cap    Slew   Delay    Time   Description
-----------------------------------------------------------------------------
                          0.00    0.00   clock clk (rise edge)
                          0.00    0.00   clock network delay (propagated)
                          2.00    2.00 ^ input external delay
                  0.04    0.02    2.02 ^ rstn (in)
     1    0.01                           rstn (net)
                  0.04    0.00    2.02 ^ input100/A (sky130_fd_sc_hd__clkbuf_2)
                  0.04    0.09    2.11 ^ input100/X (sky130_fd_sc_hd__clkbuf_2)
     2    0.00                           net100 (net)
                  0.04    0.00    2.11 ^ fanout205/A (sky130_fd_sc_hd__buf_4)
                  0.11    0.15    2.26 ^ fanout205/X (sky130_fd_sc_hd__buf_4)
    10    0.04                           net205 (net)
                  0.11    0.00    2.26 ^ fanout204/A (sky130_fd_sc_hd__clkbuf_8)
                  0.08    0.17    2.43 ^ fanout204/X (sky130_fd_sc_hd__clkbuf_8)
    10    0.04                           net204 (net)
                  0.08    0.00    2.43 ^ fanout203/A (sky130_fd_sc_hd__buf_4)
                  0.11    0.16    2.59 ^ fanout203/X (sky130_fd_sc_hd__buf_4)
    10    0.04                           net203 (net)
                  0.11    0.00    2.59 ^ _398_/RESET_B (sky130_fd_sc_hd__dfrtp_2)
                                  2.59   data arrival time

                          0.00    0.00   clock clk (rise edge)
                          0.00    0.00   clock source latency
                  0.14    0.10    0.10 ^ clk (in)
     1    0.03                           clk (net)
                  0.14    0.00    0.10 ^ clkbuf_0_clk/A (sky130_fd_sc_hd__clkbuf_16)
                  0.08    0.20    0.30 ^ clkbuf_0_clk/X (sky130_fd_sc_hd__clkbuf_16)
     8    0.06                           clknet_0_clk (net)
                  0.08    0.00    0.30 ^ clkbuf_3_3__f_clk/A (sky130_fd_sc_hd__clkbuf_16)
                  0.03    0.14    0.44 ^ clkbuf_3_3__f_clk/X (sky130_fd_sc_hd__clkbuf_16)
     5    0.01                           clknet_3_3__leaf_clk (net)
                  0.03    0.00    0.44 ^ _398_/CLK (sky130_fd_sc_hd__dfrtp_2)
                          0.25    0.69   clock uncertainty
                          0.00    0.69   clock reconvergence pessimism
                          0.33    1.02   library removal time
                                  1.02   data required time
-----------------------------------------------------------------------------
                                  1.02   data required time
                                 -2.59   data arrival time
-----------------------------------------------------------------------------
                                  1.57   slack (MET)


Startpoint: rstn (input port clocked by clk)
Endpoint: _449_ (removal check against rising-edge clock clk)
Path Group: asynchronous
Path Type: min

Fanout     Cap    Slew   Delay    Time   Description
-----------------------------------------------------------------------------
                          0.00    0.00   clock clk (rise edge)
                          0.00    0.00   clock network delay (propagated)
                          2.00    2.00 ^ input external delay
                  0.04    0.02    2.02 ^ rstn (in)
     1    0.01                           rstn (net)
                  0.04    0.00    2.02 ^ input100/A (sky130_fd_sc_hd__clkbuf_2)
                  0.04    0.09    2.11 ^ input100/X (sky130_fd_sc_hd__clkbuf_2)
     2    0.00                           net100 (net)
                  0.04    0.00    2.11 ^ fanout210/A (sky130_fd_sc_hd__clkbuf_4)
                  0.08    0.15    2.26 ^ fanout210/X (sky130_fd_sc_hd__clkbuf_4)
     6    0.02                           net210 (net)
                  0.08    0.00    2.26 ^ fanout207/A (sky130_fd_sc_hd__clkbuf_4)
                  0.15    0.21    2.47 ^ fanout207/X (sky130_fd_sc_hd__clkbuf_4)
     8    0.05                           net207 (net)
                  0.15    0.00    2.48 ^ fanout206/A (sky130_fd_sc_hd__buf_4)
                  0.14    0.21    2.69 ^ fanout206/X (sky130_fd_sc_hd__buf_4)
    10    0.05                           net206 (net)
                  0.14    0.00    2.69 ^ _449_/RESET_B (sky130_fd_sc_hd__dfrtp_4)
                                  2.69   data arrival time

                          0.00    0.00   clock clk (rise edge)
                          0.00    0.00   clock source latency
                  0.14    0.10    0.10 ^ clk (in)
     1    0.03                           clk (net)
                  0.14    0.00    0.10 ^ clkbuf_0_clk/A (sky130_fd_sc_hd__clkbuf_16)
                  0.08    0.20    0.30 ^ clkbuf_0_clk/X (sky130_fd_sc_hd__clkbuf_16)
     8    0.06                           clknet_0_clk (net)
                  0.08    0.00    0.30 ^ clkbuf_3_1__f_clk/A (sky130_fd_sc_hd__clkbuf_16)
                  0.05    0.15    0.46 ^ clkbuf_3_1__f_clk/X (sky130_fd_sc_hd__clkbuf_16)
     9    0.03                           clknet_3_1__leaf_clk (net)
                  0.05    0.00    0.46 ^ _449_/CLK (sky130_fd_sc_hd__dfrtp_4)
                          0.25    0.71   clock uncertainty
                          0.00    0.71   clock reconvergence pessimism
                          0.35    1.06   library removal time
                                  1.06   data required time
-----------------------------------------------------------------------------
                                  1.06   data required time
                                 -2.69   data arrival time
-----------------------------------------------------------------------------
                                  1.63   slack (MET)


Startpoint: rstn (input port clocked by clk)
Endpoint: _447_ (removal check against rising-edge clock clk)
Path Group: asynchronous
Path Type: min

Fanout     Cap    Slew   Delay    Time   Description
-----------------------------------------------------------------------------
                          0.00    0.00   clock clk (rise edge)
                          0.00    0.00   clock network delay (propagated)
                          2.00    2.00 ^ input external delay
                  0.04    0.02    2.02 ^ rstn (in)
     1    0.01                           rstn (net)
                  0.04    0.00    2.02 ^ input100/A (sky130_fd_sc_hd__clkbuf_2)
                  0.04    0.09    2.11 ^ input100/X (sky130_fd_sc_hd__clkbuf_2)
     2    0.00                           net100 (net)
                  0.04    0.00    2.11 ^ fanout210/A (sky130_fd_sc_hd__clkbuf_4)
                  0.08    0.15    2.26 ^ fanout210/X (sky130_fd_sc_hd__clkbuf_4)
     6    0.02                           net210 (net)
                  0.08    0.00    2.26 ^ fanout207/A (sky130_fd_sc_hd__clkbuf_4)
                  0.15    0.21    2.47 ^ fanout207/X (sky130_fd_sc_hd__clkbuf_4)
     8    0.05                           net207 (net)
                  0.15    0.00    2.48 ^ fanout206/A (sky130_fd_sc_hd__buf_4)
                  0.14    0.21    2.69 ^ fanout206/X (sky130_fd_sc_hd__buf_4)
    10    0.05                           net206 (net)
                  0.14    0.00    2.69 ^ _447_/RESET_B (sky130_fd_sc_hd__dfrtp_2)
                                  2.69   data arrival time

                          0.00    0.00   clock clk (rise edge)
                          0.00    0.00   clock source latency
                  0.14    0.10    0.10 ^ clk (in)
     1    0.03                           clk (net)
                  0.14    0.00    0.10 ^ clkbuf_0_clk/A (sky130_fd_sc_hd__clkbuf_16)
                  0.08    0.20    0.30 ^ clkbuf_0_clk/X (sky130_fd_sc_hd__clkbuf_16)
     8    0.06                           clknet_0_clk (net)
                  0.08    0.00    0.30 ^ clkbuf_3_1__f_clk/A (sky130_fd_sc_hd__clkbuf_16)
                  0.05    0.15    0.46 ^ clkbuf_3_1__f_clk/X (sky130_fd_sc_hd__clkbuf_16)
     9    0.03                           clknet_3_1__leaf_clk (net)
                  0.05    0.00    0.46 ^ _447_/CLK (sky130_fd_sc_hd__dfrtp_2)
                          0.25    0.71   clock uncertainty
                          0.00    0.71   clock reconvergence pessimism
                          0.35    1.06   library removal time
                                  1.06   data required time
-----------------------------------------------------------------------------
                                  1.06   data required time
                                 -2.69   data arrival time
-----------------------------------------------------------------------------
                                  1.63   slack (MET)


Startpoint: rstn (input port clocked by clk)
Endpoint: _411_ (removal check against rising-edge clock clk)
Path Group: asynchronous
Path Type: min

Fanout     Cap    Slew   Delay    Time   Description
-----------------------------------------------------------------------------
                          0.00    0.00   clock clk (rise edge)
                          0.00    0.00   clock network delay (propagated)
                          2.00    2.00 ^ input external delay
                  0.04    0.02    2.02 ^ rstn (in)
     1    0.01                           rstn (net)
                  0.04    0.00    2.02 ^ input100/A (sky130_fd_sc_hd__clkbuf_2)
                  0.04    0.09    2.11 ^ input100/X (sky130_fd_sc_hd__clkbuf_2)
     2    0.00                           net100 (net)
                  0.04    0.00    2.11 ^ fanout210/A (sky130_fd_sc_hd__clkbuf_4)
                  0.08    0.15    2.26 ^ fanout210/X (sky130_fd_sc_hd__clkbuf_4)
     6    0.02                           net210 (net)
                  0.08    0.00    2.26 ^ fanout207/A (sky130_fd_sc_hd__clkbuf_4)
                  0.15    0.21    2.47 ^ fanout207/X (sky130_fd_sc_hd__clkbuf_4)
     8    0.05                           net207 (net)
                  0.15    0.00    2.48 ^ fanout206/A (sky130_fd_sc_hd__buf_4)
                  0.14    0.21    2.69 ^ fanout206/X (sky130_fd_sc_hd__buf_4)
    10    0.05                           net206 (net)
                  0.14    0.00    2.69 ^ _411_/RESET_B (sky130_fd_sc_hd__dfrtp_2)
                                  2.69   data arrival time

                          0.00    0.00   clock clk (rise edge)
                          0.00    0.00   clock source latency
                  0.14    0.10    0.10 ^ clk (in)
     1    0.03                           clk (net)
                  0.14    0.00    0.10 ^ clkbuf_0_clk/A (sky130_fd_sc_hd__clkbuf_16)
                  0.08    0.20    0.30 ^ clkbuf_0_clk/X (sky130_fd_sc_hd__clkbuf_16)
     8    0.06                           clknet_0_clk (net)
                  0.08    0.00    0.30 ^ clkbuf_3_1__f_clk/A (sky130_fd_sc_hd__clkbuf_16)
                  0.05    0.15    0.46 ^ clkbuf_3_1__f_clk/X (sky130_fd_sc_hd__clkbuf_16)
     9    0.03                           clknet_3_1__leaf_clk (net)
                  0.05    0.00    0.46 ^ _411_/CLK (sky130_fd_sc_hd__dfrtp_2)
                          0.25    0.71   clock uncertainty
                          0.00    0.71   clock reconvergence pessimism
                          0.35    1.06   library removal time
                                  1.06   data required time
-----------------------------------------------------------------------------
                                  1.06   data required time
                                 -2.69   data arrival time
-----------------------------------------------------------------------------
                                  1.63   slack (MET)


Startpoint: rstn (input port clocked by clk)
Endpoint: _408_ (removal check against rising-edge clock clk)
Path Group: asynchronous
Path Type: min

Fanout     Cap    Slew   Delay    Time   Description
-----------------------------------------------------------------------------
                          0.00    0.00   clock clk (rise edge)
                          0.00    0.00   clock network delay (propagated)
                          2.00    2.00 ^ input external delay
                  0.04    0.02    2.02 ^ rstn (in)
     1    0.01                           rstn (net)
                  0.04    0.00    2.02 ^ input100/A (sky130_fd_sc_hd__clkbuf_2)
                  0.04    0.09    2.11 ^ input100/X (sky130_fd_sc_hd__clkbuf_2)
     2    0.00                           net100 (net)
                  0.04    0.00    2.11 ^ fanout210/A (sky130_fd_sc_hd__clkbuf_4)
                  0.08    0.15    2.26 ^ fanout210/X (sky130_fd_sc_hd__clkbuf_4)
     6    0.02                           net210 (net)
                  0.08    0.00    2.26 ^ fanout207/A (sky130_fd_sc_hd__clkbuf_4)
                  0.15    0.21    2.47 ^ fanout207/X (sky130_fd_sc_hd__clkbuf_4)
     8    0.05                           net207 (net)
                  0.15    0.00    2.48 ^ fanout206/A (sky130_fd_sc_hd__buf_4)
                  0.14    0.21    2.69 ^ fanout206/X (sky130_fd_sc_hd__buf_4)
    10    0.05                           net206 (net)
                  0.14    0.00    2.69 ^ _408_/RESET_B (sky130_fd_sc_hd__dfrtp_4)
                                  2.69   data arrival time

                          0.00    0.00   clock clk (rise edge)
                          0.00    0.00   clock source latency
                  0.14    0.10    0.10 ^ clk (in)
     1    0.03                           clk (net)
                  0.14    0.00    0.10 ^ clkbuf_0_clk/A (sky130_fd_sc_hd__clkbuf_16)
                  0.08    0.20    0.30 ^ clkbuf_0_clk/X (sky130_fd_sc_hd__clkbuf_16)
     8    0.06                           clknet_0_clk (net)
                  0.08    0.00    0.30 ^ clkbuf_3_4__f_clk/A (sky130_fd_sc_hd__clkbuf_16)
                  0.05    0.15    0.46 ^ clkbuf_3_4__f_clk/X (sky130_fd_sc_hd__clkbuf_16)
    14    0.03                           clknet_3_4__leaf_clk (net)
                  0.05    0.00    0.46 ^ _408_/CLK (sky130_fd_sc_hd__dfrtp_4)
                          0.25    0.71   clock uncertainty
                          0.00    0.71   clock reconvergence pessimism
                          0.35    1.05   library removal time
                                  1.05   data required time
-----------------------------------------------------------------------------
                                  1.05   data required time
                                 -2.69   data arrival time
-----------------------------------------------------------------------------
                                  1.63   slack (MET)


Startpoint: rstn (input port clocked by clk)
Endpoint: _441_ (removal check against rising-edge clock clk)
Path Group: asynchronous
Path Type: min

Fanout     Cap    Slew   Delay    Time   Description
-----------------------------------------------------------------------------
                          0.00    0.00   clock clk (rise edge)
                          0.00    0.00   clock network delay (propagated)
                          2.00    2.00 ^ input external delay
                  0.04    0.02    2.02 ^ rstn (in)
     1    0.01                           rstn (net)
                  0.04    0.00    2.02 ^ input100/A (sky130_fd_sc_hd__clkbuf_2)
                  0.04    0.09    2.11 ^ input100/X (sky130_fd_sc_hd__clkbuf_2)
     2    0.00                           net100 (net)
                  0.04    0.00    2.11 ^ fanout210/A (sky130_fd_sc_hd__clkbuf_4)
                  0.08    0.15    2.26 ^ fanout210/X (sky130_fd_sc_hd__clkbuf_4)
     6    0.02                           net210 (net)
                  0.08    0.00    2.26 ^ fanout207/A (sky130_fd_sc_hd__clkbuf_4)
                  0.15    0.21    2.47 ^ fanout207/X (sky130_fd_sc_hd__clkbuf_4)
     8    0.05                           net207 (net)
                  0.15    0.00    2.48 ^ fanout206/A (sky130_fd_sc_hd__buf_4)
                  0.14    0.21    2.69 ^ fanout206/X (sky130_fd_sc_hd__buf_4)
    10    0.05                           net206 (net)
                  0.14    0.00    2.69 ^ _441_/RESET_B (sky130_fd_sc_hd__dfrtp_4)
                                  2.69   data arrival time

                          0.00    0.00   clock clk (rise edge)
                          0.00    0.00   clock source latency
                  0.14    0.10    0.10 ^ clk (in)
     1    0.03                           clk (net)
                  0.14    0.00    0.10 ^ clkbuf_0_clk/A (sky130_fd_sc_hd__clkbuf_16)
                  0.08    0.20    0.30 ^ clkbuf_0_clk/X (sky130_fd_sc_hd__clkbuf_16)
     8    0.06                           clknet_0_clk (net)
                  0.08    0.00    0.30 ^ clkbuf_3_4__f_clk/A (sky130_fd_sc_hd__clkbuf_16)
                  0.05    0.15    0.46 ^ clkbuf_3_4__f_clk/X (sky130_fd_sc_hd__clkbuf_16)
    14    0.03                           clknet_3_4__leaf_clk (net)
                  0.05    0.00    0.46 ^ _441_/CLK (sky130_fd_sc_hd__dfrtp_4)
                          0.25    0.71   clock uncertainty
                          0.00    0.71   clock reconvergence pessimism
                          0.35    1.05   library removal time
                                  1.05   data required time
-----------------------------------------------------------------------------
                                  1.05   data required time
                                 -2.69   data arrival time
-----------------------------------------------------------------------------
                                  1.63   slack (MET)


Startpoint: rstn (input port clocked by clk)
Endpoint: _403_ (removal check against rising-edge clock clk)
Path Group: asynchronous
Path Type: min

Fanout     Cap    Slew   Delay    Time   Description
-----------------------------------------------------------------------------
                          0.00    0.00   clock clk (rise edge)
                          0.00    0.00   clock network delay (propagated)
                          2.00    2.00 ^ input external delay
                  0.04    0.02    2.02 ^ rstn (in)
     1    0.01                           rstn (net)
                  0.04    0.00    2.02 ^ input100/A (sky130_fd_sc_hd__clkbuf_2)
                  0.04    0.09    2.11 ^ input100/X (sky130_fd_sc_hd__clkbuf_2)
     2    0.00                           net100 (net)
                  0.04    0.00    2.11 ^ fanout210/A (sky130_fd_sc_hd__clkbuf_4)
                  0.08    0.15    2.26 ^ fanout210/X (sky130_fd_sc_hd__clkbuf_4)
     6    0.02                           net210 (net)
                  0.08    0.00    2.26 ^ fanout207/A (sky130_fd_sc_hd__clkbuf_4)
                  0.15    0.21    2.47 ^ fanout207/X (sky130_fd_sc_hd__clkbuf_4)
     8    0.05                           net207 (net)
                  0.15    0.00    2.48 ^ fanout206/A (sky130_fd_sc_hd__buf_4)
                  0.14    0.21    2.69 ^ fanout206/X (sky130_fd_sc_hd__buf_4)
    10    0.05                           net206 (net)
                  0.14    0.00    2.69 ^ _403_/RESET_B (sky130_fd_sc_hd__dfrtp_4)
                                  2.69   data arrival time

                          0.00    0.00   clock clk (rise edge)
                          0.00    0.00   clock source latency
                  0.14    0.10    0.10 ^ clk (in)
     1    0.03                           clk (net)
                  0.14    0.00    0.10 ^ clkbuf_0_clk/A (sky130_fd_sc_hd__clkbuf_16)
                  0.08    0.20    0.30 ^ clkbuf_0_clk/X (sky130_fd_sc_hd__clkbuf_16)
     8    0.06                           clknet_0_clk (net)
                  0.08    0.00    0.30 ^ clkbuf_3_5__f_clk/A (sky130_fd_sc_hd__clkbuf_16)
                  0.04    0.15    0.45 ^ clkbuf_3_5__f_clk/X (sky130_fd_sc_hd__clkbuf_16)
    10    0.02                           clknet_3_5__leaf_clk (net)
                  0.04    0.00    0.45 ^ _403_/CLK (sky130_fd_sc_hd__dfrtp_4)
                          0.25    0.70   clock uncertainty
                          0.00    0.70   clock reconvergence pessimism
                          0.35    1.04   library removal time
                                  1.04   data required time
-----------------------------------------------------------------------------
                                  1.04   data required time
                                 -2.69   data arrival time
-----------------------------------------------------------------------------
                                  1.64   slack (MET)


Startpoint: rstn (input port clocked by clk)
Endpoint: _400_ (removal check against rising-edge clock clk)
Path Group: asynchronous
Path Type: min

Fanout     Cap    Slew   Delay    Time   Description
-----------------------------------------------------------------------------
                          0.00    0.00   clock clk (rise edge)
                          0.00    0.00   clock network delay (propagated)
                          2.00    2.00 ^ input external delay
                  0.04    0.02    2.02 ^ rstn (in)
     1    0.01                           rstn (net)
                  0.04    0.00    2.02 ^ input100/A (sky130_fd_sc_hd__clkbuf_2)
                  0.04    0.09    2.11 ^ input100/X (sky130_fd_sc_hd__clkbuf_2)
     2    0.00                           net100 (net)
                  0.04    0.00    2.11 ^ fanout210/A (sky130_fd_sc_hd__clkbuf_4)
                  0.08    0.15    2.26 ^ fanout210/X (sky130_fd_sc_hd__clkbuf_4)
     6    0.02                           net210 (net)
                  0.08    0.00    2.26 ^ fanout207/A (sky130_fd_sc_hd__clkbuf_4)
                  0.15    0.21    2.47 ^ fanout207/X (sky130_fd_sc_hd__clkbuf_4)
     8    0.05                           net207 (net)
                  0.15    0.00    2.48 ^ fanout206/A (sky130_fd_sc_hd__buf_4)
                  0.14    0.21    2.69 ^ fanout206/X (sky130_fd_sc_hd__buf_4)
    10    0.05                           net206 (net)
                  0.14    0.00    2.69 ^ _400_/RESET_B (sky130_fd_sc_hd__dfrtp_1)
                                  2.69   data arrival time

                          0.00    0.00   clock clk (rise edge)
                          0.00    0.00   clock source latency
                  0.14    0.10    0.10 ^ clk (in)
     1    0.03                           clk (net)
                  0.14    0.00    0.10 ^ clkbuf_0_clk/A (sky130_fd_sc_hd__clkbuf_16)
                  0.08    0.20    0.30 ^ clkbuf_0_clk/X (sky130_fd_sc_hd__clkbuf_16)
     8    0.06                           clknet_0_clk (net)
                  0.08    0.00    0.30 ^ clkbuf_3_5__f_clk/A (sky130_fd_sc_hd__clkbuf_16)
                  0.04    0.15    0.45 ^ clkbuf_3_5__f_clk/X (sky130_fd_sc_hd__clkbuf_16)
    10    0.02                           clknet_3_5__leaf_clk (net)
                  0.04    0.00    0.45 ^ _400_/CLK (sky130_fd_sc_hd__dfrtp_1)
                          0.25    0.70   clock uncertainty
                          0.00    0.70   clock reconvergence pessimism
                          0.35    1.04   library removal time
                                  1.04   data required time
-----------------------------------------------------------------------------
                                  1.04   data required time
                                 -2.69   data arrival time
-----------------------------------------------------------------------------
                                  1.64   slack (MET)


Startpoint: rstn (input port clocked by clk)
Endpoint: _409_ (removal check against rising-edge clock clk)
Path Group: asynchronous
Path Type: min

Fanout     Cap    Slew   Delay    Time   Description
-----------------------------------------------------------------------------
                          0.00    0.00   clock clk (rise edge)
                          0.00    0.00   clock network delay (propagated)
                          2.00    2.00 ^ input external delay
                  0.04    0.02    2.02 ^ rstn (in)
     1    0.01                           rstn (net)
                  0.04    0.00    2.02 ^ input100/A (sky130_fd_sc_hd__clkbuf_2)
                  0.04    0.09    2.11 ^ input100/X (sky130_fd_sc_hd__clkbuf_2)
     2    0.00                           net100 (net)
                  0.04    0.00    2.11 ^ fanout210/A (sky130_fd_sc_hd__clkbuf_4)
                  0.08    0.15    2.26 ^ fanout210/X (sky130_fd_sc_hd__clkbuf_4)
     6    0.02                           net210 (net)
                  0.08    0.00    2.26 ^ fanout207/A (sky130_fd_sc_hd__clkbuf_4)
                  0.15    0.21    2.47 ^ fanout207/X (sky130_fd_sc_hd__clkbuf_4)
     8    0.05                           net207 (net)
                  0.15    0.00    2.48 ^ fanout206/A (sky130_fd_sc_hd__buf_4)
                  0.14    0.21    2.69 ^ fanout206/X (sky130_fd_sc_hd__buf_4)
    10    0.05                           net206 (net)
                  0.14    0.00    2.69 ^ _409_/RESET_B (sky130_fd_sc_hd__dfrtp_2)
                                  2.69   data arrival time

                          0.00    0.00   clock clk (rise edge)
                          0.00    0.00   clock source latency
                  0.14    0.10    0.10 ^ clk (in)
     1    0.03                           clk (net)
                  0.14    0.00    0.10 ^ clkbuf_0_clk/A (sky130_fd_sc_hd__clkbuf_16)
                  0.08    0.20    0.30 ^ clkbuf_0_clk/X (sky130_fd_sc_hd__clkbuf_16)
     8    0.06                           clknet_0_clk (net)
                  0.08    0.00    0.30 ^ clkbuf_3_5__f_clk/A (sky130_fd_sc_hd__clkbuf_16)
                  0.04    0.15    0.45 ^ clkbuf_3_5__f_clk/X (sky130_fd_sc_hd__clkbuf_16)
    10    0.02                           clknet_3_5__leaf_clk (net)
                  0.04    0.00    0.45 ^ _409_/CLK (sky130_fd_sc_hd__dfrtp_2)
                          0.25    0.70   clock uncertainty
                          0.00    0.70   clock reconvergence pessimism
                          0.35    1.04   library removal time
                                  1.04   data required time
-----------------------------------------------------------------------------
                                  1.04   data required time
                                 -2.69   data arrival time
-----------------------------------------------------------------------------
                                  1.64   slack (MET)


Startpoint: rstn (input port clocked by clk)
Endpoint: _440_ (removal check against rising-edge clock clk)
Path Group: asynchronous
Path Type: min

Fanout     Cap    Slew   Delay    Time   Description
-----------------------------------------------------------------------------
                          0.00    0.00   clock clk (rise edge)
                          0.00    0.00   clock network delay (propagated)
                          2.00    2.00 ^ input external delay
                  0.04    0.02    2.02 ^ rstn (in)
     1    0.01                           rstn (net)
                  0.04    0.00    2.02 ^ input100/A (sky130_fd_sc_hd__clkbuf_2)
                  0.04    0.09    2.11 ^ input100/X (sky130_fd_sc_hd__clkbuf_2)
     2    0.00                           net100 (net)
                  0.04    0.00    2.11 ^ fanout210/A (sky130_fd_sc_hd__clkbuf_4)
                  0.08    0.15    2.26 ^ fanout210/X (sky130_fd_sc_hd__clkbuf_4)
     6    0.02                           net210 (net)
                  0.08    0.00    2.26 ^ fanout207/A (sky130_fd_sc_hd__clkbuf_4)
                  0.15    0.21    2.47 ^ fanout207/X (sky130_fd_sc_hd__clkbuf_4)
     8    0.05                           net207 (net)
                  0.15    0.00    2.48 ^ fanout206/A (sky130_fd_sc_hd__buf_4)
                  0.14    0.21    2.69 ^ fanout206/X (sky130_fd_sc_hd__buf_4)
    10    0.05                           net206 (net)
                  0.14    0.00    2.69 ^ _440_/RESET_B (sky130_fd_sc_hd__dfrtp_1)
                                  2.69   data arrival time

                          0.00    0.00   clock clk (rise edge)
                          0.00    0.00   clock source latency
                  0.14    0.10    0.10 ^ clk (in)
     1    0.03                           clk (net)
                  0.14    0.00    0.10 ^ clkbuf_0_clk/A (sky130_fd_sc_hd__clkbuf_16)
                  0.08    0.20    0.30 ^ clkbuf_0_clk/X (sky130_fd_sc_hd__clkbuf_16)
     8    0.06                           clknet_0_clk (net)
                  0.08    0.00    0.30 ^ clkbuf_3_7__f_clk/A (sky130_fd_sc_hd__clkbuf_16)
                  0.04    0.14    0.45 ^ clkbuf_3_7__f_clk/X (sky130_fd_sc_hd__clkbuf_16)
     9    0.02                           clknet_3_7__leaf_clk (net)
                  0.04    0.00    0.45 ^ _440_/CLK (sky130_fd_sc_hd__dfrtp_1)
                          0.25    0.70   clock uncertainty
                          0.00    0.70   clock reconvergence pessimism
                          0.35    1.04   library removal time
                                  1.04   data required time
-----------------------------------------------------------------------------
                                  1.04   data required time
                                 -2.69   data arrival time
-----------------------------------------------------------------------------
                                  1.64   slack (MET)


Startpoint: rstn (input port clocked by clk)
Endpoint: _390_ (removal check against rising-edge clock clk)
Path Group: asynchronous
Path Type: min

Fanout     Cap    Slew   Delay    Time   Description
-----------------------------------------------------------------------------
                          0.00    0.00   clock clk (rise edge)
                          0.00    0.00   clock network delay (propagated)
                          2.00    2.00 ^ input external delay
                  0.04    0.02    2.02 ^ rstn (in)
     1    0.01                           rstn (net)
                  0.04    0.00    2.02 ^ input100/A (sky130_fd_sc_hd__clkbuf_2)
                  0.04    0.09    2.11 ^ input100/X (sky130_fd_sc_hd__clkbuf_2)
     2    0.00                           net100 (net)
                  0.04    0.00    2.11 ^ fanout210/A (sky130_fd_sc_hd__clkbuf_4)
                  0.08    0.15    2.26 ^ fanout210/X (sky130_fd_sc_hd__clkbuf_4)
     6    0.02                           net210 (net)
                  0.08    0.00    2.26 ^ fanout207/A (sky130_fd_sc_hd__clkbuf_4)
                  0.15    0.21    2.47 ^ fanout207/X (sky130_fd_sc_hd__clkbuf_4)
     8    0.05                           net207 (net)
                  0.15    0.00    2.48 ^ fanout206/A (sky130_fd_sc_hd__buf_4)
                  0.14    0.21    2.69 ^ fanout206/X (sky130_fd_sc_hd__buf_4)
    10    0.05                           net206 (net)
                  0.14    0.00    2.69 ^ _390_/RESET_B (sky130_fd_sc_hd__dfrtp_1)
                                  2.69   data arrival time

                          0.00    0.00   clock clk (rise edge)
                          0.00    0.00   clock source latency
                  0.14    0.10    0.10 ^ clk (in)
     1    0.03                           clk (net)
                  0.14    0.00    0.10 ^ clkbuf_0_clk/A (sky130_fd_sc_hd__clkbuf_16)
                  0.08    0.20    0.30 ^ clkbuf_0_clk/X (sky130_fd_sc_hd__clkbuf_16)
     8    0.06                           clknet_0_clk (net)
                  0.08    0.00    0.30 ^ clkbuf_3_7__f_clk/A (sky130_fd_sc_hd__clkbuf_16)
                  0.04    0.14    0.45 ^ clkbuf_3_7__f_clk/X (sky130_fd_sc_hd__clkbuf_16)
     9    0.02                           clknet_3_7__leaf_clk (net)
                  0.04    0.00    0.45 ^ _390_/CLK (sky130_fd_sc_hd__dfrtp_1)
                          0.25    0.70   clock uncertainty
                          0.00    0.70   clock reconvergence pessimism
                          0.35    1.04   library removal time
                                  1.04   data required time
-----------------------------------------------------------------------------
                                  1.04   data required time
                                 -2.69   data arrival time
-----------------------------------------------------------------------------
                                  1.64   slack (MET)


Startpoint: clk (clock source 'clk')
Endpoint: pclk (output port clocked by clk)
Path Group: clk
Path Type: min

Fanout     Cap    Slew   Delay    Time   Description
-----------------------------------------------------------------------------
                          0.00    0.00   clock clk (rise edge)
                          0.00    0.00   clock source latency
                  0.14    0.09    0.09 ^ clk (in)
     1    0.03                           clk (net)
                  0.14    0.00    0.09 ^ clkbuf_0_clk/A (sky130_fd_sc_hd__clkbuf_16)
                  0.08    0.18    0.27 ^ clkbuf_0_clk/X (sky130_fd_sc_hd__clkbuf_16)
     8    0.06                           clknet_0_clk (net)
                  0.08    0.00    0.27 ^ clkbuf_3_7__f_clk/A (sky130_fd_sc_hd__clkbuf_16)
                  0.04    0.13    0.40 ^ clkbuf_3_7__f_clk/X (sky130_fd_sc_hd__clkbuf_16)
     9    0.02                           clknet_3_7__leaf_clk (net)
                  0.04    0.00    0.40 ^ _456_/A (sky130_fd_sc_hd__buf_2)
                  0.03    0.09    0.49 ^ _456_/X (sky130_fd_sc_hd__buf_2)
     1    0.00                           net166 (net)
                  0.03    0.00    0.49 ^ output166/A (sky130_fd_sc_hd__buf_1)
                  0.40    0.31    0.80 ^ output166/X (sky130_fd_sc_hd__buf_1)
     1    0.03                           pclk (net)
                  0.40    0.00    0.80 ^ pclk (out)
                                  0.80   data arrival time

                          0.00    0.00   clock clk (rise edge)
                          0.00    0.00   clock network delay (propagated)
                          0.25    0.25   clock uncertainty
                          0.00    0.25   clock reconvergence pessimism
                         -2.00   -1.75   output external delay
                                 -1.75   data required time
-----------------------------------------------------------------------------
                                 -1.75   data required time
                                 -0.80   data arrival time
-----------------------------------------------------------------------------
                                  2.55   slack (MET)


Startpoint: _454_ (rising edge-triggered flip-flop clocked by clk)
Endpoint: pwdata[30] (output port clocked by clk)
Path Group: clk
Path Type: min

Fanout     Cap    Slew   Delay    Time   Description
-----------------------------------------------------------------------------
                          0.00    0.00   clock clk (rise edge)
                          0.00    0.00   clock source latency
                  0.14    0.09    0.09 ^ clk (in)
     1    0.03                           clk (net)
                  0.14    0.00    0.09 ^ clkbuf_0_clk/A (sky130_fd_sc_hd__clkbuf_16)
                  0.08    0.18    0.27 ^ clkbuf_0_clk/X (sky130_fd_sc_hd__clkbuf_16)
     8    0.06                           clknet_0_clk (net)
                  0.08    0.00    0.27 ^ clkbuf_3_0__f_clk/A (sky130_fd_sc_hd__clkbuf_16)
                  0.04    0.13    0.40 ^ clkbuf_3_0__f_clk/X (sky130_fd_sc_hd__clkbuf_16)
     7    0.01                           clknet_3_0__leaf_clk (net)
                  0.04    0.00    0.40 ^ _454_/CLK (sky130_fd_sc_hd__dfrtp_1)
                  0.06    0.31    0.71 ^ _454_/Q (sky130_fd_sc_hd__dfrtp_1)
     2    0.00                           net193 (net)
                  0.06    0.00    0.71 ^ output193/A (sky130_fd_sc_hd__clkbuf_4)
                  0.11    0.18    0.88 ^ output193/X (sky130_fd_sc_hd__clkbuf_4)
     1    0.03                           pwdata[30] (net)
                  0.11    0.00    0.88 ^ pwdata[30] (out)
                                  0.88   data arrival time

                          0.00    0.00   clock clk (rise edge)
                          0.00    0.00   clock network delay (propagated)
                          0.25    0.25   clock uncertainty
                          0.00    0.25   clock reconvergence pessimism
                         -2.00   -1.75   output external delay
                                 -1.75   data required time
-----------------------------------------------------------------------------
                                 -1.75   data required time
                                 -0.88   data arrival time
-----------------------------------------------------------------------------
                                  2.63   slack (MET)


Startpoint: _448_ (rising edge-triggered flip-flop clocked by clk)
Endpoint: pwdata[24] (output port clocked by clk)
Path Group: clk
Path Type: min

Fanout     Cap    Slew   Delay    Time   Description
-----------------------------------------------------------------------------
                          0.00    0.00   clock clk (rise edge)
                          0.00    0.00   clock source latency
                  0.14    0.09    0.09 ^ clk (in)
     1    0.03                           clk (net)
                  0.14    0.00    0.09 ^ clkbuf_0_clk/A (sky130_fd_sc_hd__clkbuf_16)
                  0.08    0.18    0.27 ^ clkbuf_0_clk/X (sky130_fd_sc_hd__clkbuf_16)
     8    0.06                           clknet_0_clk (net)
                  0.08    0.00    0.27 ^ clkbuf_3_0__f_clk/A (sky130_fd_sc_hd__clkbuf_16)
                  0.04    0.13    0.40 ^ clkbuf_3_0__f_clk/X (sky130_fd_sc_hd__clkbuf_16)
     7    0.01                           clknet_3_0__leaf_clk (net)
                  0.04    0.00    0.40 ^ _448_/CLK (sky130_fd_sc_hd__dfrtp_1)
                  0.06    0.30    0.70 ^ _448_/Q (sky130_fd_sc_hd__dfrtp_1)
     2    0.00                           net186 (net)
                  0.06    0.00    0.70 ^ output186/A (sky130_fd_sc_hd__clkbuf_4)
                  0.11    0.18    0.88 ^ output186/X (sky130_fd_sc_hd__clkbuf_4)
     1    0.03                           pwdata[24] (net)
                  0.11    0.00    0.88 ^ pwdata[24] (out)
                                  0.88   data arrival time

                          0.00    0.00   clock clk (rise edge)
                          0.00    0.00   clock network delay (propagated)
                          0.25    0.25   clock uncertainty
                          0.00    0.25   clock reconvergence pessimism
                         -2.00   -1.75   output external delay
                                 -1.75   data required time
-----------------------------------------------------------------------------
                                 -1.75   data required time
                                 -0.88   data arrival time
-----------------------------------------------------------------------------
                                  2.63   slack (MET)


Startpoint: _433_ (rising edge-triggered flip-flop clocked by clk)
Endpoint: pwdata[9] (output port clocked by clk)
Path Group: clk
Path Type: min

Fanout     Cap    Slew   Delay    Time   Description
-----------------------------------------------------------------------------
                          0.00    0.00   clock clk (rise edge)
                          0.00    0.00   clock source latency
                  0.14    0.09    0.09 ^ clk (in)
     1    0.03                           clk (net)
                  0.14    0.00    0.09 ^ clkbuf_0_clk/A (sky130_fd_sc_hd__clkbuf_16)
                  0.08    0.18    0.27 ^ clkbuf_0_clk/X (sky130_fd_sc_hd__clkbuf_16)
     8    0.06                           clknet_0_clk (net)
                  0.08    0.00    0.27 ^ clkbuf_3_2__f_clk/A (sky130_fd_sc_hd__clkbuf_16)
                  0.04    0.13    0.40 ^ clkbuf_3_2__f_clk/X (sky130_fd_sc_hd__clkbuf_16)
     7    0.01                           clknet_3_2__leaf_clk (net)
                  0.04    0.00    0.40 ^ _433_/CLK (sky130_fd_sc_hd__dfrtp_1)
                  0.06    0.31    0.71 ^ _433_/Q (sky130_fd_sc_hd__dfrtp_1)
     2    0.00                           net201 (net)
                  0.06    0.00    0.71 ^ output201/A (sky130_fd_sc_hd__clkbuf_4)
                  0.11    0.18    0.89 ^ output201/X (sky130_fd_sc_hd__clkbuf_4)
     1    0.03                           pwdata[9] (net)
                  0.11    0.00    0.89 ^ pwdata[9] (out)
                                  0.89   data arrival time

                          0.00    0.00   clock clk (rise edge)
                          0.00    0.00   clock network delay (propagated)
                          0.25    0.25   clock uncertainty
                          0.00    0.25   clock reconvergence pessimism
                         -2.00   -1.75   output external delay
                                 -1.75   data required time
-----------------------------------------------------------------------------
                                 -1.75   data required time
                                 -0.89   data arrival time
-----------------------------------------------------------------------------
                                  2.64   slack (MET)


Startpoint: _443_ (rising edge-triggered flip-flop clocked by clk)
Endpoint: pwdata[19] (output port clocked by clk)
Path Group: clk
Path Type: min

Fanout     Cap    Slew   Delay    Time   Description
-----------------------------------------------------------------------------
                          0.00    0.00   clock clk (rise edge)
                          0.00    0.00   clock source latency
                  0.14    0.09    0.09 ^ clk (in)
     1    0.03                           clk (net)
                  0.14    0.00    0.09 ^ clkbuf_0_clk/A (sky130_fd_sc_hd__clkbuf_16)
                  0.08    0.18    0.27 ^ clkbuf_0_clk/X (sky130_fd_sc_hd__clkbuf_16)
     8    0.06                           clknet_0_clk (net)
                  0.08    0.00    0.27 ^ clkbuf_3_3__f_clk/A (sky130_fd_sc_hd__clkbuf_16)
                  0.03    0.12    0.40 ^ clkbuf_3_3__f_clk/X (sky130_fd_sc_hd__clkbuf_16)
     5    0.01                           clknet_3_3__leaf_clk (net)
                  0.03    0.00    0.40 ^ _443_/CLK (sky130_fd_sc_hd__dfrtp_1)
                  0.06    0.31    0.71 ^ _443_/Q (sky130_fd_sc_hd__dfrtp_1)
     2    0.01                           net180 (net)
                  0.06    0.00    0.71 ^ output180/A (sky130_fd_sc_hd__clkbuf_4)
                  0.11    0.18    0.89 ^ output180/X (sky130_fd_sc_hd__clkbuf_4)
     1    0.03                           pwdata[19] (net)
                  0.11    0.00    0.89 ^ pwdata[19] (out)
                                  0.89   data arrival time

                          0.00    0.00   clock clk (rise edge)
                          0.00    0.00   clock network delay (propagated)
                          0.25    0.25   clock uncertainty
                          0.00    0.25   clock reconvergence pessimism
                         -2.00   -1.75   output external delay
                                 -1.75   data required time
-----------------------------------------------------------------------------
                                 -1.75   data required time
                                 -0.89   data arrival time
-----------------------------------------------------------------------------
                                  2.64   slack (MET)


Startpoint: _394_ (rising edge-triggered flip-flop clocked by clk)
Endpoint: paddr[2] (output port clocked by clk)
Path Group: clk
Path Type: min

Fanout     Cap    Slew   Delay    Time   Description
-----------------------------------------------------------------------------
                          0.00    0.00   clock clk (rise edge)
                          0.00    0.00   clock source latency
                  0.14    0.09    0.09 ^ clk (in)
     1    0.03                           clk (net)
                  0.14    0.00    0.09 ^ clkbuf_0_clk/A (sky130_fd_sc_hd__clkbuf_16)
                  0.08    0.18    0.27 ^ clkbuf_0_clk/X (sky130_fd_sc_hd__clkbuf_16)
     8    0.06                           clknet_0_clk (net)
                  0.08    0.00    0.27 ^ clkbuf_3_3__f_clk/A (sky130_fd_sc_hd__clkbuf_16)
                  0.03    0.12    0.40 ^ clkbuf_3_3__f_clk/X (sky130_fd_sc_hd__clkbuf_16)
     5    0.01                           clknet_3_3__leaf_clk (net)
                  0.03    0.00    0.40 ^ _394_/CLK (sky130_fd_sc_hd__dfrtp_2)
                  0.05    0.32    0.71 ^ _394_/Q (sky130_fd_sc_hd__dfrtp_2)
     2    0.00                           net156 (net)
                  0.05    0.00    0.71 ^ output156/A (sky130_fd_sc_hd__clkbuf_4)
                  0.11    0.18    0.89 ^ output156/X (sky130_fd_sc_hd__clkbuf_4)
     1    0.03                           paddr[2] (net)
                  0.11    0.00    0.89 ^ paddr[2] (out)
                                  0.89   data arrival time

                          0.00    0.00   clock clk (rise edge)
                          0.00    0.00   clock network delay (propagated)
                          0.25    0.25   clock uncertainty
                          0.00    0.25   clock reconvergence pessimism
                         -2.00   -1.75   output external delay
                                 -1.75   data required time
-----------------------------------------------------------------------------
                                 -1.75   data required time
                                 -0.89   data arrival time
-----------------------------------------------------------------------------
                                  2.64   slack (MET)


Startpoint: _400_ (rising edge-triggered flip-flop clocked by clk)
Endpoint: paddr[8] (output port clocked by clk)
Path Group: clk
Path Type: min

Fanout     Cap    Slew   Delay    Time   Description
-----------------------------------------------------------------------------
                          0.00    0.00   clock clk (rise edge)
                          0.00    0.00   clock source latency
                  0.14    0.09    0.09 ^ clk (in)
     1    0.03                           clk (net)
                  0.14    0.00    0.09 ^ clkbuf_0_clk/A (sky130_fd_sc_hd__clkbuf_16)
                  0.08    0.18    0.27 ^ clkbuf_0_clk/X (sky130_fd_sc_hd__clkbuf_16)
     8    0.06                           clknet_0_clk (net)
                  0.08    0.00    0.27 ^ clkbuf_3_5__f_clk/A (sky130_fd_sc_hd__clkbuf_16)
                  0.04    0.13    0.41 ^ clkbuf_3_5__f_clk/X (sky130_fd_sc_hd__clkbuf_16)
    10    0.02                           clknet_3_5__leaf_clk (net)
                  0.04    0.00    0.41 ^ _400_/CLK (sky130_fd_sc_hd__dfrtp_1)
                  0.06    0.31    0.71 ^ _400_/Q (sky130_fd_sc_hd__dfrtp_1)
     2    0.00                           net164 (net)
                  0.06    0.00    0.71 ^ output164/A (sky130_fd_sc_hd__clkbuf_4)
                  0.11    0.18    0.89 ^ output164/X (sky130_fd_sc_hd__clkbuf_4)
     1    0.03                           paddr[8] (net)
                  0.11    0.00    0.89 ^ paddr[8] (out)
                                  0.89   data arrival time

                          0.00    0.00   clock clk (rise edge)
                          0.00    0.00   clock network delay (propagated)
                          0.25    0.25   clock uncertainty
                          0.00    0.25   clock reconvergence pessimism
                         -2.00   -1.75   output external delay
                                 -1.75   data required time
-----------------------------------------------------------------------------
                                 -1.75   data required time
                                 -0.89   data arrival time
-----------------------------------------------------------------------------
                                  2.64   slack (MET)


Startpoint: _440_ (rising edge-triggered flip-flop clocked by clk)
Endpoint: pwdata[16] (output port clocked by clk)
Path Group: clk
Path Type: min

Fanout     Cap    Slew   Delay    Time   Description
-----------------------------------------------------------------------------
                          0.00    0.00   clock clk (rise edge)
                          0.00    0.00   clock source latency
                  0.14    0.09    0.09 ^ clk (in)
     1    0.03                           clk (net)
                  0.14    0.00    0.09 ^ clkbuf_0_clk/A (sky130_fd_sc_hd__clkbuf_16)
                  0.08    0.18    0.27 ^ clkbuf_0_clk/X (sky130_fd_sc_hd__clkbuf_16)
     8    0.06                           clknet_0_clk (net)
                  0.08    0.00    0.27 ^ clkbuf_3_7__f_clk/A (sky130_fd_sc_hd__clkbuf_16)
                  0.04    0.13    0.40 ^ clkbuf_3_7__f_clk/X (sky130_fd_sc_hd__clkbuf_16)
     9    0.02                           clknet_3_7__leaf_clk (net)
                  0.04    0.00    0.40 ^ _440_/CLK (sky130_fd_sc_hd__dfrtp_1)
                  0.06    0.31    0.71 ^ _440_/Q (sky130_fd_sc_hd__dfrtp_1)
     2    0.00                           net177 (net)
                  0.06    0.00    0.71 ^ output177/A (sky130_fd_sc_hd__clkbuf_4)
                  0.11    0.18    0.89 ^ output177/X (sky130_fd_sc_hd__clkbuf_4)
     1    0.03                           pwdata[16] (net)
                  0.11    0.00    0.89 ^ pwdata[16] (out)
                                  0.89   data arrival time

                          0.00    0.00   clock clk (rise edge)
                          0.00    0.00   clock network delay (propagated)
                          0.25    0.25   clock uncertainty
                          0.00    0.25   clock reconvergence pessimism
                         -2.00   -1.75   output external delay
                                 -1.75   data required time
-----------------------------------------------------------------------------
                                 -1.75   data required time
                                 -0.89   data arrival time
-----------------------------------------------------------------------------
                                  2.64   slack (MET)


Startpoint: _432_ (rising edge-triggered flip-flop clocked by clk)
Endpoint: pwdata[8] (output port clocked by clk)
Path Group: clk
Path Type: min

Fanout     Cap    Slew   Delay    Time   Description
-----------------------------------------------------------------------------
                          0.00    0.00   clock clk (rise edge)
                          0.00    0.00   clock source latency
                  0.14    0.09    0.09 ^ clk (in)
     1    0.03                           clk (net)
                  0.14    0.00    0.09 ^ clkbuf_0_clk/A (sky130_fd_sc_hd__clkbuf_16)
                  0.08    0.18    0.27 ^ clkbuf_0_clk/X (sky130_fd_sc_hd__clkbuf_16)
     8    0.06                           clknet_0_clk (net)
                  0.08    0.00    0.27 ^ clkbuf_3_5__f_clk/A (sky130_fd_sc_hd__clkbuf_16)
                  0.04    0.13    0.41 ^ clkbuf_3_5__f_clk/X (sky130_fd_sc_hd__clkbuf_16)
    10    0.02                           clknet_3_5__leaf_clk (net)
                  0.04    0.00    0.41 ^ _432_/CLK (sky130_fd_sc_hd__dfrtp_1)
                  0.06    0.31    0.71 ^ _432_/Q (sky130_fd_sc_hd__dfrtp_1)
     2    0.00                           net200 (net)
                  0.06    0.00    0.71 ^ output200/A (sky130_fd_sc_hd__clkbuf_4)
                  0.11    0.18    0.89 ^ output200/X (sky130_fd_sc_hd__clkbuf_4)
     1    0.03                           pwdata[8] (net)
                  0.11    0.00    0.89 ^ pwdata[8] (out)
                                  0.89   data arrival time

                          0.00    0.00   clock clk (rise edge)
                          0.00    0.00   clock network delay (propagated)
                          0.25    0.25   clock uncertainty
                          0.00    0.25   clock reconvergence pessimism
                         -2.00   -1.75   output external delay
                                 -1.75   data required time
-----------------------------------------------------------------------------
                                 -1.75   data required time
                                 -0.89   data arrival time
-----------------------------------------------------------------------------
                                  2.64   slack (MET)


Startpoint: _421_ (rising edge-triggered flip-flop clocked by clk)
Endpoint: paddr[29] (output port clocked by clk)
Path Group: clk
Path Type: min

Fanout     Cap    Slew   Delay    Time   Description
-----------------------------------------------------------------------------
                          0.00    0.00   clock clk (rise edge)
                          0.00    0.00   clock source latency
                  0.14    0.09    0.09 ^ clk (in)
     1    0.03                           clk (net)
                  0.14    0.00    0.09 ^ clkbuf_0_clk/A (sky130_fd_sc_hd__clkbuf_16)
                  0.08    0.18    0.27 ^ clkbuf_0_clk/X (sky130_fd_sc_hd__clkbuf_16)
     8    0.06                           clknet_0_clk (net)
                  0.08    0.00    0.27 ^ clkbuf_3_7__f_clk/A (sky130_fd_sc_hd__clkbuf_16)
                  0.04    0.13    0.40 ^ clkbuf_3_7__f_clk/X (sky130_fd_sc_hd__clkbuf_16)
     9    0.02                           clknet_3_7__leaf_clk (net)
                  0.04    0.00    0.40 ^ _421_/CLK (sky130_fd_sc_hd__dfrtp_1)
                  0.05    0.30    0.71 ^ _421_/Q (sky130_fd_sc_hd__dfrtp_1)
     2    0.00                           net155 (net)
                  0.05    0.00    0.71 ^ output155/A (sky130_fd_sc_hd__buf_2)
                  0.17    0.19    0.90 ^ output155/X (sky130_fd_sc_hd__buf_2)
     1    0.03                           paddr[29] (net)
                  0.17    0.00    0.90 ^ paddr[29] (out)
                                  0.90   data arrival time

                          0.00    0.00   clock clk (rise edge)
                          0.00    0.00   clock network delay (propagated)
                          0.25    0.25   clock uncertainty
                          0.00    0.25   clock reconvergence pessimism
                         -2.00   -1.75   output external delay
                                 -1.75   data required time
-----------------------------------------------------------------------------
                                 -1.75   data required time
                                 -0.90   data arrival time
-----------------------------------------------------------------------------
                                  2.65   slack (MET)


Startpoint: _450_ (rising edge-triggered flip-flop clocked by clk)
Endpoint: pwdata[26] (output port clocked by clk)
Path Group: clk
Path Type: min

Fanout     Cap    Slew   Delay    Time   Description
-----------------------------------------------------------------------------
                          0.00    0.00   clock clk (rise edge)
                          0.00    0.00   clock source latency
                  0.14    0.09    0.09 ^ clk (in)
     1    0.03                           clk (net)
                  0.14    0.00    0.09 ^ clkbuf_0_clk/A (sky130_fd_sc_hd__clkbuf_16)
                  0.08    0.18    0.27 ^ clkbuf_0_clk/X (sky130_fd_sc_hd__clkbuf_16)
     8    0.06                           clknet_0_clk (net)
                  0.08    0.00    0.27 ^ clkbuf_3_5__f_clk/A (sky130_fd_sc_hd__clkbuf_16)
                  0.04    0.13    0.41 ^ clkbuf_3_5__f_clk/X (sky130_fd_sc_hd__clkbuf_16)
    10    0.02                           clknet_3_5__leaf_clk (net)
                  0.04    0.00    0.41 ^ _450_/CLK (sky130_fd_sc_hd__dfrtp_1)
                  0.05    0.30    0.71 ^ _450_/Q (sky130_fd_sc_hd__dfrtp_1)
     2    0.00                           net188 (net)
                  0.05    0.00    0.71 ^ output188/A (sky130_fd_sc_hd__buf_2)
                  0.17    0.19    0.90 ^ output188/X (sky130_fd_sc_hd__buf_2)
     1    0.03                           pwdata[26] (net)
                  0.17    0.00    0.90 ^ pwdata[26] (out)
                                  0.90   data arrival time

                          0.00    0.00   clock clk (rise edge)
                          0.00    0.00   clock network delay (propagated)
                          0.25    0.25   clock uncertainty
                          0.00    0.25   clock reconvergence pessimism
                         -2.00   -1.75   output external delay
                                 -1.75   data required time
-----------------------------------------------------------------------------
                                 -1.75   data required time
                                 -0.90   data arrival time
-----------------------------------------------------------------------------
                                  2.65   slack (MET)


Startpoint: _406_ (rising edge-triggered flip-flop clocked by clk)
Endpoint: paddr[14] (output port clocked by clk)
Path Group: clk
Path Type: min

Fanout     Cap    Slew   Delay    Time   Description
-----------------------------------------------------------------------------
                          0.00    0.00   clock clk (rise edge)
                          0.00    0.00   clock source latency
                  0.14    0.09    0.09 ^ clk (in)
     1    0.03                           clk (net)
                  0.14    0.00    0.09 ^ clkbuf_0_clk/A (sky130_fd_sc_hd__clkbuf_16)
                  0.08    0.18    0.27 ^ clkbuf_0_clk/X (sky130_fd_sc_hd__clkbuf_16)
     8    0.06                           clknet_0_clk (net)
                  0.08    0.00    0.27 ^ clkbuf_3_5__f_clk/A (sky130_fd_sc_hd__clkbuf_16)
                  0.04    0.13    0.41 ^ clkbuf_3_5__f_clk/X (sky130_fd_sc_hd__clkbuf_16)
    10    0.02                           clknet_3_5__leaf_clk (net)
                  0.04    0.00    0.41 ^ _406_/CLK (sky130_fd_sc_hd__dfrtp_1)
                  0.05    0.30    0.71 ^ _406_/Q (sky130_fd_sc_hd__dfrtp_1)
     2    0.00                           net139 (net)
                  0.05    0.00    0.71 ^ output139/A (sky130_fd_sc_hd__buf_2)
                  0.17    0.19    0.90 ^ output139/X (sky130_fd_sc_hd__buf_2)
     1    0.03                           paddr[14] (net)
                  0.17    0.00    0.90 ^ paddr[14] (out)
                                  0.90   data arrival time

                          0.00    0.00   clock clk (rise edge)
                          0.00    0.00   clock network delay (propagated)
                          0.25    0.25   clock uncertainty
                          0.00    0.25   clock reconvergence pessimism
                         -2.00   -1.75   output external delay
                                 -1.75   data required time
-----------------------------------------------------------------------------
                                 -1.75   data required time
                                 -0.90   data arrival time
-----------------------------------------------------------------------------
                                  2.65   slack (MET)


Startpoint: _396_ (rising edge-triggered flip-flop clocked by clk)
Endpoint: paddr[4] (output port clocked by clk)
Path Group: clk
Path Type: min

Fanout     Cap    Slew   Delay    Time   Description
-----------------------------------------------------------------------------
                          0.00    0.00   clock clk (rise edge)
                          0.00    0.00   clock source latency
                  0.14    0.09    0.09 ^ clk (in)
     1    0.03                           clk (net)
                  0.14    0.00    0.09 ^ clkbuf_0_clk/A (sky130_fd_sc_hd__clkbuf_16)
                  0.08    0.18    0.27 ^ clkbuf_0_clk/X (sky130_fd_sc_hd__clkbuf_16)
     8    0.06                           clknet_0_clk (net)
                  0.08    0.00    0.27 ^ clkbuf_3_2__f_clk/A (sky130_fd_sc_hd__clkbuf_16)
                  0.04    0.13    0.40 ^ clkbuf_3_2__f_clk/X (sky130_fd_sc_hd__clkbuf_16)
     7    0.01                           clknet_3_2__leaf_clk (net)
                  0.04    0.00    0.40 ^ _396_/CLK (sky130_fd_sc_hd__dfrtp_1)
                  0.07    0.32    0.72 ^ _396_/Q (sky130_fd_sc_hd__dfrtp_1)
     2    0.01                           net160 (net)
                  0.07    0.00    0.72 ^ output160/A (sky130_fd_sc_hd__clkbuf_4)
                  0.11    0.18    0.90 ^ output160/X (sky130_fd_sc_hd__clkbuf_4)
     1    0.03                           paddr[4] (net)
                  0.11    0.00    0.90 ^ paddr[4] (out)
                                  0.90   data arrival time

                          0.00    0.00   clock clk (rise edge)
                          0.00    0.00   clock network delay (propagated)
                          0.25    0.25   clock uncertainty
                          0.00    0.25   clock reconvergence pessimism
                         -2.00   -1.75   output external delay
                                 -1.75   data required time
-----------------------------------------------------------------------------
                                 -1.75   data required time
                                 -0.90   data arrival time
-----------------------------------------------------------------------------
                                  2.65   slack (MET)


Startpoint: _401_ (rising edge-triggered flip-flop clocked by clk)
Endpoint: paddr[9] (output port clocked by clk)
Path Group: clk
Path Type: min

Fanout     Cap    Slew   Delay    Time   Description
-----------------------------------------------------------------------------
                          0.00    0.00   clock clk (rise edge)
                          0.00    0.00   clock source latency
                  0.14    0.09    0.09 ^ clk (in)
     1    0.03                           clk (net)
                  0.14    0.00    0.09 ^ clkbuf_0_clk/A (sky130_fd_sc_hd__clkbuf_16)
                  0.08    0.18    0.27 ^ clkbuf_0_clk/X (sky130_fd_sc_hd__clkbuf_16)
     8    0.06                           clknet_0_clk (net)
                  0.08    0.00    0.27 ^ clkbuf_3_5__f_clk/A (sky130_fd_sc_hd__clkbuf_16)
                  0.04    0.13    0.41 ^ clkbuf_3_5__f_clk/X (sky130_fd_sc_hd__clkbuf_16)
    10    0.02                           clknet_3_5__leaf_clk (net)
                  0.04    0.00    0.41 ^ _401_/CLK (sky130_fd_sc_hd__dfrtp_2)
                  0.05    0.32    0.73 ^ _401_/Q (sky130_fd_sc_hd__dfrtp_2)
     2    0.00                           net165 (net)
                  0.05    0.00    0.73 ^ output165/A (sky130_fd_sc_hd__clkbuf_4)
                  0.11    0.18    0.90 ^ output165/X (sky130_fd_sc_hd__clkbuf_4)
     1    0.03                           paddr[9] (net)
                  0.11    0.00    0.90 ^ paddr[9] (out)
                                  0.90   data arrival time

                          0.00    0.00   clock clk (rise edge)
                          0.00    0.00   clock network delay (propagated)
                          0.25    0.25   clock uncertainty
                          0.00    0.25   clock reconvergence pessimism
                         -2.00   -1.75   output external delay
                                 -1.75   data required time
-----------------------------------------------------------------------------
                                 -1.75   data required time
                                 -0.90   data arrival time
-----------------------------------------------------------------------------
                                  2.65   slack (MET)


Startpoint: _397_ (rising edge-triggered flip-flop clocked by clk)
Endpoint: paddr[5] (output port clocked by clk)
Path Group: clk
Path Type: min

Fanout     Cap    Slew   Delay    Time   Description
-----------------------------------------------------------------------------
                          0.00    0.00   clock clk (rise edge)
                          0.00    0.00   clock source latency
                  0.14    0.09    0.09 ^ clk (in)
     1    0.03                           clk (net)
                  0.14    0.00    0.09 ^ clkbuf_0_clk/A (sky130_fd_sc_hd__clkbuf_16)
                  0.08    0.18    0.27 ^ clkbuf_0_clk/X (sky130_fd_sc_hd__clkbuf_16)
     8    0.06                           clknet_0_clk (net)
                  0.08    0.00    0.27 ^ clkbuf_3_0__f_clk/A (sky130_fd_sc_hd__clkbuf_16)
                  0.04    0.13    0.40 ^ clkbuf_3_0__f_clk/X (sky130_fd_sc_hd__clkbuf_16)
     7    0.01                           clknet_3_0__leaf_clk (net)
                  0.04    0.00    0.40 ^ _397_/CLK (sky130_fd_sc_hd__dfrtp_1)
                  0.07    0.32    0.72 ^ _397_/Q (sky130_fd_sc_hd__dfrtp_1)
     2    0.01                           net161 (net)
                  0.07    0.00    0.72 ^ output161/A (sky130_fd_sc_hd__clkbuf_4)
                  0.11    0.19    0.91 ^ output161/X (sky130_fd_sc_hd__clkbuf_4)
     1    0.03                           paddr[5] (net)
                  0.11    0.00    0.91 ^ paddr[5] (out)
                                  0.91   data arrival time

                          0.00    0.00   clock clk (rise edge)
                          0.00    0.00   clock network delay (propagated)
                          0.25    0.25   clock uncertainty
                          0.00    0.25   clock reconvergence pessimism
                         -2.00   -1.75   output external delay
                                 -1.75   data required time
-----------------------------------------------------------------------------
                                 -1.75   data required time
                                 -0.91   data arrival time
-----------------------------------------------------------------------------
                                  2.66   slack (MET)


Startpoint: _393_ (rising edge-triggered flip-flop clocked by clk)
Endpoint: paddr[1] (output port clocked by clk)
Path Group: clk
Path Type: min

Fanout     Cap    Slew   Delay    Time   Description
-----------------------------------------------------------------------------
                          0.00    0.00   clock clk (rise edge)
                          0.00    0.00   clock source latency
                  0.14    0.09    0.09 ^ clk (in)
     1    0.03                           clk (net)
                  0.14    0.00    0.09 ^ clkbuf_0_clk/A (sky130_fd_sc_hd__clkbuf_16)
                  0.08    0.18    0.27 ^ clkbuf_0_clk/X (sky130_fd_sc_hd__clkbuf_16)
     8    0.06                           clknet_0_clk (net)
                  0.08    0.00    0.27 ^ clkbuf_3_2__f_clk/A (sky130_fd_sc_hd__clkbuf_16)
                  0.04    0.13    0.40 ^ clkbuf_3_2__f_clk/X (sky130_fd_sc_hd__clkbuf_16)
     7    0.01                           clknet_3_2__leaf_clk (net)
                  0.04    0.00    0.40 ^ _393_/CLK (sky130_fd_sc_hd__dfrtp_1)
                  0.07    0.32    0.72 ^ _393_/Q (sky130_fd_sc_hd__dfrtp_1)
     2    0.01                           net145 (net)
                  0.07    0.00    0.72 ^ output145/A (sky130_fd_sc_hd__clkbuf_4)
                  0.12    0.19    0.91 ^ output145/X (sky130_fd_sc_hd__clkbuf_4)
     1    0.04                           paddr[1] (net)
                  0.12    0.00    0.91 ^ paddr[1] (out)
                                  0.91   data arrival time

                          0.00    0.00   clock clk (rise edge)
                          0.00    0.00   clock network delay (propagated)
                          0.25    0.25   clock uncertainty
                          0.00    0.25   clock reconvergence pessimism
                         -2.00   -1.75   output external delay
                                 -1.75   data required time
-----------------------------------------------------------------------------
                                 -1.75   data required time
                                 -0.91   data arrival time
-----------------------------------------------------------------------------
                                  2.66   slack (MET)


Startpoint: _422_ (rising edge-triggered flip-flop clocked by clk)
Endpoint: paddr[30] (output port clocked by clk)
Path Group: clk
Path Type: min

Fanout     Cap    Slew   Delay    Time   Description
-----------------------------------------------------------------------------
                          0.00    0.00   clock clk (rise edge)
                          0.00    0.00   clock source latency
                  0.14    0.09    0.09 ^ clk (in)
     1    0.03                           clk (net)
                  0.14    0.00    0.09 ^ clkbuf_0_clk/A (sky130_fd_sc_hd__clkbuf_16)
                  0.08    0.18    0.27 ^ clkbuf_0_clk/X (sky130_fd_sc_hd__clkbuf_16)
     8    0.06                           clknet_0_clk (net)
                  0.08    0.00    0.27 ^ clkbuf_3_7__f_clk/A (sky130_fd_sc_hd__clkbuf_16)
                  0.04    0.13    0.40 ^ clkbuf_3_7__f_clk/X (sky130_fd_sc_hd__clkbuf_16)
     9    0.02                           clknet_3_7__leaf_clk (net)
                  0.04    0.00    0.40 ^ _422_/CLK (sky130_fd_sc_hd__dfrtp_1)
                  0.06    0.31    0.72 ^ _422_/Q (sky130_fd_sc_hd__dfrtp_1)
     2    0.00                           net157 (net)
                  0.06    0.00    0.72 ^ output157/A (sky130_fd_sc_hd__buf_2)
                  0.17    0.19    0.91 ^ output157/X (sky130_fd_sc_hd__buf_2)
     1    0.03                           paddr[30] (net)
                  0.17    0.00    0.91 ^ paddr[30] (out)
                                  0.91   data arrival time

                          0.00    0.00   clock clk (rise edge)
                          0.00    0.00   clock network delay (propagated)
                          0.25    0.25   clock uncertainty
                          0.00    0.25   clock reconvergence pessimism
                         -2.00   -1.75   output external delay
                                 -1.75   data required time
-----------------------------------------------------------------------------
                                 -1.75   data required time
                                 -0.91   data arrival time
-----------------------------------------------------------------------------
                                  2.66   slack (MET)


Startpoint: _438_ (rising edge-triggered flip-flop clocked by clk)
Endpoint: pwdata[14] (output port clocked by clk)
Path Group: clk
Path Type: min

Fanout     Cap    Slew   Delay    Time   Description
-----------------------------------------------------------------------------
                          0.00    0.00   clock clk (rise edge)
                          0.00    0.00   clock source latency
                  0.14    0.09    0.09 ^ clk (in)
     1    0.03                           clk (net)
                  0.14    0.00    0.09 ^ clkbuf_0_clk/A (sky130_fd_sc_hd__clkbuf_16)
                  0.08    0.18    0.27 ^ clkbuf_0_clk/X (sky130_fd_sc_hd__clkbuf_16)
     8    0.06                           clknet_0_clk (net)
                  0.08    0.00    0.27 ^ clkbuf_3_4__f_clk/A (sky130_fd_sc_hd__clkbuf_16)
                  0.05    0.14    0.41 ^ clkbuf_3_4__f_clk/X (sky130_fd_sc_hd__clkbuf_16)
    14    0.03                           clknet_3_4__leaf_clk (net)
                  0.05    0.00    0.41 ^ _438_/CLK (sky130_fd_sc_hd__dfrtp_2)
                  0.05    0.32    0.74 ^ _438_/Q (sky130_fd_sc_hd__dfrtp_2)
     2    0.00                           net175 (net)
                  0.05    0.00    0.74 ^ output175/A (sky130_fd_sc_hd__clkbuf_4)
                  0.11    0.17    0.91 ^ output175/X (sky130_fd_sc_hd__clkbuf_4)
     1    0.03                           pwdata[14] (net)
                  0.11    0.00    0.91 ^ pwdata[14] (out)
                                  0.91   data arrival time

                          0.00    0.00   clock clk (rise edge)
                          0.00    0.00   clock network delay (propagated)
                          0.25    0.25   clock uncertainty
                          0.00    0.25   clock reconvergence pessimism
                         -2.00   -1.75   output external delay
                                 -1.75   data required time
-----------------------------------------------------------------------------
                                 -1.75   data required time
                                 -0.91   data arrival time
-----------------------------------------------------------------------------
                                  2.66   slack (MET)


Startpoint: _402_ (rising edge-triggered flip-flop clocked by clk)
Endpoint: paddr[10] (output port clocked by clk)
Path Group: clk
Path Type: min

Fanout     Cap    Slew   Delay    Time   Description
-----------------------------------------------------------------------------
                          0.00    0.00   clock clk (rise edge)
                          0.00    0.00   clock source latency
                  0.14    0.09    0.09 ^ clk (in)
     1    0.03                           clk (net)
                  0.14    0.00    0.09 ^ clkbuf_0_clk/A (sky130_fd_sc_hd__clkbuf_16)
                  0.08    0.18    0.27 ^ clkbuf_0_clk/X (sky130_fd_sc_hd__clkbuf_16)
     8    0.06                           clknet_0_clk (net)
                  0.08    0.00    0.27 ^ clkbuf_3_7__f_clk/A (sky130_fd_sc_hd__clkbuf_16)
                  0.04    0.13    0.40 ^ clkbuf_3_7__f_clk/X (sky130_fd_sc_hd__clkbuf_16)
     9    0.02                           clknet_3_7__leaf_clk (net)
                  0.04    0.00    0.40 ^ _402_/CLK (sky130_fd_sc_hd__dfrtp_1)
                  0.06    0.31    0.72 ^ _402_/Q (sky130_fd_sc_hd__dfrtp_1)
     2    0.01                           net135 (net)
                  0.06    0.00    0.72 ^ output135/A (sky130_fd_sc_hd__buf_2)
                  0.17    0.19    0.91 ^ output135/X (sky130_fd_sc_hd__buf_2)
     1    0.03                           paddr[10] (net)
                  0.17    0.00    0.91 ^ paddr[10] (out)
                                  0.91   data arrival time

                          0.00    0.00   clock clk (rise edge)
                          0.00    0.00   clock network delay (propagated)
                          0.25    0.25   clock uncertainty
                          0.00    0.25   clock reconvergence pessimism
                         -2.00   -1.75   output external delay
                                 -1.75   data required time
-----------------------------------------------------------------------------
                                 -1.75   data required time
                                 -0.91   data arrival time
-----------------------------------------------------------------------------
                                  2.66   slack (MET)


Startpoint: _409_ (rising edge-triggered flip-flop clocked by clk)
Endpoint: paddr[17] (output port clocked by clk)
Path Group: clk
Path Type: min

Fanout     Cap    Slew   Delay    Time   Description
-----------------------------------------------------------------------------
                          0.00    0.00   clock clk (rise edge)
                          0.00    0.00   clock source latency
                  0.14    0.09    0.09 ^ clk (in)
     1    0.03                           clk (net)
                  0.14    0.00    0.09 ^ clkbuf_0_clk/A (sky130_fd_sc_hd__clkbuf_16)
                  0.08    0.18    0.27 ^ clkbuf_0_clk/X (sky130_fd_sc_hd__clkbuf_16)
     8    0.06                           clknet_0_clk (net)
                  0.08    0.00    0.27 ^ clkbuf_3_5__f_clk/A (sky130_fd_sc_hd__clkbuf_16)
                  0.04    0.13    0.41 ^ clkbuf_3_5__f_clk/X (sky130_fd_sc_hd__clkbuf_16)
    10    0.02                           clknet_3_5__leaf_clk (net)
                  0.04    0.00    0.41 ^ _409_/CLK (sky130_fd_sc_hd__dfrtp_2)
                  0.04    0.32    0.72 ^ _409_/Q (sky130_fd_sc_hd__dfrtp_2)
     2    0.00                           net142 (net)
                  0.04    0.00    0.72 ^ output142/A (sky130_fd_sc_hd__buf_2)
                  0.17    0.19    0.91 ^ output142/X (sky130_fd_sc_hd__buf_2)
     1    0.03                           paddr[17] (net)
                  0.17    0.00    0.91 ^ paddr[17] (out)
                                  0.91   data arrival time

                          0.00    0.00   clock clk (rise edge)
                          0.00    0.00   clock network delay (propagated)
                          0.25    0.25   clock uncertainty
                          0.00    0.25   clock reconvergence pessimism
                         -2.00   -1.75   output external delay
                                 -1.75   data required time
-----------------------------------------------------------------------------
                                 -1.75   data required time
                                 -0.91   data arrival time
-----------------------------------------------------------------------------
                                  2.66   slack (MET)


Startpoint: _411_ (rising edge-triggered flip-flop clocked by clk)
Endpoint: paddr[19] (output port clocked by clk)
Path Group: clk
Path Type: min

Fanout     Cap    Slew   Delay    Time   Description
-----------------------------------------------------------------------------
                          0.00    0.00   clock clk (rise edge)
                          0.00    0.00   clock source latency
                  0.14    0.09    0.09 ^ clk (in)
     1    0.03                           clk (net)
                  0.14    0.00    0.09 ^ clkbuf_0_clk/A (sky130_fd_sc_hd__clkbuf_16)
                  0.08    0.18    0.27 ^ clkbuf_0_clk/X (sky130_fd_sc_hd__clkbuf_16)
     8    0.06                           clknet_0_clk (net)
                  0.08    0.00    0.27 ^ clkbuf_3_1__f_clk/A (sky130_fd_sc_hd__clkbuf_16)
                  0.05    0.14    0.41 ^ clkbuf_3_1__f_clk/X (sky130_fd_sc_hd__clkbuf_16)
     9    0.03                           clknet_3_1__leaf_clk (net)
                  0.05    0.00    0.42 ^ _411_/CLK (sky130_fd_sc_hd__dfrtp_2)
                  0.05    0.32    0.74 ^ _411_/Q (sky130_fd_sc_hd__dfrtp_2)
     2    0.00                           net144 (net)
                  0.05    0.00    0.74 ^ output144/A (sky130_fd_sc_hd__clkbuf_4)
                  0.11    0.17    0.91 ^ output144/X (sky130_fd_sc_hd__clkbuf_4)
     1    0.03                           paddr[19] (net)
                  0.11    0.00    0.91 ^ paddr[19] (out)
                                  0.91   data arrival time

                          0.00    0.00   clock clk (rise edge)
                          0.00    0.00   clock network delay (propagated)
                          0.25    0.25   clock uncertainty
                          0.00    0.25   clock reconvergence pessimism
                         -2.00   -1.75   output external delay
                                 -1.75   data required time
-----------------------------------------------------------------------------
                                 -1.75   data required time
                                 -0.91   data arrival time
-----------------------------------------------------------------------------
                                  2.66   slack (MET)


Startpoint: _447_ (rising edge-triggered flip-flop clocked by clk)
Endpoint: pwdata[23] (output port clocked by clk)
Path Group: clk
Path Type: min

Fanout     Cap    Slew   Delay    Time   Description
-----------------------------------------------------------------------------
                          0.00    0.00   clock clk (rise edge)
                          0.00    0.00   clock source latency
                  0.14    0.09    0.09 ^ clk (in)
     1    0.03                           clk (net)
                  0.14    0.00    0.09 ^ clkbuf_0_clk/A (sky130_fd_sc_hd__clkbuf_16)
                  0.08    0.18    0.27 ^ clkbuf_0_clk/X (sky130_fd_sc_hd__clkbuf_16)
     8    0.06                           clknet_0_clk (net)
                  0.08    0.00    0.27 ^ clkbuf_3_1__f_clk/A (sky130_fd_sc_hd__clkbuf_16)
                  0.05    0.14    0.41 ^ clkbuf_3_1__f_clk/X (sky130_fd_sc_hd__clkbuf_16)
     9    0.03                           clknet_3_1__leaf_clk (net)
                  0.05    0.00    0.42 ^ _447_/CLK (sky130_fd_sc_hd__dfrtp_2)
                  0.05    0.32    0.74 ^ _447_/Q (sky130_fd_sc_hd__dfrtp_2)
     2    0.00                           net185 (net)
                  0.05    0.00    0.74 ^ output185/A (sky130_fd_sc_hd__clkbuf_4)
                  0.11    0.18    0.91 ^ output185/X (sky130_fd_sc_hd__clkbuf_4)
     1    0.03                           pwdata[23] (net)
                  0.11    0.00    0.92 ^ pwdata[23] (out)
                                  0.92   data arrival time

                          0.00    0.00   clock clk (rise edge)
                          0.00    0.00   clock network delay (propagated)
                          0.25    0.25   clock uncertainty
                          0.00    0.25   clock reconvergence pessimism
                         -2.00   -1.75   output external delay
                                 -1.75   data required time
-----------------------------------------------------------------------------
                                 -1.75   data required time
                                 -0.92   data arrival time
-----------------------------------------------------------------------------
                                  2.67   slack (MET)


Startpoint: _436_ (rising edge-triggered flip-flop clocked by clk)
Endpoint: pwdata[12] (output port clocked by clk)
Path Group: clk
Path Type: min

Fanout     Cap    Slew   Delay    Time   Description
-----------------------------------------------------------------------------
                          0.00    0.00   clock clk (rise edge)
                          0.00    0.00   clock source latency
                  0.14    0.09    0.09 ^ clk (in)
     1    0.03                           clk (net)
                  0.14    0.00    0.09 ^ clkbuf_0_clk/A (sky130_fd_sc_hd__clkbuf_16)
                  0.08    0.18    0.27 ^ clkbuf_0_clk/X (sky130_fd_sc_hd__clkbuf_16)
     8    0.06                           clknet_0_clk (net)
                  0.08    0.00    0.27 ^ clkbuf_3_2__f_clk/A (sky130_fd_sc_hd__clkbuf_16)
                  0.04    0.13    0.40 ^ clkbuf_3_2__f_clk/X (sky130_fd_sc_hd__clkbuf_16)
     7    0.01                           clknet_3_2__leaf_clk (net)
                  0.04    0.00    0.40 ^ _436_/CLK (sky130_fd_sc_hd__dfrtp_1)
                  0.08    0.33    0.73 ^ _436_/Q (sky130_fd_sc_hd__dfrtp_1)
     2    0.01                           net173 (net)
                  0.08    0.00    0.73 ^ output173/A (sky130_fd_sc_hd__clkbuf_4)
                  0.11    0.19    0.91 ^ output173/X (sky130_fd_sc_hd__clkbuf_4)
     1    0.03                           pwdata[12] (net)
                  0.11    0.00    0.92 ^ pwdata[12] (out)
                                  0.92   data arrival time

                          0.00    0.00   clock clk (rise edge)
                          0.00    0.00   clock network delay (propagated)
                          0.25    0.25   clock uncertainty
                          0.00    0.25   clock reconvergence pessimism
                         -2.00   -1.75   output external delay
                                 -1.75   data required time
-----------------------------------------------------------------------------
                                 -1.75   data required time
                                 -0.92   data arrival time
-----------------------------------------------------------------------------
                                  2.67   slack (MET)


Startpoint: _429_ (rising edge-triggered flip-flop clocked by clk)
Endpoint: pwdata[5] (output port clocked by clk)
Path Group: clk
Path Type: min

Fanout     Cap    Slew   Delay    Time   Description
-----------------------------------------------------------------------------
                          0.00    0.00   clock clk (rise edge)
                          0.00    0.00   clock source latency
                  0.14    0.09    0.09 ^ clk (in)
     1    0.03                           clk (net)
                  0.14    0.00    0.09 ^ clkbuf_0_clk/A (sky130_fd_sc_hd__clkbuf_16)
                  0.08    0.18    0.27 ^ clkbuf_0_clk/X (sky130_fd_sc_hd__clkbuf_16)
     8    0.06                           clknet_0_clk (net)
                  0.08    0.00    0.27 ^ clkbuf_3_6__f_clk/A (sky130_fd_sc_hd__clkbuf_16)
                  0.05    0.14    0.41 ^ clkbuf_3_6__f_clk/X (sky130_fd_sc_hd__clkbuf_16)
     7    0.03                           clknet_3_6__leaf_clk (net)
                  0.05    0.00    0.42 ^ _429_/CLK (sky130_fd_sc_hd__dfrtp_1)
                  0.06    0.32    0.73 ^ _429_/Q (sky130_fd_sc_hd__dfrtp_1)
     2    0.01                           net197 (net)
                  0.06    0.00    0.73 ^ output197/A (sky130_fd_sc_hd__clkbuf_4)
                  0.11    0.18    0.92 ^ output197/X (sky130_fd_sc_hd__clkbuf_4)
     1    0.03                           pwdata[5] (net)
                  0.11    0.00    0.92 ^ pwdata[5] (out)
                                  0.92   data arrival time

                          0.00    0.00   clock clk (rise edge)
                          0.00    0.00   clock network delay (propagated)
                          0.25    0.25   clock uncertainty
                          0.00    0.25   clock reconvergence pessimism
                         -2.00   -1.75   output external delay
                                 -1.75   data required time
-----------------------------------------------------------------------------
                                 -1.75   data required time
                                 -0.92   data arrival time
-----------------------------------------------------------------------------
                                  2.67   slack (MET)


Startpoint: _451_ (rising edge-triggered flip-flop clocked by clk)
Endpoint: pwdata[27] (output port clocked by clk)
Path Group: clk
Path Type: min

Fanout     Cap    Slew   Delay    Time   Description
-----------------------------------------------------------------------------
                          0.00    0.00   clock clk (rise edge)
                          0.00    0.00   clock source latency
                  0.14    0.09    0.09 ^ clk (in)
     1    0.03                           clk (net)
                  0.14    0.00    0.09 ^ clkbuf_0_clk/A (sky130_fd_sc_hd__clkbuf_16)
                  0.08    0.18    0.27 ^ clkbuf_0_clk/X (sky130_fd_sc_hd__clkbuf_16)
     8    0.06                           clknet_0_clk (net)
                  0.08    0.00    0.27 ^ clkbuf_3_2__f_clk/A (sky130_fd_sc_hd__clkbuf_16)
                  0.04    0.13    0.40 ^ clkbuf_3_2__f_clk/X (sky130_fd_sc_hd__clkbuf_16)
     7    0.01                           clknet_3_2__leaf_clk (net)
                  0.04    0.00    0.40 ^ _451_/CLK (sky130_fd_sc_hd__dfrtp_1)
                  0.08    0.33    0.73 ^ _451_/Q (sky130_fd_sc_hd__dfrtp_1)
     2    0.01                           net189 (net)
                  0.08    0.00    0.73 ^ output189/A (sky130_fd_sc_hd__clkbuf_4)
                  0.11    0.19    0.92 ^ output189/X (sky130_fd_sc_hd__clkbuf_4)
     1    0.03                           pwdata[27] (net)
                  0.11    0.00    0.92 ^ pwdata[27] (out)
                                  0.92   data arrival time

                          0.00    0.00   clock clk (rise edge)
                          0.00    0.00   clock network delay (propagated)
                          0.25    0.25   clock uncertainty
                          0.00    0.25   clock reconvergence pessimism
                         -2.00   -1.75   output external delay
                                 -1.75   data required time
-----------------------------------------------------------------------------
                                 -1.75   data required time
                                 -0.92   data arrival time
-----------------------------------------------------------------------------
                                  2.67   slack (MET)


Startpoint: _453_ (rising edge-triggered flip-flop clocked by clk)
Endpoint: pwdata[29] (output port clocked by clk)
Path Group: clk
Path Type: min

Fanout     Cap    Slew   Delay    Time   Description
-----------------------------------------------------------------------------
                          0.00    0.00   clock clk (rise edge)
                          0.00    0.00   clock source latency
                  0.14    0.09    0.09 ^ clk (in)
     1    0.03                           clk (net)
                  0.14    0.00    0.09 ^ clkbuf_0_clk/A (sky130_fd_sc_hd__clkbuf_16)
                  0.08    0.18    0.27 ^ clkbuf_0_clk/X (sky130_fd_sc_hd__clkbuf_16)
     8    0.06                           clknet_0_clk (net)
                  0.08    0.00    0.27 ^ clkbuf_3_0__f_clk/A (sky130_fd_sc_hd__clkbuf_16)
                  0.04    0.13    0.40 ^ clkbuf_3_0__f_clk/X (sky130_fd_sc_hd__clkbuf_16)
     7    0.01                           clknet_3_0__leaf_clk (net)
                  0.04    0.00    0.40 ^ _453_/CLK (sky130_fd_sc_hd__dfrtp_1)
                  0.08    0.33    0.73 ^ _453_/Q (sky130_fd_sc_hd__dfrtp_1)
     2    0.01                           net191 (net)
                  0.08    0.00    0.73 ^ output191/A (sky130_fd_sc_hd__clkbuf_4)
                  0.11    0.19    0.92 ^ output191/X (sky130_fd_sc_hd__clkbuf_4)
     1    0.03                           pwdata[29] (net)
                  0.11    0.00    0.92 ^ pwdata[29] (out)
                                  0.92   data arrival time

                          0.00    0.00   clock clk (rise edge)
                          0.00    0.00   clock network delay (propagated)
                          0.25    0.25   clock uncertainty
                          0.00    0.25   clock reconvergence pessimism
                         -2.00   -1.75   output external delay
                                 -1.75   data required time
-----------------------------------------------------------------------------
                                 -1.75   data required time
                                 -0.92   data arrival time
-----------------------------------------------------------------------------
                                  2.67   slack (MET)


Startpoint: _412_ (rising edge-triggered flip-flop clocked by clk)
Endpoint: paddr[20] (output port clocked by clk)
Path Group: clk
Path Type: min

Fanout     Cap    Slew   Delay    Time   Description
-----------------------------------------------------------------------------
                          0.00    0.00   clock clk (rise edge)
                          0.00    0.00   clock source latency
                  0.14    0.09    0.09 ^ clk (in)
     1    0.03                           clk (net)
                  0.14    0.00    0.09 ^ clkbuf_0_clk/A (sky130_fd_sc_hd__clkbuf_16)
                  0.08    0.18    0.27 ^ clkbuf_0_clk/X (sky130_fd_sc_hd__clkbuf_16)
     8    0.06                           clknet_0_clk (net)
                  0.08    0.00    0.27 ^ clkbuf_3_6__f_clk/A (sky130_fd_sc_hd__clkbuf_16)
                  0.05    0.14    0.41 ^ clkbuf_3_6__f_clk/X (sky130_fd_sc_hd__clkbuf_16)
     7    0.03                           clknet_3_6__leaf_clk (net)
                  0.05    0.00    0.42 ^ _412_/CLK (sky130_fd_sc_hd__dfrtp_1)
                  0.07    0.32    0.74 ^ _412_/Q (sky130_fd_sc_hd__dfrtp_1)
     2    0.01                           net146 (net)
                  0.07    0.00    0.74 ^ output146/A (sky130_fd_sc_hd__clkbuf_4)
                  0.11    0.19    0.93 ^ output146/X (sky130_fd_sc_hd__clkbuf_4)
     1    0.03                           paddr[20] (net)
                  0.11    0.00    0.93 ^ paddr[20] (out)
                                  0.93   data arrival time

                          0.00    0.00   clock clk (rise edge)
                          0.00    0.00   clock network delay (propagated)
                          0.25    0.25   clock uncertainty
                          0.00    0.25   clock reconvergence pessimism
                         -2.00   -1.75   output external delay
                                 -1.75   data required time
-----------------------------------------------------------------------------
                                 -1.75   data required time
                                 -0.93   data arrival time
-----------------------------------------------------------------------------
                                  2.68   slack (MET)


Startpoint: _430_ (rising edge-triggered flip-flop clocked by clk)
Endpoint: pwdata[6] (output port clocked by clk)
Path Group: clk
Path Type: min

Fanout     Cap    Slew   Delay    Time   Description
-----------------------------------------------------------------------------
                          0.00    0.00   clock clk (rise edge)
                          0.00    0.00   clock source latency
                  0.14    0.09    0.09 ^ clk (in)
     1    0.03                           clk (net)
                  0.14    0.00    0.09 ^ clkbuf_0_clk/A (sky130_fd_sc_hd__clkbuf_16)
                  0.08    0.18    0.27 ^ clkbuf_0_clk/X (sky130_fd_sc_hd__clkbuf_16)
     8    0.06                           clknet_0_clk (net)
                  0.08    0.00    0.27 ^ clkbuf_3_2__f_clk/A (sky130_fd_sc_hd__clkbuf_16)
                  0.04    0.13    0.40 ^ clkbuf_3_2__f_clk/X (sky130_fd_sc_hd__clkbuf_16)
     7    0.01                           clknet_3_2__leaf_clk (net)
                  0.04    0.00    0.40 ^ _430_/CLK (sky130_fd_sc_hd__dfrtp_1)
                  0.10    0.34    0.74 ^ _430_/Q (sky130_fd_sc_hd__dfrtp_1)
     2    0.01                           net198 (net)
                  0.10    0.00    0.74 ^ output198/A (sky130_fd_sc_hd__clkbuf_4)
                  0.11    0.19    0.93 ^ output198/X (sky130_fd_sc_hd__clkbuf_4)
     1    0.03                           pwdata[6] (net)
                  0.11    0.00    0.93 ^ pwdata[6] (out)
                                  0.93   data arrival time

                          0.00    0.00   clock clk (rise edge)
                          0.00    0.00   clock network delay (propagated)
                          0.25    0.25   clock uncertainty
                          0.00    0.25   clock reconvergence pessimism
                         -2.00   -1.75   output external delay
                                 -1.75   data required time
-----------------------------------------------------------------------------
                                 -1.75   data required time
                                 -0.93   data arrival time
-----------------------------------------------------------------------------
                                  2.68   slack (MET)


Startpoint: _416_ (rising edge-triggered flip-flop clocked by clk)
Endpoint: paddr[24] (output port clocked by clk)
Path Group: clk
Path Type: min

Fanout     Cap    Slew   Delay    Time   Description
-----------------------------------------------------------------------------
                          0.00    0.00   clock clk (rise edge)
                          0.00    0.00   clock source latency
                  0.14    0.09    0.09 ^ clk (in)
     1    0.03                           clk (net)
                  0.14    0.00    0.09 ^ clkbuf_0_clk/A (sky130_fd_sc_hd__clkbuf_16)
                  0.08    0.18    0.27 ^ clkbuf_0_clk/X (sky130_fd_sc_hd__clkbuf_16)
     8    0.06                           clknet_0_clk (net)
                  0.08    0.00    0.27 ^ clkbuf_3_2__f_clk/A (sky130_fd_sc_hd__clkbuf_16)
                  0.04    0.13    0.40 ^ clkbuf_3_2__f_clk/X (sky130_fd_sc_hd__clkbuf_16)
     7    0.01                           clknet_3_2__leaf_clk (net)
                  0.04    0.00    0.40 ^ _416_/CLK (sky130_fd_sc_hd__dfrtp_1)
                  0.10    0.34    0.74 ^ _416_/Q (sky130_fd_sc_hd__dfrtp_1)
     2    0.01                           net150 (net)
                  0.10    0.00    0.74 ^ output150/A (sky130_fd_sc_hd__clkbuf_4)
                  0.11    0.19    0.94 ^ output150/X (sky130_fd_sc_hd__clkbuf_4)
     1    0.03                           paddr[24] (net)
                  0.11    0.00    0.94 ^ paddr[24] (out)
                                  0.94   data arrival time

                          0.00    0.00   clock clk (rise edge)
                          0.00    0.00   clock network delay (propagated)
                          0.25    0.25   clock uncertainty
                          0.00    0.25   clock reconvergence pessimism
                         -2.00   -1.75   output external delay
                                 -1.75   data required time
-----------------------------------------------------------------------------
                                 -1.75   data required time
                                 -0.94   data arrival time
-----------------------------------------------------------------------------
                                  2.69   slack (MET)


Startpoint: _392_ (rising edge-triggered flip-flop clocked by clk)
Endpoint: paddr[0] (output port clocked by clk)
Path Group: clk
Path Type: min

Fanout     Cap    Slew   Delay    Time   Description
-----------------------------------------------------------------------------
                          0.00    0.00   clock clk (rise edge)
                          0.00    0.00   clock source latency
                  0.14    0.09    0.09 ^ clk (in)
     1    0.03                           clk (net)
                  0.14    0.00    0.09 ^ clkbuf_0_clk/A (sky130_fd_sc_hd__clkbuf_16)
                  0.08    0.18    0.27 ^ clkbuf_0_clk/X (sky130_fd_sc_hd__clkbuf_16)
     8    0.06                           clknet_0_clk (net)
                  0.08    0.00    0.27 ^ clkbuf_3_7__f_clk/A (sky130_fd_sc_hd__clkbuf_16)
                  0.04    0.13    0.40 ^ clkbuf_3_7__f_clk/X (sky130_fd_sc_hd__clkbuf_16)
     9    0.02                           clknet_3_7__leaf_clk (net)
                  0.04    0.00    0.40 ^ _392_/CLK (sky130_fd_sc_hd__dfrtp_1)
                  0.09    0.33    0.74 ^ _392_/Q (sky130_fd_sc_hd__dfrtp_1)
     2    0.01                           net134 (net)
                  0.09    0.00    0.74 ^ output134/A (sky130_fd_sc_hd__clkbuf_4)
                  0.12    0.20    0.94 ^ output134/X (sky130_fd_sc_hd__clkbuf_4)
     1    0.04                           paddr[0] (net)
                  0.12    0.00    0.94 ^ paddr[0] (out)
                                  0.94   data arrival time

                          0.00    0.00   clock clk (rise edge)
                          0.00    0.00   clock network delay (propagated)
                          0.25    0.25   clock uncertainty
                          0.00    0.25   clock reconvergence pessimism
                         -2.00   -1.75   output external delay
                                 -1.75   data required time
-----------------------------------------------------------------------------
                                 -1.75   data required time
                                 -0.94   data arrival time
-----------------------------------------------------------------------------
                                  2.69   slack (MET)


Startpoint: _428_ (rising edge-triggered flip-flop clocked by clk)
Endpoint: pwdata[4] (output port clocked by clk)
Path Group: clk
Path Type: min

Fanout     Cap    Slew   Delay    Time   Description
-----------------------------------------------------------------------------
                          0.00    0.00   clock clk (rise edge)
                          0.00    0.00   clock source latency
                  0.14    0.09    0.09 ^ clk (in)
     1    0.03                           clk (net)
                  0.14    0.00    0.09 ^ clkbuf_0_clk/A (sky130_fd_sc_hd__clkbuf_16)
                  0.08    0.18    0.27 ^ clkbuf_0_clk/X (sky130_fd_sc_hd__clkbuf_16)
     8    0.06                           clknet_0_clk (net)
                  0.08    0.00    0.27 ^ clkbuf_3_6__f_clk/A (sky130_fd_sc_hd__clkbuf_16)
                  0.05    0.14    0.41 ^ clkbuf_3_6__f_clk/X (sky130_fd_sc_hd__clkbuf_16)
     7    0.03                           clknet_3_6__leaf_clk (net)
                  0.05    0.00    0.42 ^ _428_/CLK (sky130_fd_sc_hd__dfrtp_1)
                  0.08    0.33    0.75 ^ _428_/Q (sky130_fd_sc_hd__dfrtp_1)
     2    0.01                           net196 (net)
                  0.08    0.00    0.75 ^ output196/A (sky130_fd_sc_hd__clkbuf_4)
                  0.11    0.19    0.94 ^ output196/X (sky130_fd_sc_hd__clkbuf_4)
     1    0.03                           pwdata[4] (net)
                  0.11    0.00    0.94 ^ pwdata[4] (out)
                                  0.94   data arrival time

                          0.00    0.00   clock clk (rise edge)
                          0.00    0.00   clock network delay (propagated)
                          0.25    0.25   clock uncertainty
                          0.00    0.25   clock reconvergence pessimism
                         -2.00   -1.75   output external delay
                                 -1.75   data required time
-----------------------------------------------------------------------------
                                 -1.75   data required time
                                 -0.94   data arrival time
-----------------------------------------------------------------------------
                                  2.69   slack (MET)


Startpoint: _419_ (rising edge-triggered flip-flop clocked by clk)
Endpoint: paddr[27] (output port clocked by clk)
Path Group: clk
Path Type: min

Fanout     Cap    Slew   Delay    Time   Description
-----------------------------------------------------------------------------
                          0.00    0.00   clock clk (rise edge)
                          0.00    0.00   clock source latency
                  0.14    0.09    0.09 ^ clk (in)
     1    0.03                           clk (net)
                  0.14    0.00    0.09 ^ clkbuf_0_clk/A (sky130_fd_sc_hd__clkbuf_16)
                  0.08    0.18    0.27 ^ clkbuf_0_clk/X (sky130_fd_sc_hd__clkbuf_16)
     8    0.06                           clknet_0_clk (net)
                  0.08    0.00    0.27 ^ clkbuf_3_3__f_clk/A (sky130_fd_sc_hd__clkbuf_16)
                  0.03    0.12    0.40 ^ clkbuf_3_3__f_clk/X (sky130_fd_sc_hd__clkbuf_16)
     5    0.01                           clknet_3_3__leaf_clk (net)
                  0.03    0.00    0.40 ^ _419_/CLK (sky130_fd_sc_hd__dfrtp_4)
                  0.05    0.36    0.76 ^ _419_/Q (sky130_fd_sc_hd__dfrtp_4)
     2    0.00                           net153 (net)
                  0.05    0.00    0.76 ^ output153/A (sky130_fd_sc_hd__clkbuf_4)
                  0.11    0.18    0.94 ^ output153/X (sky130_fd_sc_hd__clkbuf_4)
     1    0.04                           paddr[27] (net)
                  0.11    0.00    0.94 ^ paddr[27] (out)
                                  0.94   data arrival time

                          0.00    0.00   clock clk (rise edge)
                          0.00    0.00   clock network delay (propagated)
                          0.25    0.25   clock uncertainty
                          0.00    0.25   clock reconvergence pessimism
                         -2.00   -1.75   output external delay
                                 -1.75   data required time
-----------------------------------------------------------------------------
                                 -1.75   data required time
                                 -0.94   data arrival time
-----------------------------------------------------------------------------
                                  2.69   slack (MET)


Startpoint: _435_ (rising edge-triggered flip-flop clocked by clk)
Endpoint: pwdata[11] (output port clocked by clk)
Path Group: clk
Path Type: min

Fanout     Cap    Slew   Delay    Time   Description
-----------------------------------------------------------------------------
                          0.00    0.00   clock clk (rise edge)
                          0.00    0.00   clock source latency
                  0.14    0.09    0.09 ^ clk (in)
     1    0.03                           clk (net)
                  0.14    0.00    0.09 ^ clkbuf_0_clk/A (sky130_fd_sc_hd__clkbuf_16)
                  0.08    0.18    0.27 ^ clkbuf_0_clk/X (sky130_fd_sc_hd__clkbuf_16)
     8    0.06                           clknet_0_clk (net)
                  0.08    0.00    0.27 ^ clkbuf_3_7__f_clk/A (sky130_fd_sc_hd__clkbuf_16)
                  0.04    0.13    0.40 ^ clkbuf_3_7__f_clk/X (sky130_fd_sc_hd__clkbuf_16)
     9    0.02                           clknet_3_7__leaf_clk (net)
                  0.04    0.00    0.40 ^ _435_/CLK (sky130_fd_sc_hd__dfrtp_1)
                  0.09    0.34    0.74 ^ _435_/Q (sky130_fd_sc_hd__dfrtp_1)
     2    0.01                           net172 (net)
                  0.09    0.00    0.74 ^ output172/A (sky130_fd_sc_hd__clkbuf_4)
                  0.12    0.20    0.94 ^ output172/X (sky130_fd_sc_hd__clkbuf_4)
     1    0.04                           pwdata[11] (net)
                  0.12    0.00    0.94 ^ pwdata[11] (out)
                                  0.94   data arrival time

                          0.00    0.00   clock clk (rise edge)
                          0.00    0.00   clock network delay (propagated)
                          0.25    0.25   clock uncertainty
                          0.00    0.25   clock reconvergence pessimism
                         -2.00   -1.75   output external delay
                                 -1.75   data required time
-----------------------------------------------------------------------------
                                 -1.75   data required time
                                 -0.94   data arrival time
-----------------------------------------------------------------------------
                                  2.69   slack (MET)


Startpoint: _434_ (rising edge-triggered flip-flop clocked by clk)
Endpoint: pwdata[10] (output port clocked by clk)
Path Group: clk
Path Type: min

Fanout     Cap    Slew   Delay    Time   Description
-----------------------------------------------------------------------------
                          0.00    0.00   clock clk (rise edge)
                          0.00    0.00   clock source latency
                  0.14    0.09    0.09 ^ clk (in)
     1    0.03                           clk (net)
                  0.14    0.00    0.09 ^ clkbuf_0_clk/A (sky130_fd_sc_hd__clkbuf_16)
                  0.08    0.18    0.27 ^ clkbuf_0_clk/X (sky130_fd_sc_hd__clkbuf_16)
     8    0.06                           clknet_0_clk (net)
                  0.08    0.00    0.27 ^ clkbuf_3_4__f_clk/A (sky130_fd_sc_hd__clkbuf_16)
                  0.05    0.14    0.41 ^ clkbuf_3_4__f_clk/X (sky130_fd_sc_hd__clkbuf_16)
    14    0.03                           clknet_3_4__leaf_clk (net)
                  0.05    0.00    0.41 ^ _434_/CLK (sky130_fd_sc_hd__dfrtp_4)
                  0.05    0.37    0.78 ^ _434_/Q (sky130_fd_sc_hd__dfrtp_4)
     2    0.00                           net171 (net)
                  0.05    0.00    0.78 ^ output171/A (sky130_fd_sc_hd__clkbuf_4)
                  0.11    0.18    0.96 ^ output171/X (sky130_fd_sc_hd__clkbuf_4)
     1    0.03                           pwdata[10] (net)
                  0.11    0.00    0.96 ^ pwdata[10] (out)
                                  0.96   data arrival time

                          0.00    0.00   clock clk (rise edge)
                          0.00    0.00   clock network delay (propagated)
                          0.25    0.25   clock uncertainty
                          0.00    0.25   clock reconvergence pessimism
                         -2.00   -1.75   output external delay
                                 -1.75   data required time
-----------------------------------------------------------------------------
                                 -1.75   data required time
                                 -0.96   data arrival time
-----------------------------------------------------------------------------
                                  2.71   slack (MET)


Startpoint: _425_ (rising edge-triggered flip-flop clocked by clk)
Endpoint: pwdata[1] (output port clocked by clk)
Path Group: clk
Path Type: min

Fanout     Cap    Slew   Delay    Time   Description
-----------------------------------------------------------------------------
                          0.00    0.00   clock clk (rise edge)
                          0.00    0.00   clock source latency
                  0.14    0.09    0.09 ^ clk (in)
     1    0.03                           clk (net)
                  0.14    0.00    0.09 ^ clkbuf_0_clk/A (sky130_fd_sc_hd__clkbuf_16)
                  0.08    0.18    0.27 ^ clkbuf_0_clk/X (sky130_fd_sc_hd__clkbuf_16)
     8    0.06                           clknet_0_clk (net)
                  0.08    0.00    0.27 ^ clkbuf_3_4__f_clk/A (sky130_fd_sc_hd__clkbuf_16)
                  0.05    0.14    0.41 ^ clkbuf_3_4__f_clk/X (sky130_fd_sc_hd__clkbuf_16)
    14    0.03                           clknet_3_4__leaf_clk (net)
                  0.05    0.00    0.41 ^ _425_/CLK (sky130_fd_sc_hd__dfrtp_4)
                  0.05    0.37    0.78 ^ _425_/Q (sky130_fd_sc_hd__dfrtp_4)
     2    0.00                           net181 (net)
                  0.05    0.00    0.78 ^ output181/A (sky130_fd_sc_hd__clkbuf_4)
                  0.11    0.18    0.96 ^ output181/X (sky130_fd_sc_hd__clkbuf_4)
     1    0.03                           pwdata[1] (net)
                  0.11    0.00    0.96 ^ pwdata[1] (out)
                                  0.96   data arrival time

                          0.00    0.00   clock clk (rise edge)
                          0.00    0.00   clock network delay (propagated)
                          0.25    0.25   clock uncertainty
                          0.00    0.25   clock reconvergence pessimism
                         -2.00   -1.75   output external delay
                                 -1.75   data required time
-----------------------------------------------------------------------------
                                 -1.75   data required time
                                 -0.96   data arrival time
-----------------------------------------------------------------------------
                                  2.71   slack (MET)


Startpoint: _452_ (rising edge-triggered flip-flop clocked by clk)
Endpoint: pwdata[28] (output port clocked by clk)
Path Group: clk
Path Type: min

Fanout     Cap    Slew   Delay    Time   Description
-----------------------------------------------------------------------------
                          0.00    0.00   clock clk (rise edge)
                          0.00    0.00   clock source latency
                  0.14    0.09    0.09 ^ clk (in)
     1    0.03                           clk (net)
                  0.14    0.00    0.09 ^ clkbuf_0_clk/A (sky130_fd_sc_hd__clkbuf_16)
                  0.08    0.18    0.27 ^ clkbuf_0_clk/X (sky130_fd_sc_hd__clkbuf_16)
     8    0.06                           clknet_0_clk (net)
                  0.08    0.00    0.27 ^ clkbuf_3_7__f_clk/A (sky130_fd_sc_hd__clkbuf_16)
                  0.04    0.13    0.40 ^ clkbuf_3_7__f_clk/X (sky130_fd_sc_hd__clkbuf_16)
     9    0.02                           clknet_3_7__leaf_clk (net)
                  0.04    0.00    0.40 ^ _452_/CLK (sky130_fd_sc_hd__dfrtp_1)
                  0.07    0.37    0.78 v _452_/Q (sky130_fd_sc_hd__dfrtp_1)
     2    0.01                           net190 (net)
                  0.07    0.00    0.78 v output190/A (sky130_fd_sc_hd__buf_2)
                  0.09    0.18    0.96 v output190/X (sky130_fd_sc_hd__buf_2)
     1    0.03                           pwdata[28] (net)
                  0.09    0.00    0.96 v pwdata[28] (out)
                                  0.96   data arrival time

                          0.00    0.00   clock clk (rise edge)
                          0.00    0.00   clock network delay (propagated)
                          0.25    0.25   clock uncertainty
                          0.00    0.25   clock reconvergence pessimism
                         -2.00   -1.75   output external delay
                                 -1.75   data required time
-----------------------------------------------------------------------------
                                 -1.75   data required time
                                 -0.96   data arrival time
-----------------------------------------------------------------------------
                                  2.71   slack (MET)


Startpoint: _415_ (rising edge-triggered flip-flop clocked by clk)
Endpoint: paddr[23] (output port clocked by clk)
Path Group: clk
Path Type: min

Fanout     Cap    Slew   Delay    Time   Description
-----------------------------------------------------------------------------
                          0.00    0.00   clock clk (rise edge)
                          0.00    0.00   clock source latency
                  0.14    0.09    0.09 ^ clk (in)
     1    0.03                           clk (net)
                  0.14    0.00    0.09 ^ clkbuf_0_clk/A (sky130_fd_sc_hd__clkbuf_16)
                  0.08    0.18    0.27 ^ clkbuf_0_clk/X (sky130_fd_sc_hd__clkbuf_16)
     8    0.06                           clknet_0_clk (net)
                  0.08    0.00    0.27 ^ clkbuf_3_1__f_clk/A (sky130_fd_sc_hd__clkbuf_16)
                  0.05    0.14    0.41 ^ clkbuf_3_1__f_clk/X (sky130_fd_sc_hd__clkbuf_16)
     9    0.03                           clknet_3_1__leaf_clk (net)
                  0.05    0.00    0.41 ^ _415_/CLK (sky130_fd_sc_hd__dfrtp_4)
                  0.05    0.37    0.78 ^ _415_/Q (sky130_fd_sc_hd__dfrtp_4)
     2    0.00                           net149 (net)
                  0.05    0.00    0.78 ^ output149/A (sky130_fd_sc_hd__clkbuf_4)
                  0.11    0.18    0.96 ^ output149/X (sky130_fd_sc_hd__clkbuf_4)
     1    0.03                           paddr[23] (net)
                  0.11    0.00    0.96 ^ paddr[23] (out)
                                  0.96   data arrival time

                          0.00    0.00   clock clk (rise edge)
                          0.00    0.00   clock network delay (propagated)
                          0.25    0.25   clock uncertainty
                          0.00    0.25   clock reconvergence pessimism
                         -2.00   -1.75   output external delay
                                 -1.75   data required time
-----------------------------------------------------------------------------
                                 -1.75   data required time
                                 -0.96   data arrival time
-----------------------------------------------------------------------------
                                  2.71   slack (MET)


Startpoint: _441_ (rising edge-triggered flip-flop clocked by clk)
Endpoint: pwdata[17] (output port clocked by clk)
Path Group: clk
Path Type: min

Fanout     Cap    Slew   Delay    Time   Description
-----------------------------------------------------------------------------
                          0.00    0.00   clock clk (rise edge)
                          0.00    0.00   clock source latency
                  0.14    0.09    0.09 ^ clk (in)
     1    0.03                           clk (net)
                  0.14    0.00    0.09 ^ clkbuf_0_clk/A (sky130_fd_sc_hd__clkbuf_16)
                  0.08    0.18    0.27 ^ clkbuf_0_clk/X (sky130_fd_sc_hd__clkbuf_16)
     8    0.06                           clknet_0_clk (net)
                  0.08    0.00    0.27 ^ clkbuf_3_4__f_clk/A (sky130_fd_sc_hd__clkbuf_16)
                  0.05    0.14    0.41 ^ clkbuf_3_4__f_clk/X (sky130_fd_sc_hd__clkbuf_16)
    14    0.03                           clknet_3_4__leaf_clk (net)
                  0.05    0.00    0.41 ^ _441_/CLK (sky130_fd_sc_hd__dfrtp_4)
                  0.05    0.37    0.78 ^ _441_/Q (sky130_fd_sc_hd__dfrtp_4)
     2    0.00                           net178 (net)
                  0.05    0.00    0.78 ^ output178/A (sky130_fd_sc_hd__clkbuf_4)
                  0.11    0.18    0.96 ^ output178/X (sky130_fd_sc_hd__clkbuf_4)
     1    0.03                           pwdata[17] (net)
                  0.11    0.00    0.96 ^ pwdata[17] (out)
                                  0.96   data arrival time

                          0.00    0.00   clock clk (rise edge)
                          0.00    0.00   clock network delay (propagated)
                          0.25    0.25   clock uncertainty
                          0.00    0.25   clock reconvergence pessimism
                         -2.00   -1.75   output external delay
                                 -1.75   data required time
-----------------------------------------------------------------------------
                                 -1.75   data required time
                                 -0.96   data arrival time
-----------------------------------------------------------------------------
                                  2.71   slack (MET)


Startpoint: _389_ (rising edge-triggered flip-flop clocked by clk)
Endpoint: pwrite (output port clocked by clk)
Path Group: clk
Path Type: min

Fanout     Cap    Slew   Delay    Time   Description
-----------------------------------------------------------------------------
                          0.00    0.00   clock clk (rise edge)
                          0.00    0.00   clock source latency
                  0.14    0.09    0.09 ^ clk (in)
     1    0.03                           clk (net)
                  0.14    0.00    0.09 ^ clkbuf_0_clk/A (sky130_fd_sc_hd__clkbuf_16)
                  0.08    0.18    0.27 ^ clkbuf_0_clk/X (sky130_fd_sc_hd__clkbuf_16)
     8    0.06                           clknet_0_clk (net)
                  0.08    0.00    0.27 ^ clkbuf_3_1__f_clk/A (sky130_fd_sc_hd__clkbuf_16)
                  0.05    0.14    0.41 ^ clkbuf_3_1__f_clk/X (sky130_fd_sc_hd__clkbuf_16)
     9    0.03                           clknet_3_1__leaf_clk (net)
                  0.05    0.00    0.42 ^ _389_/CLK (sky130_fd_sc_hd__dfrtp_4)
                  0.05    0.37    0.78 ^ _389_/Q (sky130_fd_sc_hd__dfrtp_4)
     2    0.00                           net202 (net)
                  0.05    0.00    0.78 ^ output202/A (sky130_fd_sc_hd__clkbuf_4)
                  0.11    0.18    0.96 ^ output202/X (sky130_fd_sc_hd__clkbuf_4)
     1    0.03                           pwrite (net)
                  0.11    0.00    0.96 ^ pwrite (out)
                                  0.96   data arrival time

                          0.00    0.00   clock clk (rise edge)
                          0.00    0.00   clock network delay (propagated)
                          0.25    0.25   clock uncertainty
                          0.00    0.25   clock reconvergence pessimism
                         -2.00   -1.75   output external delay
                                 -1.75   data required time
-----------------------------------------------------------------------------
                                 -1.75   data required time
                                 -0.96   data arrival time
-----------------------------------------------------------------------------
                                  2.71   slack (MET)


Startpoint: _404_ (rising edge-triggered flip-flop clocked by clk)
Endpoint: paddr[12] (output port clocked by clk)
Path Group: clk
Path Type: min

Fanout     Cap    Slew   Delay    Time   Description
-----------------------------------------------------------------------------
                          0.00    0.00   clock clk (rise edge)
                          0.00    0.00   clock source latency
                  0.14    0.09    0.09 ^ clk (in)
     1    0.03                           clk (net)
                  0.14    0.00    0.09 ^ clkbuf_0_clk/A (sky130_fd_sc_hd__clkbuf_16)
                  0.08    0.18    0.27 ^ clkbuf_0_clk/X (sky130_fd_sc_hd__clkbuf_16)
     8    0.06                           clknet_0_clk (net)
                  0.08    0.00    0.27 ^ clkbuf_3_4__f_clk/A (sky130_fd_sc_hd__clkbuf_16)
                  0.05    0.14    0.41 ^ clkbuf_3_4__f_clk/X (sky130_fd_sc_hd__clkbuf_16)
    14    0.03                           clknet_3_4__leaf_clk (net)
                  0.05    0.00    0.41 ^ _404_/CLK (sky130_fd_sc_hd__dfrtp_4)
                  0.05    0.37    0.78 ^ _404_/Q (sky130_fd_sc_hd__dfrtp_4)
     2    0.00                           net137 (net)
                  0.05    0.00    0.78 ^ output137/A (sky130_fd_sc_hd__clkbuf_4)
                  0.11    0.18    0.96 ^ output137/X (sky130_fd_sc_hd__clkbuf_4)
     1    0.03                           paddr[12] (net)
                  0.11    0.00    0.96 ^ paddr[12] (out)
                                  0.96   data arrival time

                          0.00    0.00   clock clk (rise edge)
                          0.00    0.00   clock network delay (propagated)
                          0.25    0.25   clock uncertainty
                          0.00    0.25   clock reconvergence pessimism
                         -2.00   -1.75   output external delay
                                 -1.75   data required time
-----------------------------------------------------------------------------
                                 -1.75   data required time
                                 -0.96   data arrival time
-----------------------------------------------------------------------------
                                  2.71   slack (MET)


Startpoint: _395_ (rising edge-triggered flip-flop clocked by clk)
Endpoint: paddr[3] (output port clocked by clk)
Path Group: clk
Path Type: min

Fanout     Cap    Slew   Delay    Time   Description
-----------------------------------------------------------------------------
                          0.00    0.00   clock clk (rise edge)
                          0.00    0.00   clock source latency
                  0.14    0.09    0.09 ^ clk (in)
     1    0.03                           clk (net)
                  0.14    0.00    0.09 ^ clkbuf_0_clk/A (sky130_fd_sc_hd__clkbuf_16)
                  0.08    0.18    0.27 ^ clkbuf_0_clk/X (sky130_fd_sc_hd__clkbuf_16)
     8    0.06                           clknet_0_clk (net)
                  0.08    0.00    0.27 ^ clkbuf_3_1__f_clk/A (sky130_fd_sc_hd__clkbuf_16)
                  0.05    0.14    0.41 ^ clkbuf_3_1__f_clk/X (sky130_fd_sc_hd__clkbuf_16)
     9    0.03                           clknet_3_1__leaf_clk (net)
                  0.05    0.00    0.42 ^ _395_/CLK (sky130_fd_sc_hd__dfrtp_4)
                  0.05    0.37    0.78 ^ _395_/Q (sky130_fd_sc_hd__dfrtp_4)
     2    0.00                           net159 (net)
                  0.05    0.00    0.78 ^ output159/A (sky130_fd_sc_hd__clkbuf_4)
                  0.11    0.18    0.96 ^ output159/X (sky130_fd_sc_hd__clkbuf_4)
     1    0.03                           paddr[3] (net)
                  0.11    0.00    0.96 ^ paddr[3] (out)
                                  0.96   data arrival time

                          0.00    0.00   clock clk (rise edge)
                          0.00    0.00   clock network delay (propagated)
                          0.25    0.25   clock uncertainty
                          0.00    0.25   clock reconvergence pessimism
                         -2.00   -1.75   output external delay
                                 -1.75   data required time
-----------------------------------------------------------------------------
                                 -1.75   data required time
                                 -0.96   data arrival time
-----------------------------------------------------------------------------
                                  2.71   slack (MET)


Startpoint: _410_ (rising edge-triggered flip-flop clocked by clk)
Endpoint: paddr[18] (output port clocked by clk)
Path Group: clk
Path Type: min

Fanout     Cap    Slew   Delay    Time   Description
-----------------------------------------------------------------------------
                          0.00    0.00   clock clk (rise edge)
                          0.00    0.00   clock source latency
                  0.14    0.09    0.09 ^ clk (in)
     1    0.03                           clk (net)
                  0.14    0.00    0.09 ^ clkbuf_0_clk/A (sky130_fd_sc_hd__clkbuf_16)
                  0.08    0.18    0.27 ^ clkbuf_0_clk/X (sky130_fd_sc_hd__clkbuf_16)
     8    0.06                           clknet_0_clk (net)
                  0.08    0.00    0.27 ^ clkbuf_3_1__f_clk/A (sky130_fd_sc_hd__clkbuf_16)
                  0.05    0.14    0.41 ^ clkbuf_3_1__f_clk/X (sky130_fd_sc_hd__clkbuf_16)
     9    0.03                           clknet_3_1__leaf_clk (net)
                  0.05    0.00    0.42 ^ _410_/CLK (sky130_fd_sc_hd__dfrtp_4)
                  0.05    0.37    0.78 ^ _410_/Q (sky130_fd_sc_hd__dfrtp_4)
     2    0.00                           net143 (net)
                  0.05    0.00    0.78 ^ output143/A (sky130_fd_sc_hd__clkbuf_4)
                  0.11    0.18    0.96 ^ output143/X (sky130_fd_sc_hd__clkbuf_4)
     1    0.04                           paddr[18] (net)
                  0.11    0.00    0.96 ^ paddr[18] (out)
                                  0.96   data arrival time

                          0.00    0.00   clock clk (rise edge)
                          0.00    0.00   clock network delay (propagated)
                          0.25    0.25   clock uncertainty
                          0.00    0.25   clock reconvergence pessimism
                         -2.00   -1.75   output external delay
                                 -1.75   data required time
-----------------------------------------------------------------------------
                                 -1.75   data required time
                                 -0.96   data arrival time
-----------------------------------------------------------------------------
                                  2.71   slack (MET)


Startpoint: _399_ (rising edge-triggered flip-flop clocked by clk)
Endpoint: paddr[7] (output port clocked by clk)
Path Group: clk
Path Type: min

Fanout     Cap    Slew   Delay    Time   Description
-----------------------------------------------------------------------------
                          0.00    0.00   clock clk (rise edge)
                          0.00    0.00   clock source latency
                  0.14    0.09    0.09 ^ clk (in)
     1    0.03                           clk (net)
                  0.14    0.00    0.09 ^ clkbuf_0_clk/A (sky130_fd_sc_hd__clkbuf_16)
                  0.08    0.18    0.27 ^ clkbuf_0_clk/X (sky130_fd_sc_hd__clkbuf_16)
     8    0.06                           clknet_0_clk (net)
                  0.08    0.00    0.27 ^ clkbuf_3_0__f_clk/A (sky130_fd_sc_hd__clkbuf_16)
                  0.04    0.13    0.40 ^ clkbuf_3_0__f_clk/X (sky130_fd_sc_hd__clkbuf_16)
     7    0.01                           clknet_3_0__leaf_clk (net)
                  0.04    0.00    0.40 ^ _399_/CLK (sky130_fd_sc_hd__dfrtp_2)
                  0.10    0.37    0.77 ^ _399_/Q (sky130_fd_sc_hd__dfrtp_2)
     2    0.02                           net163 (net)
                  0.10    0.00    0.77 ^ output163/A (sky130_fd_sc_hd__clkbuf_4)
                  0.11    0.20    0.97 ^ output163/X (sky130_fd_sc_hd__clkbuf_4)
     1    0.03                           paddr[7] (net)
                  0.11    0.00    0.97 ^ paddr[7] (out)
                                  0.97   data arrival time

                          0.00    0.00   clock clk (rise edge)
                          0.00    0.00   clock network delay (propagated)
                          0.25    0.25   clock uncertainty
                          0.00    0.25   clock reconvergence pessimism
                         -2.00   -1.75   output external delay
                                 -1.75   data required time
-----------------------------------------------------------------------------
                                 -1.75   data required time
                                 -0.97   data arrival time
-----------------------------------------------------------------------------
                                  2.72   slack (MET)


Startpoint: _420_ (rising edge-triggered flip-flop clocked by clk)
Endpoint: paddr[28] (output port clocked by clk)
Path Group: clk
Path Type: min

Fanout     Cap    Slew   Delay    Time   Description
-----------------------------------------------------------------------------
                          0.00    0.00   clock clk (rise edge)
                          0.00    0.00   clock source latency
                  0.14    0.09    0.09 ^ clk (in)
     1    0.03                           clk (net)
                  0.14    0.00    0.09 ^ clkbuf_0_clk/A (sky130_fd_sc_hd__clkbuf_16)
                  0.08    0.18    0.27 ^ clkbuf_0_clk/X (sky130_fd_sc_hd__clkbuf_16)
     8    0.06                           clknet_0_clk (net)
                  0.08    0.00    0.27 ^ clkbuf_3_4__f_clk/A (sky130_fd_sc_hd__clkbuf_16)
                  0.05    0.14    0.41 ^ clkbuf_3_4__f_clk/X (sky130_fd_sc_hd__clkbuf_16)
    14    0.03                           clknet_3_4__leaf_clk (net)
                  0.05    0.00    0.41 ^ _420_/CLK (sky130_fd_sc_hd__dfrtp_4)
                  0.05    0.37    0.78 ^ _420_/Q (sky130_fd_sc_hd__dfrtp_4)
     2    0.00                           net154 (net)
                  0.05    0.00    0.78 ^ output154/A (sky130_fd_sc_hd__clkbuf_4)
                  0.12    0.18    0.97 ^ output154/X (sky130_fd_sc_hd__clkbuf_4)
     1    0.04                           paddr[28] (net)
                  0.12    0.00    0.97 ^ paddr[28] (out)
                                  0.97   data arrival time

                          0.00    0.00   clock clk (rise edge)
                          0.00    0.00   clock network delay (propagated)
                          0.25    0.25   clock uncertainty
                          0.00    0.25   clock reconvergence pessimism
                         -2.00   -1.75   output external delay
                                 -1.75   data required time
-----------------------------------------------------------------------------
                                 -1.75   data required time
                                 -0.97   data arrival time
-----------------------------------------------------------------------------
                                  2.72   slack (MET)


Startpoint: _444_ (rising edge-triggered flip-flop clocked by clk)
Endpoint: pwdata[20] (output port clocked by clk)
Path Group: clk
Path Type: min

Fanout     Cap    Slew   Delay    Time   Description
-----------------------------------------------------------------------------
                          0.00    0.00   clock clk (rise edge)
                          0.00    0.00   clock source latency
                  0.14    0.09    0.09 ^ clk (in)
     1    0.03                           clk (net)
                  0.14    0.00    0.09 ^ clkbuf_0_clk/A (sky130_fd_sc_hd__clkbuf_16)
                  0.08    0.18    0.27 ^ clkbuf_0_clk/X (sky130_fd_sc_hd__clkbuf_16)
     8    0.06                           clknet_0_clk (net)
                  0.08    0.00    0.27 ^ clkbuf_3_0__f_clk/A (sky130_fd_sc_hd__clkbuf_16)
                  0.04    0.13    0.40 ^ clkbuf_3_0__f_clk/X (sky130_fd_sc_hd__clkbuf_16)
     7    0.01                           clknet_3_0__leaf_clk (net)
                  0.04    0.00    0.40 ^ _444_/CLK (sky130_fd_sc_hd__dfrtp_1)
                  0.13    0.36    0.76 ^ _444_/Q (sky130_fd_sc_hd__dfrtp_1)
     2    0.01                           net182 (net)
                  0.13    0.00    0.76 ^ output182/A (sky130_fd_sc_hd__clkbuf_4)
                  0.11    0.21    0.97 ^ output182/X (sky130_fd_sc_hd__clkbuf_4)
     1    0.03                           pwdata[20] (net)
                  0.11    0.00    0.97 ^ pwdata[20] (out)
                                  0.97   data arrival time

                          0.00    0.00   clock clk (rise edge)
                          0.00    0.00   clock network delay (propagated)
                          0.25    0.25   clock uncertainty
                          0.00    0.25   clock reconvergence pessimism
                         -2.00   -1.75   output external delay
                                 -1.75   data required time
-----------------------------------------------------------------------------
                                 -1.75   data required time
                                 -0.97   data arrival time
-----------------------------------------------------------------------------
                                  2.72   slack (MET)


Startpoint: _426_ (rising edge-triggered flip-flop clocked by clk)
Endpoint: pwdata[2] (output port clocked by clk)
Path Group: clk
Path Type: min

Fanout     Cap    Slew   Delay    Time   Description
-----------------------------------------------------------------------------
                          0.00    0.00   clock clk (rise edge)
                          0.00    0.00   clock source latency
                  0.14    0.09    0.09 ^ clk (in)
     1    0.03                           clk (net)
                  0.14    0.00    0.09 ^ clkbuf_0_clk/A (sky130_fd_sc_hd__clkbuf_16)
                  0.08    0.18    0.27 ^ clkbuf_0_clk/X (sky130_fd_sc_hd__clkbuf_16)
     8    0.06                           clknet_0_clk (net)
                  0.08    0.00    0.27 ^ clkbuf_3_4__f_clk/A (sky130_fd_sc_hd__clkbuf_16)
                  0.05    0.14    0.41 ^ clkbuf_3_4__f_clk/X (sky130_fd_sc_hd__clkbuf_16)
    14    0.03                           clknet_3_4__leaf_clk (net)
                  0.05    0.00    0.41 ^ _426_/CLK (sky130_fd_sc_hd__dfrtp_1)
                  0.12    0.36    0.77 ^ _426_/Q (sky130_fd_sc_hd__dfrtp_1)
     2    0.01                           net192 (net)
                  0.12    0.00    0.77 ^ output192/A (sky130_fd_sc_hd__clkbuf_4)
                  0.11    0.20    0.97 ^ output192/X (sky130_fd_sc_hd__clkbuf_4)
     1    0.03                           pwdata[2] (net)
                  0.11    0.00    0.97 ^ pwdata[2] (out)
                                  0.97   data arrival time

                          0.00    0.00   clock clk (rise edge)
                          0.00    0.00   clock network delay (propagated)
                          0.25    0.25   clock uncertainty
                          0.00    0.25   clock reconvergence pessimism
                         -2.00   -1.75   output external delay
                                 -1.75   data required time
-----------------------------------------------------------------------------
                                 -1.75   data required time
                                 -0.97   data arrival time
-----------------------------------------------------------------------------
                                  2.72   slack (MET)


Startpoint: _445_ (rising edge-triggered flip-flop clocked by clk)
Endpoint: pwdata[21] (output port clocked by clk)
Path Group: clk
Path Type: min

Fanout     Cap    Slew   Delay    Time   Description
-----------------------------------------------------------------------------
                          0.00    0.00   clock clk (rise edge)
                          0.00    0.00   clock source latency
                  0.14    0.09    0.09 ^ clk (in)
     1    0.03                           clk (net)
                  0.14    0.00    0.09 ^ clkbuf_0_clk/A (sky130_fd_sc_hd__clkbuf_16)
                  0.08    0.18    0.27 ^ clkbuf_0_clk/X (sky130_fd_sc_hd__clkbuf_16)
     8    0.06                           clknet_0_clk (net)
                  0.08    0.00    0.27 ^ clkbuf_3_0__f_clk/A (sky130_fd_sc_hd__clkbuf_16)
                  0.04    0.13    0.40 ^ clkbuf_3_0__f_clk/X (sky130_fd_sc_hd__clkbuf_16)
     7    0.01                           clknet_3_0__leaf_clk (net)
                  0.04    0.00    0.40 ^ _445_/CLK (sky130_fd_sc_hd__dfrtp_1)
                  0.13    0.36    0.77 ^ _445_/Q (sky130_fd_sc_hd__dfrtp_1)
     2    0.01                           net183 (net)
                  0.13    0.00    0.77 ^ output183/A (sky130_fd_sc_hd__clkbuf_4)
                  0.11    0.21    0.97 ^ output183/X (sky130_fd_sc_hd__clkbuf_4)
     1    0.03                           pwdata[21] (net)
                  0.11    0.00    0.97 ^ pwdata[21] (out)
                                  0.97   data arrival time

                          0.00    0.00   clock clk (rise edge)
                          0.00    0.00   clock network delay (propagated)
                          0.25    0.25   clock uncertainty
                          0.00    0.25   clock reconvergence pessimism
                         -2.00   -1.75   output external delay
                                 -1.75   data required time
-----------------------------------------------------------------------------
                                 -1.75   data required time
                                 -0.97   data arrival time
-----------------------------------------------------------------------------
                                  2.72   slack (MET)


Startpoint: _398_ (rising edge-triggered flip-flop clocked by clk)
Endpoint: paddr[6] (output port clocked by clk)
Path Group: clk
Path Type: min

Fanout     Cap    Slew   Delay    Time   Description
-----------------------------------------------------------------------------
                          0.00    0.00   clock clk (rise edge)
                          0.00    0.00   clock source latency
                  0.14    0.09    0.09 ^ clk (in)
     1    0.03                           clk (net)
                  0.14    0.00    0.09 ^ clkbuf_0_clk/A (sky130_fd_sc_hd__clkbuf_16)
                  0.08    0.18    0.27 ^ clkbuf_0_clk/X (sky130_fd_sc_hd__clkbuf_16)
     8    0.06                           clknet_0_clk (net)
                  0.08    0.00    0.27 ^ clkbuf_3_3__f_clk/A (sky130_fd_sc_hd__clkbuf_16)
                  0.03    0.12    0.40 ^ clkbuf_3_3__f_clk/X (sky130_fd_sc_hd__clkbuf_16)
     5    0.01                           clknet_3_3__leaf_clk (net)
                  0.03    0.00    0.40 ^ _398_/CLK (sky130_fd_sc_hd__dfrtp_2)
                  0.12    0.38    0.78 ^ _398_/Q (sky130_fd_sc_hd__dfrtp_2)
     2    0.02                           net162 (net)
                  0.12    0.00    0.78 ^ output162/A (sky130_fd_sc_hd__clkbuf_4)
                  0.11    0.20    0.98 ^ output162/X (sky130_fd_sc_hd__clkbuf_4)
     1    0.03                           paddr[6] (net)
                  0.11    0.00    0.98 ^ paddr[6] (out)
                                  0.98   data arrival time

                          0.00    0.00   clock clk (rise edge)
                          0.00    0.00   clock network delay (propagated)
                          0.25    0.25   clock uncertainty
                          0.00    0.25   clock reconvergence pessimism
                         -2.00   -1.75   output external delay
                                 -1.75   data required time
-----------------------------------------------------------------------------
                                 -1.75   data required time
                                 -0.98   data arrival time
-----------------------------------------------------------------------------
                                  2.73   slack (MET)


Startpoint: _427_ (rising edge-triggered flip-flop clocked by clk)
Endpoint: pwdata[3] (output port clocked by clk)
Path Group: clk
Path Type: min

Fanout     Cap    Slew   Delay    Time   Description
-----------------------------------------------------------------------------
                          0.00    0.00   clock clk (rise edge)
                          0.00    0.00   clock source latency
                  0.14    0.09    0.09 ^ clk (in)
     1    0.03                           clk (net)
                  0.14    0.00    0.09 ^ clkbuf_0_clk/A (sky130_fd_sc_hd__clkbuf_16)
                  0.08    0.18    0.27 ^ clkbuf_0_clk/X (sky130_fd_sc_hd__clkbuf_16)
     8    0.06                           clknet_0_clk (net)
                  0.08    0.00    0.27 ^ clkbuf_3_4__f_clk/A (sky130_fd_sc_hd__clkbuf_16)
                  0.05    0.14    0.41 ^ clkbuf_3_4__f_clk/X (sky130_fd_sc_hd__clkbuf_16)
    14    0.03                           clknet_3_4__leaf_clk (net)
                  0.05    0.00    0.41 ^ _427_/CLK (sky130_fd_sc_hd__dfrtp_2)
                  0.10    0.37    0.78 ^ _427_/Q (sky130_fd_sc_hd__dfrtp_2)
     2    0.02                           net195 (net)
                  0.10    0.00    0.78 ^ output195/A (sky130_fd_sc_hd__clkbuf_4)
                  0.11    0.19    0.98 ^ output195/X (sky130_fd_sc_hd__clkbuf_4)
     1    0.03                           pwdata[3] (net)
                  0.11    0.00    0.98 ^ pwdata[3] (out)
                                  0.98   data arrival time

                          0.00    0.00   clock clk (rise edge)
                          0.00    0.00   clock network delay (propagated)
                          0.25    0.25   clock uncertainty
                          0.00    0.25   clock reconvergence pessimism
                         -2.00   -1.75   output external delay
                                 -1.75   data required time
-----------------------------------------------------------------------------
                                 -1.75   data required time
                                 -0.98   data arrival time
-----------------------------------------------------------------------------
                                  2.73   slack (MET)


Startpoint: _442_ (rising edge-triggered flip-flop clocked by clk)
Endpoint: pwdata[18] (output port clocked by clk)
Path Group: clk
Path Type: min

Fanout     Cap    Slew   Delay    Time   Description
-----------------------------------------------------------------------------
                          0.00    0.00   clock clk (rise edge)
                          0.00    0.00   clock source latency
                  0.14    0.09    0.09 ^ clk (in)
     1    0.03                           clk (net)
                  0.14    0.00    0.09 ^ clkbuf_0_clk/A (sky130_fd_sc_hd__clkbuf_16)
                  0.08    0.18    0.27 ^ clkbuf_0_clk/X (sky130_fd_sc_hd__clkbuf_16)
     8    0.06                           clknet_0_clk (net)
                  0.08    0.00    0.27 ^ clkbuf_3_6__f_clk/A (sky130_fd_sc_hd__clkbuf_16)
                  0.05    0.14    0.41 ^ clkbuf_3_6__f_clk/X (sky130_fd_sc_hd__clkbuf_16)
     7    0.03                           clknet_3_6__leaf_clk (net)
                  0.05    0.00    0.42 ^ _442_/CLK (sky130_fd_sc_hd__dfrtp_2)
                  0.09    0.37    0.79 ^ _442_/Q (sky130_fd_sc_hd__dfrtp_2)
     2    0.02                           net179 (net)
                  0.09    0.00    0.79 ^ output179/A (sky130_fd_sc_hd__clkbuf_4)
                  0.11    0.19    0.98 ^ output179/X (sky130_fd_sc_hd__clkbuf_4)
     1    0.03                           pwdata[18] (net)
                  0.11    0.00    0.98 ^ pwdata[18] (out)
                                  0.98   data arrival time

                          0.00    0.00   clock clk (rise edge)
                          0.00    0.00   clock network delay (propagated)
                          0.25    0.25   clock uncertainty
                          0.00    0.25   clock reconvergence pessimism
                         -2.00   -1.75   output external delay
                                 -1.75   data required time
-----------------------------------------------------------------------------
                                 -1.75   data required time
                                 -0.98   data arrival time
-----------------------------------------------------------------------------
                                  2.73   slack (MET)


Startpoint: _407_ (rising edge-triggered flip-flop clocked by clk)
Endpoint: paddr[15] (output port clocked by clk)
Path Group: clk
Path Type: min

Fanout     Cap    Slew   Delay    Time   Description
-----------------------------------------------------------------------------
                          0.00    0.00   clock clk (rise edge)
                          0.00    0.00   clock source latency
                  0.14    0.09    0.09 ^ clk (in)
     1    0.03                           clk (net)
                  0.14    0.00    0.09 ^ clkbuf_0_clk/A (sky130_fd_sc_hd__clkbuf_16)
                  0.08    0.18    0.27 ^ clkbuf_0_clk/X (sky130_fd_sc_hd__clkbuf_16)
     8    0.06                           clknet_0_clk (net)
                  0.08    0.00    0.27 ^ clkbuf_3_5__f_clk/A (sky130_fd_sc_hd__clkbuf_16)
                  0.04    0.13    0.41 ^ clkbuf_3_5__f_clk/X (sky130_fd_sc_hd__clkbuf_16)
    10    0.02                           clknet_3_5__leaf_clk (net)
                  0.04    0.00    0.41 ^ _407_/CLK (sky130_fd_sc_hd__dfrtp_1)
                  0.13    0.36    0.77 ^ _407_/Q (sky130_fd_sc_hd__dfrtp_1)
     2    0.01                           net140 (net)
                  0.13    0.00    0.77 ^ output140/A (sky130_fd_sc_hd__clkbuf_4)
                  0.12    0.21    0.98 ^ output140/X (sky130_fd_sc_hd__clkbuf_4)
     1    0.04                           paddr[15] (net)
                  0.12    0.00    0.98 ^ paddr[15] (out)
                                  0.98   data arrival time

                          0.00    0.00   clock clk (rise edge)
                          0.00    0.00   clock network delay (propagated)
                          0.25    0.25   clock uncertainty
                          0.00    0.25   clock reconvergence pessimism
                         -2.00   -1.75   output external delay
                                 -1.75   data required time
-----------------------------------------------------------------------------
                                 -1.75   data required time
                                 -0.98   data arrival time
-----------------------------------------------------------------------------
                                  2.73   slack (MET)


Startpoint: _423_ (rising edge-triggered flip-flop clocked by clk)
Endpoint: paddr[31] (output port clocked by clk)
Path Group: clk
Path Type: min

Fanout     Cap    Slew   Delay    Time   Description
-----------------------------------------------------------------------------
                          0.00    0.00   clock clk (rise edge)
                          0.00    0.00   clock source latency
                  0.14    0.09    0.09 ^ clk (in)
     1    0.03                           clk (net)
                  0.14    0.00    0.09 ^ clkbuf_0_clk/A (sky130_fd_sc_hd__clkbuf_16)
                  0.08    0.18    0.27 ^ clkbuf_0_clk/X (sky130_fd_sc_hd__clkbuf_16)
     8    0.06                           clknet_0_clk (net)
                  0.08    0.00    0.27 ^ clkbuf_3_4__f_clk/A (sky130_fd_sc_hd__clkbuf_16)
                  0.05    0.14    0.41 ^ clkbuf_3_4__f_clk/X (sky130_fd_sc_hd__clkbuf_16)
    14    0.03                           clknet_3_4__leaf_clk (net)
                  0.05    0.00    0.41 ^ _423_/CLK (sky130_fd_sc_hd__dfrtp_1)
                  0.08    0.38    0.80 v _423_/Q (sky130_fd_sc_hd__dfrtp_1)
     2    0.01                           net158 (net)
                  0.08    0.00    0.80 v output158/A (sky130_fd_sc_hd__buf_2)
                  0.09    0.19    0.98 v output158/X (sky130_fd_sc_hd__buf_2)
     1    0.03                           paddr[31] (net)
                  0.09    0.00    0.98 v paddr[31] (out)
                                  0.98   data arrival time

                          0.00    0.00   clock clk (rise edge)
                          0.00    0.00   clock network delay (propagated)
                          0.25    0.25   clock uncertainty
                          0.00    0.25   clock reconvergence pessimism
                         -2.00   -1.75   output external delay
                                 -1.75   data required time
-----------------------------------------------------------------------------
                                 -1.75   data required time
                                 -0.98   data arrival time
-----------------------------------------------------------------------------
                                  2.73   slack (MET)


Startpoint: _437_ (rising edge-triggered flip-flop clocked by clk)
Endpoint: pwdata[13] (output port clocked by clk)
Path Group: clk
Path Type: min

Fanout     Cap    Slew   Delay    Time   Description
-----------------------------------------------------------------------------
                          0.00    0.00   clock clk (rise edge)
                          0.00    0.00   clock source latency
                  0.14    0.09    0.09 ^ clk (in)
     1    0.03                           clk (net)
                  0.14    0.00    0.09 ^ clkbuf_0_clk/A (sky130_fd_sc_hd__clkbuf_16)
                  0.08    0.18    0.27 ^ clkbuf_0_clk/X (sky130_fd_sc_hd__clkbuf_16)
     8    0.06                           clknet_0_clk (net)
                  0.08    0.00    0.27 ^ clkbuf_3_6__f_clk/A (sky130_fd_sc_hd__clkbuf_16)
                  0.05    0.14    0.41 ^ clkbuf_3_6__f_clk/X (sky130_fd_sc_hd__clkbuf_16)
     7    0.03                           clknet_3_6__leaf_clk (net)
                  0.05    0.00    0.42 ^ _437_/CLK (sky130_fd_sc_hd__dfrtp_2)
                  0.10    0.37    0.79 ^ _437_/Q (sky130_fd_sc_hd__dfrtp_2)
     2    0.02                           net174 (net)
                  0.10    0.00    0.79 ^ output174/A (sky130_fd_sc_hd__clkbuf_4)
                  0.11    0.20    0.99 ^ output174/X (sky130_fd_sc_hd__clkbuf_4)
     1    0.03                           pwdata[13] (net)
                  0.11    0.00    0.99 ^ pwdata[13] (out)
                                  0.99   data arrival time

                          0.00    0.00   clock clk (rise edge)
                          0.00    0.00   clock network delay (propagated)
                          0.25    0.25   clock uncertainty
                          0.00    0.25   clock reconvergence pessimism
                         -2.00   -1.75   output external delay
                                 -1.75   data required time
-----------------------------------------------------------------------------
                                 -1.75   data required time
                                 -0.99   data arrival time
-----------------------------------------------------------------------------
                                  2.74   slack (MET)


Startpoint: _405_ (rising edge-triggered flip-flop clocked by clk)
Endpoint: paddr[13] (output port clocked by clk)
Path Group: clk
Path Type: min

Fanout     Cap    Slew   Delay    Time   Description
-----------------------------------------------------------------------------
                          0.00    0.00   clock clk (rise edge)
                          0.00    0.00   clock source latency
                  0.14    0.09    0.09 ^ clk (in)
     1    0.03                           clk (net)
                  0.14    0.00    0.09 ^ clkbuf_0_clk/A (sky130_fd_sc_hd__clkbuf_16)
                  0.08    0.18    0.27 ^ clkbuf_0_clk/X (sky130_fd_sc_hd__clkbuf_16)
     8    0.06                           clknet_0_clk (net)
                  0.08    0.00    0.27 ^ clkbuf_3_5__f_clk/A (sky130_fd_sc_hd__clkbuf_16)
                  0.04    0.13    0.41 ^ clkbuf_3_5__f_clk/X (sky130_fd_sc_hd__clkbuf_16)
    10    0.02                           clknet_3_5__leaf_clk (net)
                  0.04    0.00    0.41 ^ _405_/CLK (sky130_fd_sc_hd__dfrtp_2)
                  0.12    0.38    0.79 ^ _405_/Q (sky130_fd_sc_hd__dfrtp_2)
     2    0.02                           net138 (net)
                  0.12    0.00    0.79 ^ output138/A (sky130_fd_sc_hd__clkbuf_4)
                  0.11    0.20    0.99 ^ output138/X (sky130_fd_sc_hd__clkbuf_4)
     1    0.03                           paddr[13] (net)
                  0.11    0.00    0.99 ^ paddr[13] (out)
                                  0.99   data arrival time

                          0.00    0.00   clock clk (rise edge)
                          0.00    0.00   clock network delay (propagated)
                          0.25    0.25   clock uncertainty
                          0.00    0.25   clock reconvergence pessimism
                         -2.00   -1.75   output external delay
                                 -1.75   data required time
-----------------------------------------------------------------------------
                                 -1.75   data required time
                                 -0.99   data arrival time
-----------------------------------------------------------------------------
                                  2.74   slack (MET)


Startpoint: _431_ (rising edge-triggered flip-flop clocked by clk)
Endpoint: pwdata[7] (output port clocked by clk)
Path Group: clk
Path Type: min

Fanout     Cap    Slew   Delay    Time   Description
-----------------------------------------------------------------------------
                          0.00    0.00   clock clk (rise edge)
                          0.00    0.00   clock source latency
                  0.14    0.09    0.09 ^ clk (in)
     1    0.03                           clk (net)
                  0.14    0.00    0.09 ^ clkbuf_0_clk/A (sky130_fd_sc_hd__clkbuf_16)
                  0.08    0.18    0.27 ^ clkbuf_0_clk/X (sky130_fd_sc_hd__clkbuf_16)
     8    0.06                           clknet_0_clk (net)
                  0.08    0.00    0.27 ^ clkbuf_3_6__f_clk/A (sky130_fd_sc_hd__clkbuf_16)
                  0.05    0.14    0.41 ^ clkbuf_3_6__f_clk/X (sky130_fd_sc_hd__clkbuf_16)
     7    0.03                           clknet_3_6__leaf_clk (net)
                  0.05    0.00    0.42 ^ _431_/CLK (sky130_fd_sc_hd__dfrtp_1)
                  0.13    0.37    0.79 ^ _431_/Q (sky130_fd_sc_hd__dfrtp_1)
     2    0.01                           net199 (net)
                  0.13    0.00    0.79 ^ output199/A (sky130_fd_sc_hd__clkbuf_4)
                  0.11    0.21    0.99 ^ output199/X (sky130_fd_sc_hd__clkbuf_4)
     1    0.03                           pwdata[7] (net)
                  0.11    0.00    0.99 ^ pwdata[7] (out)
                                  0.99   data arrival time

                          0.00    0.00   clock clk (rise edge)
                          0.00    0.00   clock network delay (propagated)
                          0.25    0.25   clock uncertainty
                          0.00    0.25   clock reconvergence pessimism
                         -2.00   -1.75   output external delay
                                 -1.75   data required time
-----------------------------------------------------------------------------
                                 -1.75   data required time
                                 -0.99   data arrival time
-----------------------------------------------------------------------------
                                  2.74   slack (MET)


Startpoint: _417_ (rising edge-triggered flip-flop clocked by clk)
Endpoint: paddr[25] (output port clocked by clk)
Path Group: clk
Path Type: min

Fanout     Cap    Slew   Delay    Time   Description
-----------------------------------------------------------------------------
                          0.00    0.00   clock clk (rise edge)
                          0.00    0.00   clock source latency
                  0.14    0.09    0.09 ^ clk (in)
     1    0.03                           clk (net)
                  0.14    0.00    0.09 ^ clkbuf_0_clk/A (sky130_fd_sc_hd__clkbuf_16)
                  0.08    0.18    0.27 ^ clkbuf_0_clk/X (sky130_fd_sc_hd__clkbuf_16)
     8    0.06                           clknet_0_clk (net)
                  0.08    0.00    0.27 ^ clkbuf_3_1__f_clk/A (sky130_fd_sc_hd__clkbuf_16)
                  0.05    0.14    0.41 ^ clkbuf_3_1__f_clk/X (sky130_fd_sc_hd__clkbuf_16)
     9    0.03                           clknet_3_1__leaf_clk (net)
                  0.05    0.00    0.41 ^ _417_/CLK (sky130_fd_sc_hd__dfrtp_1)
                  0.09    0.39    0.81 v _417_/Q (sky130_fd_sc_hd__dfrtp_1)
     2    0.01                           net151 (net)
                  0.09    0.00    0.81 v output151/A (sky130_fd_sc_hd__clkbuf_4)
                  0.08    0.19    1.00 v output151/X (sky130_fd_sc_hd__clkbuf_4)
     1    0.03                           paddr[25] (net)
                  0.08    0.00    1.00 v paddr[25] (out)
                                  1.00   data arrival time

                          0.00    0.00   clock clk (rise edge)
                          0.00    0.00   clock network delay (propagated)
                          0.25    0.25   clock uncertainty
                          0.00    0.25   clock reconvergence pessimism
                         -2.00   -1.75   output external delay
                                 -1.75   data required time
-----------------------------------------------------------------------------
                                 -1.75   data required time
                                 -1.00   data arrival time
-----------------------------------------------------------------------------
                                  2.75   slack (MET)


Startpoint: _455_ (rising edge-triggered flip-flop clocked by clk)
Endpoint: pwdata[31] (output port clocked by clk)
Path Group: clk
Path Type: min

Fanout     Cap    Slew   Delay    Time   Description
-----------------------------------------------------------------------------
                          0.00    0.00   clock clk (rise edge)
                          0.00    0.00   clock source latency
                  0.14    0.09    0.09 ^ clk (in)
     1    0.03                           clk (net)
                  0.14    0.00    0.09 ^ clkbuf_0_clk/A (sky130_fd_sc_hd__clkbuf_16)
                  0.08    0.18    0.27 ^ clkbuf_0_clk/X (sky130_fd_sc_hd__clkbuf_16)
     8    0.06                           clknet_0_clk (net)
                  0.08    0.00    0.27 ^ clkbuf_3_6__f_clk/A (sky130_fd_sc_hd__clkbuf_16)
                  0.05    0.14    0.41 ^ clkbuf_3_6__f_clk/X (sky130_fd_sc_hd__clkbuf_16)
     7    0.03                           clknet_3_6__leaf_clk (net)
                  0.05    0.00    0.42 ^ _455_/CLK (sky130_fd_sc_hd__dfrtp_1)
                  0.09    0.39    0.81 v _455_/Q (sky130_fd_sc_hd__dfrtp_1)
     2    0.02                           net194 (net)
                  0.09    0.00    0.81 v output194/A (sky130_fd_sc_hd__buf_2)
                  0.09    0.19    1.00 v output194/X (sky130_fd_sc_hd__buf_2)
     1    0.03                           pwdata[31] (net)
                  0.09    0.00    1.00 v pwdata[31] (out)
                                  1.00   data arrival time

                          0.00    0.00   clock clk (rise edge)
                          0.00    0.00   clock network delay (propagated)
                          0.25    0.25   clock uncertainty
                          0.00    0.25   clock reconvergence pessimism
                         -2.00   -1.75   output external delay
                                 -1.75   data required time
-----------------------------------------------------------------------------
                                 -1.75   data required time
                                 -1.00   data arrival time
-----------------------------------------------------------------------------
                                  2.75   slack (MET)


Startpoint: _414_ (rising edge-triggered flip-flop clocked by clk)
Endpoint: paddr[22] (output port clocked by clk)
Path Group: clk
Path Type: min

Fanout     Cap    Slew   Delay    Time   Description
-----------------------------------------------------------------------------
                          0.00    0.00   clock clk (rise edge)
                          0.00    0.00   clock source latency
                  0.14    0.09    0.09 ^ clk (in)
     1    0.03                           clk (net)
                  0.14    0.00    0.09 ^ clkbuf_0_clk/A (sky130_fd_sc_hd__clkbuf_16)
                  0.08    0.18    0.27 ^ clkbuf_0_clk/X (sky130_fd_sc_hd__clkbuf_16)
     8    0.06                           clknet_0_clk (net)
                  0.08    0.00    0.27 ^ clkbuf_3_4__f_clk/A (sky130_fd_sc_hd__clkbuf_16)
                  0.05    0.14    0.41 ^ clkbuf_3_4__f_clk/X (sky130_fd_sc_hd__clkbuf_16)
    14    0.03                           clknet_3_4__leaf_clk (net)
                  0.05    0.00    0.41 ^ _414_/CLK (sky130_fd_sc_hd__dfrtp_1)
                  0.09    0.39    0.81 v _414_/Q (sky130_fd_sc_hd__dfrtp_1)
     2    0.02                           net148 (net)
                  0.09    0.00    0.81 v output148/A (sky130_fd_sc_hd__clkbuf_4)
                  0.08    0.19    1.00 v output148/X (sky130_fd_sc_hd__clkbuf_4)
     1    0.03                           paddr[22] (net)
                  0.08    0.00    1.00 v paddr[22] (out)
                                  1.00   data arrival time

                          0.00    0.00   clock clk (rise edge)
                          0.00    0.00   clock network delay (propagated)
                          0.25    0.25   clock uncertainty
                          0.00    0.25   clock reconvergence pessimism
                         -2.00   -1.75   output external delay
                                 -1.75   data required time
-----------------------------------------------------------------------------
                                 -1.75   data required time
                                 -1.00   data arrival time
-----------------------------------------------------------------------------
                                  2.75   slack (MET)


Startpoint: _446_ (rising edge-triggered flip-flop clocked by clk)
Endpoint: pwdata[22] (output port clocked by clk)
Path Group: clk
Path Type: min

Fanout     Cap    Slew   Delay    Time   Description
-----------------------------------------------------------------------------
                          0.00    0.00   clock clk (rise edge)
                          0.00    0.00   clock source latency
                  0.14    0.09    0.09 ^ clk (in)
     1    0.03                           clk (net)
                  0.14    0.00    0.09 ^ clkbuf_0_clk/A (sky130_fd_sc_hd__clkbuf_16)
                  0.08    0.18    0.27 ^ clkbuf_0_clk/X (sky130_fd_sc_hd__clkbuf_16)
     8    0.06                           clknet_0_clk (net)
                  0.08    0.00    0.27 ^ clkbuf_3_4__f_clk/A (sky130_fd_sc_hd__clkbuf_16)
                  0.05    0.14    0.41 ^ clkbuf_3_4__f_clk/X (sky130_fd_sc_hd__clkbuf_16)
    14    0.03                           clknet_3_4__leaf_clk (net)
                  0.05    0.00    0.41 ^ _446_/CLK (sky130_fd_sc_hd__dfrtp_1)
                  0.10    0.40    0.81 v _446_/Q (sky130_fd_sc_hd__dfrtp_1)
     2    0.02                           net184 (net)
                  0.10    0.00    0.81 v output184/A (sky130_fd_sc_hd__clkbuf_4)
                  0.09    0.20    1.01 v output184/X (sky130_fd_sc_hd__clkbuf_4)
     1    0.04                           pwdata[22] (net)
                  0.09    0.00    1.01 v pwdata[22] (out)
                                  1.01   data arrival time

                          0.00    0.00   clock clk (rise edge)
                          0.00    0.00   clock network delay (propagated)
                          0.25    0.25   clock uncertainty
                          0.00    0.25   clock reconvergence pessimism
                         -2.00   -1.75   output external delay
                                 -1.75   data required time
-----------------------------------------------------------------------------
                                 -1.75   data required time
                                 -1.01   data arrival time
-----------------------------------------------------------------------------
                                  2.76   slack (MET)


Startpoint: _403_ (rising edge-triggered flip-flop clocked by clk)
Endpoint: paddr[11] (output port clocked by clk)
Path Group: clk
Path Type: min

Fanout     Cap    Slew   Delay    Time   Description
-----------------------------------------------------------------------------
                          0.00    0.00   clock clk (rise edge)
                          0.00    0.00   clock source latency
                  0.14    0.09    0.09 ^ clk (in)
     1    0.03                           clk (net)
                  0.14    0.00    0.09 ^ clkbuf_0_clk/A (sky130_fd_sc_hd__clkbuf_16)
                  0.08    0.18    0.27 ^ clkbuf_0_clk/X (sky130_fd_sc_hd__clkbuf_16)
     8    0.06                           clknet_0_clk (net)
                  0.08    0.00    0.27 ^ clkbuf_3_5__f_clk/A (sky130_fd_sc_hd__clkbuf_16)
                  0.04    0.13    0.41 ^ clkbuf_3_5__f_clk/X (sky130_fd_sc_hd__clkbuf_16)
    10    0.02                           clknet_3_5__leaf_clk (net)
                  0.04    0.00    0.41 ^ _403_/CLK (sky130_fd_sc_hd__dfrtp_4)
                  0.09    0.42    0.82 ^ _403_/Q (sky130_fd_sc_hd__dfrtp_4)
     2    0.02                           net136 (net)
                  0.09    0.00    0.82 ^ output136/A (sky130_fd_sc_hd__clkbuf_4)
                  0.11    0.19    1.02 ^ output136/X (sky130_fd_sc_hd__clkbuf_4)
     1    0.03                           paddr[11] (net)
                  0.11    0.00    1.02 ^ paddr[11] (out)
                                  1.02   data arrival time

                          0.00    0.00   clock clk (rise edge)
                          0.00    0.00   clock network delay (propagated)
                          0.25    0.25   clock uncertainty
                          0.00    0.25   clock reconvergence pessimism
                         -2.00   -1.75   output external delay
                                 -1.75   data required time
-----------------------------------------------------------------------------
                                 -1.75   data required time
                                 -1.02   data arrival time
-----------------------------------------------------------------------------
                                  2.77   slack (MET)


Startpoint: _439_ (rising edge-triggered flip-flop clocked by clk)
Endpoint: pwdata[15] (output port clocked by clk)
Path Group: clk
Path Type: min

Fanout     Cap    Slew   Delay    Time   Description
-----------------------------------------------------------------------------
                          0.00    0.00   clock clk (rise edge)
                          0.00    0.00   clock source latency
                  0.14    0.09    0.09 ^ clk (in)
     1    0.03                           clk (net)
                  0.14    0.00    0.09 ^ clkbuf_0_clk/A (sky130_fd_sc_hd__clkbuf_16)
                  0.08    0.18    0.27 ^ clkbuf_0_clk/X (sky130_fd_sc_hd__clkbuf_16)
     8    0.06                           clknet_0_clk (net)
                  0.08    0.00    0.27 ^ clkbuf_3_3__f_clk/A (sky130_fd_sc_hd__clkbuf_16)
                  0.03    0.12    0.40 ^ clkbuf_3_3__f_clk/X (sky130_fd_sc_hd__clkbuf_16)
     5    0.01                           clknet_3_3__leaf_clk (net)
                  0.03    0.00    0.40 ^ _439_/CLK (sky130_fd_sc_hd__dfrtp_4)
                  0.11    0.43    0.82 ^ _439_/Q (sky130_fd_sc_hd__dfrtp_4)
     2    0.03                           net176 (net)
                  0.11    0.00    0.83 ^ output176/A (sky130_fd_sc_hd__clkbuf_4)
                  0.12    0.20    1.03 ^ output176/X (sky130_fd_sc_hd__clkbuf_4)
     1    0.04                           pwdata[15] (net)
                  0.12    0.00    1.03 ^ pwdata[15] (out)
                                  1.03   data arrival time

                          0.00    0.00   clock clk (rise edge)
                          0.00    0.00   clock network delay (propagated)
                          0.25    0.25   clock uncertainty
                          0.00    0.25   clock reconvergence pessimism
                         -2.00   -1.75   output external delay
                                 -1.75   data required time
-----------------------------------------------------------------------------
                                 -1.75   data required time
                                 -1.03   data arrival time
-----------------------------------------------------------------------------
                                  2.78   slack (MET)


Startpoint: _413_ (rising edge-triggered flip-flop clocked by clk)
Endpoint: paddr[21] (output port clocked by clk)
Path Group: clk
Path Type: min

Fanout     Cap    Slew   Delay    Time   Description
-----------------------------------------------------------------------------
                          0.00    0.00   clock clk (rise edge)
                          0.00    0.00   clock source latency
                  0.14    0.09    0.09 ^ clk (in)
     1    0.03                           clk (net)
                  0.14    0.00    0.09 ^ clkbuf_0_clk/A (sky130_fd_sc_hd__clkbuf_16)
                  0.08    0.18    0.27 ^ clkbuf_0_clk/X (sky130_fd_sc_hd__clkbuf_16)
     8    0.06                           clknet_0_clk (net)
                  0.08    0.00    0.27 ^ clkbuf_3_4__f_clk/A (sky130_fd_sc_hd__clkbuf_16)
                  0.05    0.14    0.41 ^ clkbuf_3_4__f_clk/X (sky130_fd_sc_hd__clkbuf_16)
    14    0.03                           clknet_3_4__leaf_clk (net)
                  0.05    0.00    0.41 ^ _413_/CLK (sky130_fd_sc_hd__dfrtp_4)
                  0.10    0.42    0.84 ^ _413_/Q (sky130_fd_sc_hd__dfrtp_4)
     2    0.03                           net147 (net)
                  0.10    0.00    0.84 ^ output147/A (sky130_fd_sc_hd__clkbuf_4)
                  0.11    0.19    1.04 ^ output147/X (sky130_fd_sc_hd__clkbuf_4)
     1    0.03                           paddr[21] (net)
                  0.11    0.00    1.04 ^ paddr[21] (out)
                                  1.04   data arrival time

                          0.00    0.00   clock clk (rise edge)
                          0.00    0.00   clock network delay (propagated)
                          0.25    0.25   clock uncertainty
                          0.00    0.25   clock reconvergence pessimism
                         -2.00   -1.75   output external delay
                                 -1.75   data required time
-----------------------------------------------------------------------------
                                 -1.75   data required time
                                 -1.04   data arrival time
-----------------------------------------------------------------------------
                                  2.79   slack (MET)


Startpoint: _449_ (rising edge-triggered flip-flop clocked by clk)
Endpoint: pwdata[25] (output port clocked by clk)
Path Group: clk
Path Type: min

Fanout     Cap    Slew   Delay    Time   Description
-----------------------------------------------------------------------------
                          0.00    0.00   clock clk (rise edge)
                          0.00    0.00   clock source latency
                  0.14    0.09    0.09 ^ clk (in)
     1    0.03                           clk (net)
                  0.14    0.00    0.09 ^ clkbuf_0_clk/A (sky130_fd_sc_hd__clkbuf_16)
                  0.08    0.18    0.27 ^ clkbuf_0_clk/X (sky130_fd_sc_hd__clkbuf_16)
     8    0.06                           clknet_0_clk (net)
                  0.08    0.00    0.27 ^ clkbuf_3_1__f_clk/A (sky130_fd_sc_hd__clkbuf_16)
                  0.05    0.14    0.41 ^ clkbuf_3_1__f_clk/X (sky130_fd_sc_hd__clkbuf_16)
     9    0.03                           clknet_3_1__leaf_clk (net)
                  0.05    0.00    0.42 ^ _449_/CLK (sky130_fd_sc_hd__dfrtp_4)
                  0.10    0.42    0.84 ^ _449_/Q (sky130_fd_sc_hd__dfrtp_4)
     2    0.02                           net187 (net)
                  0.10    0.00    0.84 ^ output187/A (sky130_fd_sc_hd__clkbuf_4)
                  0.11    0.20    1.04 ^ output187/X (sky130_fd_sc_hd__clkbuf_4)
     1    0.03                           pwdata[25] (net)
                  0.11    0.00    1.04 ^ pwdata[25] (out)
                                  1.04   data arrival time

                          0.00    0.00   clock clk (rise edge)
                          0.00    0.00   clock network delay (propagated)
                          0.25    0.25   clock uncertainty
                          0.00    0.25   clock reconvergence pessimism
                         -2.00   -1.75   output external delay
                                 -1.75   data required time
-----------------------------------------------------------------------------
                                 -1.75   data required time
                                 -1.04   data arrival time
-----------------------------------------------------------------------------
                                  2.79   slack (MET)


Startpoint: _424_ (rising edge-triggered flip-flop clocked by clk)
Endpoint: pwdata[0] (output port clocked by clk)
Path Group: clk
Path Type: min

Fanout     Cap    Slew   Delay    Time   Description
-----------------------------------------------------------------------------
                          0.00    0.00   clock clk (rise edge)
                          0.00    0.00   clock source latency
                  0.14    0.09    0.09 ^ clk (in)
     1    0.03                           clk (net)
                  0.14    0.00    0.09 ^ clkbuf_0_clk/A (sky130_fd_sc_hd__clkbuf_16)
                  0.08    0.18    0.27 ^ clkbuf_0_clk/X (sky130_fd_sc_hd__clkbuf_16)
     8    0.06                           clknet_0_clk (net)
                  0.08    0.00    0.27 ^ clkbuf_3_4__f_clk/A (sky130_fd_sc_hd__clkbuf_16)
                  0.05    0.14    0.41 ^ clkbuf_3_4__f_clk/X (sky130_fd_sc_hd__clkbuf_16)
    14    0.03                           clknet_3_4__leaf_clk (net)
                  0.05    0.00    0.41 ^ _424_/CLK (sky130_fd_sc_hd__dfrtp_4)
                  0.10    0.42    0.84 ^ _424_/Q (sky130_fd_sc_hd__dfrtp_4)
     2    0.03                           net170 (net)
                  0.10    0.00    0.84 ^ output170/A (sky130_fd_sc_hd__clkbuf_4)
                  0.11    0.20    1.04 ^ output170/X (sky130_fd_sc_hd__clkbuf_4)
     1    0.03                           pwdata[0] (net)
                  0.11    0.00    1.04 ^ pwdata[0] (out)
                                  1.04   data arrival time

                          0.00    0.00   clock clk (rise edge)
                          0.00    0.00   clock network delay (propagated)
                          0.25    0.25   clock uncertainty
                          0.00    0.25   clock reconvergence pessimism
                         -2.00   -1.75   output external delay
                                 -1.75   data required time
-----------------------------------------------------------------------------
                                 -1.75   data required time
                                 -1.04   data arrival time
-----------------------------------------------------------------------------
                                  2.79   slack (MET)


Startpoint: _418_ (rising edge-triggered flip-flop clocked by clk)
Endpoint: paddr[26] (output port clocked by clk)
Path Group: clk
Path Type: min

Fanout     Cap    Slew   Delay    Time   Description
-----------------------------------------------------------------------------
                          0.00    0.00   clock clk (rise edge)
                          0.00    0.00   clock source latency
                  0.14    0.09    0.09 ^ clk (in)
     1    0.03                           clk (net)
                  0.14    0.00    0.09 ^ clkbuf_0_clk/A (sky130_fd_sc_hd__clkbuf_16)
                  0.08    0.18    0.27 ^ clkbuf_0_clk/X (sky130_fd_sc_hd__clkbuf_16)
     8    0.06                           clknet_0_clk (net)
                  0.08    0.00    0.27 ^ clkbuf_3_1__f_clk/A (sky130_fd_sc_hd__clkbuf_16)
                  0.05    0.14    0.41 ^ clkbuf_3_1__f_clk/X (sky130_fd_sc_hd__clkbuf_16)
     9    0.03                           clknet_3_1__leaf_clk (net)
                  0.05    0.00    0.42 ^ _418_/CLK (sky130_fd_sc_hd__dfrtp_4)
                  0.10    0.43    0.84 ^ _418_/Q (sky130_fd_sc_hd__dfrtp_4)
     2    0.03                           net152 (net)
                  0.10    0.00    0.84 ^ output152/A (sky130_fd_sc_hd__clkbuf_4)
                  0.11    0.20    1.04 ^ output152/X (sky130_fd_sc_hd__clkbuf_4)
     1    0.03                           paddr[26] (net)
                  0.11    0.00    1.04 ^ paddr[26] (out)
                                  1.04   data arrival time

                          0.00    0.00   clock clk (rise edge)
                          0.00    0.00   clock network delay (propagated)
                          0.25    0.25   clock uncertainty
                          0.00    0.25   clock reconvergence pessimism
                         -2.00   -1.75   output external delay
                                 -1.75   data required time
-----------------------------------------------------------------------------
                                 -1.75   data required time
                                 -1.04   data arrival time
-----------------------------------------------------------------------------
                                  2.79   slack (MET)


Startpoint: _408_ (rising edge-triggered flip-flop clocked by clk)
Endpoint: paddr[16] (output port clocked by clk)
Path Group: clk
Path Type: min

Fanout     Cap    Slew   Delay    Time   Description
-----------------------------------------------------------------------------
                          0.00    0.00   clock clk (rise edge)
                          0.00    0.00   clock source latency
                  0.14    0.09    0.09 ^ clk (in)
     1    0.03                           clk (net)
                  0.14    0.00    0.09 ^ clkbuf_0_clk/A (sky130_fd_sc_hd__clkbuf_16)
                  0.08    0.18    0.27 ^ clkbuf_0_clk/X (sky130_fd_sc_hd__clkbuf_16)
     8    0.06                           clknet_0_clk (net)
                  0.08    0.00    0.27 ^ clkbuf_3_4__f_clk/A (sky130_fd_sc_hd__clkbuf_16)
                  0.05    0.14    0.41 ^ clkbuf_3_4__f_clk/X (sky130_fd_sc_hd__clkbuf_16)
    14    0.03                           clknet_3_4__leaf_clk (net)
                  0.05    0.00    0.41 ^ _408_/CLK (sky130_fd_sc_hd__dfrtp_4)
                  0.12    0.44    0.85 ^ _408_/Q (sky130_fd_sc_hd__dfrtp_4)
     2    0.03                           net141 (net)
                  0.12    0.00    0.85 ^ output141/A (sky130_fd_sc_hd__clkbuf_4)
                  0.11    0.20    1.05 ^ output141/X (sky130_fd_sc_hd__clkbuf_4)
     1    0.03                           paddr[16] (net)
                  0.11    0.00    1.05 ^ paddr[16] (out)
                                  1.05   data arrival time

                          0.00    0.00   clock clk (rise edge)
                          0.00    0.00   clock network delay (propagated)
                          0.25    0.25   clock uncertainty
                          0.00    0.25   clock reconvergence pessimism
                         -2.00   -1.75   output external delay
                                 -1.75   data required time
-----------------------------------------------------------------------------
                                 -1.75   data required time
                                 -1.05   data arrival time
-----------------------------------------------------------------------------
                                  2.80   slack (MET)


Startpoint: _390_ (rising edge-triggered flip-flop clocked by clk)
Endpoint: penable (output port clocked by clk)
Path Group: clk
Path Type: min

Fanout     Cap    Slew   Delay    Time   Description
-----------------------------------------------------------------------------
                          0.00    0.00   clock clk (rise edge)
                          0.00    0.00   clock source latency
                  0.14    0.09    0.09 ^ clk (in)
     1    0.03                           clk (net)
                  0.14    0.00    0.09 ^ clkbuf_0_clk/A (sky130_fd_sc_hd__clkbuf_16)
                  0.08    0.18    0.27 ^ clkbuf_0_clk/X (sky130_fd_sc_hd__clkbuf_16)
     8    0.06                           clknet_0_clk (net)
                  0.08    0.00    0.27 ^ clkbuf_3_7__f_clk/A (sky130_fd_sc_hd__clkbuf_16)
                  0.04    0.13    0.40 ^ clkbuf_3_7__f_clk/X (sky130_fd_sc_hd__clkbuf_16)
     9    0.02                           clknet_3_7__leaf_clk (net)
                  0.04    0.00    0.40 ^ _390_/CLK (sky130_fd_sc_hd__dfrtp_1)
                  0.10    0.34    0.75 ^ _390_/Q (sky130_fd_sc_hd__dfrtp_1)
     4    0.01                           state[0] (net)
                  0.10    0.00    0.75 ^ _177_/A (sky130_fd_sc_hd__or2b_1)
                  0.11    0.15    0.90 ^ _177_/X (sky130_fd_sc_hd__or2b_1)
     3    0.01                           _067_ (net)
                  0.11    0.00    0.90 ^ _178_/A (sky130_fd_sc_hd__inv_2)
                  0.04    0.05    0.94 v _178_/Y (sky130_fd_sc_hd__inv_2)
     1    0.01                           net167 (net)
                  0.04    0.00    0.94 v output167/A (sky130_fd_sc_hd__buf_2)
                  0.09    0.17    1.11 v output167/X (sky130_fd_sc_hd__buf_2)
     1    0.03                           penable (net)
                  0.09    0.00    1.11 v penable (out)
                                  1.11   data arrival time

                          0.00    0.00   clock clk (rise edge)
                          0.00    0.00   clock network delay (propagated)
                          0.25    0.25   clock uncertainty
                          0.00    0.25   clock reconvergence pessimism
                         -2.00   -1.75   output external delay
                                 -1.75   data required time
-----------------------------------------------------------------------------
                                 -1.75   data required time
                                 -1.11   data arrival time
-----------------------------------------------------------------------------
                                  2.86   slack (MET)


Startpoint: _390_ (rising edge-triggered flip-flop clocked by clk)
Endpoint: psel (output port clocked by clk)
Path Group: clk
Path Type: min

Fanout     Cap    Slew   Delay    Time   Description
-----------------------------------------------------------------------------
                          0.00    0.00   clock clk (rise edge)
                          0.00    0.00   clock source latency
                  0.14    0.09    0.09 ^ clk (in)
     1    0.03                           clk (net)
                  0.14    0.00    0.09 ^ clkbuf_0_clk/A (sky130_fd_sc_hd__clkbuf_16)
                  0.08    0.18    0.27 ^ clkbuf_0_clk/X (sky130_fd_sc_hd__clkbuf_16)
     8    0.06                           clknet_0_clk (net)
                  0.08    0.00    0.27 ^ clkbuf_3_7__f_clk/A (sky130_fd_sc_hd__clkbuf_16)
                  0.04    0.13    0.40 ^ clkbuf_3_7__f_clk/X (sky130_fd_sc_hd__clkbuf_16)
     9    0.02                           clknet_3_7__leaf_clk (net)
                  0.04    0.00    0.40 ^ _390_/CLK (sky130_fd_sc_hd__dfrtp_1)
                  0.10    0.34    0.75 ^ _390_/Q (sky130_fd_sc_hd__dfrtp_1)
     4    0.01                           state[0] (net)
                  0.10    0.00    0.75 ^ _177_/A (sky130_fd_sc_hd__or2b_1)
                  0.11    0.15    0.90 ^ _177_/X (sky130_fd_sc_hd__or2b_1)
     3    0.01                           _067_ (net)
                  0.11    0.00    0.90 ^ _180_/A (sky130_fd_sc_hd__nand2_1)
                  0.10    0.11    1.01 v _180_/Y (sky130_fd_sc_hd__nand2_1)
     1    0.01                           net169 (net)
                  0.10    0.00    1.01 v output169/A (sky130_fd_sc_hd__buf_2)
                  0.09    0.19    1.20 v output169/X (sky130_fd_sc_hd__buf_2)
     1    0.03                           psel (net)
                  0.09    0.00    1.20 v psel (out)
                                  1.20   data arrival time

                          0.00    0.00   clock clk (rise edge)
                          0.00    0.00   clock network delay (propagated)
                          0.25    0.25   clock uncertainty
                          0.00    0.25   clock reconvergence pessimism
                         -2.00   -1.75   output external delay
                                 -1.75   data required time
-----------------------------------------------------------------------------
                                 -1.75   data required time
                                 -1.20   data arrival time
-----------------------------------------------------------------------------
                                  2.95   slack (MET)


Startpoint: _390_ (rising edge-triggered flip-flop clocked by clk)
Endpoint: m_ready (output port clocked by clk)
Path Group: clk
Path Type: min

Fanout     Cap    Slew   Delay    Time   Description
-----------------------------------------------------------------------------
                          0.00    0.00   clock clk (rise edge)
                          0.00    0.00   clock source latency
                  0.14    0.09    0.09 ^ clk (in)
     1    0.03                           clk (net)
                  0.14    0.00    0.09 ^ clkbuf_0_clk/A (sky130_fd_sc_hd__clkbuf_16)
                  0.08    0.18    0.27 ^ clkbuf_0_clk/X (sky130_fd_sc_hd__clkbuf_16)
     8    0.06                           clknet_0_clk (net)
                  0.08    0.00    0.27 ^ clkbuf_3_7__f_clk/A (sky130_fd_sc_hd__clkbuf_16)
                  0.04    0.13    0.40 ^ clkbuf_3_7__f_clk/X (sky130_fd_sc_hd__clkbuf_16)
     9    0.02                           clknet_3_7__leaf_clk (net)
                  0.04    0.00    0.40 ^ _390_/CLK (sky130_fd_sc_hd__dfrtp_1)
                  0.10    0.34    0.75 ^ _390_/Q (sky130_fd_sc_hd__dfrtp_1)
     4    0.01                           state[0] (net)
                  0.10    0.00    0.75 ^ _181_/A_N (sky130_fd_sc_hd__and3b_2)
                  0.06    0.23    0.98 v _181_/X (sky130_fd_sc_hd__and3b_2)
     6    0.01                           _069_ (net)
                  0.06    0.00    0.98 v _182_/A (sky130_fd_sc_hd__clkbuf_8)
                  0.04    0.14    1.12 v _182_/X (sky130_fd_sc_hd__clkbuf_8)
    10    0.01                           net133 (net)
                  0.04    0.00    1.12 v output133/A (sky130_fd_sc_hd__clkbuf_4)
                  0.09    0.17    1.29 v output133/X (sky130_fd_sc_hd__clkbuf_4)
     1    0.04                           m_ready (net)
                  0.09    0.00    1.29 v m_ready (out)
                                  1.29   data arrival time

                          0.00    0.00   clock clk (rise edge)
                          0.00    0.00   clock network delay (propagated)
                          0.25    0.25   clock uncertainty
                          0.00    0.25   clock reconvergence pessimism
                         -2.00   -1.75   output external delay
                                 -1.75   data required time
-----------------------------------------------------------------------------
                                 -1.75   data required time
                                 -1.29   data arrival time
-----------------------------------------------------------------------------
                                  3.04   slack (MET)


Startpoint: _390_ (rising edge-triggered flip-flop clocked by clk)
Endpoint: m_rdata[30] (output port clocked by clk)
Path Group: clk
Path Type: min

Fanout     Cap    Slew   Delay    Time   Description
-----------------------------------------------------------------------------
                          0.00    0.00   clock clk (rise edge)
                          0.00    0.00   clock source latency
                  0.14    0.09    0.09 ^ clk (in)
     1    0.03                           clk (net)
                  0.14    0.00    0.09 ^ clkbuf_0_clk/A (sky130_fd_sc_hd__clkbuf_16)
                  0.08    0.18    0.27 ^ clkbuf_0_clk/X (sky130_fd_sc_hd__clkbuf_16)
     8    0.06                           clknet_0_clk (net)
                  0.08    0.00    0.27 ^ clkbuf_3_7__f_clk/A (sky130_fd_sc_hd__clkbuf_16)
                  0.04    0.13    0.40 ^ clkbuf_3_7__f_clk/X (sky130_fd_sc_hd__clkbuf_16)
     9    0.02                           clknet_3_7__leaf_clk (net)
                  0.04    0.00    0.40 ^ _390_/CLK (sky130_fd_sc_hd__dfrtp_1)
                  0.10    0.34    0.75 ^ _390_/Q (sky130_fd_sc_hd__dfrtp_1)
     4    0.01                           state[0] (net)
                  0.10    0.00    0.75 ^ _181_/A_N (sky130_fd_sc_hd__and3b_2)
                  0.06    0.23    0.98 v _181_/X (sky130_fd_sc_hd__and3b_2)
     6    0.01                           _069_ (net)
                  0.06    0.00    0.98 v _245_/B (sky130_fd_sc_hd__and2_1)
                  0.03    0.15    1.13 v _245_/X (sky130_fd_sc_hd__and2_1)
     1    0.00                           _102_ (net)
                  0.03    0.00    1.13 v _246_/A (sky130_fd_sc_hd__buf_1)
                  0.07    0.11    1.24 v _246_/X (sky130_fd_sc_hd__buf_1)
     1    0.01                           net124 (net)
                  0.07    0.00    1.24 v output124/A (sky130_fd_sc_hd__clkbuf_4)
                  0.08    0.18    1.43 v output124/X (sky130_fd_sc_hd__clkbuf_4)
     1    0.03                           m_rdata[30] (net)
                  0.08    0.00    1.43 v m_rdata[30] (out)
                                  1.43   data arrival time

                          0.00    0.00   clock clk (rise edge)
                          0.00    0.00   clock network delay (propagated)
                          0.25    0.25   clock uncertainty
                          0.00    0.25   clock reconvergence pessimism
                         -2.00   -1.75   output external delay
                                 -1.75   data required time
-----------------------------------------------------------------------------
                                 -1.75   data required time
                                 -1.43   data arrival time
-----------------------------------------------------------------------------
                                  3.18   slack (MET)


Startpoint: _390_ (rising edge-triggered flip-flop clocked by clk)
Endpoint: m_rdata[29] (output port clocked by clk)
Path Group: clk
Path Type: min

Fanout     Cap    Slew   Delay    Time   Description
-----------------------------------------------------------------------------
                          0.00    0.00   clock clk (rise edge)
                          0.00    0.00   clock source latency
                  0.14    0.09    0.09 ^ clk (in)
     1    0.03                           clk (net)
                  0.14    0.00    0.09 ^ clkbuf_0_clk/A (sky130_fd_sc_hd__clkbuf_16)
                  0.08    0.18    0.27 ^ clkbuf_0_clk/X (sky130_fd_sc_hd__clkbuf_16)
     8    0.06                           clknet_0_clk (net)
                  0.08    0.00    0.27 ^ clkbuf_3_7__f_clk/A (sky130_fd_sc_hd__clkbuf_16)
                  0.04    0.13    0.40 ^ clkbuf_3_7__f_clk/X (sky130_fd_sc_hd__clkbuf_16)
     9    0.02                           clknet_3_7__leaf_clk (net)
                  0.04    0.00    0.40 ^ _390_/CLK (sky130_fd_sc_hd__dfrtp_1)
                  0.10    0.34    0.75 ^ _390_/Q (sky130_fd_sc_hd__dfrtp_1)
     4    0.01                           state[0] (net)
                  0.10    0.00    0.75 ^ _181_/A_N (sky130_fd_sc_hd__and3b_2)
                  0.06    0.23    0.98 v _181_/X (sky130_fd_sc_hd__and3b_2)
     6    0.01                           _069_ (net)
                  0.06    0.00    0.98 v _243_/B (sky130_fd_sc_hd__and2_1)
                  0.04    0.15    1.13 v _243_/X (sky130_fd_sc_hd__and2_1)
     1    0.00                           _101_ (net)
                  0.04    0.00    1.13 v _244_/A (sky130_fd_sc_hd__clkbuf_2)
                  0.07    0.13    1.26 v _244_/X (sky130_fd_sc_hd__clkbuf_2)
     1    0.02                           net122 (net)
                  0.07    0.00    1.27 v output122/A (sky130_fd_sc_hd__buf_2)
                  0.09    0.18    1.45 v output122/X (sky130_fd_sc_hd__buf_2)
     1    0.03                           m_rdata[29] (net)
                  0.09    0.00    1.45 v m_rdata[29] (out)
                                  1.45   data arrival time

                          0.00    0.00   clock clk (rise edge)
                          0.00    0.00   clock network delay (propagated)
                          0.25    0.25   clock uncertainty
                          0.00    0.25   clock reconvergence pessimism
                         -2.00   -1.75   output external delay
                                 -1.75   data required time
-----------------------------------------------------------------------------
                                 -1.75   data required time
                                 -1.45   data arrival time
-----------------------------------------------------------------------------
                                  3.20   slack (MET)


Startpoint: _391_ (rising edge-triggered flip-flop clocked by clk)
Endpoint: m_rdata[31] (output port clocked by clk)
Path Group: clk
Path Type: min

Fanout     Cap    Slew   Delay    Time   Description
-----------------------------------------------------------------------------
                          0.00    0.00   clock clk (rise edge)
                          0.00    0.00   clock source latency
                  0.14    0.09    0.09 ^ clk (in)
     1    0.03                           clk (net)
                  0.14    0.00    0.09 ^ clkbuf_0_clk/A (sky130_fd_sc_hd__clkbuf_16)
                  0.08    0.18    0.27 ^ clkbuf_0_clk/X (sky130_fd_sc_hd__clkbuf_16)
     8    0.06                           clknet_0_clk (net)
                  0.08    0.00    0.27 ^ clkbuf_3_5__f_clk/A (sky130_fd_sc_hd__clkbuf_16)
                  0.04    0.13    0.41 ^ clkbuf_3_5__f_clk/X (sky130_fd_sc_hd__clkbuf_16)
    10    0.02                           clknet_3_5__leaf_clk (net)
                  0.04    0.00    0.41 ^ _391_/CLK (sky130_fd_sc_hd__dfrtp_1)
                  0.10    0.34    0.75 ^ _391_/Q (sky130_fd_sc_hd__dfrtp_1)
     4    0.01                           state[1] (net)
                  0.10    0.00    0.75 ^ _181_/B (sky130_fd_sc_hd__and3b_2)
                  0.10    0.22    0.97 ^ _181_/X (sky130_fd_sc_hd__and3b_2)
     6    0.02                           _069_ (net)
                  0.10    0.00    0.97 ^ _247_/B (sky130_fd_sc_hd__and2_1)
                  0.05    0.13    1.10 ^ _247_/X (sky130_fd_sc_hd__and2_1)
     1    0.00                           _103_ (net)
                  0.05    0.00    1.10 ^ _248_/A (sky130_fd_sc_hd__clkbuf_2)
                  0.12    0.15    1.25 ^ _248_/X (sky130_fd_sc_hd__clkbuf_2)
     1    0.02                           net125 (net)
                  0.12    0.00    1.25 ^ output125/A (sky130_fd_sc_hd__clkbuf_4)
                  0.11    0.20    1.46 ^ output125/X (sky130_fd_sc_hd__clkbuf_4)
     1    0.03                           m_rdata[31] (net)
                  0.11    0.00    1.46 ^ m_rdata[31] (out)
                                  1.46   data arrival time

                          0.00    0.00   clock clk (rise edge)
                          0.00    0.00   clock network delay (propagated)
                          0.25    0.25   clock uncertainty
                          0.00    0.25   clock reconvergence pessimism
                         -2.00   -1.75   output external delay
                                 -1.75   data required time
-----------------------------------------------------------------------------
                                 -1.75   data required time
                                 -1.46   data arrival time
-----------------------------------------------------------------------------
                                  3.21   slack (MET)


Startpoint: _391_ (rising edge-triggered flip-flop clocked by clk)
Endpoint: m_rdata[16] (output port clocked by clk)
Path Group: clk
Path Type: min

Fanout     Cap    Slew   Delay    Time   Description
-----------------------------------------------------------------------------
                          0.00    0.00   clock clk (rise edge)
                          0.00    0.00   clock source latency
                  0.14    0.09    0.09 ^ clk (in)
     1    0.03                           clk (net)
                  0.14    0.00    0.09 ^ clkbuf_0_clk/A (sky130_fd_sc_hd__clkbuf_16)
                  0.08    0.18    0.27 ^ clkbuf_0_clk/X (sky130_fd_sc_hd__clkbuf_16)
     8    0.06                           clknet_0_clk (net)
                  0.08    0.00    0.27 ^ clkbuf_3_5__f_clk/A (sky130_fd_sc_hd__clkbuf_16)
                  0.04    0.13    0.41 ^ clkbuf_3_5__f_clk/X (sky130_fd_sc_hd__clkbuf_16)
    10    0.02                           clknet_3_5__leaf_clk (net)
                  0.04    0.00    0.41 ^ _391_/CLK (sky130_fd_sc_hd__dfrtp_1)
                  0.10    0.34    0.75 ^ _391_/Q (sky130_fd_sc_hd__dfrtp_1)
     4    0.01                           state[1] (net)
                  0.10    0.00    0.75 ^ _181_/B (sky130_fd_sc_hd__and3b_2)
                  0.10    0.22    0.97 ^ _181_/X (sky130_fd_sc_hd__and3b_2)
     6    0.02                           _069_ (net)
                  0.10    0.00    0.97 ^ _201_/A (sky130_fd_sc_hd__buf_4)
                  0.06    0.13    1.11 ^ _201_/X (sky130_fd_sc_hd__buf_4)
    10    0.02                           _079_ (net)
                  0.06    0.00    1.11 ^ _216_/B (sky130_fd_sc_hd__and2_1)
                  0.05    0.11    1.22 ^ _216_/X (sky130_fd_sc_hd__and2_1)
     1    0.00                           _087_ (net)
                  0.05    0.00    1.22 ^ _217_/A (sky130_fd_sc_hd__buf_1)
                  0.04    0.07    1.29 ^ _217_/X (sky130_fd_sc_hd__buf_1)
     1    0.00                           net108 (net)
                  0.04    0.00    1.29 ^ output108/A (sky130_fd_sc_hd__clkbuf_4)
                  0.11    0.17    1.47 ^ output108/X (sky130_fd_sc_hd__clkbuf_4)
     1    0.03                           m_rdata[16] (net)
                  0.11    0.00    1.47 ^ m_rdata[16] (out)
                                  1.47   data arrival time

                          0.00    0.00   clock clk (rise edge)
                          0.00    0.00   clock network delay (propagated)
                          0.25    0.25   clock uncertainty
                          0.00    0.25   clock reconvergence pessimism
                         -2.00   -1.75   output external delay
                                 -1.75   data required time
-----------------------------------------------------------------------------
                                 -1.75   data required time
                                 -1.47   data arrival time
-----------------------------------------------------------------------------
                                  3.22   slack (MET)


Startpoint: _391_ (rising edge-triggered flip-flop clocked by clk)
Endpoint: m_rdata[11] (output port clocked by clk)
Path Group: clk
Path Type: min

Fanout     Cap    Slew   Delay    Time   Description
-----------------------------------------------------------------------------
                          0.00    0.00   clock clk (rise edge)
                          0.00    0.00   clock source latency
                  0.14    0.09    0.09 ^ clk (in)
     1    0.03                           clk (net)
                  0.14    0.00    0.09 ^ clkbuf_0_clk/A (sky130_fd_sc_hd__clkbuf_16)
                  0.08    0.18    0.27 ^ clkbuf_0_clk/X (sky130_fd_sc_hd__clkbuf_16)
     8    0.06                           clknet_0_clk (net)
                  0.08    0.00    0.27 ^ clkbuf_3_5__f_clk/A (sky130_fd_sc_hd__clkbuf_16)
                  0.04    0.13    0.41 ^ clkbuf_3_5__f_clk/X (sky130_fd_sc_hd__clkbuf_16)
    10    0.02                           clknet_3_5__leaf_clk (net)
                  0.04    0.00    0.41 ^ _391_/CLK (sky130_fd_sc_hd__dfrtp_1)
                  0.10    0.34    0.75 ^ _391_/Q (sky130_fd_sc_hd__dfrtp_1)
     4    0.01                           state[1] (net)
                  0.10    0.00    0.75 ^ _181_/B (sky130_fd_sc_hd__and3b_2)
                  0.10    0.22    0.97 ^ _181_/X (sky130_fd_sc_hd__and3b_2)
     6    0.02                           _069_ (net)
                  0.10    0.00    0.97 ^ _201_/A (sky130_fd_sc_hd__buf_4)
                  0.06    0.13    1.11 ^ _201_/X (sky130_fd_sc_hd__buf_4)
    10    0.02                           _079_ (net)
                  0.06    0.00    1.11 ^ _206_/B (sky130_fd_sc_hd__and2_1)
                  0.05    0.12    1.22 ^ _206_/X (sky130_fd_sc_hd__and2_1)
     1    0.00                           _082_ (net)
                  0.05    0.00    1.22 ^ _207_/A (sky130_fd_sc_hd__buf_1)
                  0.04    0.07    1.29 ^ _207_/X (sky130_fd_sc_hd__buf_1)
     1    0.00                           net103 (net)
                  0.04    0.00    1.29 ^ output103/A (sky130_fd_sc_hd__clkbuf_4)
                  0.11    0.17    1.47 ^ output103/X (sky130_fd_sc_hd__clkbuf_4)
     1    0.03                           m_rdata[11] (net)
                  0.11    0.00    1.47 ^ m_rdata[11] (out)
                                  1.47   data arrival time

                          0.00    0.00   clock clk (rise edge)
                          0.00    0.00   clock network delay (propagated)
                          0.25    0.25   clock uncertainty
                          0.00    0.25   clock reconvergence pessimism
                         -2.00   -1.75   output external delay
                                 -1.75   data required time
-----------------------------------------------------------------------------
                                 -1.75   data required time
                                 -1.47   data arrival time
-----------------------------------------------------------------------------
                                  3.22   slack (MET)


Startpoint: _391_ (rising edge-triggered flip-flop clocked by clk)
Endpoint: m_rdata[9] (output port clocked by clk)
Path Group: clk
Path Type: min

Fanout     Cap    Slew   Delay    Time   Description
-----------------------------------------------------------------------------
                          0.00    0.00   clock clk (rise edge)
                          0.00    0.00   clock source latency
                  0.14    0.09    0.09 ^ clk (in)
     1    0.03                           clk (net)
                  0.14    0.00    0.09 ^ clkbuf_0_clk/A (sky130_fd_sc_hd__clkbuf_16)
                  0.08    0.18    0.27 ^ clkbuf_0_clk/X (sky130_fd_sc_hd__clkbuf_16)
     8    0.06                           clknet_0_clk (net)
                  0.08    0.00    0.27 ^ clkbuf_3_5__f_clk/A (sky130_fd_sc_hd__clkbuf_16)
                  0.04    0.13    0.41 ^ clkbuf_3_5__f_clk/X (sky130_fd_sc_hd__clkbuf_16)
    10    0.02                           clknet_3_5__leaf_clk (net)
                  0.04    0.00    0.41 ^ _391_/CLK (sky130_fd_sc_hd__dfrtp_1)
                  0.10    0.34    0.75 ^ _391_/Q (sky130_fd_sc_hd__dfrtp_1)
     4    0.01                           state[1] (net)
                  0.10    0.00    0.75 ^ _181_/B (sky130_fd_sc_hd__and3b_2)
                  0.10    0.22    0.97 ^ _181_/X (sky130_fd_sc_hd__and3b_2)
     6    0.02                           _069_ (net)
                  0.10    0.00    0.97 ^ _201_/A (sky130_fd_sc_hd__buf_4)
                  0.06    0.13    1.11 ^ _201_/X (sky130_fd_sc_hd__buf_4)
    10    0.02                           _079_ (net)
                  0.06    0.00    1.11 ^ _202_/B (sky130_fd_sc_hd__and2_1)
                  0.05    0.12    1.22 ^ _202_/X (sky130_fd_sc_hd__and2_1)
     1    0.00                           _080_ (net)
                  0.05    0.00    1.22 ^ _203_/A (sky130_fd_sc_hd__buf_1)
                  0.04    0.07    1.30 ^ _203_/X (sky130_fd_sc_hd__buf_1)
     1    0.00                           net132 (net)
                  0.04    0.00    1.30 ^ output132/A (sky130_fd_sc_hd__clkbuf_4)
                  0.11    0.17    1.47 ^ output132/X (sky130_fd_sc_hd__clkbuf_4)
     1    0.04                           m_rdata[9] (net)
                  0.11    0.00    1.47 ^ m_rdata[9] (out)
                                  1.47   data arrival time

                          0.00    0.00   clock clk (rise edge)
                          0.00    0.00   clock network delay (propagated)
                          0.25    0.25   clock uncertainty
                          0.00    0.25   clock reconvergence pessimism
                         -2.00   -1.75   output external delay
                                 -1.75   data required time
-----------------------------------------------------------------------------
                                 -1.75   data required time
                                 -1.47   data arrival time
-----------------------------------------------------------------------------
                                  3.22   slack (MET)


Startpoint: _391_ (rising edge-triggered flip-flop clocked by clk)
Endpoint: m_rdata[21] (output port clocked by clk)
Path Group: clk
Path Type: min

Fanout     Cap    Slew   Delay    Time   Description
-----------------------------------------------------------------------------
                          0.00    0.00   clock clk (rise edge)
                          0.00    0.00   clock source latency
                  0.14    0.09    0.09 ^ clk (in)
     1    0.03                           clk (net)
                  0.14    0.00    0.09 ^ clkbuf_0_clk/A (sky130_fd_sc_hd__clkbuf_16)
                  0.08    0.18    0.27 ^ clkbuf_0_clk/X (sky130_fd_sc_hd__clkbuf_16)
     8    0.06                           clknet_0_clk (net)
                  0.08    0.00    0.27 ^ clkbuf_3_5__f_clk/A (sky130_fd_sc_hd__clkbuf_16)
                  0.04    0.13    0.41 ^ clkbuf_3_5__f_clk/X (sky130_fd_sc_hd__clkbuf_16)
    10    0.02                           clknet_3_5__leaf_clk (net)
                  0.04    0.00    0.41 ^ _391_/CLK (sky130_fd_sc_hd__dfrtp_1)
                  0.10    0.34    0.75 ^ _391_/Q (sky130_fd_sc_hd__dfrtp_1)
     4    0.01                           state[1] (net)
                  0.10    0.00    0.75 ^ _181_/B (sky130_fd_sc_hd__and3b_2)
                  0.10    0.22    0.97 ^ _181_/X (sky130_fd_sc_hd__and3b_2)
     6    0.02                           _069_ (net)
                  0.10    0.00    0.97 ^ _222_/A (sky130_fd_sc_hd__clkbuf_8)
                  0.05    0.14    1.11 ^ _222_/X (sky130_fd_sc_hd__clkbuf_8)
    10    0.02                           _090_ (net)
                  0.05    0.00    1.11 ^ _227_/B (sky130_fd_sc_hd__and2_1)
                  0.05    0.11    1.22 ^ _227_/X (sky130_fd_sc_hd__and2_1)
     1    0.00                           _093_ (net)
                  0.05    0.00    1.22 ^ _228_/A (sky130_fd_sc_hd__clkbuf_1)
                  0.04    0.07    1.30 ^ _228_/X (sky130_fd_sc_hd__clkbuf_1)
     1    0.00                           net114 (net)
                  0.04    0.00    1.30 ^ output114/A (sky130_fd_sc_hd__clkbuf_4)
                  0.11    0.17    1.47 ^ output114/X (sky130_fd_sc_hd__clkbuf_4)
     1    0.03                           m_rdata[21] (net)
                  0.11    0.00    1.47 ^ m_rdata[21] (out)
                                  1.47   data arrival time

                          0.00    0.00   clock clk (rise edge)
                          0.00    0.00   clock network delay (propagated)
                          0.25    0.25   clock uncertainty
                          0.00    0.25   clock reconvergence pessimism
                         -2.00   -1.75   output external delay
                                 -1.75   data required time
-----------------------------------------------------------------------------
                                 -1.75   data required time
                                 -1.47   data arrival time
-----------------------------------------------------------------------------
                                  3.22   slack (MET)


Startpoint: _391_ (rising edge-triggered flip-flop clocked by clk)
Endpoint: m_rdata[17] (output port clocked by clk)
Path Group: clk
Path Type: min

Fanout     Cap    Slew   Delay    Time   Description
-----------------------------------------------------------------------------
                          0.00    0.00   clock clk (rise edge)
                          0.00    0.00   clock source latency
                  0.14    0.09    0.09 ^ clk (in)
     1    0.03                           clk (net)
                  0.14    0.00    0.09 ^ clkbuf_0_clk/A (sky130_fd_sc_hd__clkbuf_16)
                  0.08    0.18    0.27 ^ clkbuf_0_clk/X (sky130_fd_sc_hd__clkbuf_16)
     8    0.06                           clknet_0_clk (net)
                  0.08    0.00    0.27 ^ clkbuf_3_5__f_clk/A (sky130_fd_sc_hd__clkbuf_16)
                  0.04    0.13    0.41 ^ clkbuf_3_5__f_clk/X (sky130_fd_sc_hd__clkbuf_16)
    10    0.02                           clknet_3_5__leaf_clk (net)
                  0.04    0.00    0.41 ^ _391_/CLK (sky130_fd_sc_hd__dfrtp_1)
                  0.10    0.34    0.75 ^ _391_/Q (sky130_fd_sc_hd__dfrtp_1)
     4    0.01                           state[1] (net)
                  0.10    0.00    0.75 ^ _181_/B (sky130_fd_sc_hd__and3b_2)
                  0.10    0.22    0.97 ^ _181_/X (sky130_fd_sc_hd__and3b_2)
     6    0.02                           _069_ (net)
                  0.10    0.00    0.97 ^ _201_/A (sky130_fd_sc_hd__buf_4)
                  0.06    0.13    1.11 ^ _201_/X (sky130_fd_sc_hd__buf_4)
    10    0.02                           _079_ (net)
                  0.06    0.00    1.11 ^ _218_/B (sky130_fd_sc_hd__and2_1)
                  0.06    0.12    1.23 ^ _218_/X (sky130_fd_sc_hd__and2_1)
     1    0.00                           _088_ (net)
                  0.06    0.00    1.23 ^ _219_/A (sky130_fd_sc_hd__buf_1)
                  0.04    0.08    1.30 ^ _219_/X (sky130_fd_sc_hd__buf_1)
     1    0.00                           net109 (net)
                  0.04    0.00    1.30 ^ output109/A (sky130_fd_sc_hd__clkbuf_4)
                  0.11    0.17    1.47 ^ output109/X (sky130_fd_sc_hd__clkbuf_4)
     1    0.03                           m_rdata[17] (net)
                  0.11    0.00    1.48 ^ m_rdata[17] (out)
                                  1.48   data arrival time

                          0.00    0.00   clock clk (rise edge)
                          0.00    0.00   clock network delay (propagated)
                          0.25    0.25   clock uncertainty
                          0.00    0.25   clock reconvergence pessimism
                         -2.00   -1.75   output external delay
                                 -1.75   data required time
-----------------------------------------------------------------------------
                                 -1.75   data required time
                                 -1.48   data arrival time
-----------------------------------------------------------------------------
                                  3.23   slack (MET)


Startpoint: _391_ (rising edge-triggered flip-flop clocked by clk)
Endpoint: m_rdata[8] (output port clocked by clk)
Path Group: clk
Path Type: min

Fanout     Cap    Slew   Delay    Time   Description
-----------------------------------------------------------------------------
                          0.00    0.00   clock clk (rise edge)
                          0.00    0.00   clock source latency
                  0.14    0.09    0.09 ^ clk (in)
     1    0.03                           clk (net)
                  0.14    0.00    0.09 ^ clkbuf_0_clk/A (sky130_fd_sc_hd__clkbuf_16)
                  0.08    0.18    0.27 ^ clkbuf_0_clk/X (sky130_fd_sc_hd__clkbuf_16)
     8    0.06                           clknet_0_clk (net)
                  0.08    0.00    0.27 ^ clkbuf_3_5__f_clk/A (sky130_fd_sc_hd__clkbuf_16)
                  0.04    0.13    0.41 ^ clkbuf_3_5__f_clk/X (sky130_fd_sc_hd__clkbuf_16)
    10    0.02                           clknet_3_5__leaf_clk (net)
                  0.04    0.00    0.41 ^ _391_/CLK (sky130_fd_sc_hd__dfrtp_1)
                  0.10    0.34    0.75 ^ _391_/Q (sky130_fd_sc_hd__dfrtp_1)
     4    0.01                           state[1] (net)
                  0.10    0.00    0.75 ^ _181_/B (sky130_fd_sc_hd__and3b_2)
                  0.10    0.22    0.97 ^ _181_/X (sky130_fd_sc_hd__and3b_2)
     6    0.02                           _069_ (net)
                  0.10    0.00    0.97 ^ _182_/A (sky130_fd_sc_hd__clkbuf_8)
                  0.05    0.14    1.11 ^ _182_/X (sky130_fd_sc_hd__clkbuf_8)
    10    0.02                           net133 (net)
                  0.05    0.00    1.11 ^ _199_/B (sky130_fd_sc_hd__and2_1)
                  0.05    0.11    1.22 ^ _199_/X (sky130_fd_sc_hd__and2_1)
     1    0.00                           _078_ (net)
                  0.05    0.00    1.22 ^ _200_/A (sky130_fd_sc_hd__clkbuf_2)
                  0.03    0.08    1.31 ^ _200_/X (sky130_fd_sc_hd__clkbuf_2)
     1    0.00                           net131 (net)
                  0.03    0.00    1.31 ^ output131/A (sky130_fd_sc_hd__clkbuf_4)
                  0.11    0.17    1.48 ^ output131/X (sky130_fd_sc_hd__clkbuf_4)
     1    0.03                           m_rdata[8] (net)
                  0.11    0.00    1.48 ^ m_rdata[8] (out)
                                  1.48   data arrival time

                          0.00    0.00   clock clk (rise edge)
                          0.00    0.00   clock network delay (propagated)
                          0.25    0.25   clock uncertainty
                          0.00    0.25   clock reconvergence pessimism
                         -2.00   -1.75   output external delay
                                 -1.75   data required time
-----------------------------------------------------------------------------
                                 -1.75   data required time
                                 -1.48   data arrival time
-----------------------------------------------------------------------------
                                  3.23   slack (MET)


Startpoint: _391_ (rising edge-triggered flip-flop clocked by clk)
Endpoint: m_rdata[23] (output port clocked by clk)
Path Group: clk
Path Type: min

Fanout     Cap    Slew   Delay    Time   Description
-----------------------------------------------------------------------------
                          0.00    0.00   clock clk (rise edge)
                          0.00    0.00   clock source latency
                  0.14    0.09    0.09 ^ clk (in)
     1    0.03                           clk (net)
                  0.14    0.00    0.09 ^ clkbuf_0_clk/A (sky130_fd_sc_hd__clkbuf_16)
                  0.08    0.18    0.27 ^ clkbuf_0_clk/X (sky130_fd_sc_hd__clkbuf_16)
     8    0.06                           clknet_0_clk (net)
                  0.08    0.00    0.27 ^ clkbuf_3_5__f_clk/A (sky130_fd_sc_hd__clkbuf_16)
                  0.04    0.13    0.41 ^ clkbuf_3_5__f_clk/X (sky130_fd_sc_hd__clkbuf_16)
    10    0.02                           clknet_3_5__leaf_clk (net)
                  0.04    0.00    0.41 ^ _391_/CLK (sky130_fd_sc_hd__dfrtp_1)
                  0.10    0.34    0.75 ^ _391_/Q (sky130_fd_sc_hd__dfrtp_1)
     4    0.01                           state[1] (net)
                  0.10    0.00    0.75 ^ _181_/B (sky130_fd_sc_hd__and3b_2)
                  0.10    0.22    0.97 ^ _181_/X (sky130_fd_sc_hd__and3b_2)
     6    0.02                           _069_ (net)
                  0.10    0.00    0.97 ^ _222_/A (sky130_fd_sc_hd__clkbuf_8)
                  0.05    0.14    1.11 ^ _222_/X (sky130_fd_sc_hd__clkbuf_8)
    10    0.02                           _090_ (net)
                  0.05    0.00    1.11 ^ _231_/B (sky130_fd_sc_hd__and2_1)
                  0.04    0.11    1.22 ^ _231_/X (sky130_fd_sc_hd__and2_1)
     1    0.00                           _095_ (net)
                  0.04    0.00    1.22 ^ _232_/A (sky130_fd_sc_hd__clkbuf_1)
                  0.05    0.08    1.30 ^ _232_/X (sky130_fd_sc_hd__clkbuf_1)
     1    0.00                           net116 (net)
                  0.05    0.00    1.30 ^ output116/A (sky130_fd_sc_hd__clkbuf_4)
                  0.11    0.18    1.48 ^ output116/X (sky130_fd_sc_hd__clkbuf_4)
     1    0.03                           m_rdata[23] (net)
                  0.11    0.00    1.48 ^ m_rdata[23] (out)
                                  1.48   data arrival time

                          0.00    0.00   clock clk (rise edge)
                          0.00    0.00   clock network delay (propagated)
                          0.25    0.25   clock uncertainty
                          0.00    0.25   clock reconvergence pessimism
                         -2.00   -1.75   output external delay
                                 -1.75   data required time
-----------------------------------------------------------------------------
                                 -1.75   data required time
                                 -1.48   data arrival time
-----------------------------------------------------------------------------
                                  3.23   slack (MET)


Startpoint: _391_ (rising edge-triggered flip-flop clocked by clk)
Endpoint: m_rdata[15] (output port clocked by clk)
Path Group: clk
Path Type: min

Fanout     Cap    Slew   Delay    Time   Description
-----------------------------------------------------------------------------
                          0.00    0.00   clock clk (rise edge)
                          0.00    0.00   clock source latency
                  0.14    0.09    0.09 ^ clk (in)
     1    0.03                           clk (net)
                  0.14    0.00    0.09 ^ clkbuf_0_clk/A (sky130_fd_sc_hd__clkbuf_16)
                  0.08    0.18    0.27 ^ clkbuf_0_clk/X (sky130_fd_sc_hd__clkbuf_16)
     8    0.06                           clknet_0_clk (net)
                  0.08    0.00    0.27 ^ clkbuf_3_5__f_clk/A (sky130_fd_sc_hd__clkbuf_16)
                  0.04    0.13    0.41 ^ clkbuf_3_5__f_clk/X (sky130_fd_sc_hd__clkbuf_16)
    10    0.02                           clknet_3_5__leaf_clk (net)
                  0.04    0.00    0.41 ^ _391_/CLK (sky130_fd_sc_hd__dfrtp_1)
                  0.10    0.34    0.75 ^ _391_/Q (sky130_fd_sc_hd__dfrtp_1)
     4    0.01                           state[1] (net)
                  0.10    0.00    0.75 ^ _181_/B (sky130_fd_sc_hd__and3b_2)
                  0.10    0.22    0.97 ^ _181_/X (sky130_fd_sc_hd__and3b_2)
     6    0.02                           _069_ (net)
                  0.10    0.00    0.97 ^ _201_/A (sky130_fd_sc_hd__buf_4)
                  0.06    0.13    1.11 ^ _201_/X (sky130_fd_sc_hd__buf_4)
    10    0.02                           _079_ (net)
                  0.06    0.00    1.11 ^ _214_/B (sky130_fd_sc_hd__and2_1)
                  0.05    0.11    1.22 ^ _214_/X (sky130_fd_sc_hd__and2_1)
     1    0.00                           _086_ (net)
                  0.05    0.00    1.22 ^ _215_/A (sky130_fd_sc_hd__clkbuf_2)
                  0.03    0.08    1.30 ^ _215_/X (sky130_fd_sc_hd__clkbuf_2)
     1    0.00                           net107 (net)
                  0.03    0.00    1.30 ^ output107/A (sky130_fd_sc_hd__clkbuf_4)
                  0.12    0.17    1.48 ^ output107/X (sky130_fd_sc_hd__clkbuf_4)
     1    0.04                           m_rdata[15] (net)
                  0.12    0.00    1.48 ^ m_rdata[15] (out)
                                  1.48   data arrival time

                          0.00    0.00   clock clk (rise edge)
                          0.00    0.00   clock network delay (propagated)
                          0.25    0.25   clock uncertainty
                          0.00    0.25   clock reconvergence pessimism
                         -2.00   -1.75   output external delay
                                 -1.75   data required time
-----------------------------------------------------------------------------
                                 -1.75   data required time
                                 -1.48   data arrival time
-----------------------------------------------------------------------------
                                  3.23   slack (MET)


Startpoint: _391_ (rising edge-triggered flip-flop clocked by clk)
Endpoint: m_rdata[28] (output port clocked by clk)
Path Group: clk
Path Type: min

Fanout     Cap    Slew   Delay    Time   Description
-----------------------------------------------------------------------------
                          0.00    0.00   clock clk (rise edge)
                          0.00    0.00   clock source latency
                  0.14    0.09    0.09 ^ clk (in)
     1    0.03                           clk (net)
                  0.14    0.00    0.09 ^ clkbuf_0_clk/A (sky130_fd_sc_hd__clkbuf_16)
                  0.08    0.18    0.27 ^ clkbuf_0_clk/X (sky130_fd_sc_hd__clkbuf_16)
     8    0.06                           clknet_0_clk (net)
                  0.08    0.00    0.27 ^ clkbuf_3_5__f_clk/A (sky130_fd_sc_hd__clkbuf_16)
                  0.04    0.13    0.41 ^ clkbuf_3_5__f_clk/X (sky130_fd_sc_hd__clkbuf_16)
    10    0.02                           clknet_3_5__leaf_clk (net)
                  0.04    0.00    0.41 ^ _391_/CLK (sky130_fd_sc_hd__dfrtp_1)
                  0.10    0.34    0.75 ^ _391_/Q (sky130_fd_sc_hd__dfrtp_1)
     4    0.01                           state[1] (net)
                  0.10    0.00    0.75 ^ _181_/B (sky130_fd_sc_hd__and3b_2)
                  0.10    0.22    0.97 ^ _181_/X (sky130_fd_sc_hd__and3b_2)
     6    0.02                           _069_ (net)
                  0.10    0.00    0.97 ^ _222_/A (sky130_fd_sc_hd__clkbuf_8)
                  0.05    0.14    1.11 ^ _222_/X (sky130_fd_sc_hd__clkbuf_8)
    10    0.02                           _090_ (net)
                  0.05    0.00    1.11 ^ _241_/B (sky130_fd_sc_hd__and2_1)
                  0.05    0.11    1.22 ^ _241_/X (sky130_fd_sc_hd__and2_1)
     1    0.00                           _100_ (net)
                  0.05    0.00    1.22 ^ _242_/A (sky130_fd_sc_hd__buf_1)
                  0.03    0.07    1.29 ^ _242_/X (sky130_fd_sc_hd__buf_1)
     1    0.00                           net121 (net)
                  0.03    0.00    1.29 ^ output121/A (sky130_fd_sc_hd__buf_2)
                  0.17    0.18    1.48 ^ output121/X (sky130_fd_sc_hd__buf_2)
     1    0.03                           m_rdata[28] (net)
                  0.17    0.00    1.48 ^ m_rdata[28] (out)
                                  1.48   data arrival time

                          0.00    0.00   clock clk (rise edge)
                          0.00    0.00   clock network delay (propagated)
                          0.25    0.25   clock uncertainty
                          0.00    0.25   clock reconvergence pessimism
                         -2.00   -1.75   output external delay
                                 -1.75   data required time
-----------------------------------------------------------------------------
                                 -1.75   data required time
                                 -1.48   data arrival time
-----------------------------------------------------------------------------
                                  3.23   slack (MET)


Startpoint: _391_ (rising edge-triggered flip-flop clocked by clk)
Endpoint: m_rdata[26] (output port clocked by clk)
Path Group: clk
Path Type: min

Fanout     Cap    Slew   Delay    Time   Description
-----------------------------------------------------------------------------
                          0.00    0.00   clock clk (rise edge)
                          0.00    0.00   clock source latency
                  0.14    0.09    0.09 ^ clk (in)
     1    0.03                           clk (net)
                  0.14    0.00    0.09 ^ clkbuf_0_clk/A (sky130_fd_sc_hd__clkbuf_16)
                  0.08    0.18    0.27 ^ clkbuf_0_clk/X (sky130_fd_sc_hd__clkbuf_16)
     8    0.06                           clknet_0_clk (net)
                  0.08    0.00    0.27 ^ clkbuf_3_5__f_clk/A (sky130_fd_sc_hd__clkbuf_16)
                  0.04    0.13    0.41 ^ clkbuf_3_5__f_clk/X (sky130_fd_sc_hd__clkbuf_16)
    10    0.02                           clknet_3_5__leaf_clk (net)
                  0.04    0.00    0.41 ^ _391_/CLK (sky130_fd_sc_hd__dfrtp_1)
                  0.10    0.34    0.75 ^ _391_/Q (sky130_fd_sc_hd__dfrtp_1)
     4    0.01                           state[1] (net)
                  0.10    0.00    0.75 ^ _181_/B (sky130_fd_sc_hd__and3b_2)
                  0.10    0.22    0.97 ^ _181_/X (sky130_fd_sc_hd__and3b_2)
     6    0.02                           _069_ (net)
                  0.10    0.00    0.97 ^ _222_/A (sky130_fd_sc_hd__clkbuf_8)
                  0.05    0.14    1.11 ^ _222_/X (sky130_fd_sc_hd__clkbuf_8)
    10    0.02                           _090_ (net)
                  0.05    0.00    1.11 ^ _237_/B (sky130_fd_sc_hd__and2_1)
                  0.05    0.11    1.22 ^ _237_/X (sky130_fd_sc_hd__and2_1)
     1    0.00                           _098_ (net)
                  0.05    0.00    1.22 ^ _238_/A (sky130_fd_sc_hd__dlymetal6s2s_1)
                  0.05    0.09    1.31 ^ _238_/X (sky130_fd_sc_hd__dlymetal6s2s_1)
     1    0.00                           net119 (net)
                  0.05    0.00    1.31 ^ output119/A (sky130_fd_sc_hd__clkbuf_4)
                  0.11    0.18    1.49 ^ output119/X (sky130_fd_sc_hd__clkbuf_4)
     1    0.03                           m_rdata[26] (net)
                  0.11    0.00    1.49 ^ m_rdata[26] (out)
                                  1.49   data arrival time

                          0.00    0.00   clock clk (rise edge)
                          0.00    0.00   clock network delay (propagated)
                          0.25    0.25   clock uncertainty
                          0.00    0.25   clock reconvergence pessimism
                         -2.00   -1.75   output external delay
                                 -1.75   data required time
-----------------------------------------------------------------------------
                                 -1.75   data required time
                                 -1.49   data arrival time
-----------------------------------------------------------------------------
                                  3.24   slack (MET)


Startpoint: _391_ (rising edge-triggered flip-flop clocked by clk)
Endpoint: m_rdata[5] (output port clocked by clk)
Path Group: clk
Path Type: min

Fanout     Cap    Slew   Delay    Time   Description
-----------------------------------------------------------------------------
                          0.00    0.00   clock clk (rise edge)
                          0.00    0.00   clock source latency
                  0.14    0.09    0.09 ^ clk (in)
     1    0.03                           clk (net)
                  0.14    0.00    0.09 ^ clkbuf_0_clk/A (sky130_fd_sc_hd__clkbuf_16)
                  0.08    0.18    0.27 ^ clkbuf_0_clk/X (sky130_fd_sc_hd__clkbuf_16)
     8    0.06                           clknet_0_clk (net)
                  0.08    0.00    0.27 ^ clkbuf_3_5__f_clk/A (sky130_fd_sc_hd__clkbuf_16)
                  0.04    0.13    0.41 ^ clkbuf_3_5__f_clk/X (sky130_fd_sc_hd__clkbuf_16)
    10    0.02                           clknet_3_5__leaf_clk (net)
                  0.04    0.00    0.41 ^ _391_/CLK (sky130_fd_sc_hd__dfrtp_1)
                  0.10    0.34    0.75 ^ _391_/Q (sky130_fd_sc_hd__dfrtp_1)
     4    0.01                           state[1] (net)
                  0.10    0.00    0.75 ^ _181_/B (sky130_fd_sc_hd__and3b_2)
                  0.10    0.22    0.97 ^ _181_/X (sky130_fd_sc_hd__and3b_2)
     6    0.02                           _069_ (net)
                  0.10    0.00    0.97 ^ _182_/A (sky130_fd_sc_hd__clkbuf_8)
                  0.05    0.14    1.11 ^ _182_/X (sky130_fd_sc_hd__clkbuf_8)
    10    0.02                           net133 (net)
                  0.05    0.00    1.11 ^ _193_/B (sky130_fd_sc_hd__and2_1)
                  0.05    0.11    1.23 ^ _193_/X (sky130_fd_sc_hd__and2_1)
     1    0.00                           _075_ (net)
                  0.05    0.00    1.23 ^ _194_/A (sky130_fd_sc_hd__dlymetal6s2s_1)
                  0.05    0.09    1.32 ^ _194_/X (sky130_fd_sc_hd__dlymetal6s2s_1)
     1    0.00                           net128 (net)
                  0.05    0.00    1.32 ^ output128/A (sky130_fd_sc_hd__clkbuf_4)
                  0.11    0.18    1.50 ^ output128/X (sky130_fd_sc_hd__clkbuf_4)
     1    0.03                           m_rdata[5] (net)
                  0.11    0.00    1.50 ^ m_rdata[5] (out)
                                  1.50   data arrival time

                          0.00    0.00   clock clk (rise edge)
                          0.00    0.00   clock network delay (propagated)
                          0.25    0.25   clock uncertainty
                          0.00    0.25   clock reconvergence pessimism
                         -2.00   -1.75   output external delay
                                 -1.75   data required time
-----------------------------------------------------------------------------
                                 -1.75   data required time
                                 -1.50   data arrival time
-----------------------------------------------------------------------------
                                  3.25   slack (MET)


Startpoint: _391_ (rising edge-triggered flip-flop clocked by clk)
Endpoint: m_rdata[13] (output port clocked by clk)
Path Group: clk
Path Type: min

Fanout     Cap    Slew   Delay    Time   Description
-----------------------------------------------------------------------------
                          0.00    0.00   clock clk (rise edge)
                          0.00    0.00   clock source latency
                  0.14    0.09    0.09 ^ clk (in)
     1    0.03                           clk (net)
                  0.14    0.00    0.09 ^ clkbuf_0_clk/A (sky130_fd_sc_hd__clkbuf_16)
                  0.08    0.18    0.27 ^ clkbuf_0_clk/X (sky130_fd_sc_hd__clkbuf_16)
     8    0.06                           clknet_0_clk (net)
                  0.08    0.00    0.27 ^ clkbuf_3_5__f_clk/A (sky130_fd_sc_hd__clkbuf_16)
                  0.04    0.13    0.41 ^ clkbuf_3_5__f_clk/X (sky130_fd_sc_hd__clkbuf_16)
    10    0.02                           clknet_3_5__leaf_clk (net)
                  0.04    0.00    0.41 ^ _391_/CLK (sky130_fd_sc_hd__dfrtp_1)
                  0.10    0.34    0.75 ^ _391_/Q (sky130_fd_sc_hd__dfrtp_1)
     4    0.01                           state[1] (net)
                  0.10    0.00    0.75 ^ _181_/B (sky130_fd_sc_hd__and3b_2)
                  0.10    0.22    0.97 ^ _181_/X (sky130_fd_sc_hd__and3b_2)
     6    0.02                           _069_ (net)
                  0.10    0.00    0.97 ^ _201_/A (sky130_fd_sc_hd__buf_4)
                  0.06    0.13    1.11 ^ _201_/X (sky130_fd_sc_hd__buf_4)
    10    0.02                           _079_ (net)
                  0.06    0.00    1.11 ^ _210_/B (sky130_fd_sc_hd__and2_1)
                  0.05    0.11    1.22 ^ _210_/X (sky130_fd_sc_hd__and2_1)
     1    0.00                           _084_ (net)
                  0.05    0.00    1.22 ^ _211_/A (sky130_fd_sc_hd__clkbuf_1)
                  0.08    0.10    1.32 ^ _211_/X (sky130_fd_sc_hd__clkbuf_1)
     1    0.01                           net105 (net)
                  0.08    0.00    1.32 ^ output105/A (sky130_fd_sc_hd__clkbuf_4)
                  0.11    0.19    1.50 ^ output105/X (sky130_fd_sc_hd__clkbuf_4)
     1    0.04                           m_rdata[13] (net)
                  0.11    0.00    1.51 ^ m_rdata[13] (out)
                                  1.51   data arrival time

                          0.00    0.00   clock clk (rise edge)
                          0.00    0.00   clock network delay (propagated)
                          0.25    0.25   clock uncertainty
                          0.00    0.25   clock reconvergence pessimism
                         -2.00   -1.75   output external delay
                                 -1.75   data required time
-----------------------------------------------------------------------------
                                 -1.75   data required time
                                 -1.51   data arrival time
-----------------------------------------------------------------------------
                                  3.26   slack (MET)


Startpoint: _391_ (rising edge-triggered flip-flop clocked by clk)
Endpoint: m_rdata[3] (output port clocked by clk)
Path Group: clk
Path Type: min

Fanout     Cap    Slew   Delay    Time   Description
-----------------------------------------------------------------------------
                          0.00    0.00   clock clk (rise edge)
                          0.00    0.00   clock source latency
                  0.14    0.09    0.09 ^ clk (in)
     1    0.03                           clk (net)
                  0.14    0.00    0.09 ^ clkbuf_0_clk/A (sky130_fd_sc_hd__clkbuf_16)
                  0.08    0.18    0.27 ^ clkbuf_0_clk/X (sky130_fd_sc_hd__clkbuf_16)
     8    0.06                           clknet_0_clk (net)
                  0.08    0.00    0.27 ^ clkbuf_3_5__f_clk/A (sky130_fd_sc_hd__clkbuf_16)
                  0.04    0.13    0.41 ^ clkbuf_3_5__f_clk/X (sky130_fd_sc_hd__clkbuf_16)
    10    0.02                           clknet_3_5__leaf_clk (net)
                  0.04    0.00    0.41 ^ _391_/CLK (sky130_fd_sc_hd__dfrtp_1)
                  0.10    0.34    0.75 ^ _391_/Q (sky130_fd_sc_hd__dfrtp_1)
     4    0.01                           state[1] (net)
                  0.10    0.00    0.75 ^ _181_/B (sky130_fd_sc_hd__and3b_2)
                  0.10    0.22    0.97 ^ _181_/X (sky130_fd_sc_hd__and3b_2)
     6    0.02                           _069_ (net)
                  0.10    0.00    0.97 ^ _182_/A (sky130_fd_sc_hd__clkbuf_8)
                  0.05    0.14    1.11 ^ _182_/X (sky130_fd_sc_hd__clkbuf_8)
    10    0.02                           net133 (net)
                  0.05    0.00    1.11 ^ _189_/B (sky130_fd_sc_hd__and2_1)
                  0.05    0.12    1.23 ^ _189_/X (sky130_fd_sc_hd__and2_1)
     1    0.00                           _073_ (net)
                  0.05    0.00    1.23 ^ _190_/A (sky130_fd_sc_hd__clkbuf_1)
                  0.07    0.10    1.32 ^ _190_/X (sky130_fd_sc_hd__clkbuf_1)
     1    0.01                           net126 (net)
                  0.07    0.00    1.32 ^ output126/A (sky130_fd_sc_hd__clkbuf_4)
                  0.11    0.18    1.51 ^ output126/X (sky130_fd_sc_hd__clkbuf_4)
     1    0.03                           m_rdata[3] (net)
                  0.11    0.00    1.51 ^ m_rdata[3] (out)
                                  1.51   data arrival time

                          0.00    0.00   clock clk (rise edge)
                          0.00    0.00   clock network delay (propagated)
                          0.25    0.25   clock uncertainty
                          0.00    0.25   clock reconvergence pessimism
                         -2.00   -1.75   output external delay
                                 -1.75   data required time
-----------------------------------------------------------------------------
                                 -1.75   data required time
                                 -1.51   data arrival time
-----------------------------------------------------------------------------
                                  3.26   slack (MET)


Startpoint: _391_ (rising edge-triggered flip-flop clocked by clk)
Endpoint: m_rdata[2] (output port clocked by clk)
Path Group: clk
Path Type: min

Fanout     Cap    Slew   Delay    Time   Description
-----------------------------------------------------------------------------
                          0.00    0.00   clock clk (rise edge)
                          0.00    0.00   clock source latency
                  0.14    0.09    0.09 ^ clk (in)
     1    0.03                           clk (net)
                  0.14    0.00    0.09 ^ clkbuf_0_clk/A (sky130_fd_sc_hd__clkbuf_16)
                  0.08    0.18    0.27 ^ clkbuf_0_clk/X (sky130_fd_sc_hd__clkbuf_16)
     8    0.06                           clknet_0_clk (net)
                  0.08    0.00    0.27 ^ clkbuf_3_5__f_clk/A (sky130_fd_sc_hd__clkbuf_16)
                  0.04    0.13    0.41 ^ clkbuf_3_5__f_clk/X (sky130_fd_sc_hd__clkbuf_16)
    10    0.02                           clknet_3_5__leaf_clk (net)
                  0.04    0.00    0.41 ^ _391_/CLK (sky130_fd_sc_hd__dfrtp_1)
                  0.10    0.34    0.75 ^ _391_/Q (sky130_fd_sc_hd__dfrtp_1)
     4    0.01                           state[1] (net)
                  0.10    0.00    0.75 ^ _181_/B (sky130_fd_sc_hd__and3b_2)
                  0.10    0.22    0.97 ^ _181_/X (sky130_fd_sc_hd__and3b_2)
     6    0.02                           _069_ (net)
                  0.10    0.00    0.97 ^ _182_/A (sky130_fd_sc_hd__clkbuf_8)
                  0.05    0.14    1.11 ^ _182_/X (sky130_fd_sc_hd__clkbuf_8)
    10    0.02                           net133 (net)
                  0.05    0.00    1.11 ^ _187_/B (sky130_fd_sc_hd__and2_1)
                  0.04    0.11    1.22 ^ _187_/X (sky130_fd_sc_hd__and2_1)
     1    0.00                           _072_ (net)
                  0.04    0.00    1.22 ^ _188_/A (sky130_fd_sc_hd__clkbuf_1)
                  0.08    0.10    1.32 ^ _188_/X (sky130_fd_sc_hd__clkbuf_1)
     1    0.01                           net123 (net)
                  0.08    0.00    1.32 ^ output123/A (sky130_fd_sc_hd__clkbuf_4)
                  0.12    0.19    1.51 ^ output123/X (sky130_fd_sc_hd__clkbuf_4)
     1    0.04                           m_rdata[2] (net)
                  0.12    0.00    1.51 ^ m_rdata[2] (out)
                                  1.51   data arrival time

                          0.00    0.00   clock clk (rise edge)
                          0.00    0.00   clock network delay (propagated)
                          0.25    0.25   clock uncertainty
                          0.00    0.25   clock reconvergence pessimism
                         -2.00   -1.75   output external delay
                                 -1.75   data required time
-----------------------------------------------------------------------------
                                 -1.75   data required time
                                 -1.51   data arrival time
-----------------------------------------------------------------------------
                                  3.26   slack (MET)


Startpoint: _390_ (rising edge-triggered flip-flop clocked by clk)
Endpoint: m_rdata[6] (output port clocked by clk)
Path Group: clk
Path Type: min

Fanout     Cap    Slew   Delay    Time   Description
-----------------------------------------------------------------------------
                          0.00    0.00   clock clk (rise edge)
                          0.00    0.00   clock source latency
                  0.14    0.09    0.09 ^ clk (in)
     1    0.03                           clk (net)
                  0.14    0.00    0.09 ^ clkbuf_0_clk/A (sky130_fd_sc_hd__clkbuf_16)
                  0.08    0.18    0.27 ^ clkbuf_0_clk/X (sky130_fd_sc_hd__clkbuf_16)
     8    0.06                           clknet_0_clk (net)
                  0.08    0.00    0.27 ^ clkbuf_3_7__f_clk/A (sky130_fd_sc_hd__clkbuf_16)
                  0.04    0.13    0.40 ^ clkbuf_3_7__f_clk/X (sky130_fd_sc_hd__clkbuf_16)
     9    0.02                           clknet_3_7__leaf_clk (net)
                  0.04    0.00    0.40 ^ _390_/CLK (sky130_fd_sc_hd__dfrtp_1)
                  0.10    0.34    0.75 ^ _390_/Q (sky130_fd_sc_hd__dfrtp_1)
     4    0.01                           state[0] (net)
                  0.10    0.00    0.75 ^ _181_/A_N (sky130_fd_sc_hd__and3b_2)
                  0.06    0.23    0.98 v _181_/X (sky130_fd_sc_hd__and3b_2)
     6    0.01                           _069_ (net)
                  0.06    0.00    0.98 v _182_/A (sky130_fd_sc_hd__clkbuf_8)
                  0.04    0.14    1.12 v _182_/X (sky130_fd_sc_hd__clkbuf_8)
    10    0.01                           net133 (net)
                  0.04    0.00    1.12 v _195_/B (sky130_fd_sc_hd__and2_1)
                  0.04    0.14    1.26 v _195_/X (sky130_fd_sc_hd__and2_1)
     1    0.00                           _076_ (net)
                  0.04    0.00    1.26 v _196_/A (sky130_fd_sc_hd__buf_1)
                  0.06    0.11    1.37 v _196_/X (sky130_fd_sc_hd__buf_1)
     1    0.01                           net129 (net)
                  0.06    0.00    1.37 v output129/A (sky130_fd_sc_hd__clkbuf_4)
                  0.08    0.18    1.55 v output129/X (sky130_fd_sc_hd__clkbuf_4)
     1    0.03                           m_rdata[6] (net)
                  0.08    0.00    1.55 v m_rdata[6] (out)
                                  1.55   data arrival time

                          0.00    0.00   clock clk (rise edge)
                          0.00    0.00   clock network delay (propagated)
                          0.25    0.25   clock uncertainty
                          0.00    0.25   clock reconvergence pessimism
                         -2.00   -1.75   output external delay
                                 -1.75   data required time
-----------------------------------------------------------------------------
                                 -1.75   data required time
                                 -1.55   data arrival time
-----------------------------------------------------------------------------
                                  3.30   slack (MET)


Startpoint: _390_ (rising edge-triggered flip-flop clocked by clk)
Endpoint: m_rdata[19] (output port clocked by clk)
Path Group: clk
Path Type: min

Fanout     Cap    Slew   Delay    Time   Description
-----------------------------------------------------------------------------
                          0.00    0.00   clock clk (rise edge)
                          0.00    0.00   clock source latency
                  0.14    0.09    0.09 ^ clk (in)
     1    0.03                           clk (net)
                  0.14    0.00    0.09 ^ clkbuf_0_clk/A (sky130_fd_sc_hd__clkbuf_16)
                  0.08    0.18    0.27 ^ clkbuf_0_clk/X (sky130_fd_sc_hd__clkbuf_16)
     8    0.06                           clknet_0_clk (net)
                  0.08    0.00    0.27 ^ clkbuf_3_7__f_clk/A (sky130_fd_sc_hd__clkbuf_16)
                  0.04    0.13    0.40 ^ clkbuf_3_7__f_clk/X (sky130_fd_sc_hd__clkbuf_16)
     9    0.02                           clknet_3_7__leaf_clk (net)
                  0.04    0.00    0.40 ^ _390_/CLK (sky130_fd_sc_hd__dfrtp_1)
                  0.10    0.34    0.75 ^ _390_/Q (sky130_fd_sc_hd__dfrtp_1)
     4    0.01                           state[0] (net)
                  0.10    0.00    0.75 ^ _181_/A_N (sky130_fd_sc_hd__and3b_2)
                  0.06    0.23    0.98 v _181_/X (sky130_fd_sc_hd__and3b_2)
     6    0.01                           _069_ (net)
                  0.06    0.00    0.98 v _222_/A (sky130_fd_sc_hd__clkbuf_8)
                  0.04    0.14    1.12 v _222_/X (sky130_fd_sc_hd__clkbuf_8)
    10    0.01                           _090_ (net)
                  0.04    0.00    1.12 v _223_/B (sky130_fd_sc_hd__and2_1)
                  0.04    0.14    1.26 v _223_/X (sky130_fd_sc_hd__and2_1)
     1    0.00                           _091_ (net)
                  0.04    0.00    1.26 v _224_/A (sky130_fd_sc_hd__buf_1)
                  0.06    0.11    1.37 v _224_/X (sky130_fd_sc_hd__buf_1)
     1    0.01                           net111 (net)
                  0.06    0.00    1.37 v output111/A (sky130_fd_sc_hd__clkbuf_4)
                  0.08    0.18    1.55 v output111/X (sky130_fd_sc_hd__clkbuf_4)
     1    0.03                           m_rdata[19] (net)
                  0.08    0.00    1.55 v m_rdata[19] (out)
                                  1.55   data arrival time

                          0.00    0.00   clock clk (rise edge)
                          0.00    0.00   clock network delay (propagated)
                          0.25    0.25   clock uncertainty
                          0.00    0.25   clock reconvergence pessimism
                         -2.00   -1.75   output external delay
                                 -1.75   data required time
-----------------------------------------------------------------------------
                                 -1.75   data required time
                                 -1.55   data arrival time
-----------------------------------------------------------------------------
                                  3.30   slack (MET)


Startpoint: _390_ (rising edge-triggered flip-flop clocked by clk)
Endpoint: m_rdata[7] (output port clocked by clk)
Path Group: clk
Path Type: min

Fanout     Cap    Slew   Delay    Time   Description
-----------------------------------------------------------------------------
                          0.00    0.00   clock clk (rise edge)
                          0.00    0.00   clock source latency
                  0.14    0.09    0.09 ^ clk (in)
     1    0.03                           clk (net)
                  0.14    0.00    0.09 ^ clkbuf_0_clk/A (sky130_fd_sc_hd__clkbuf_16)
                  0.08    0.18    0.27 ^ clkbuf_0_clk/X (sky130_fd_sc_hd__clkbuf_16)
     8    0.06                           clknet_0_clk (net)
                  0.08    0.00    0.27 ^ clkbuf_3_7__f_clk/A (sky130_fd_sc_hd__clkbuf_16)
                  0.04    0.13    0.40 ^ clkbuf_3_7__f_clk/X (sky130_fd_sc_hd__clkbuf_16)
     9    0.02                           clknet_3_7__leaf_clk (net)
                  0.04    0.00    0.40 ^ _390_/CLK (sky130_fd_sc_hd__dfrtp_1)
                  0.10    0.34    0.75 ^ _390_/Q (sky130_fd_sc_hd__dfrtp_1)
     4    0.01                           state[0] (net)
                  0.10    0.00    0.75 ^ _181_/A_N (sky130_fd_sc_hd__and3b_2)
                  0.06    0.23    0.98 v _181_/X (sky130_fd_sc_hd__and3b_2)
     6    0.01                           _069_ (net)
                  0.06    0.00    0.98 v _182_/A (sky130_fd_sc_hd__clkbuf_8)
                  0.04    0.14    1.12 v _182_/X (sky130_fd_sc_hd__clkbuf_8)
    10    0.01                           net133 (net)
                  0.04    0.00    1.12 v _197_/B (sky130_fd_sc_hd__and2_1)
                  0.04    0.14    1.26 v _197_/X (sky130_fd_sc_hd__and2_1)
     1    0.00                           _077_ (net)
                  0.04    0.00    1.26 v _198_/A (sky130_fd_sc_hd__buf_1)
                  0.06    0.11    1.37 v _198_/X (sky130_fd_sc_hd__buf_1)
     1    0.01                           net130 (net)
                  0.06    0.00    1.37 v output130/A (sky130_fd_sc_hd__clkbuf_4)
                  0.08    0.18    1.56 v output130/X (sky130_fd_sc_hd__clkbuf_4)
     1    0.03                           m_rdata[7] (net)
                  0.08    0.00    1.56 v m_rdata[7] (out)
                                  1.56   data arrival time

                          0.00    0.00   clock clk (rise edge)
                          0.00    0.00   clock network delay (propagated)
                          0.25    0.25   clock uncertainty
                          0.00    0.25   clock reconvergence pessimism
                         -2.00   -1.75   output external delay
                                 -1.75   data required time
-----------------------------------------------------------------------------
                                 -1.75   data required time
                                 -1.56   data arrival time
-----------------------------------------------------------------------------
                                  3.31   slack (MET)


Startpoint: _391_ (rising edge-triggered flip-flop clocked by clk)
Endpoint: m_rdata[1] (output port clocked by clk)
Path Group: clk
Path Type: min

Fanout     Cap    Slew   Delay    Time   Description
-----------------------------------------------------------------------------
                          0.00    0.00   clock clk (rise edge)
                          0.00    0.00   clock source latency
                  0.14    0.09    0.09 ^ clk (in)
     1    0.03                           clk (net)
                  0.14    0.00    0.09 ^ clkbuf_0_clk/A (sky130_fd_sc_hd__clkbuf_16)
                  0.08    0.18    0.27 ^ clkbuf_0_clk/X (sky130_fd_sc_hd__clkbuf_16)
     8    0.06                           clknet_0_clk (net)
                  0.08    0.00    0.27 ^ clkbuf_3_5__f_clk/A (sky130_fd_sc_hd__clkbuf_16)
                  0.04    0.13    0.41 ^ clkbuf_3_5__f_clk/X (sky130_fd_sc_hd__clkbuf_16)
    10    0.02                           clknet_3_5__leaf_clk (net)
                  0.04    0.00    0.41 ^ _391_/CLK (sky130_fd_sc_hd__dfrtp_1)
                  0.10    0.34    0.75 ^ _391_/Q (sky130_fd_sc_hd__dfrtp_1)
     4    0.01                           state[1] (net)
                  0.10    0.00    0.75 ^ _181_/B (sky130_fd_sc_hd__and3b_2)
                  0.10    0.22    0.97 ^ _181_/X (sky130_fd_sc_hd__and3b_2)
     6    0.02                           _069_ (net)
                  0.10    0.00    0.97 ^ _182_/A (sky130_fd_sc_hd__clkbuf_8)
                  0.05    0.14    1.11 ^ _182_/X (sky130_fd_sc_hd__clkbuf_8)
    10    0.02                           net133 (net)
                  0.05    0.00    1.11 ^ _185_/B (sky130_fd_sc_hd__and2_1)
                  0.05    0.11    1.22 ^ _185_/X (sky130_fd_sc_hd__and2_1)
     1    0.00                           _071_ (net)
                  0.05    0.00    1.22 ^ _186_/A (sky130_fd_sc_hd__clkbuf_2)
                  0.11    0.14    1.37 ^ _186_/X (sky130_fd_sc_hd__clkbuf_2)
     1    0.02                           net112 (net)
                  0.11    0.00    1.37 ^ output112/A (sky130_fd_sc_hd__clkbuf_4)
                  0.11    0.20    1.57 ^ output112/X (sky130_fd_sc_hd__clkbuf_4)
     1    0.03                           m_rdata[1] (net)
                  0.11    0.00    1.57 ^ m_rdata[1] (out)
                                  1.57   data arrival time

                          0.00    0.00   clock clk (rise edge)
                          0.00    0.00   clock network delay (propagated)
                          0.25    0.25   clock uncertainty
                          0.00    0.25   clock reconvergence pessimism
                         -2.00   -1.75   output external delay
                                 -1.75   data required time
-----------------------------------------------------------------------------
                                 -1.75   data required time
                                 -1.57   data arrival time
-----------------------------------------------------------------------------
                                  3.32   slack (MET)


Startpoint: _390_ (rising edge-triggered flip-flop clocked by clk)
Endpoint: m_rdata[0] (output port clocked by clk)
Path Group: clk
Path Type: min

Fanout     Cap    Slew   Delay    Time   Description
-----------------------------------------------------------------------------
                          0.00    0.00   clock clk (rise edge)
                          0.00    0.00   clock source latency
                  0.14    0.09    0.09 ^ clk (in)
     1    0.03                           clk (net)
                  0.14    0.00    0.09 ^ clkbuf_0_clk/A (sky130_fd_sc_hd__clkbuf_16)
                  0.08    0.18    0.27 ^ clkbuf_0_clk/X (sky130_fd_sc_hd__clkbuf_16)
     8    0.06                           clknet_0_clk (net)
                  0.08    0.00    0.27 ^ clkbuf_3_7__f_clk/A (sky130_fd_sc_hd__clkbuf_16)
                  0.04    0.13    0.40 ^ clkbuf_3_7__f_clk/X (sky130_fd_sc_hd__clkbuf_16)
     9    0.02                           clknet_3_7__leaf_clk (net)
                  0.04    0.00    0.40 ^ _390_/CLK (sky130_fd_sc_hd__dfrtp_1)
                  0.10    0.34    0.75 ^ _390_/Q (sky130_fd_sc_hd__dfrtp_1)
     4    0.01                           state[0] (net)
                  0.10    0.00    0.75 ^ _181_/A_N (sky130_fd_sc_hd__and3b_2)
                  0.06    0.23    0.98 v _181_/X (sky130_fd_sc_hd__and3b_2)
     6    0.01                           _069_ (net)
                  0.06    0.00    0.98 v _182_/A (sky130_fd_sc_hd__clkbuf_8)
                  0.04    0.14    1.12 v _182_/X (sky130_fd_sc_hd__clkbuf_8)
    10    0.01                           net133 (net)
                  0.04    0.00    1.12 v _183_/B (sky130_fd_sc_hd__and2_1)
                  0.03    0.14    1.26 v _183_/X (sky130_fd_sc_hd__and2_1)
     1    0.00                           _070_ (net)
                  0.03    0.00    1.26 v _184_/A (sky130_fd_sc_hd__buf_1)
                  0.09    0.12    1.38 v _184_/X (sky130_fd_sc_hd__buf_1)
     1    0.01                           net101 (net)
                  0.09    0.00    1.38 v output101/A (sky130_fd_sc_hd__clkbuf_4)
                  0.08    0.19    1.58 v output101/X (sky130_fd_sc_hd__clkbuf_4)
     1    0.03                           m_rdata[0] (net)
                  0.08    0.00    1.58 v m_rdata[0] (out)
                                  1.58   data arrival time

                          0.00    0.00   clock clk (rise edge)
                          0.00    0.00   clock network delay (propagated)
                          0.25    0.25   clock uncertainty
                          0.00    0.25   clock reconvergence pessimism
                         -2.00   -1.75   output external delay
                                 -1.75   data required time
-----------------------------------------------------------------------------
                                 -1.75   data required time
                                 -1.58   data arrival time
-----------------------------------------------------------------------------
                                  3.33   slack (MET)


Startpoint: _390_ (rising edge-triggered flip-flop clocked by clk)
Endpoint: m_rdata[18] (output port clocked by clk)
Path Group: clk
Path Type: min

Fanout     Cap    Slew   Delay    Time   Description
-----------------------------------------------------------------------------
                          0.00    0.00   clock clk (rise edge)
                          0.00    0.00   clock source latency
                  0.14    0.09    0.09 ^ clk (in)
     1    0.03                           clk (net)
                  0.14    0.00    0.09 ^ clkbuf_0_clk/A (sky130_fd_sc_hd__clkbuf_16)
                  0.08    0.18    0.27 ^ clkbuf_0_clk/X (sky130_fd_sc_hd__clkbuf_16)
     8    0.06                           clknet_0_clk (net)
                  0.08    0.00    0.27 ^ clkbuf_3_7__f_clk/A (sky130_fd_sc_hd__clkbuf_16)
                  0.04    0.13    0.40 ^ clkbuf_3_7__f_clk/X (sky130_fd_sc_hd__clkbuf_16)
     9    0.02                           clknet_3_7__leaf_clk (net)
                  0.04    0.00    0.40 ^ _390_/CLK (sky130_fd_sc_hd__dfrtp_1)
                  0.10    0.34    0.75 ^ _390_/Q (sky130_fd_sc_hd__dfrtp_1)
     4    0.01                           state[0] (net)
                  0.10    0.00    0.75 ^ _181_/A_N (sky130_fd_sc_hd__and3b_2)
                  0.06    0.23    0.98 v _181_/X (sky130_fd_sc_hd__and3b_2)
     6    0.01                           _069_ (net)
                  0.06    0.00    0.98 v _201_/A (sky130_fd_sc_hd__buf_4)
                  0.04    0.15    1.12 v _201_/X (sky130_fd_sc_hd__buf_4)
    10    0.01                           _079_ (net)
                  0.04    0.00    1.12 v _220_/B (sky130_fd_sc_hd__and2_1)
                  0.03    0.14    1.26 v _220_/X (sky130_fd_sc_hd__and2_1)
     1    0.00                           _089_ (net)
                  0.03    0.00    1.26 v _221_/A (sky130_fd_sc_hd__buf_1)
                  0.08    0.12    1.38 v _221_/X (sky130_fd_sc_hd__buf_1)
     1    0.01                           net110 (net)
                  0.08    0.00    1.39 v output110/A (sky130_fd_sc_hd__clkbuf_4)
                  0.08    0.19    1.58 v output110/X (sky130_fd_sc_hd__clkbuf_4)
     1    0.03                           m_rdata[18] (net)
                  0.08    0.00    1.58 v m_rdata[18] (out)
                                  1.58   data arrival time

                          0.00    0.00   clock clk (rise edge)
                          0.00    0.00   clock network delay (propagated)
                          0.25    0.25   clock uncertainty
                          0.00    0.25   clock reconvergence pessimism
                         -2.00   -1.75   output external delay
                                 -1.75   data required time
-----------------------------------------------------------------------------
                                 -1.75   data required time
                                 -1.58   data arrival time
-----------------------------------------------------------------------------
                                  3.33   slack (MET)


Startpoint: _390_ (rising edge-triggered flip-flop clocked by clk)
Endpoint: m_rdata[12] (output port clocked by clk)
Path Group: clk
Path Type: min

Fanout     Cap    Slew   Delay    Time   Description
-----------------------------------------------------------------------------
                          0.00    0.00   clock clk (rise edge)
                          0.00    0.00   clock source latency
                  0.14    0.09    0.09 ^ clk (in)
     1    0.03                           clk (net)
                  0.14    0.00    0.09 ^ clkbuf_0_clk/A (sky130_fd_sc_hd__clkbuf_16)
                  0.08    0.18    0.27 ^ clkbuf_0_clk/X (sky130_fd_sc_hd__clkbuf_16)
     8    0.06                           clknet_0_clk (net)
                  0.08    0.00    0.27 ^ clkbuf_3_7__f_clk/A (sky130_fd_sc_hd__clkbuf_16)
                  0.04    0.13    0.40 ^ clkbuf_3_7__f_clk/X (sky130_fd_sc_hd__clkbuf_16)
     9    0.02                           clknet_3_7__leaf_clk (net)
                  0.04    0.00    0.40 ^ _390_/CLK (sky130_fd_sc_hd__dfrtp_1)
                  0.10    0.34    0.75 ^ _390_/Q (sky130_fd_sc_hd__dfrtp_1)
     4    0.01                           state[0] (net)
                  0.10    0.00    0.75 ^ _181_/A_N (sky130_fd_sc_hd__and3b_2)
                  0.06    0.23    0.98 v _181_/X (sky130_fd_sc_hd__and3b_2)
     6    0.01                           _069_ (net)
                  0.06    0.00    0.98 v _201_/A (sky130_fd_sc_hd__buf_4)
                  0.04    0.15    1.12 v _201_/X (sky130_fd_sc_hd__buf_4)
    10    0.01                           _079_ (net)
                  0.04    0.00    1.12 v _208_/B (sky130_fd_sc_hd__and2_1)
                  0.03    0.14    1.26 v _208_/X (sky130_fd_sc_hd__and2_1)
     1    0.00                           _083_ (net)
                  0.03    0.00    1.26 v _209_/A (sky130_fd_sc_hd__buf_1)
                  0.08    0.12    1.39 v _209_/X (sky130_fd_sc_hd__buf_1)
     1    0.01                           net104 (net)
                  0.08    0.00    1.39 v output104/A (sky130_fd_sc_hd__clkbuf_4)
                  0.08    0.19    1.58 v output104/X (sky130_fd_sc_hd__clkbuf_4)
     1    0.03                           m_rdata[12] (net)
                  0.08    0.00    1.58 v m_rdata[12] (out)
                                  1.58   data arrival time

                          0.00    0.00   clock clk (rise edge)
                          0.00    0.00   clock network delay (propagated)
                          0.25    0.25   clock uncertainty
                          0.00    0.25   clock reconvergence pessimism
                         -2.00   -1.75   output external delay
                                 -1.75   data required time
-----------------------------------------------------------------------------
                                 -1.75   data required time
                                 -1.58   data arrival time
-----------------------------------------------------------------------------
                                  3.33   slack (MET)


Startpoint: _390_ (rising edge-triggered flip-flop clocked by clk)
Endpoint: m_rdata[25] (output port clocked by clk)
Path Group: clk
Path Type: min

Fanout     Cap    Slew   Delay    Time   Description
-----------------------------------------------------------------------------
                          0.00    0.00   clock clk (rise edge)
                          0.00    0.00   clock source latency
                  0.14    0.09    0.09 ^ clk (in)
     1    0.03                           clk (net)
                  0.14    0.00    0.09 ^ clkbuf_0_clk/A (sky130_fd_sc_hd__clkbuf_16)
                  0.08    0.18    0.27 ^ clkbuf_0_clk/X (sky130_fd_sc_hd__clkbuf_16)
     8    0.06                           clknet_0_clk (net)
                  0.08    0.00    0.27 ^ clkbuf_3_7__f_clk/A (sky130_fd_sc_hd__clkbuf_16)
                  0.04    0.13    0.40 ^ clkbuf_3_7__f_clk/X (sky130_fd_sc_hd__clkbuf_16)
     9    0.02                           clknet_3_7__leaf_clk (net)
                  0.04    0.00    0.40 ^ _390_/CLK (sky130_fd_sc_hd__dfrtp_1)
                  0.10    0.34    0.75 ^ _390_/Q (sky130_fd_sc_hd__dfrtp_1)
     4    0.01                           state[0] (net)
                  0.10    0.00    0.75 ^ _181_/A_N (sky130_fd_sc_hd__and3b_2)
                  0.06    0.23    0.98 v _181_/X (sky130_fd_sc_hd__and3b_2)
     6    0.01                           _069_ (net)
                  0.06    0.00    0.98 v _222_/A (sky130_fd_sc_hd__clkbuf_8)
                  0.04    0.14    1.12 v _222_/X (sky130_fd_sc_hd__clkbuf_8)
    10    0.01                           _090_ (net)
                  0.04    0.00    1.12 v _235_/B (sky130_fd_sc_hd__and2_1)
                  0.03    0.14    1.26 v _235_/X (sky130_fd_sc_hd__and2_1)
     1    0.00                           _097_ (net)
                  0.03    0.00    1.26 v _236_/A (sky130_fd_sc_hd__buf_1)
                  0.09    0.13    1.38 v _236_/X (sky130_fd_sc_hd__buf_1)
     1    0.01                           net118 (net)
                  0.09    0.00    1.39 v output118/A (sky130_fd_sc_hd__clkbuf_4)
                  0.08    0.19    1.58 v output118/X (sky130_fd_sc_hd__clkbuf_4)
     1    0.03                           m_rdata[25] (net)
                  0.08    0.00    1.58 v m_rdata[25] (out)
                                  1.58   data arrival time

                          0.00    0.00   clock clk (rise edge)
                          0.00    0.00   clock network delay (propagated)
                          0.25    0.25   clock uncertainty
                          0.00    0.25   clock reconvergence pessimism
                         -2.00   -1.75   output external delay
                                 -1.75   data required time
-----------------------------------------------------------------------------
                                 -1.75   data required time
                                 -1.58   data arrival time
-----------------------------------------------------------------------------
                                  3.33   slack (MET)


Startpoint: _391_ (rising edge-triggered flip-flop clocked by clk)
Endpoint: m_rdata[20] (output port clocked by clk)
Path Group: clk
Path Type: min

Fanout     Cap    Slew   Delay    Time   Description
-----------------------------------------------------------------------------
                          0.00    0.00   clock clk (rise edge)
                          0.00    0.00   clock source latency
                  0.14    0.09    0.09 ^ clk (in)
     1    0.03                           clk (net)
                  0.14    0.00    0.09 ^ clkbuf_0_clk/A (sky130_fd_sc_hd__clkbuf_16)
                  0.08    0.18    0.27 ^ clkbuf_0_clk/X (sky130_fd_sc_hd__clkbuf_16)
     8    0.06                           clknet_0_clk (net)
                  0.08    0.00    0.27 ^ clkbuf_3_5__f_clk/A (sky130_fd_sc_hd__clkbuf_16)
                  0.04    0.13    0.41 ^ clkbuf_3_5__f_clk/X (sky130_fd_sc_hd__clkbuf_16)
    10    0.02                           clknet_3_5__leaf_clk (net)
                  0.04    0.00    0.41 ^ _391_/CLK (sky130_fd_sc_hd__dfrtp_1)
                  0.10    0.34    0.75 ^ _391_/Q (sky130_fd_sc_hd__dfrtp_1)
     4    0.01                           state[1] (net)
                  0.10    0.00    0.75 ^ _181_/B (sky130_fd_sc_hd__and3b_2)
                  0.10    0.22    0.97 ^ _181_/X (sky130_fd_sc_hd__and3b_2)
     6    0.02                           _069_ (net)
                  0.10    0.00    0.97 ^ _222_/A (sky130_fd_sc_hd__clkbuf_8)
                  0.05    0.14    1.11 ^ _222_/X (sky130_fd_sc_hd__clkbuf_8)
    10    0.02                           _090_ (net)
                  0.05    0.00    1.11 ^ _225_/B (sky130_fd_sc_hd__and2_1)
                  0.05    0.12    1.23 ^ _225_/X (sky130_fd_sc_hd__and2_1)
     1    0.00                           _092_ (net)
                  0.05    0.00    1.23 ^ _226_/A (sky130_fd_sc_hd__clkbuf_2)
                  0.12    0.15    1.38 ^ _226_/X (sky130_fd_sc_hd__clkbuf_2)
     1    0.02                           net113 (net)
                  0.12    0.00    1.38 ^ output113/A (sky130_fd_sc_hd__clkbuf_4)
                  0.11    0.20    1.58 ^ output113/X (sky130_fd_sc_hd__clkbuf_4)
     1    0.03                           m_rdata[20] (net)
                  0.11    0.00    1.58 ^ m_rdata[20] (out)
                                  1.58   data arrival time

                          0.00    0.00   clock clk (rise edge)
                          0.00    0.00   clock network delay (propagated)
                          0.25    0.25   clock uncertainty
                          0.00    0.25   clock reconvergence pessimism
                         -2.00   -1.75   output external delay
                                 -1.75   data required time
-----------------------------------------------------------------------------
                                 -1.75   data required time
                                 -1.58   data arrival time
-----------------------------------------------------------------------------
                                  3.33   slack (MET)


Startpoint: _390_ (rising edge-triggered flip-flop clocked by clk)
Endpoint: m_rdata[10] (output port clocked by clk)
Path Group: clk
Path Type: min

Fanout     Cap    Slew   Delay    Time   Description
-----------------------------------------------------------------------------
                          0.00    0.00   clock clk (rise edge)
                          0.00    0.00   clock source latency
                  0.14    0.09    0.09 ^ clk (in)
     1    0.03                           clk (net)
                  0.14    0.00    0.09 ^ clkbuf_0_clk/A (sky130_fd_sc_hd__clkbuf_16)
                  0.08    0.18    0.27 ^ clkbuf_0_clk/X (sky130_fd_sc_hd__clkbuf_16)
     8    0.06                           clknet_0_clk (net)
                  0.08    0.00    0.27 ^ clkbuf_3_7__f_clk/A (sky130_fd_sc_hd__clkbuf_16)
                  0.04    0.13    0.40 ^ clkbuf_3_7__f_clk/X (sky130_fd_sc_hd__clkbuf_16)
     9    0.02                           clknet_3_7__leaf_clk (net)
                  0.04    0.00    0.40 ^ _390_/CLK (sky130_fd_sc_hd__dfrtp_1)
                  0.10    0.34    0.75 ^ _390_/Q (sky130_fd_sc_hd__dfrtp_1)
     4    0.01                           state[0] (net)
                  0.10    0.00    0.75 ^ _181_/A_N (sky130_fd_sc_hd__and3b_2)
                  0.06    0.23    0.98 v _181_/X (sky130_fd_sc_hd__and3b_2)
     6    0.01                           _069_ (net)
                  0.06    0.00    0.98 v _201_/A (sky130_fd_sc_hd__buf_4)
                  0.04    0.15    1.12 v _201_/X (sky130_fd_sc_hd__buf_4)
    10    0.01                           _079_ (net)
                  0.04    0.00    1.12 v _204_/B (sky130_fd_sc_hd__and2_1)
                  0.03    0.14    1.26 v _204_/X (sky130_fd_sc_hd__and2_1)
     1    0.00                           _081_ (net)
                  0.03    0.00    1.26 v _205_/A (sky130_fd_sc_hd__buf_1)
                  0.09    0.13    1.39 v _205_/X (sky130_fd_sc_hd__buf_1)
     1    0.01                           net102 (net)
                  0.09    0.00    1.39 v output102/A (sky130_fd_sc_hd__clkbuf_4)
                  0.08    0.19    1.58 v output102/X (sky130_fd_sc_hd__clkbuf_4)
     1    0.03                           m_rdata[10] (net)
                  0.08    0.00    1.59 v m_rdata[10] (out)
                                  1.59   data arrival time

                          0.00    0.00   clock clk (rise edge)
                          0.00    0.00   clock network delay (propagated)
                          0.25    0.25   clock uncertainty
                          0.00    0.25   clock reconvergence pessimism
                         -2.00   -1.75   output external delay
                                 -1.75   data required time
-----------------------------------------------------------------------------
                                 -1.75   data required time
                                 -1.59   data arrival time
-----------------------------------------------------------------------------
                                  3.34   slack (MET)


Startpoint: _390_ (rising edge-triggered flip-flop clocked by clk)
Endpoint: m_rdata[14] (output port clocked by clk)
Path Group: clk
Path Type: min

Fanout     Cap    Slew   Delay    Time   Description
-----------------------------------------------------------------------------
                          0.00    0.00   clock clk (rise edge)
                          0.00    0.00   clock source latency
                  0.14    0.09    0.09 ^ clk (in)
     1    0.03                           clk (net)
                  0.14    0.00    0.09 ^ clkbuf_0_clk/A (sky130_fd_sc_hd__clkbuf_16)
                  0.08    0.18    0.27 ^ clkbuf_0_clk/X (sky130_fd_sc_hd__clkbuf_16)
     8    0.06                           clknet_0_clk (net)
                  0.08    0.00    0.27 ^ clkbuf_3_7__f_clk/A (sky130_fd_sc_hd__clkbuf_16)
                  0.04    0.13    0.40 ^ clkbuf_3_7__f_clk/X (sky130_fd_sc_hd__clkbuf_16)
     9    0.02                           clknet_3_7__leaf_clk (net)
                  0.04    0.00    0.40 ^ _390_/CLK (sky130_fd_sc_hd__dfrtp_1)
                  0.10    0.34    0.75 ^ _390_/Q (sky130_fd_sc_hd__dfrtp_1)
     4    0.01                           state[0] (net)
                  0.10    0.00    0.75 ^ _181_/A_N (sky130_fd_sc_hd__and3b_2)
                  0.06    0.23    0.98 v _181_/X (sky130_fd_sc_hd__and3b_2)
     6    0.01                           _069_ (net)
                  0.06    0.00    0.98 v _201_/A (sky130_fd_sc_hd__buf_4)
                  0.04    0.15    1.12 v _201_/X (sky130_fd_sc_hd__buf_4)
    10    0.01                           _079_ (net)
                  0.04    0.00    1.12 v _212_/B (sky130_fd_sc_hd__and2_1)
                  0.03    0.14    1.26 v _212_/X (sky130_fd_sc_hd__and2_1)
     1    0.00                           _085_ (net)
                  0.03    0.00    1.26 v _213_/A (sky130_fd_sc_hd__buf_1)
                  0.09    0.13    1.39 v _213_/X (sky130_fd_sc_hd__buf_1)
     1    0.01                           net106 (net)
                  0.09    0.00    1.39 v output106/A (sky130_fd_sc_hd__clkbuf_4)
                  0.08    0.19    1.58 v output106/X (sky130_fd_sc_hd__clkbuf_4)
     1    0.03                           m_rdata[14] (net)
                  0.08    0.00    1.59 v m_rdata[14] (out)
                                  1.59   data arrival time

                          0.00    0.00   clock clk (rise edge)
                          0.00    0.00   clock network delay (propagated)
                          0.25    0.25   clock uncertainty
                          0.00    0.25   clock reconvergence pessimism
                         -2.00   -1.75   output external delay
                                 -1.75   data required time
-----------------------------------------------------------------------------
                                 -1.75   data required time
                                 -1.59   data arrival time
-----------------------------------------------------------------------------
                                  3.34   slack (MET)


Startpoint: _390_ (rising edge-triggered flip-flop clocked by clk)
Endpoint: m_rdata[24] (output port clocked by clk)
Path Group: clk
Path Type: min

Fanout     Cap    Slew   Delay    Time   Description
-----------------------------------------------------------------------------
                          0.00    0.00   clock clk (rise edge)
                          0.00    0.00   clock source latency
                  0.14    0.09    0.09 ^ clk (in)
     1    0.03                           clk (net)
                  0.14    0.00    0.09 ^ clkbuf_0_clk/A (sky130_fd_sc_hd__clkbuf_16)
                  0.08    0.18    0.27 ^ clkbuf_0_clk/X (sky130_fd_sc_hd__clkbuf_16)
     8    0.06                           clknet_0_clk (net)
                  0.08    0.00    0.27 ^ clkbuf_3_7__f_clk/A (sky130_fd_sc_hd__clkbuf_16)
                  0.04    0.13    0.40 ^ clkbuf_3_7__f_clk/X (sky130_fd_sc_hd__clkbuf_16)
     9    0.02                           clknet_3_7__leaf_clk (net)
                  0.04    0.00    0.40 ^ _390_/CLK (sky130_fd_sc_hd__dfrtp_1)
                  0.10    0.34    0.75 ^ _390_/Q (sky130_fd_sc_hd__dfrtp_1)
     4    0.01                           state[0] (net)
                  0.10    0.00    0.75 ^ _181_/A_N (sky130_fd_sc_hd__and3b_2)
                  0.06    0.23    0.98 v _181_/X (sky130_fd_sc_hd__and3b_2)
     6    0.01                           _069_ (net)
                  0.06    0.00    0.98 v _222_/A (sky130_fd_sc_hd__clkbuf_8)
                  0.04    0.14    1.12 v _222_/X (sky130_fd_sc_hd__clkbuf_8)
    10    0.01                           _090_ (net)
                  0.04    0.00    1.12 v _233_/B (sky130_fd_sc_hd__and2_1)
                  0.04    0.14    1.26 v _233_/X (sky130_fd_sc_hd__and2_1)
     1    0.00                           _096_ (net)
                  0.04    0.00    1.26 v _234_/A (sky130_fd_sc_hd__clkbuf_2)
                  0.09    0.14    1.40 v _234_/X (sky130_fd_sc_hd__clkbuf_2)
     1    0.02                           net117 (net)
                  0.09    0.00    1.41 v output117/A (sky130_fd_sc_hd__buf_2)
                  0.09    0.19    1.59 v output117/X (sky130_fd_sc_hd__buf_2)
     1    0.03                           m_rdata[24] (net)
                  0.09    0.00    1.60 v m_rdata[24] (out)
                                  1.60   data arrival time

                          0.00    0.00   clock clk (rise edge)
                          0.00    0.00   clock network delay (propagated)
                          0.25    0.25   clock uncertainty
                          0.00    0.25   clock reconvergence pessimism
                         -2.00   -1.75   output external delay
                                 -1.75   data required time
-----------------------------------------------------------------------------
                                 -1.75   data required time
                                 -1.60   data arrival time
-----------------------------------------------------------------------------
                                  3.35   slack (MET)


Startpoint: _391_ (rising edge-triggered flip-flop clocked by clk)
Endpoint: m_rdata[4] (output port clocked by clk)
Path Group: clk
Path Type: min

Fanout     Cap    Slew   Delay    Time   Description
-----------------------------------------------------------------------------
                          0.00    0.00   clock clk (rise edge)
                          0.00    0.00   clock source latency
                  0.14    0.09    0.09 ^ clk (in)
     1    0.03                           clk (net)
                  0.14    0.00    0.09 ^ clkbuf_0_clk/A (sky130_fd_sc_hd__clkbuf_16)
                  0.08    0.18    0.27 ^ clkbuf_0_clk/X (sky130_fd_sc_hd__clkbuf_16)
     8    0.06                           clknet_0_clk (net)
                  0.08    0.00    0.27 ^ clkbuf_3_5__f_clk/A (sky130_fd_sc_hd__clkbuf_16)
                  0.04    0.13    0.41 ^ clkbuf_3_5__f_clk/X (sky130_fd_sc_hd__clkbuf_16)
    10    0.02                           clknet_3_5__leaf_clk (net)
                  0.04    0.00    0.41 ^ _391_/CLK (sky130_fd_sc_hd__dfrtp_1)
                  0.10    0.34    0.75 ^ _391_/Q (sky130_fd_sc_hd__dfrtp_1)
     4    0.01                           state[1] (net)
                  0.10    0.00    0.75 ^ _181_/B (sky130_fd_sc_hd__and3b_2)
                  0.10    0.22    0.97 ^ _181_/X (sky130_fd_sc_hd__and3b_2)
     6    0.02                           _069_ (net)
                  0.10    0.00    0.97 ^ _182_/A (sky130_fd_sc_hd__clkbuf_8)
                  0.05    0.14    1.11 ^ _182_/X (sky130_fd_sc_hd__clkbuf_8)
    10    0.02                           net133 (net)
                  0.05    0.00    1.11 ^ _191_/B (sky130_fd_sc_hd__and2_1)
                  0.05    0.11    1.22 ^ _191_/X (sky130_fd_sc_hd__and2_1)
     1    0.00                           _074_ (net)
                  0.05    0.00    1.22 ^ _192_/A (sky130_fd_sc_hd__clkbuf_2)
                  0.14    0.16    1.39 ^ _192_/X (sky130_fd_sc_hd__clkbuf_2)
     1    0.02                           net127 (net)
                  0.14    0.00    1.39 ^ output127/A (sky130_fd_sc_hd__clkbuf_4)
                  0.12    0.22    1.61 ^ output127/X (sky130_fd_sc_hd__clkbuf_4)
     1    0.04                           m_rdata[4] (net)
                  0.12    0.00    1.61 ^ m_rdata[4] (out)
                                  1.61   data arrival time

                          0.00    0.00   clock clk (rise edge)
                          0.00    0.00   clock network delay (propagated)
                          0.25    0.25   clock uncertainty
                          0.00    0.25   clock reconvergence pessimism
                         -2.00   -1.75   output external delay
                                 -1.75   data required time
-----------------------------------------------------------------------------
                                 -1.75   data required time
                                 -1.61   data arrival time
-----------------------------------------------------------------------------
                                  3.36   slack (MET)


Startpoint: _391_ (rising edge-triggered flip-flop clocked by clk)
Endpoint: m_rdata[22] (output port clocked by clk)
Path Group: clk
Path Type: min

Fanout     Cap    Slew   Delay    Time   Description
-----------------------------------------------------------------------------
                          0.00    0.00   clock clk (rise edge)
                          0.00    0.00   clock source latency
                  0.14    0.09    0.09 ^ clk (in)
     1    0.03                           clk (net)
                  0.14    0.00    0.09 ^ clkbuf_0_clk/A (sky130_fd_sc_hd__clkbuf_16)
                  0.08    0.18    0.27 ^ clkbuf_0_clk/X (sky130_fd_sc_hd__clkbuf_16)
     8    0.06                           clknet_0_clk (net)
                  0.08    0.00    0.27 ^ clkbuf_3_5__f_clk/A (sky130_fd_sc_hd__clkbuf_16)
                  0.04    0.13    0.41 ^ clkbuf_3_5__f_clk/X (sky130_fd_sc_hd__clkbuf_16)
    10    0.02                           clknet_3_5__leaf_clk (net)
                  0.04    0.00    0.41 ^ _391_/CLK (sky130_fd_sc_hd__dfrtp_1)
                  0.10    0.34    0.75 ^ _391_/Q (sky130_fd_sc_hd__dfrtp_1)
     4    0.01                           state[1] (net)
                  0.10    0.00    0.75 ^ _181_/B (sky130_fd_sc_hd__and3b_2)
                  0.10    0.22    0.97 ^ _181_/X (sky130_fd_sc_hd__and3b_2)
     6    0.02                           _069_ (net)
                  0.10    0.00    0.97 ^ _222_/A (sky130_fd_sc_hd__clkbuf_8)
                  0.05    0.14    1.11 ^ _222_/X (sky130_fd_sc_hd__clkbuf_8)
    10    0.02                           _090_ (net)
                  0.05    0.00    1.11 ^ _229_/B (sky130_fd_sc_hd__and2_1)
                  0.05    0.11    1.22 ^ _229_/X (sky130_fd_sc_hd__and2_1)
     1    0.00                           _094_ (net)
                  0.05    0.00    1.22 ^ _230_/A (sky130_fd_sc_hd__dlymetal6s2s_1)
                  0.17    0.17    1.39 ^ _230_/X (sky130_fd_sc_hd__dlymetal6s2s_1)
     1    0.01                           net115 (net)
                  0.17    0.00    1.39 ^ output115/A (sky130_fd_sc_hd__clkbuf_4)
                  0.11    0.22    1.61 ^ output115/X (sky130_fd_sc_hd__clkbuf_4)
     1    0.03                           m_rdata[22] (net)
                  0.11    0.00    1.61 ^ m_rdata[22] (out)
                                  1.61   data arrival time

                          0.00    0.00   clock clk (rise edge)
                          0.00    0.00   clock network delay (propagated)
                          0.25    0.25   clock uncertainty
                          0.00    0.25   clock reconvergence pessimism
                         -2.00   -1.75   output external delay
                                 -1.75   data required time
-----------------------------------------------------------------------------
                                 -1.75   data required time
                                 -1.61   data arrival time
-----------------------------------------------------------------------------
                                  3.36   slack (MET)


Startpoint: _391_ (rising edge-triggered flip-flop clocked by clk)
Endpoint: m_rdata[27] (output port clocked by clk)
Path Group: clk
Path Type: min

Fanout     Cap    Slew   Delay    Time   Description
-----------------------------------------------------------------------------
                          0.00    0.00   clock clk (rise edge)
                          0.00    0.00   clock source latency
                  0.14    0.09    0.09 ^ clk (in)
     1    0.03                           clk (net)
                  0.14    0.00    0.09 ^ clkbuf_0_clk/A (sky130_fd_sc_hd__clkbuf_16)
                  0.08    0.18    0.27 ^ clkbuf_0_clk/X (sky130_fd_sc_hd__clkbuf_16)
     8    0.06                           clknet_0_clk (net)
                  0.08    0.00    0.27 ^ clkbuf_3_5__f_clk/A (sky130_fd_sc_hd__clkbuf_16)
                  0.04    0.13    0.41 ^ clkbuf_3_5__f_clk/X (sky130_fd_sc_hd__clkbuf_16)
    10    0.02                           clknet_3_5__leaf_clk (net)
                  0.04    0.00    0.41 ^ _391_/CLK (sky130_fd_sc_hd__dfrtp_1)
                  0.10    0.34    0.75 ^ _391_/Q (sky130_fd_sc_hd__dfrtp_1)
     4    0.01                           state[1] (net)
                  0.10    0.00    0.75 ^ _181_/B (sky130_fd_sc_hd__and3b_2)
                  0.10    0.22    0.97 ^ _181_/X (sky130_fd_sc_hd__and3b_2)
     6    0.02                           _069_ (net)
                  0.10    0.00    0.97 ^ _222_/A (sky130_fd_sc_hd__clkbuf_8)
                  0.05    0.14    1.11 ^ _222_/X (sky130_fd_sc_hd__clkbuf_8)
    10    0.02                           _090_ (net)
                  0.05    0.00    1.11 ^ _239_/B (sky130_fd_sc_hd__and2_1)
                  0.05    0.12    1.23 ^ _239_/X (sky130_fd_sc_hd__and2_1)
     1    0.00                           _099_ (net)
                  0.05    0.00    1.23 ^ _240_/A (sky130_fd_sc_hd__dlymetal6s2s_1)
                  0.17    0.17    1.40 ^ _240_/X (sky130_fd_sc_hd__dlymetal6s2s_1)
     1    0.02                           net120 (net)
                  0.17    0.00    1.40 ^ output120/A (sky130_fd_sc_hd__clkbuf_4)
                  0.12    0.22    1.62 ^ output120/X (sky130_fd_sc_hd__clkbuf_4)
     1    0.04                           m_rdata[27] (net)
                  0.12    0.00    1.62 ^ m_rdata[27] (out)
                                  1.62   data arrival time

                          0.00    0.00   clock clk (rise edge)
                          0.00    0.00   clock network delay (propagated)
                          0.25    0.25   clock uncertainty
                          0.00    0.25   clock reconvergence pessimism
                         -2.00   -1.75   output external delay
                                 -1.75   data required time
-----------------------------------------------------------------------------
                                 -1.75   data required time
                                 -1.62   data arrival time
-----------------------------------------------------------------------------
                                  3.37   slack (MET)


Startpoint: rstn (input port clocked by clk)
Endpoint: presetn (output port clocked by clk)
Path Group: clk
Path Type: min

Fanout     Cap    Slew   Delay    Time   Description
-----------------------------------------------------------------------------
                          0.00    0.00   clock clk (rise edge)
                          0.00    0.00   clock network delay (propagated)
                          2.00    2.00 v input external delay
                  0.02    0.01    2.01 v rstn (in)
     1    0.01                           rstn (net)
                  0.02    0.00    2.01 v input100/A (sky130_fd_sc_hd__clkbuf_2)
                  0.03    0.09    2.10 v input100/X (sky130_fd_sc_hd__clkbuf_2)
     2    0.00                           net100 (net)
                  0.03    0.00    2.10 v fanout205/A (sky130_fd_sc_hd__buf_4)
                  0.06    0.15    2.25 v fanout205/X (sky130_fd_sc_hd__buf_4)
    10    0.03                           net205 (net)
                  0.06    0.00    2.25 v _457_/A (sky130_fd_sc_hd__clkbuf_1)
                  0.02    0.09    2.34 v _457_/X (sky130_fd_sc_hd__clkbuf_1)
     1    0.00                           net168 (net)
                  0.02    0.00    2.34 v output168/A (sky130_fd_sc_hd__clkbuf_4)
                  0.08    0.16    2.50 v output168/X (sky130_fd_sc_hd__clkbuf_4)
     1    0.03                           presetn (net)
                  0.08    0.00    2.50 v presetn (out)
                                  2.50   data arrival time

                          0.00    0.00   clock clk (rise edge)
                          0.00    0.00   clock network delay (propagated)
                          0.25    0.25   clock uncertainty
                          0.00    0.25   clock reconvergence pessimism
                         -2.00   -1.75   output external delay
                                 -1.75   data required time
-----------------------------------------------------------------------------
                                 -1.75   data required time
                                 -2.50   data arrival time
-----------------------------------------------------------------------------
                                  4.25   slack (MET)



